FEATURE_KEY,SET,DAG,K_EDGE,TRIAL,SEED,N_FEAT,FEATURES_JSON
d142655db65fda0d,O,BASE,0,,,13,"[""leverage_ratio"", ""asset_liabilities"", ""roe"", ""asset_turnover"", ""debt_ratio"", ""debt_ratio2"", ""roa"", ""capitalization_ratio"", ""longtermdebt_invcap"", ""totaldebt_invcap"", ""cash_debt"", ""debt_ebitda"", ""rect_turn""]"
b93202c111b3750e,F,NOTEARS,1,,,1,"[""edge_NOTEARS__debt_ratio__asset_liabilities""]"
9560cd328a79aa95,OF,NOTEARS,1,,,14,"[""leverage_ratio"", ""asset_liabilities"", ""roe"", ""asset_turnover"", ""debt_ratio"", ""debt_ratio2"", ""roa"", ""capitalization_ratio"", ""longtermdebt_invcap"", ""totaldebt_invcap"", ""cash_debt"", ""debt_ebitda"", ""rect_turn"", ""edge_NOTEARS__debt_ratio__asset_liabilities""]"
4f5cf972f16a40f0,F,NOTEARS,2,,,2,"[""edge_NOTEARS__debt_ratio__asset_liabilities"", ""edge_NOTEARS__asset_liabilities__rect_turn""]"
df52776712e79ece,OF,NOTEARS,2,,,15,"[""leverage_ratio"", ""asset_liabilities"", ""roe"", ""asset_turnover"", ""debt_ratio"", ""debt_ratio2"", ""roa"", ""capitalization_ratio"", ""longtermdebt_invcap"", ""totaldebt_invcap"", ""cash_debt"", ""debt_ebitda"", ""rect_turn"", ""edge_NOTEARS__debt_ratio__asset_liabilities"", ""edge_NOTEARS__asset_liabilities__rect_turn""]"
d64d609cce45d57b,F,NOTEARS,3,,,3,"[""edge_NOTEARS__debt_ratio__asset_liabilities"", ""edge_NOTEARS__asset_liabilities__rect_turn"", ""edge_NOTEARS__roa__asset_turnover""]"
117e5679d7d36ee4,OF,NOTEARS,3,,,16,"[""leverage_ratio"", ""asset_liabilities"", ""roe"", ""asset_turnover"", ""debt_ratio"", ""debt_ratio2"", ""roa"", ""capitalization_ratio"", ""longtermdebt_invcap"", ""totaldebt_invcap"", ""cash_debt"", ""debt_ebitda"", ""rect_turn"", ""edge_NOTEARS__debt_ratio__asset_liabilities"", ""edge_NOTEARS__asset_liabilities__rect_turn"", ""edge_NOTEARS__roa__asset_turnover""]"
8adff992fd0706d4,F,NOTEARS,4,,,4,"[""edge_NOTEARS__debt_ratio__asset_liabilities"", ""edge_NOTEARS__asset_liabilities__rect_turn"", ""edge_NOTEARS__roa__asset_turnover"", ""edge_NOTEARS__roa__roe""]"
587db133f53188a4,OF,NOTEARS,4,,,17,"[""leverage_ratio"", ""asset_liabilities"", ""roe"", ""asset_turnover"", ""debt_ratio"", ""debt_ratio2"", ""roa"", ""capitalization_ratio"", ""longtermdebt_invcap"", ""totaldebt_invcap"", ""cash_debt"", ""debt_ebitda"", ""rect_turn"", ""edge_NOTEARS__debt_ratio__asset_liabilities"", ""edge_NOTEARS__asset_liabilities__rect_turn"", ""edge_NOTEARS__roa__asset_turnover"", ""edge_NOTEARS__roa__roe""]"
b1dec7466d19e199,F,NOTEARS,5,,,5,"[""edge_NOTEARS__debt_ratio__asset_liabilities"", ""edge_NOTEARS__asset_liabilities__rect_turn"", ""edge_NOTEARS__roa__asset_turnover"", ""edge_NOTEARS__roa__roe"", ""edge_NOTEARS__debt_ratio2__roa""]"
3db36631c90ecd70,OF,NOTEARS,5,,,18,"[""leverage_ratio"", ""asset_liabilities"", ""roe"", ""asset_turnover"", ""debt_ratio"", ""debt_ratio2"", ""roa"", ""capitalization_ratio"", ""longtermdebt_invcap"", ""totaldebt_invcap"", ""cash_debt"", ""debt_ebitda"", ""rect_turn"", ""edge_NOTEARS__debt_ratio__asset_liabilities"", ""edge_NOTEARS__asset_liabilities__rect_turn"", ""edge_NOTEARS__roa__asset_turnover"", ""edge_NOTEARS__roa__roe"", ""edge_NOTEARS__debt_ratio2__roa""]"
4219c68b6a956822,F,NOTEARS,6,,,6,"[""edge_NOTEARS__debt_ratio__asset_liabilities"", ""edge_NOTEARS__asset_liabilities__rect_turn"", ""edge_NOTEARS__roa__asset_turnover"", ""edge_NOTEARS__roa__roe"", ""edge_NOTEARS__debt_ratio2__roa"", ""edge_NOTEARS__debt_ratio2__totaldebt_invcap""]"
e4880562677fc7a0,OF,NOTEARS,6,,,19,"[""leverage_ratio"", ""asset_liabilities"", ""roe"", ""asset_turnover"", ""debt_ratio"", ""debt_ratio2"", ""roa"", ""capitalization_ratio"", ""longtermdebt_invcap"", ""totaldebt_invcap"", ""cash_debt"", ""debt_ebitda"", ""rect_turn"", ""edge_NOTEARS__debt_ratio__asset_liabilities"", ""edge_NOTEARS__asset_liabilities__rect_turn"", ""edge_NOTEARS__roa__asset_turnover"", ""edge_NOTEARS__roa__roe"", ""edge_NOTEARS__debt_ratio2__roa"", ""edge_NOTEARS__debt_ratio2__totaldebt_invcap""]"
d340e014abdbde54,F,NOTEARS,7,,,7,"[""edge_NOTEARS__debt_ratio__asset_liabilities"", ""edge_NOTEARS__asset_liabilities__rect_turn"", ""edge_NOTEARS__roa__asset_turnover"", ""edge_NOTEARS__roa__roe"", ""edge_NOTEARS__debt_ratio2__roa"", ""edge_NOTEARS__debt_ratio2__totaldebt_invcap"", ""edge_NOTEARS__capitalization_ratio__longtermdebt_invcap""]"
45103d7f1eb73543,OF,NOTEARS,7,,,20,"[""leverage_ratio"", ""asset_liabilities"", ""roe"", ""asset_turnover"", ""debt_ratio"", ""debt_ratio2"", ""roa"", ""capitalization_ratio"", ""longtermdebt_invcap"", ""totaldebt_invcap"", ""cash_debt"", ""debt_ebitda"", ""rect_turn"", ""edge_NOTEARS__debt_ratio__asset_liabilities"", ""edge_NOTEARS__asset_liabilities__rect_turn"", ""edge_NOTEARS__roa__asset_turnover"", ""edge_NOTEARS__roa__roe"", ""edge_NOTEARS__debt_ratio2__roa"", ""edge_NOTEARS__debt_ratio2__totaldebt_invcap"", ""edge_NOTEARS__capitalization_ratio__longtermdebt_invcap""]"
8e781898f93fae4c,F,NOTEARS,8,,,8,"[""edge_NOTEARS__debt_ratio__asset_liabilities"", ""edge_NOTEARS__asset_liabilities__rect_turn"", ""edge_NOTEARS__roa__asset_turnover"", ""edge_NOTEARS__roa__roe"", ""edge_NOTEARS__debt_ratio2__roa"", ""edge_NOTEARS__debt_ratio2__totaldebt_invcap"", ""edge_NOTEARS__capitalization_ratio__longtermdebt_invcap"", ""edge_NOTEARS__debt_ratio__leverage_ratio""]"
95fb0edc87e00551,OF,NOTEARS,8,,,21,"[""leverage_ratio"", ""asset_liabilities"", ""roe"", ""asset_turnover"", ""debt_ratio"", ""debt_ratio2"", ""roa"", ""capitalization_ratio"", ""longtermdebt_invcap"", ""totaldebt_invcap"", ""cash_debt"", ""debt_ebitda"", ""rect_turn"", ""edge_NOTEARS__debt_ratio__asset_liabilities"", ""edge_NOTEARS__asset_liabilities__rect_turn"", ""edge_NOTEARS__roa__asset_turnover"", ""edge_NOTEARS__roa__roe"", ""edge_NOTEARS__debt_ratio2__roa"", ""edge_NOTEARS__debt_ratio2__totaldebt_invcap"", ""edge_NOTEARS__capitalization_ratio__longtermdebt_invcap"", ""edge_NOTEARS__debt_ratio__leverage_ratio""]"
7857f6e9cbcb7625,F,NOTEARS,9,,,9,"[""edge_NOTEARS__debt_ratio__asset_liabilities"", ""edge_NOTEARS__asset_liabilities__rect_turn"", ""edge_NOTEARS__roa__asset_turnover"", ""edge_NOTEARS__roa__roe"", ""edge_NOTEARS__debt_ratio2__roa"", ""edge_NOTEARS__debt_ratio2__totaldebt_invcap"", ""edge_NOTEARS__capitalization_ratio__longtermdebt_invcap"", ""edge_NOTEARS__debt_ratio__leverage_ratio"", ""edge_NOTEARS__debt_ratio2__capitalization_ratio""]"
fd45e8eb1e0402f7,OF,NOTEARS,9,,,22,"[""leverage_ratio"", ""asset_liabilities"", ""roe"", ""asset_turnover"", ""debt_ratio"", ""debt_ratio2"", ""roa"", ""capitalization_ratio"", ""longtermdebt_invcap"", ""totaldebt_invcap"", ""cash_debt"", ""debt_ebitda"", ""rect_turn"", ""edge_NOTEARS__debt_ratio__asset_liabilities"", ""edge_NOTEARS__asset_liabilities__rect_turn"", ""edge_NOTEARS__roa__asset_turnover"", ""edge_NOTEARS__roa__roe"", ""edge_NOTEARS__debt_ratio2__roa"", ""edge_NOTEARS__debt_ratio2__totaldebt_invcap"", ""edge_NOTEARS__capitalization_ratio__longtermdebt_invcap"", ""edge_NOTEARS__debt_ratio__leverage_ratio"", ""edge_NOTEARS__debt_ratio2__capitalization_ratio""]"
47b1e5f94b9b1a02,F,NOTEARS,10,,,10,"[""edge_NOTEARS__debt_ratio__asset_liabilities"", ""edge_NOTEARS__asset_liabilities__rect_turn"", ""edge_NOTEARS__roa__asset_turnover"", ""edge_NOTEARS__roa__roe"", ""edge_NOTEARS__debt_ratio2__roa"", ""edge_NOTEARS__debt_ratio2__totaldebt_invcap"", ""edge_NOTEARS__capitalization_ratio__longtermdebt_invcap"", ""edge_NOTEARS__debt_ratio__leverage_ratio"", ""edge_NOTEARS__debt_ratio2__capitalization_ratio"", ""edge_NOTEARS__debt_ratio2__debt_ratio""]"
64d36f8c9c030f0d,OF,NOTEARS,10,,,23,"[""leverage_ratio"", ""asset_liabilities"", ""roe"", ""asset_turnover"", ""debt_ratio"", ""debt_ratio2"", ""roa"", ""capitalization_ratio"", ""longtermdebt_invcap"", ""totaldebt_invcap"", ""cash_debt"", ""debt_ebitda"", ""rect_turn"", ""edge_NOTEARS__debt_ratio__asset_liabilities"", ""edge_NOTEARS__asset_liabilities__rect_turn"", ""edge_NOTEARS__roa__asset_turnover"", ""edge_NOTEARS__roa__roe"", ""edge_NOTEARS__debt_ratio2__roa"", ""edge_NOTEARS__debt_ratio2__totaldebt_invcap"", ""edge_NOTEARS__capitalization_ratio__longtermdebt_invcap"", ""edge_NOTEARS__debt_ratio__leverage_ratio"", ""edge_NOTEARS__debt_ratio2__capitalization_ratio"", ""edge_NOTEARS__debt_ratio2__debt_ratio""]"
2bdae9aac38d646c,F,NOTEARS,11,,,11,"[""edge_NOTEARS__debt_ratio__asset_liabilities"", ""edge_NOTEARS__asset_liabilities__rect_turn"", ""edge_NOTEARS__roa__asset_turnover"", ""edge_NOTEARS__roa__roe"", ""edge_NOTEARS__debt_ratio2__roa"", ""edge_NOTEARS__debt_ratio2__totaldebt_invcap"", ""edge_NOTEARS__capitalization_ratio__longtermdebt_invcap"", ""edge_NOTEARS__debt_ratio__leverage_ratio"", ""edge_NOTEARS__debt_ratio2__capitalization_ratio"", ""edge_NOTEARS__debt_ratio2__debt_ratio"", ""edge_NOTEARS__longtermdebt_invcap__totaldebt_invcap""]"
47cefbe35f92b4fb,OF,NOTEARS,11,,,24,"[""leverage_ratio"", ""asset_liabilities"", ""roe"", ""asset_turnover"", ""debt_ratio"", ""debt_ratio2"", ""roa"", ""capitalization_ratio"", ""longtermdebt_invcap"", ""totaldebt_invcap"", ""cash_debt"", ""debt_ebitda"", ""rect_turn"", ""edge_NOTEARS__debt_ratio__asset_liabilities"", ""edge_NOTEARS__asset_liabilities__rect_turn"", ""edge_NOTEARS__roa__asset_turnover"", ""edge_NOTEARS__roa__roe"", ""edge_NOTEARS__debt_ratio2__roa"", ""edge_NOTEARS__debt_ratio2__totaldebt_invcap"", ""edge_NOTEARS__capitalization_ratio__longtermdebt_invcap"", ""edge_NOTEARS__debt_ratio__leverage_ratio"", ""edge_NOTEARS__debt_ratio2__capitalization_ratio"", ""edge_NOTEARS__debt_ratio2__debt_ratio"", ""edge_NOTEARS__longtermdebt_invcap__totaldebt_invcap""]"
35c436b9acad27fc,F,NOTEARS,12,,,12,"[""edge_NOTEARS__debt_ratio__asset_liabilities"", ""edge_NOTEARS__asset_liabilities__rect_turn"", ""edge_NOTEARS__roa__asset_turnover"", ""edge_NOTEARS__roa__roe"", ""edge_NOTEARS__debt_ratio2__roa"", ""edge_NOTEARS__debt_ratio2__totaldebt_invcap"", ""edge_NOTEARS__capitalization_ratio__longtermdebt_invcap"", ""edge_NOTEARS__debt_ratio__leverage_ratio"", ""edge_NOTEARS__debt_ratio2__capitalization_ratio"", ""edge_NOTEARS__debt_ratio2__debt_ratio"", ""edge_NOTEARS__longtermdebt_invcap__totaldebt_invcap"", ""edge_NOTEARS__capitalization_ratio__totaldebt_invcap""]"
8047115df588c02f,OF,NOTEARS,12,,,25,"[""leverage_ratio"", ""asset_liabilities"", ""roe"", ""asset_turnover"", ""debt_ratio"", ""debt_ratio2"", ""roa"", ""capitalization_ratio"", ""longtermdebt_invcap"", ""totaldebt_invcap"", ""cash_debt"", ""debt_ebitda"", ""rect_turn"", ""edge_NOTEARS__debt_ratio__asset_liabilities"", ""edge_NOTEARS__asset_liabilities__rect_turn"", ""edge_NOTEARS__roa__asset_turnover"", ""edge_NOTEARS__roa__roe"", ""edge_NOTEARS__debt_ratio2__roa"", ""edge_NOTEARS__debt_ratio2__totaldebt_invcap"", ""edge_NOTEARS__capitalization_ratio__longtermdebt_invcap"", ""edge_NOTEARS__debt_ratio__leverage_ratio"", ""edge_NOTEARS__debt_ratio2__capitalization_ratio"", ""edge_NOTEARS__debt_ratio2__debt_ratio"", ""edge_NOTEARS__longtermdebt_invcap__totaldebt_invcap"", ""edge_NOTEARS__capitalization_ratio__totaldebt_invcap""]"
a7a8f4c78d6b8160,F,NOTEARS,13,,,13,"[""edge_NOTEARS__debt_ratio__asset_liabilities"", ""edge_NOTEARS__asset_liabilities__rect_turn"", ""edge_NOTEARS__roa__asset_turnover"", ""edge_NOTEARS__roa__roe"", ""edge_NOTEARS__debt_ratio2__roa"", ""edge_NOTEARS__debt_ratio2__totaldebt_invcap"", ""edge_NOTEARS__capitalization_ratio__longtermdebt_invcap"", ""edge_NOTEARS__debt_ratio__leverage_ratio"", ""edge_NOTEARS__debt_ratio2__capitalization_ratio"", ""edge_NOTEARS__debt_ratio2__debt_ratio"", ""edge_NOTEARS__longtermdebt_invcap__totaldebt_invcap"", ""edge_NOTEARS__capitalization_ratio__totaldebt_invcap"", ""edge_NOTEARS__capitalization_ratio__debt_ratio""]"
68ef7380626a1b30,OF,NOTEARS,13,,,26,"[""leverage_ratio"", ""asset_liabilities"", ""roe"", ""asset_turnover"", ""debt_ratio"", ""debt_ratio2"", ""roa"", ""capitalization_ratio"", ""longtermdebt_invcap"", ""totaldebt_invcap"", ""cash_debt"", ""debt_ebitda"", ""rect_turn"", ""edge_NOTEARS__debt_ratio__asset_liabilities"", ""edge_NOTEARS__asset_liabilities__rect_turn"", ""edge_NOTEARS__roa__asset_turnover"", ""edge_NOTEARS__roa__roe"", ""edge_NOTEARS__debt_ratio2__roa"", ""edge_NOTEARS__debt_ratio2__totaldebt_invcap"", ""edge_NOTEARS__capitalization_ratio__longtermdebt_invcap"", ""edge_NOTEARS__debt_ratio__leverage_ratio"", ""edge_NOTEARS__debt_ratio2__capitalization_ratio"", ""edge_NOTEARS__debt_ratio2__debt_ratio"", ""edge_NOTEARS__longtermdebt_invcap__totaldebt_invcap"", ""edge_NOTEARS__capitalization_ratio__totaldebt_invcap"", ""edge_NOTEARS__capitalization_ratio__debt_ratio""]"
1beaf69a6726221e,F,NOTEARS,14,,,14,"[""edge_NOTEARS__debt_ratio__asset_liabilities"", ""edge_NOTEARS__asset_liabilities__rect_turn"", ""edge_NOTEARS__roa__asset_turnover"", ""edge_NOTEARS__roa__roe"", ""edge_NOTEARS__debt_ratio2__roa"", ""edge_NOTEARS__debt_ratio2__totaldebt_invcap"", ""edge_NOTEARS__capitalization_ratio__longtermdebt_invcap"", ""edge_NOTEARS__debt_ratio__leverage_ratio"", ""edge_NOTEARS__debt_ratio2__capitalization_ratio"", ""edge_NOTEARS__debt_ratio2__debt_ratio"", ""edge_NOTEARS__longtermdebt_invcap__totaldebt_invcap"", ""edge_NOTEARS__capitalization_ratio__totaldebt_invcap"", ""edge_NOTEARS__capitalization_ratio__debt_ratio"", ""edge_NOTEARS__totaldebt_invcap__debt_ratio""]"
a049e56c5593b22c,OF,NOTEARS,14,,,27,"[""leverage_ratio"", ""asset_liabilities"", ""roe"", ""asset_turnover"", ""debt_ratio"", ""debt_ratio2"", ""roa"", ""capitalization_ratio"", ""longtermdebt_invcap"", ""totaldebt_invcap"", ""cash_debt"", ""debt_ebitda"", ""rect_turn"", ""edge_NOTEARS__debt_ratio__asset_liabilities"", ""edge_NOTEARS__asset_liabilities__rect_turn"", ""edge_NOTEARS__roa__asset_turnover"", ""edge_NOTEARS__roa__roe"", ""edge_NOTEARS__debt_ratio2__roa"", ""edge_NOTEARS__debt_ratio2__totaldebt_invcap"", ""edge_NOTEARS__capitalization_ratio__longtermdebt_invcap"", ""edge_NOTEARS__debt_ratio__leverage_ratio"", ""edge_NOTEARS__debt_ratio2__capitalization_ratio"", ""edge_NOTEARS__debt_ratio2__debt_ratio"", ""edge_NOTEARS__longtermdebt_invcap__totaldebt_invcap"", ""edge_NOTEARS__capitalization_ratio__totaldebt_invcap"", ""edge_NOTEARS__capitalization_ratio__debt_ratio"", ""edge_NOTEARS__totaldebt_invcap__debt_ratio""]"
99f71147c0b37466,F,NOTEARS,15,,,15,"[""edge_NOTEARS__debt_ratio__asset_liabilities"", ""edge_NOTEARS__asset_liabilities__rect_turn"", ""edge_NOTEARS__roa__asset_turnover"", ""edge_NOTEARS__roa__roe"", ""edge_NOTEARS__debt_ratio2__roa"", ""edge_NOTEARS__debt_ratio2__totaldebt_invcap"", ""edge_NOTEARS__capitalization_ratio__longtermdebt_invcap"", ""edge_NOTEARS__debt_ratio__leverage_ratio"", ""edge_NOTEARS__debt_ratio2__capitalization_ratio"", ""edge_NOTEARS__debt_ratio2__debt_ratio"", ""edge_NOTEARS__longtermdebt_invcap__totaldebt_invcap"", ""edge_NOTEARS__capitalization_ratio__totaldebt_invcap"", ""edge_NOTEARS__capitalization_ratio__debt_ratio"", ""edge_NOTEARS__totaldebt_invcap__debt_ratio"", ""edge_NOTEARS__debt_ebitda__debt_ratio2""]"
4c18467cb3445b9d,OF,NOTEARS,15,,,28,"[""leverage_ratio"", ""asset_liabilities"", ""roe"", ""asset_turnover"", ""debt_ratio"", ""debt_ratio2"", ""roa"", ""capitalization_ratio"", ""longtermdebt_invcap"", ""totaldebt_invcap"", ""cash_debt"", ""debt_ebitda"", ""rect_turn"", ""edge_NOTEARS__debt_ratio__asset_liabilities"", ""edge_NOTEARS__asset_liabilities__rect_turn"", ""edge_NOTEARS__roa__asset_turnover"", ""edge_NOTEARS__roa__roe"", ""edge_NOTEARS__debt_ratio2__roa"", ""edge_NOTEARS__debt_ratio2__totaldebt_invcap"", ""edge_NOTEARS__capitalization_ratio__longtermdebt_invcap"", ""edge_NOTEARS__debt_ratio__leverage_ratio"", ""edge_NOTEARS__debt_ratio2__capitalization_ratio"", ""edge_NOTEARS__debt_ratio2__debt_ratio"", ""edge_NOTEARS__longtermdebt_invcap__totaldebt_invcap"", ""edge_NOTEARS__capitalization_ratio__totaldebt_invcap"", ""edge_NOTEARS__capitalization_ratio__debt_ratio"", ""edge_NOTEARS__totaldebt_invcap__debt_ratio"", ""edge_NOTEARS__debt_ebitda__debt_ratio2""]"
2e09a38d203e2519,F,NOTEARS,16,,,16,"[""edge_NOTEARS__debt_ratio__asset_liabilities"", ""edge_NOTEARS__asset_liabilities__rect_turn"", ""edge_NOTEARS__roa__asset_turnover"", ""edge_NOTEARS__roa__roe"", ""edge_NOTEARS__debt_ratio2__roa"", ""edge_NOTEARS__debt_ratio2__totaldebt_invcap"", ""edge_NOTEARS__capitalization_ratio__longtermdebt_invcap"", ""edge_NOTEARS__debt_ratio__leverage_ratio"", ""edge_NOTEARS__debt_ratio2__capitalization_ratio"", ""edge_NOTEARS__debt_ratio2__debt_ratio"", ""edge_NOTEARS__longtermdebt_invcap__totaldebt_invcap"", ""edge_NOTEARS__capitalization_ratio__totaldebt_invcap"", ""edge_NOTEARS__capitalization_ratio__debt_ratio"", ""edge_NOTEARS__totaldebt_invcap__debt_ratio"", ""edge_NOTEARS__debt_ebitda__debt_ratio2"", ""edge_NOTEARS__capitalization_ratio__roa""]"
50f34c7124434fa2,OF,NOTEARS,16,,,29,"[""leverage_ratio"", ""asset_liabilities"", ""roe"", ""asset_turnover"", ""debt_ratio"", ""debt_ratio2"", ""roa"", ""capitalization_ratio"", ""longtermdebt_invcap"", ""totaldebt_invcap"", ""cash_debt"", ""debt_ebitda"", ""rect_turn"", ""edge_NOTEARS__debt_ratio__asset_liabilities"", ""edge_NOTEARS__asset_liabilities__rect_turn"", ""edge_NOTEARS__roa__asset_turnover"", ""edge_NOTEARS__roa__roe"", ""edge_NOTEARS__debt_ratio2__roa"", ""edge_NOTEARS__debt_ratio2__totaldebt_invcap"", ""edge_NOTEARS__capitalization_ratio__longtermdebt_invcap"", ""edge_NOTEARS__debt_ratio__leverage_ratio"", ""edge_NOTEARS__debt_ratio2__capitalization_ratio"", ""edge_NOTEARS__debt_ratio2__debt_ratio"", ""edge_NOTEARS__longtermdebt_invcap__totaldebt_invcap"", ""edge_NOTEARS__capitalization_ratio__totaldebt_invcap"", ""edge_NOTEARS__capitalization_ratio__debt_ratio"", ""edge_NOTEARS__totaldebt_invcap__debt_ratio"", ""edge_NOTEARS__debt_ebitda__debt_ratio2"", ""edge_NOTEARS__capitalization_ratio__roa""]"
e9b5583403fe4d36,F,NOTEARS,17,,,17,"[""edge_NOTEARS__debt_ratio__asset_liabilities"", ""edge_NOTEARS__asset_liabilities__rect_turn"", ""edge_NOTEARS__roa__asset_turnover"", ""edge_NOTEARS__roa__roe"", ""edge_NOTEARS__debt_ratio2__roa"", ""edge_NOTEARS__debt_ratio2__totaldebt_invcap"", ""edge_NOTEARS__capitalization_ratio__longtermdebt_invcap"", ""edge_NOTEARS__debt_ratio__leverage_ratio"", ""edge_NOTEARS__debt_ratio2__capitalization_ratio"", ""edge_NOTEARS__debt_ratio2__debt_ratio"", ""edge_NOTEARS__longtermdebt_invcap__totaldebt_invcap"", ""edge_NOTEARS__capitalization_ratio__totaldebt_invcap"", ""edge_NOTEARS__capitalization_ratio__debt_ratio"", ""edge_NOTEARS__totaldebt_invcap__debt_ratio"", ""edge_NOTEARS__debt_ebitda__debt_ratio2"", ""edge_NOTEARS__capitalization_ratio__roa"", ""edge_NOTEARS__totaldebt_invcap__leverage_ratio""]"
8e81714289f30c0d,OF,NOTEARS,17,,,30,"[""leverage_ratio"", ""asset_liabilities"", ""roe"", ""asset_turnover"", ""debt_ratio"", ""debt_ratio2"", ""roa"", ""capitalization_ratio"", ""longtermdebt_invcap"", ""totaldebt_invcap"", ""cash_debt"", ""debt_ebitda"", ""rect_turn"", ""edge_NOTEARS__debt_ratio__asset_liabilities"", ""edge_NOTEARS__asset_liabilities__rect_turn"", ""edge_NOTEARS__roa__asset_turnover"", ""edge_NOTEARS__roa__roe"", ""edge_NOTEARS__debt_ratio2__roa"", ""edge_NOTEARS__debt_ratio2__totaldebt_invcap"", ""edge_NOTEARS__capitalization_ratio__longtermdebt_invcap"", ""edge_NOTEARS__debt_ratio__leverage_ratio"", ""edge_NOTEARS__debt_ratio2__capitalization_ratio"", ""edge_NOTEARS__debt_ratio2__debt_ratio"", ""edge_NOTEARS__longtermdebt_invcap__totaldebt_invcap"", ""edge_NOTEARS__capitalization_ratio__totaldebt_invcap"", ""edge_NOTEARS__capitalization_ratio__debt_ratio"", ""edge_NOTEARS__totaldebt_invcap__debt_ratio"", ""edge_NOTEARS__debt_ebitda__debt_ratio2"", ""edge_NOTEARS__capitalization_ratio__roa"", ""edge_NOTEARS__totaldebt_invcap__leverage_ratio""]"
e6172178d63877cd,OFR,NOTEARS,5,0,5064,5,"[""debt_ratio2"", ""edge_NOTEARS__debt_ratio2__capitalization_ratio"", ""totaldebt_invcap"", ""asset_liabilities"", ""debt_ebitda""]"
caa337eca0fefa01,OFR,NOTEARS,5,1,5065,5,"[""edge_NOTEARS__capitalization_ratio__debt_ratio"", ""roe"", ""capitalization_ratio"", ""debt_ebitda"", ""cash_debt""]"
685649fb92cbf73a,OFR,NOTEARS,5,2,5066,5,"[""edge_NOTEARS__capitalization_ratio__longtermdebt_invcap"", ""edge_NOTEARS__debt_ratio2__roa"", ""edge_NOTEARS__roa__roe"", ""edge_NOTEARS__debt_ratio__asset_liabilities"", ""edge_NOTEARS__debt_ebitda__debt_ratio2""]"
be45279890bbb11c,OFR,NOTEARS,5,3,5067,5,"[""edge_NOTEARS__debt_ratio2__debt_ratio"", ""edge_NOTEARS__totaldebt_invcap__debt_ratio"", ""edge_NOTEARS__debt_ratio__leverage_ratio"", ""edge_NOTEARS__longtermdebt_invcap__totaldebt_invcap"", ""totaldebt_invcap""]"
173b4fbd73d4abc9,OFR,NOTEARS,5,4,5068,5,"[""roa"", ""leverage_ratio"", ""edge_NOTEARS__asset_liabilities__rect_turn"", ""totaldebt_invcap"", ""edge_NOTEARS__debt_ratio2__debt_ratio""]"
ca448604a57a604a,OFR,NOTEARS,10,0,10064,10,"[""edge_NOTEARS__capitalization_ratio__debt_ratio"", ""leverage_ratio"", ""edge_NOTEARS__totaldebt_invcap__leverage_ratio"", ""capitalization_ratio"", ""edge_NOTEARS__debt_ratio2__capitalization_ratio"", ""edge_NOTEARS__asset_liabilities__rect_turn"", ""rect_turn"", ""edge_NOTEARS__debt_ratio2__roa"", ""edge_NOTEARS__roa__asset_turnover"", ""debt_ratio""]"
2336111e52c6702f,OFR,NOTEARS,10,1,10065,10,"[""longtermdebt_invcap"", ""roe"", ""edge_NOTEARS__capitalization_ratio__longtermdebt_invcap"", ""debt_ratio2"", ""edge_NOTEARS__debt_ratio__asset_liabilities"", ""edge_NOTEARS__totaldebt_invcap__debt_ratio"", ""debt_ratio"", ""leverage_ratio"", ""rect_turn"", ""asset_turnover""]"
339b550c58479c16,OFR,NOTEARS,10,2,10066,10,"[""debt_ratio2"", ""edge_NOTEARS__debt_ratio2__debt_ratio"", ""edge_NOTEARS__capitalization_ratio__longtermdebt_invcap"", ""roa"", ""edge_NOTEARS__debt_ratio__asset_liabilities"", ""capitalization_ratio"", ""leverage_ratio"", ""asset_turnover"", ""debt_ebitda"", ""edge_NOTEARS__debt_ratio2__totaldebt_invcap""]"
69c5df744fddc9e2,OFR,NOTEARS,10,3,10067,10,"[""edge_NOTEARS__debt_ratio2__debt_ratio"", ""edge_NOTEARS__capitalization_ratio__roa"", ""edge_NOTEARS__totaldebt_invcap__leverage_ratio"", ""edge_NOTEARS__debt_ebitda__debt_ratio2"", ""edge_NOTEARS__debt_ratio__asset_liabilities"", ""edge_NOTEARS__totaldebt_invcap__debt_ratio"", ""edge_NOTEARS__roa__asset_turnover"", ""edge_NOTEARS__debt_ratio2__roa"", ""rect_turn"", ""totaldebt_invcap""]"
6cd564de44e94d75,OFR,NOTEARS,10,4,10068,10,"[""roa"", ""edge_NOTEARS__debt_ratio2__totaldebt_invcap"", ""edge_NOTEARS__longtermdebt_invcap__totaldebt_invcap"", ""cash_debt"", ""edge_NOTEARS__capitalization_ratio__debt_ratio"", ""edge_NOTEARS__debt_ratio2__roa"", ""edge_NOTEARS__debt_ebitda__debt_ratio2"", ""edge_NOTEARS__debt_ratio__leverage_ratio"", ""edge_NOTEARS__debt_ratio2__capitalization_ratio"", ""debt_ratio""]"
383ed22453e52c98,OFR,NOTEARS,20,0,20064,20,"[""edge_NOTEARS__roa__asset_turnover"", ""cash_debt"", ""roe"", ""debt_ratio"", ""edge_NOTEARS__capitalization_ratio__debt_ratio"", ""edge_NOTEARS__debt_ratio2__roa"", ""edge_NOTEARS__asset_liabilities__rect_turn"", ""edge_NOTEARS__capitalization_ratio__roa"", ""edge_NOTEARS__debt_ratio2__debt_ratio"", ""debt_ratio2"", ""edge_NOTEARS__capitalization_ratio__totaldebt_invcap"", ""asset_turnover"", ""edge_NOTEARS__debt_ratio__leverage_ratio"", ""capitalization_ratio"", ""edge_NOTEARS__debt_ratio2__capitalization_ratio"", ""leverage_ratio"", ""edge_NOTEARS__debt_ebitda__debt_ratio2"", ""debt_ebitda"", ""roa"", ""asset_liabilities""]"
1068905b8968d200,OFR,NOTEARS,20,1,20065,20,"[""edge_NOTEARS__debt_ratio2__totaldebt_invcap"", ""longtermdebt_invcap"", ""asset_liabilities"", ""edge_NOTEARS__totaldebt_invcap__leverage_ratio"", ""edge_NOTEARS__capitalization_ratio__totaldebt_invcap"", ""rect_turn"", ""edge_NOTEARS__debt_ratio__asset_liabilities"", ""edge_NOTEARS__debt_ratio2__capitalization_ratio"", ""edge_NOTEARS__capitalization_ratio__debt_ratio"", ""debt_ebitda"", ""edge_NOTEARS__capitalization_ratio__roa"", ""edge_NOTEARS__longtermdebt_invcap__totaldebt_invcap"", ""debt_ratio"", ""leverage_ratio"", ""edge_NOTEARS__capitalization_ratio__longtermdebt_invcap"", ""debt_ratio2"", ""totaldebt_invcap"", ""edge_NOTEARS__totaldebt_invcap__debt_ratio"", ""roe"", ""capitalization_ratio""]"
b668119e95172f88,OFR,NOTEARS,20,2,20066,20,"[""longtermdebt_invcap"", ""edge_NOTEARS__debt_ratio2__roa"", ""edge_NOTEARS__capitalization_ratio__roa"", ""capitalization_ratio"", ""edge_NOTEARS__capitalization_ratio__longtermdebt_invcap"", ""edge_NOTEARS__roa__asset_turnover"", ""edge_NOTEARS__debt_ratio__leverage_ratio"", ""edge_NOTEARS__debt_ebitda__debt_ratio2"", ""edge_NOTEARS__capitalization_ratio__debt_ratio"", ""edge_NOTEARS__capitalization_ratio__totaldebt_invcap"", ""debt_ebitda"", ""debt_ratio"", ""edge_NOTEARS__debt_ratio2__capitalization_ratio"", ""edge_NOTEARS__roa__roe"", ""edge_NOTEARS__debt_ratio2__totaldebt_invcap"", ""totaldebt_invcap"", ""asset_liabilities"", ""cash_debt"", ""rect_turn"", ""edge_NOTEARS__debt_ratio__asset_liabilities""]"
98b5a3dbb92effb6,OFR,NOTEARS,20,3,20067,20,"[""roe"", ""edge_NOTEARS__capitalization_ratio__longtermdebt_invcap"", ""asset_turnover"", ""rect_turn"", ""leverage_ratio"", ""debt_ebitda"", ""edge_NOTEARS__debt_ratio2__totaldebt_invcap"", ""edge_NOTEARS__debt_ratio__leverage_ratio"", ""edge_NOTEARS__roa__asset_turnover"", ""cash_debt"", ""edge_NOTEARS__debt_ebitda__debt_ratio2"", ""roa"", ""asset_liabilities"", ""edge_NOTEARS__capitalization_ratio__roa"", ""debt_ratio"", ""edge_NOTEARS__totaldebt_invcap__leverage_ratio"", ""edge_NOTEARS__totaldebt_invcap__debt_ratio"", ""edge_NOTEARS__longtermdebt_invcap__totaldebt_invcap"", ""edge_NOTEARS__debt_ratio2__roa"", ""edge_NOTEARS__roa__roe""]"
40484ea86fbec1fd,OFR,NOTEARS,20,4,20068,20,"[""leverage_ratio"", ""edge_NOTEARS__capitalization_ratio__debt_ratio"", ""edge_NOTEARS__debt_ratio2__roa"", ""debt_ratio"", ""totaldebt_invcap"", ""edge_NOTEARS__totaldebt_invcap__debt_ratio"", ""rect_turn"", ""edge_NOTEARS__debt_ratio2__capitalization_ratio"", ""debt_ratio2"", ""edge_NOTEARS__debt_ratio2__totaldebt_invcap"", ""edge_NOTEARS__capitalization_ratio__longtermdebt_invcap"", ""edge_NOTEARS__capitalization_ratio__roa"", ""cash_debt"", ""edge_NOTEARS__roa__asset_turnover"", ""capitalization_ratio"", ""edge_NOTEARS__asset_liabilities__rect_turn"", ""roe"", ""debt_ebitda"", ""asset_turnover"", ""edge_NOTEARS__debt_ratio2__debt_ratio""]"
ef51e7947cdb37a2,OFR,NOTEARS,30,0,30064,30,"[""edge_NOTEARS__debt_ratio__asset_liabilities"", ""debt_ebitda"", ""edge_NOTEARS__debt_ratio__leverage_ratio"", ""edge_NOTEARS__debt_ratio2__totaldebt_invcap"", ""roe"", ""debt_ratio"", ""asset_liabilities"", ""edge_NOTEARS__capitalization_ratio__longtermdebt_invcap"", ""leverage_ratio"", ""edge_NOTEARS__debt_ebitda__debt_ratio2"", ""edge_NOTEARS__debt_ratio2__debt_ratio"", ""longtermdebt_invcap"", ""cash_debt"", ""edge_NOTEARS__totaldebt_invcap__debt_ratio"", ""edge_NOTEARS__totaldebt_invcap__leverage_ratio"", ""edge_NOTEARS__capitalization_ratio__debt_ratio"", ""debt_ratio2"", ""edge_NOTEARS__capitalization_ratio__totaldebt_invcap"", ""edge_NOTEARS__capitalization_ratio__roa"", ""asset_turnover"", ""totaldebt_invcap"", ""edge_NOTEARS__longtermdebt_invcap__totaldebt_invcap"", ""rect_turn"", ""roa"", ""edge_NOTEARS__debt_ratio2__capitalization_ratio"", ""edge_NOTEARS__asset_liabilities__rect_turn"", ""edge_NOTEARS__roa__roe"", ""capitalization_ratio"", ""edge_NOTEARS__roa__asset_turnover"", ""edge_NOTEARS__debt_ratio2__roa""]"
13c91868000bb9b2,OFR,NOTEARS,30,1,30065,30,"[""edge_NOTEARS__debt_ratio2__totaldebt_invcap"", ""asset_liabilities"", ""edge_NOTEARS__totaldebt_invcap__debt_ratio"", ""totaldebt_invcap"", ""rect_turn"", ""edge_NOTEARS__debt_ratio2__debt_ratio"", ""edge_NOTEARS__roa__roe"", ""debt_ratio"", ""debt_ebitda"", ""edge_NOTEARS__capitalization_ratio__debt_ratio"", ""edge_NOTEARS__debt_ratio__asset_liabilities"", ""longtermdebt_invcap"", ""edge_NOTEARS__asset_liabilities__rect_turn"", ""cash_debt"", ""edge_NOTEARS__capitalization_ratio__longtermdebt_invcap"", ""edge_NOTEARS__totaldebt_invcap__leverage_ratio"", ""edge_NOTEARS__roa__asset_turnover"", ""edge_NOTEARS__debt_ratio__leverage_ratio"", ""edge_NOTEARS__debt_ratio2__capitalization_ratio"", ""roa"", ""edge_NOTEARS__capitalization_ratio__totaldebt_invcap"", ""capitalization_ratio"", ""asset_turnover"", ""leverage_ratio"", ""roe"", ""edge_NOTEARS__capitalization_ratio__roa"", ""edge_NOTEARS__longtermdebt_invcap__totaldebt_invcap"", ""debt_ratio2"", ""edge_NOTEARS__debt_ebitda__debt_ratio2"", ""edge_NOTEARS__debt_ratio2__roa""]"
4a2b266a04345a7c,OFR,NOTEARS,30,2,30066,30,"[""edge_NOTEARS__roa__asset_turnover"", ""totaldebt_invcap"", ""roe"", ""edge_NOTEARS__longtermdebt_invcap__totaldebt_invcap"", ""edge_NOTEARS__capitalization_ratio__longtermdebt_invcap"", ""edge_NOTEARS__debt_ratio2__debt_ratio"", ""longtermdebt_invcap"", ""edge_NOTEARS__debt_ratio2__totaldebt_invcap"", ""asset_liabilities"", ""edge_NOTEARS__capitalization_ratio__totaldebt_invcap"", ""leverage_ratio"", ""rect_turn"", ""edge_NOTEARS__totaldebt_invcap__leverage_ratio"", ""debt_ratio"", ""edge_NOTEARS__debt_ratio__asset_liabilities"", ""edge_NOTEARS__totaldebt_invcap__debt_ratio"", ""roa"", ""asset_turnover"", ""cash_debt"", ""debt_ratio2"", ""edge_NOTEARS__debt_ratio2__capitalization_ratio"", ""edge_NOTEARS__debt_ratio__leverage_ratio"", ""edge_NOTEARS__debt_ratio2__roa"", ""edge_NOTEARS__roa__roe"", ""edge_NOTEARS__capitalization_ratio__debt_ratio"", ""edge_NOTEARS__asset_liabilities__rect_turn"", ""edge_NOTEARS__capitalization_ratio__roa"", ""debt_ebitda"", ""edge_NOTEARS__debt_ebitda__debt_ratio2"", ""capitalization_ratio""]"
f4e2de30bb819046,OFR,NOTEARS,30,3,30067,30,"[""roa"", ""edge_NOTEARS__totaldebt_invcap__debt_ratio"", ""leverage_ratio"", ""edge_NOTEARS__totaldebt_invcap__leverage_ratio"", ""cash_debt"", ""totaldebt_invcap"", ""asset_turnover"", ""debt_ratio"", ""capitalization_ratio"", ""edge_NOTEARS__capitalization_ratio__totaldebt_invcap"", ""edge_NOTEARS__capitalization_ratio__roa"", ""edge_NOTEARS__debt_ratio2__debt_ratio"", ""edge_NOTEARS__roa__roe"", ""edge_NOTEARS__debt_ratio2__totaldebt_invcap"", ""edge_NOTEARS__debt_ratio__leverage_ratio"", ""longtermdebt_invcap"", ""rect_turn"", ""debt_ratio2"", ""edge_NOTEARS__capitalization_ratio__longtermdebt_invcap"", ""edge_NOTEARS__longtermdebt_invcap__totaldebt_invcap"", ""edge_NOTEARS__roa__asset_turnover"", ""asset_liabilities"", ""debt_ebitda"", ""edge_NOTEARS__asset_liabilities__rect_turn"", ""roe"", ""edge_NOTEARS__capitalization_ratio__debt_ratio"", ""edge_NOTEARS__debt_ratio2__roa"", ""edge_NOTEARS__debt_ratio__asset_liabilities"", ""edge_NOTEARS__debt_ebitda__debt_ratio2"", ""edge_NOTEARS__debt_ratio2__capitalization_ratio""]"
700162f18805de3d,OFR,NOTEARS,30,4,30068,30,"[""edge_NOTEARS__capitalization_ratio__roa"", ""capitalization_ratio"", ""edge_NOTEARS__debt_ratio__leverage_ratio"", ""edge_NOTEARS__debt_ratio__asset_liabilities"", ""leverage_ratio"", ""edge_NOTEARS__debt_ratio2__debt_ratio"", ""edge_NOTEARS__longtermdebt_invcap__totaldebt_invcap"", ""cash_debt"", ""rect_turn"", ""longtermdebt_invcap"", ""edge_NOTEARS__totaldebt_invcap__leverage_ratio"", ""edge_NOTEARS__totaldebt_invcap__debt_ratio"", ""edge_NOTEARS__capitalization_ratio__totaldebt_invcap"", ""edge_NOTEARS__debt_ratio2__totaldebt_invcap"", ""asset_liabilities"", ""roa"", ""totaldebt_invcap"", ""edge_NOTEARS__debt_ratio2__capitalization_ratio"", ""debt_ratio"", ""roe"", ""debt_ratio2"", ""edge_NOTEARS__roa__asset_turnover"", ""edge_NOTEARS__debt_ratio2__roa"", ""edge_NOTEARS__capitalization_ratio__debt_ratio"", ""edge_NOTEARS__asset_liabilities__rect_turn"", ""edge_NOTEARS__roa__roe"", ""debt_ebitda"", ""edge_NOTEARS__debt_ebitda__debt_ratio2"", ""edge_NOTEARS__capitalization_ratio__longtermdebt_invcap"", ""asset_turnover""]"
7465152ad520612d,OFR,NOTEARS,40,0,30064,30,"[""edge_NOTEARS__debt_ratio__asset_liabilities"", ""debt_ebitda"", ""edge_NOTEARS__debt_ratio__leverage_ratio"", ""edge_NOTEARS__debt_ratio2__totaldebt_invcap"", ""roe"", ""debt_ratio"", ""asset_liabilities"", ""edge_NOTEARS__capitalization_ratio__longtermdebt_invcap"", ""leverage_ratio"", ""edge_NOTEARS__debt_ebitda__debt_ratio2"", ""edge_NOTEARS__debt_ratio2__debt_ratio"", ""longtermdebt_invcap"", ""cash_debt"", ""edge_NOTEARS__totaldebt_invcap__debt_ratio"", ""edge_NOTEARS__totaldebt_invcap__leverage_ratio"", ""edge_NOTEARS__capitalization_ratio__debt_ratio"", ""debt_ratio2"", ""edge_NOTEARS__capitalization_ratio__totaldebt_invcap"", ""edge_NOTEARS__capitalization_ratio__roa"", ""asset_turnover"", ""totaldebt_invcap"", ""edge_NOTEARS__longtermdebt_invcap__totaldebt_invcap"", ""rect_turn"", ""roa"", ""edge_NOTEARS__debt_ratio2__capitalization_ratio"", ""edge_NOTEARS__asset_liabilities__rect_turn"", ""edge_NOTEARS__roa__roe"", ""capitalization_ratio"", ""edge_NOTEARS__roa__asset_turnover"", ""edge_NOTEARS__debt_ratio2__roa""]"
a87d7333ab4ebccd,OFR,NOTEARS,40,1,30065,30,"[""edge_NOTEARS__debt_ratio2__totaldebt_invcap"", ""asset_liabilities"", ""edge_NOTEARS__totaldebt_invcap__debt_ratio"", ""totaldebt_invcap"", ""rect_turn"", ""edge_NOTEARS__debt_ratio2__debt_ratio"", ""edge_NOTEARS__roa__roe"", ""debt_ratio"", ""debt_ebitda"", ""edge_NOTEARS__capitalization_ratio__debt_ratio"", ""edge_NOTEARS__debt_ratio__asset_liabilities"", ""longtermdebt_invcap"", ""edge_NOTEARS__asset_liabilities__rect_turn"", ""cash_debt"", ""edge_NOTEARS__capitalization_ratio__longtermdebt_invcap"", ""edge_NOTEARS__totaldebt_invcap__leverage_ratio"", ""edge_NOTEARS__roa__asset_turnover"", ""edge_NOTEARS__debt_ratio__leverage_ratio"", ""edge_NOTEARS__debt_ratio2__capitalization_ratio"", ""roa"", ""edge_NOTEARS__capitalization_ratio__totaldebt_invcap"", ""capitalization_ratio"", ""asset_turnover"", ""leverage_ratio"", ""roe"", ""edge_NOTEARS__capitalization_ratio__roa"", ""edge_NOTEARS__longtermdebt_invcap__totaldebt_invcap"", ""debt_ratio2"", ""edge_NOTEARS__debt_ebitda__debt_ratio2"", ""edge_NOTEARS__debt_ratio2__roa""]"
2adcf030fbcec127,OFR,NOTEARS,40,2,30066,30,"[""edge_NOTEARS__roa__asset_turnover"", ""totaldebt_invcap"", ""roe"", ""edge_NOTEARS__longtermdebt_invcap__totaldebt_invcap"", ""edge_NOTEARS__capitalization_ratio__longtermdebt_invcap"", ""edge_NOTEARS__debt_ratio2__debt_ratio"", ""longtermdebt_invcap"", ""edge_NOTEARS__debt_ratio2__totaldebt_invcap"", ""asset_liabilities"", ""edge_NOTEARS__capitalization_ratio__totaldebt_invcap"", ""leverage_ratio"", ""rect_turn"", ""edge_NOTEARS__totaldebt_invcap__leverage_ratio"", ""debt_ratio"", ""edge_NOTEARS__debt_ratio__asset_liabilities"", ""edge_NOTEARS__totaldebt_invcap__debt_ratio"", ""roa"", ""asset_turnover"", ""cash_debt"", ""debt_ratio2"", ""edge_NOTEARS__debt_ratio2__capitalization_ratio"", ""edge_NOTEARS__debt_ratio__leverage_ratio"", ""edge_NOTEARS__debt_ratio2__roa"", ""edge_NOTEARS__roa__roe"", ""edge_NOTEARS__capitalization_ratio__debt_ratio"", ""edge_NOTEARS__asset_liabilities__rect_turn"", ""edge_NOTEARS__capitalization_ratio__roa"", ""debt_ebitda"", ""edge_NOTEARS__debt_ebitda__debt_ratio2"", ""capitalization_ratio""]"
ce72d9369c254845,OFR,NOTEARS,40,3,30067,30,"[""roa"", ""edge_NOTEARS__totaldebt_invcap__debt_ratio"", ""leverage_ratio"", ""edge_NOTEARS__totaldebt_invcap__leverage_ratio"", ""cash_debt"", ""totaldebt_invcap"", ""asset_turnover"", ""debt_ratio"", ""capitalization_ratio"", ""edge_NOTEARS__capitalization_ratio__totaldebt_invcap"", ""edge_NOTEARS__capitalization_ratio__roa"", ""edge_NOTEARS__debt_ratio2__debt_ratio"", ""edge_NOTEARS__roa__roe"", ""edge_NOTEARS__debt_ratio2__totaldebt_invcap"", ""edge_NOTEARS__debt_ratio__leverage_ratio"", ""longtermdebt_invcap"", ""rect_turn"", ""debt_ratio2"", ""edge_NOTEARS__capitalization_ratio__longtermdebt_invcap"", ""edge_NOTEARS__longtermdebt_invcap__totaldebt_invcap"", ""edge_NOTEARS__roa__asset_turnover"", ""asset_liabilities"", ""debt_ebitda"", ""edge_NOTEARS__asset_liabilities__rect_turn"", ""roe"", ""edge_NOTEARS__capitalization_ratio__debt_ratio"", ""edge_NOTEARS__debt_ratio2__roa"", ""edge_NOTEARS__debt_ratio__asset_liabilities"", ""edge_NOTEARS__debt_ebitda__debt_ratio2"", ""edge_NOTEARS__debt_ratio2__capitalization_ratio""]"
00c732a6baf6c4bc,OFR,NOTEARS,40,4,30068,30,"[""edge_NOTEARS__capitalization_ratio__roa"", ""capitalization_ratio"", ""edge_NOTEARS__debt_ratio__leverage_ratio"", ""edge_NOTEARS__debt_ratio__asset_liabilities"", ""leverage_ratio"", ""edge_NOTEARS__debt_ratio2__debt_ratio"", ""edge_NOTEARS__longtermdebt_invcap__totaldebt_invcap"", ""cash_debt"", ""rect_turn"", ""longtermdebt_invcap"", ""edge_NOTEARS__totaldebt_invcap__leverage_ratio"", ""edge_NOTEARS__totaldebt_invcap__debt_ratio"", ""edge_NOTEARS__capitalization_ratio__totaldebt_invcap"", ""edge_NOTEARS__debt_ratio2__totaldebt_invcap"", ""asset_liabilities"", ""roa"", ""totaldebt_invcap"", ""edge_NOTEARS__debt_ratio2__capitalization_ratio"", ""debt_ratio"", ""roe"", ""debt_ratio2"", ""edge_NOTEARS__roa__asset_turnover"", ""edge_NOTEARS__debt_ratio2__roa"", ""edge_NOTEARS__capitalization_ratio__debt_ratio"", ""edge_NOTEARS__asset_liabilities__rect_turn"", ""edge_NOTEARS__roa__roe"", ""debt_ebitda"", ""edge_NOTEARS__debt_ebitda__debt_ratio2"", ""edge_NOTEARS__capitalization_ratio__longtermdebt_invcap"", ""asset_turnover""]"
48b1380063a8f8c7,OFR,NOTEARS,ALL,0,30064,30,"[""edge_NOTEARS__debt_ratio__asset_liabilities"", ""debt_ebitda"", ""edge_NOTEARS__debt_ratio__leverage_ratio"", ""edge_NOTEARS__debt_ratio2__totaldebt_invcap"", ""roe"", ""debt_ratio"", ""asset_liabilities"", ""edge_NOTEARS__capitalization_ratio__longtermdebt_invcap"", ""leverage_ratio"", ""edge_NOTEARS__debt_ebitda__debt_ratio2"", ""edge_NOTEARS__debt_ratio2__debt_ratio"", ""longtermdebt_invcap"", ""cash_debt"", ""edge_NOTEARS__totaldebt_invcap__debt_ratio"", ""edge_NOTEARS__totaldebt_invcap__leverage_ratio"", ""edge_NOTEARS__capitalization_ratio__debt_ratio"", ""debt_ratio2"", ""edge_NOTEARS__capitalization_ratio__totaldebt_invcap"", ""edge_NOTEARS__capitalization_ratio__roa"", ""asset_turnover"", ""totaldebt_invcap"", ""edge_NOTEARS__longtermdebt_invcap__totaldebt_invcap"", ""rect_turn"", ""roa"", ""edge_NOTEARS__debt_ratio2__capitalization_ratio"", ""edge_NOTEARS__asset_liabilities__rect_turn"", ""edge_NOTEARS__roa__roe"", ""capitalization_ratio"", ""edge_NOTEARS__roa__asset_turnover"", ""edge_NOTEARS__debt_ratio2__roa""]"
456b6dcb22a86a84,OFR,NOTEARS,ALL,1,30065,30,"[""edge_NOTEARS__debt_ratio2__totaldebt_invcap"", ""asset_liabilities"", ""edge_NOTEARS__totaldebt_invcap__debt_ratio"", ""totaldebt_invcap"", ""rect_turn"", ""edge_NOTEARS__debt_ratio2__debt_ratio"", ""edge_NOTEARS__roa__roe"", ""debt_ratio"", ""debt_ebitda"", ""edge_NOTEARS__capitalization_ratio__debt_ratio"", ""edge_NOTEARS__debt_ratio__asset_liabilities"", ""longtermdebt_invcap"", ""edge_NOTEARS__asset_liabilities__rect_turn"", ""cash_debt"", ""edge_NOTEARS__capitalization_ratio__longtermdebt_invcap"", ""edge_NOTEARS__totaldebt_invcap__leverage_ratio"", ""edge_NOTEARS__roa__asset_turnover"", ""edge_NOTEARS__debt_ratio__leverage_ratio"", ""edge_NOTEARS__debt_ratio2__capitalization_ratio"", ""roa"", ""edge_NOTEARS__capitalization_ratio__totaldebt_invcap"", ""capitalization_ratio"", ""asset_turnover"", ""leverage_ratio"", ""roe"", ""edge_NOTEARS__capitalization_ratio__roa"", ""edge_NOTEARS__longtermdebt_invcap__totaldebt_invcap"", ""debt_ratio2"", ""edge_NOTEARS__debt_ebitda__debt_ratio2"", ""edge_NOTEARS__debt_ratio2__roa""]"
fa00b7b55c6ff316,OFR,NOTEARS,ALL,2,30066,30,"[""edge_NOTEARS__roa__asset_turnover"", ""totaldebt_invcap"", ""roe"", ""edge_NOTEARS__longtermdebt_invcap__totaldebt_invcap"", ""edge_NOTEARS__capitalization_ratio__longtermdebt_invcap"", ""edge_NOTEARS__debt_ratio2__debt_ratio"", ""longtermdebt_invcap"", ""edge_NOTEARS__debt_ratio2__totaldebt_invcap"", ""asset_liabilities"", ""edge_NOTEARS__capitalization_ratio__totaldebt_invcap"", ""leverage_ratio"", ""rect_turn"", ""edge_NOTEARS__totaldebt_invcap__leverage_ratio"", ""debt_ratio"", ""edge_NOTEARS__debt_ratio__asset_liabilities"", ""edge_NOTEARS__totaldebt_invcap__debt_ratio"", ""roa"", ""asset_turnover"", ""cash_debt"", ""debt_ratio2"", ""edge_NOTEARS__debt_ratio2__capitalization_ratio"", ""edge_NOTEARS__debt_ratio__leverage_ratio"", ""edge_NOTEARS__debt_ratio2__roa"", ""edge_NOTEARS__roa__roe"", ""edge_NOTEARS__capitalization_ratio__debt_ratio"", ""edge_NOTEARS__asset_liabilities__rect_turn"", ""edge_NOTEARS__capitalization_ratio__roa"", ""debt_ebitda"", ""edge_NOTEARS__debt_ebitda__debt_ratio2"", ""capitalization_ratio""]"
b95060b5a1680884,OFR,NOTEARS,ALL,3,30067,30,"[""roa"", ""edge_NOTEARS__totaldebt_invcap__debt_ratio"", ""leverage_ratio"", ""edge_NOTEARS__totaldebt_invcap__leverage_ratio"", ""cash_debt"", ""totaldebt_invcap"", ""asset_turnover"", ""debt_ratio"", ""capitalization_ratio"", ""edge_NOTEARS__capitalization_ratio__totaldebt_invcap"", ""edge_NOTEARS__capitalization_ratio__roa"", ""edge_NOTEARS__debt_ratio2__debt_ratio"", ""edge_NOTEARS__roa__roe"", ""edge_NOTEARS__debt_ratio2__totaldebt_invcap"", ""edge_NOTEARS__debt_ratio__leverage_ratio"", ""longtermdebt_invcap"", ""rect_turn"", ""debt_ratio2"", ""edge_NOTEARS__capitalization_ratio__longtermdebt_invcap"", ""edge_NOTEARS__longtermdebt_invcap__totaldebt_invcap"", ""edge_NOTEARS__roa__asset_turnover"", ""asset_liabilities"", ""debt_ebitda"", ""edge_NOTEARS__asset_liabilities__rect_turn"", ""roe"", ""edge_NOTEARS__capitalization_ratio__debt_ratio"", ""edge_NOTEARS__debt_ratio2__roa"", ""edge_NOTEARS__debt_ratio__asset_liabilities"", ""edge_NOTEARS__debt_ebitda__debt_ratio2"", ""edge_NOTEARS__debt_ratio2__capitalization_ratio""]"
d4818cc4ffd9260f,OFR,NOTEARS,ALL,4,30068,30,"[""edge_NOTEARS__capitalization_ratio__roa"", ""capitalization_ratio"", ""edge_NOTEARS__debt_ratio__leverage_ratio"", ""edge_NOTEARS__debt_ratio__asset_liabilities"", ""leverage_ratio"", ""edge_NOTEARS__debt_ratio2__debt_ratio"", ""edge_NOTEARS__longtermdebt_invcap__totaldebt_invcap"", ""cash_debt"", ""rect_turn"", ""longtermdebt_invcap"", ""edge_NOTEARS__totaldebt_invcap__leverage_ratio"", ""edge_NOTEARS__totaldebt_invcap__debt_ratio"", ""edge_NOTEARS__capitalization_ratio__totaldebt_invcap"", ""edge_NOTEARS__debt_ratio2__totaldebt_invcap"", ""asset_liabilities"", ""roa"", ""totaldebt_invcap"", ""edge_NOTEARS__debt_ratio2__capitalization_ratio"", ""debt_ratio"", ""roe"", ""debt_ratio2"", ""edge_NOTEARS__roa__asset_turnover"", ""edge_NOTEARS__debt_ratio2__roa"", ""edge_NOTEARS__capitalization_ratio__debt_ratio"", ""edge_NOTEARS__asset_liabilities__rect_turn"", ""edge_NOTEARS__roa__roe"", ""debt_ebitda"", ""edge_NOTEARS__debt_ebitda__debt_ratio2"", ""edge_NOTEARS__capitalization_ratio__longtermdebt_invcap"", ""asset_turnover""]"
2acb74dbd7bd057e,F,PC,1,,,1,"[""edge_PC__asset_liabilities__rect_turn""]"
721bb5b3791b65b8,OF,PC,1,,,14,"[""leverage_ratio"", ""asset_liabilities"", ""roe"", ""asset_turnover"", ""debt_ratio"", ""debt_ratio2"", ""roa"", ""capitalization_ratio"", ""longtermdebt_invcap"", ""totaldebt_invcap"", ""cash_debt"", ""debt_ebitda"", ""rect_turn"", ""edge_PC__asset_liabilities__rect_turn""]"
a5b5b295620f8bed,F,PC,2,,,2,"[""edge_PC__asset_liabilities__rect_turn"", ""edge_PC__asset_liabilities__debt_ratio""]"
fc59b09fb5ee3839,OF,PC,2,,,15,"[""leverage_ratio"", ""asset_liabilities"", ""roe"", ""asset_turnover"", ""debt_ratio"", ""debt_ratio2"", ""roa"", ""capitalization_ratio"", ""longtermdebt_invcap"", ""totaldebt_invcap"", ""cash_debt"", ""debt_ebitda"", ""rect_turn"", ""edge_PC__asset_liabilities__rect_turn"", ""edge_PC__asset_liabilities__debt_ratio""]"
5cf90b5edf72667f,F,PC,3,,,3,"[""edge_PC__asset_liabilities__rect_turn"", ""edge_PC__asset_liabilities__debt_ratio"", ""edge_PC__debt_ratio__rect_turn""]"
0d11386dd824b4c1,OF,PC,3,,,16,"[""leverage_ratio"", ""asset_liabilities"", ""roe"", ""asset_turnover"", ""debt_ratio"", ""debt_ratio2"", ""roa"", ""capitalization_ratio"", ""longtermdebt_invcap"", ""totaldebt_invcap"", ""cash_debt"", ""debt_ebitda"", ""rect_turn"", ""edge_PC__asset_liabilities__rect_turn"", ""edge_PC__asset_liabilities__debt_ratio"", ""edge_PC__debt_ratio__rect_turn""]"
950d85bca05dd77f,F,PC,4,,,4,"[""edge_PC__asset_liabilities__rect_turn"", ""edge_PC__asset_liabilities__debt_ratio"", ""edge_PC__debt_ratio__rect_turn"", ""edge_PC__asset_turnover__roa""]"
285c77ccbcb26f76,OF,PC,4,,,17,"[""leverage_ratio"", ""asset_liabilities"", ""roe"", ""asset_turnover"", ""debt_ratio"", ""debt_ratio2"", ""roa"", ""capitalization_ratio"", ""longtermdebt_invcap"", ""totaldebt_invcap"", ""cash_debt"", ""debt_ebitda"", ""rect_turn"", ""edge_PC__asset_liabilities__rect_turn"", ""edge_PC__asset_liabilities__debt_ratio"", ""edge_PC__debt_ratio__rect_turn"", ""edge_PC__asset_turnover__roa""]"
b3389ea9a2d038ca,F,PC,5,,,5,"[""edge_PC__asset_liabilities__rect_turn"", ""edge_PC__asset_liabilities__debt_ratio"", ""edge_PC__debt_ratio__rect_turn"", ""edge_PC__asset_turnover__roa"", ""edge_PC__asset_turnover__rect_turn""]"
3b96f3c5e78883cd,OF,PC,5,,,18,"[""leverage_ratio"", ""asset_liabilities"", ""roe"", ""asset_turnover"", ""debt_ratio"", ""debt_ratio2"", ""roa"", ""capitalization_ratio"", ""longtermdebt_invcap"", ""totaldebt_invcap"", ""cash_debt"", ""debt_ebitda"", ""rect_turn"", ""edge_PC__asset_liabilities__rect_turn"", ""edge_PC__asset_liabilities__debt_ratio"", ""edge_PC__debt_ratio__rect_turn"", ""edge_PC__asset_turnover__roa"", ""edge_PC__asset_turnover__rect_turn""]"
46c7802b88378834,F,PC,6,,,6,"[""edge_PC__asset_liabilities__rect_turn"", ""edge_PC__asset_liabilities__debt_ratio"", ""edge_PC__debt_ratio__rect_turn"", ""edge_PC__asset_turnover__roa"", ""edge_PC__asset_turnover__rect_turn"", ""edge_PC__roa__roe""]"
bcb0b960f2d60d8e,OF,PC,6,,,19,"[""leverage_ratio"", ""asset_liabilities"", ""roe"", ""asset_turnover"", ""debt_ratio"", ""debt_ratio2"", ""roa"", ""capitalization_ratio"", ""longtermdebt_invcap"", ""totaldebt_invcap"", ""cash_debt"", ""debt_ebitda"", ""rect_turn"", ""edge_PC__asset_liabilities__rect_turn"", ""edge_PC__asset_liabilities__debt_ratio"", ""edge_PC__debt_ratio__rect_turn"", ""edge_PC__asset_turnover__roa"", ""edge_PC__asset_turnover__rect_turn"", ""edge_PC__roa__roe""]"
42ad0f30d99576ea,F,PC,7,,,7,"[""edge_PC__asset_liabilities__rect_turn"", ""edge_PC__asset_liabilities__debt_ratio"", ""edge_PC__debt_ratio__rect_turn"", ""edge_PC__asset_turnover__roa"", ""edge_PC__asset_turnover__rect_turn"", ""edge_PC__roa__roe"", ""edge_PC__debt_ratio__leverage_ratio""]"
fc2a48d3efdcf9d2,OF,PC,7,,,20,"[""leverage_ratio"", ""asset_liabilities"", ""roe"", ""asset_turnover"", ""debt_ratio"", ""debt_ratio2"", ""roa"", ""capitalization_ratio"", ""longtermdebt_invcap"", ""totaldebt_invcap"", ""cash_debt"", ""debt_ebitda"", ""rect_turn"", ""edge_PC__asset_liabilities__rect_turn"", ""edge_PC__asset_liabilities__debt_ratio"", ""edge_PC__debt_ratio__rect_turn"", ""edge_PC__asset_turnover__roa"", ""edge_PC__asset_turnover__rect_turn"", ""edge_PC__roa__roe"", ""edge_PC__debt_ratio__leverage_ratio""]"
c2f13db4fa9587a8,F,PC,8,,,8,"[""edge_PC__asset_liabilities__rect_turn"", ""edge_PC__asset_liabilities__debt_ratio"", ""edge_PC__debt_ratio__rect_turn"", ""edge_PC__asset_turnover__roa"", ""edge_PC__asset_turnover__rect_turn"", ""edge_PC__roa__roe"", ""edge_PC__debt_ratio__leverage_ratio"", ""edge_PC__longtermdebt_invcap__capitalization_ratio""]"
6c77d017e3138a39,OF,PC,8,,,21,"[""leverage_ratio"", ""asset_liabilities"", ""roe"", ""asset_turnover"", ""debt_ratio"", ""debt_ratio2"", ""roa"", ""capitalization_ratio"", ""longtermdebt_invcap"", ""totaldebt_invcap"", ""cash_debt"", ""debt_ebitda"", ""rect_turn"", ""edge_PC__asset_liabilities__rect_turn"", ""edge_PC__asset_liabilities__debt_ratio"", ""edge_PC__debt_ratio__rect_turn"", ""edge_PC__asset_turnover__roa"", ""edge_PC__asset_turnover__rect_turn"", ""edge_PC__roa__roe"", ""edge_PC__debt_ratio__leverage_ratio"", ""edge_PC__longtermdebt_invcap__capitalization_ratio""]"
f1dae46cde9d5ed0,F,PC,9,,,9,"[""edge_PC__asset_liabilities__rect_turn"", ""edge_PC__asset_liabilities__debt_ratio"", ""edge_PC__debt_ratio__rect_turn"", ""edge_PC__asset_turnover__roa"", ""edge_PC__asset_turnover__rect_turn"", ""edge_PC__roa__roe"", ""edge_PC__debt_ratio__leverage_ratio"", ""edge_PC__longtermdebt_invcap__capitalization_ratio"", ""edge_PC__debt_ratio2__totaldebt_invcap""]"
0f710de7b3c7092d,OF,PC,9,,,22,"[""leverage_ratio"", ""asset_liabilities"", ""roe"", ""asset_turnover"", ""debt_ratio"", ""debt_ratio2"", ""roa"", ""capitalization_ratio"", ""longtermdebt_invcap"", ""totaldebt_invcap"", ""cash_debt"", ""debt_ebitda"", ""rect_turn"", ""edge_PC__asset_liabilities__rect_turn"", ""edge_PC__asset_liabilities__debt_ratio"", ""edge_PC__debt_ratio__rect_turn"", ""edge_PC__asset_turnover__roa"", ""edge_PC__asset_turnover__rect_turn"", ""edge_PC__roa__roe"", ""edge_PC__debt_ratio__leverage_ratio"", ""edge_PC__longtermdebt_invcap__capitalization_ratio"", ""edge_PC__debt_ratio2__totaldebt_invcap""]"
dcdfcb1839ed0107,F,PC,10,,,10,"[""edge_PC__asset_liabilities__rect_turn"", ""edge_PC__asset_liabilities__debt_ratio"", ""edge_PC__debt_ratio__rect_turn"", ""edge_PC__asset_turnover__roa"", ""edge_PC__asset_turnover__rect_turn"", ""edge_PC__roa__roe"", ""edge_PC__debt_ratio__leverage_ratio"", ""edge_PC__longtermdebt_invcap__capitalization_ratio"", ""edge_PC__debt_ratio2__totaldebt_invcap"", ""edge_PC__debt_ratio2__longtermdebt_invcap""]"
9710632908b0d396,OF,PC,10,,,23,"[""leverage_ratio"", ""asset_liabilities"", ""roe"", ""asset_turnover"", ""debt_ratio"", ""debt_ratio2"", ""roa"", ""capitalization_ratio"", ""longtermdebt_invcap"", ""totaldebt_invcap"", ""cash_debt"", ""debt_ebitda"", ""rect_turn"", ""edge_PC__asset_liabilities__rect_turn"", ""edge_PC__asset_liabilities__debt_ratio"", ""edge_PC__debt_ratio__rect_turn"", ""edge_PC__asset_turnover__roa"", ""edge_PC__asset_turnover__rect_turn"", ""edge_PC__roa__roe"", ""edge_PC__debt_ratio__leverage_ratio"", ""edge_PC__longtermdebt_invcap__capitalization_ratio"", ""edge_PC__debt_ratio2__totaldebt_invcap"", ""edge_PC__debt_ratio2__longtermdebt_invcap""]"
b2d9e3ac65acdcce,F,PC,11,,,11,"[""edge_PC__asset_liabilities__rect_turn"", ""edge_PC__asset_liabilities__debt_ratio"", ""edge_PC__debt_ratio__rect_turn"", ""edge_PC__asset_turnover__roa"", ""edge_PC__asset_turnover__rect_turn"", ""edge_PC__roa__roe"", ""edge_PC__debt_ratio__leverage_ratio"", ""edge_PC__longtermdebt_invcap__capitalization_ratio"", ""edge_PC__debt_ratio2__totaldebt_invcap"", ""edge_PC__debt_ratio2__longtermdebt_invcap"", ""edge_PC__roa__rect_turn""]"
20cc5c9a42ed1752,OF,PC,11,,,24,"[""leverage_ratio"", ""asset_liabilities"", ""roe"", ""asset_turnover"", ""debt_ratio"", ""debt_ratio2"", ""roa"", ""capitalization_ratio"", ""longtermdebt_invcap"", ""totaldebt_invcap"", ""cash_debt"", ""debt_ebitda"", ""rect_turn"", ""edge_PC__asset_liabilities__rect_turn"", ""edge_PC__asset_liabilities__debt_ratio"", ""edge_PC__debt_ratio__rect_turn"", ""edge_PC__asset_turnover__roa"", ""edge_PC__asset_turnover__rect_turn"", ""edge_PC__roa__roe"", ""edge_PC__debt_ratio__leverage_ratio"", ""edge_PC__longtermdebt_invcap__capitalization_ratio"", ""edge_PC__debt_ratio2__totaldebt_invcap"", ""edge_PC__debt_ratio2__longtermdebt_invcap"", ""edge_PC__roa__rect_turn""]"
3a4f3db67c20c422,F,PC,12,,,12,"[""edge_PC__asset_liabilities__rect_turn"", ""edge_PC__asset_liabilities__debt_ratio"", ""edge_PC__debt_ratio__rect_turn"", ""edge_PC__asset_turnover__roa"", ""edge_PC__asset_turnover__rect_turn"", ""edge_PC__roa__roe"", ""edge_PC__debt_ratio__leverage_ratio"", ""edge_PC__longtermdebt_invcap__capitalization_ratio"", ""edge_PC__debt_ratio2__totaldebt_invcap"", ""edge_PC__debt_ratio2__longtermdebt_invcap"", ""edge_PC__roa__rect_turn"", ""edge_PC__debt_ratio2__debt_ebitda""]"
0857a78345413e0e,OF,PC,12,,,25,"[""leverage_ratio"", ""asset_liabilities"", ""roe"", ""asset_turnover"", ""debt_ratio"", ""debt_ratio2"", ""roa"", ""capitalization_ratio"", ""longtermdebt_invcap"", ""totaldebt_invcap"", ""cash_debt"", ""debt_ebitda"", ""rect_turn"", ""edge_PC__asset_liabilities__rect_turn"", ""edge_PC__asset_liabilities__debt_ratio"", ""edge_PC__debt_ratio__rect_turn"", ""edge_PC__asset_turnover__roa"", ""edge_PC__asset_turnover__rect_turn"", ""edge_PC__roa__roe"", ""edge_PC__debt_ratio__leverage_ratio"", ""edge_PC__longtermdebt_invcap__capitalization_ratio"", ""edge_PC__debt_ratio2__totaldebt_invcap"", ""edge_PC__debt_ratio2__longtermdebt_invcap"", ""edge_PC__roa__rect_turn"", ""edge_PC__debt_ratio2__debt_ebitda""]"
78129d8c0793f97e,F,PC,13,,,13,"[""edge_PC__asset_liabilities__rect_turn"", ""edge_PC__asset_liabilities__debt_ratio"", ""edge_PC__debt_ratio__rect_turn"", ""edge_PC__asset_turnover__roa"", ""edge_PC__asset_turnover__rect_turn"", ""edge_PC__roa__roe"", ""edge_PC__debt_ratio__leverage_ratio"", ""edge_PC__longtermdebt_invcap__capitalization_ratio"", ""edge_PC__debt_ratio2__totaldebt_invcap"", ""edge_PC__debt_ratio2__longtermdebt_invcap"", ""edge_PC__roa__rect_turn"", ""edge_PC__debt_ratio2__debt_ebitda"", ""edge_PC__totaldebt_invcap__leverage_ratio""]"
463c4174acb2abb3,OF,PC,13,,,26,"[""leverage_ratio"", ""asset_liabilities"", ""roe"", ""asset_turnover"", ""debt_ratio"", ""debt_ratio2"", ""roa"", ""capitalization_ratio"", ""longtermdebt_invcap"", ""totaldebt_invcap"", ""cash_debt"", ""debt_ebitda"", ""rect_turn"", ""edge_PC__asset_liabilities__rect_turn"", ""edge_PC__asset_liabilities__debt_ratio"", ""edge_PC__debt_ratio__rect_turn"", ""edge_PC__asset_turnover__roa"", ""edge_PC__asset_turnover__rect_turn"", ""edge_PC__roa__roe"", ""edge_PC__debt_ratio__leverage_ratio"", ""edge_PC__longtermdebt_invcap__capitalization_ratio"", ""edge_PC__debt_ratio2__totaldebt_invcap"", ""edge_PC__debt_ratio2__longtermdebt_invcap"", ""edge_PC__roa__rect_turn"", ""edge_PC__debt_ratio2__debt_ebitda"", ""edge_PC__totaldebt_invcap__leverage_ratio""]"
2640d16d5eb10fde,F,PC,14,,,14,"[""edge_PC__asset_liabilities__rect_turn"", ""edge_PC__asset_liabilities__debt_ratio"", ""edge_PC__debt_ratio__rect_turn"", ""edge_PC__asset_turnover__roa"", ""edge_PC__asset_turnover__rect_turn"", ""edge_PC__roa__roe"", ""edge_PC__debt_ratio__leverage_ratio"", ""edge_PC__longtermdebt_invcap__capitalization_ratio"", ""edge_PC__debt_ratio2__totaldebt_invcap"", ""edge_PC__debt_ratio2__longtermdebt_invcap"", ""edge_PC__roa__rect_turn"", ""edge_PC__debt_ratio2__debt_ebitda"", ""edge_PC__totaldebt_invcap__leverage_ratio"", ""edge_PC__asset_liabilities__cash_debt""]"
5046c221cf89c9d1,OF,PC,14,,,27,"[""leverage_ratio"", ""asset_liabilities"", ""roe"", ""asset_turnover"", ""debt_ratio"", ""debt_ratio2"", ""roa"", ""capitalization_ratio"", ""longtermdebt_invcap"", ""totaldebt_invcap"", ""cash_debt"", ""debt_ebitda"", ""rect_turn"", ""edge_PC__asset_liabilities__rect_turn"", ""edge_PC__asset_liabilities__debt_ratio"", ""edge_PC__debt_ratio__rect_turn"", ""edge_PC__asset_turnover__roa"", ""edge_PC__asset_turnover__rect_turn"", ""edge_PC__roa__roe"", ""edge_PC__debt_ratio__leverage_ratio"", ""edge_PC__longtermdebt_invcap__capitalization_ratio"", ""edge_PC__debt_ratio2__totaldebt_invcap"", ""edge_PC__debt_ratio2__longtermdebt_invcap"", ""edge_PC__roa__rect_turn"", ""edge_PC__debt_ratio2__debt_ebitda"", ""edge_PC__totaldebt_invcap__leverage_ratio"", ""edge_PC__asset_liabilities__cash_debt""]"
db530282923044dc,F,PC,15,,,15,"[""edge_PC__asset_liabilities__rect_turn"", ""edge_PC__asset_liabilities__debt_ratio"", ""edge_PC__debt_ratio__rect_turn"", ""edge_PC__asset_turnover__roa"", ""edge_PC__asset_turnover__rect_turn"", ""edge_PC__roa__roe"", ""edge_PC__debt_ratio__leverage_ratio"", ""edge_PC__longtermdebt_invcap__capitalization_ratio"", ""edge_PC__debt_ratio2__totaldebt_invcap"", ""edge_PC__debt_ratio2__longtermdebt_invcap"", ""edge_PC__roa__rect_turn"", ""edge_PC__debt_ratio2__debt_ebitda"", ""edge_PC__totaldebt_invcap__leverage_ratio"", ""edge_PC__asset_liabilities__cash_debt"", ""edge_PC__debt_ratio2__rect_turn""]"
e8553ac2e8a1b18f,OF,PC,15,,,28,"[""leverage_ratio"", ""asset_liabilities"", ""roe"", ""asset_turnover"", ""debt_ratio"", ""debt_ratio2"", ""roa"", ""capitalization_ratio"", ""longtermdebt_invcap"", ""totaldebt_invcap"", ""cash_debt"", ""debt_ebitda"", ""rect_turn"", ""edge_PC__asset_liabilities__rect_turn"", ""edge_PC__asset_liabilities__debt_ratio"", ""edge_PC__debt_ratio__rect_turn"", ""edge_PC__asset_turnover__roa"", ""edge_PC__asset_turnover__rect_turn"", ""edge_PC__roa__roe"", ""edge_PC__debt_ratio__leverage_ratio"", ""edge_PC__longtermdebt_invcap__capitalization_ratio"", ""edge_PC__debt_ratio2__totaldebt_invcap"", ""edge_PC__debt_ratio2__longtermdebt_invcap"", ""edge_PC__roa__rect_turn"", ""edge_PC__debt_ratio2__debt_ebitda"", ""edge_PC__totaldebt_invcap__leverage_ratio"", ""edge_PC__asset_liabilities__cash_debt"", ""edge_PC__debt_ratio2__rect_turn""]"
fe0a618a4400ef48,F,PC,16,,,16,"[""edge_PC__asset_liabilities__rect_turn"", ""edge_PC__asset_liabilities__debt_ratio"", ""edge_PC__debt_ratio__rect_turn"", ""edge_PC__asset_turnover__roa"", ""edge_PC__asset_turnover__rect_turn"", ""edge_PC__roa__roe"", ""edge_PC__debt_ratio__leverage_ratio"", ""edge_PC__longtermdebt_invcap__capitalization_ratio"", ""edge_PC__debt_ratio2__totaldebt_invcap"", ""edge_PC__debt_ratio2__longtermdebt_invcap"", ""edge_PC__roa__rect_turn"", ""edge_PC__debt_ratio2__debt_ebitda"", ""edge_PC__totaldebt_invcap__leverage_ratio"", ""edge_PC__asset_liabilities__cash_debt"", ""edge_PC__debt_ratio2__rect_turn"", ""edge_PC__debt_ratio2__capitalization_ratio""]"
f58cd5bcf72e5cb2,OF,PC,16,,,29,"[""leverage_ratio"", ""asset_liabilities"", ""roe"", ""asset_turnover"", ""debt_ratio"", ""debt_ratio2"", ""roa"", ""capitalization_ratio"", ""longtermdebt_invcap"", ""totaldebt_invcap"", ""cash_debt"", ""debt_ebitda"", ""rect_turn"", ""edge_PC__asset_liabilities__rect_turn"", ""edge_PC__asset_liabilities__debt_ratio"", ""edge_PC__debt_ratio__rect_turn"", ""edge_PC__asset_turnover__roa"", ""edge_PC__asset_turnover__rect_turn"", ""edge_PC__roa__roe"", ""edge_PC__debt_ratio__leverage_ratio"", ""edge_PC__longtermdebt_invcap__capitalization_ratio"", ""edge_PC__debt_ratio2__totaldebt_invcap"", ""edge_PC__debt_ratio2__longtermdebt_invcap"", ""edge_PC__roa__rect_turn"", ""edge_PC__debt_ratio2__debt_ebitda"", ""edge_PC__totaldebt_invcap__leverage_ratio"", ""edge_PC__asset_liabilities__cash_debt"", ""edge_PC__debt_ratio2__rect_turn"", ""edge_PC__debt_ratio2__capitalization_ratio""]"
8e947346f7ed3fe0,F,PC,17,,,17,"[""edge_PC__asset_liabilities__rect_turn"", ""edge_PC__asset_liabilities__debt_ratio"", ""edge_PC__debt_ratio__rect_turn"", ""edge_PC__asset_turnover__roa"", ""edge_PC__asset_turnover__rect_turn"", ""edge_PC__roa__roe"", ""edge_PC__debt_ratio__leverage_ratio"", ""edge_PC__longtermdebt_invcap__capitalization_ratio"", ""edge_PC__debt_ratio2__totaldebt_invcap"", ""edge_PC__debt_ratio2__longtermdebt_invcap"", ""edge_PC__roa__rect_turn"", ""edge_PC__debt_ratio2__debt_ebitda"", ""edge_PC__totaldebt_invcap__leverage_ratio"", ""edge_PC__asset_liabilities__cash_debt"", ""edge_PC__debt_ratio2__rect_turn"", ""edge_PC__debt_ratio2__capitalization_ratio"", ""edge_PC__leverage_ratio__asset_turnover""]"
4762f86d5d8bbacb,OF,PC,17,,,30,"[""leverage_ratio"", ""asset_liabilities"", ""roe"", ""asset_turnover"", ""debt_ratio"", ""debt_ratio2"", ""roa"", ""capitalization_ratio"", ""longtermdebt_invcap"", ""totaldebt_invcap"", ""cash_debt"", ""debt_ebitda"", ""rect_turn"", ""edge_PC__asset_liabilities__rect_turn"", ""edge_PC__asset_liabilities__debt_ratio"", ""edge_PC__debt_ratio__rect_turn"", ""edge_PC__asset_turnover__roa"", ""edge_PC__asset_turnover__rect_turn"", ""edge_PC__roa__roe"", ""edge_PC__debt_ratio__leverage_ratio"", ""edge_PC__longtermdebt_invcap__capitalization_ratio"", ""edge_PC__debt_ratio2__totaldebt_invcap"", ""edge_PC__debt_ratio2__longtermdebt_invcap"", ""edge_PC__roa__rect_turn"", ""edge_PC__debt_ratio2__debt_ebitda"", ""edge_PC__totaldebt_invcap__leverage_ratio"", ""edge_PC__asset_liabilities__cash_debt"", ""edge_PC__debt_ratio2__rect_turn"", ""edge_PC__debt_ratio2__capitalization_ratio"", ""edge_PC__leverage_ratio__asset_turnover""]"
c83c26238669a20a,F,PC,18,,,18,"[""edge_PC__asset_liabilities__rect_turn"", ""edge_PC__asset_liabilities__debt_ratio"", ""edge_PC__debt_ratio__rect_turn"", ""edge_PC__asset_turnover__roa"", ""edge_PC__asset_turnover__rect_turn"", ""edge_PC__roa__roe"", ""edge_PC__debt_ratio__leverage_ratio"", ""edge_PC__longtermdebt_invcap__capitalization_ratio"", ""edge_PC__debt_ratio2__totaldebt_invcap"", ""edge_PC__debt_ratio2__longtermdebt_invcap"", ""edge_PC__roa__rect_turn"", ""edge_PC__debt_ratio2__debt_ebitda"", ""edge_PC__totaldebt_invcap__leverage_ratio"", ""edge_PC__asset_liabilities__cash_debt"", ""edge_PC__debt_ratio2__rect_turn"", ""edge_PC__debt_ratio2__capitalization_ratio"", ""edge_PC__leverage_ratio__asset_turnover"", ""edge_PC__debt_ratio2__cash_debt""]"
ef62e99782aa5a11,OF,PC,18,,,31,"[""leverage_ratio"", ""asset_liabilities"", ""roe"", ""asset_turnover"", ""debt_ratio"", ""debt_ratio2"", ""roa"", ""capitalization_ratio"", ""longtermdebt_invcap"", ""totaldebt_invcap"", ""cash_debt"", ""debt_ebitda"", ""rect_turn"", ""edge_PC__asset_liabilities__rect_turn"", ""edge_PC__asset_liabilities__debt_ratio"", ""edge_PC__debt_ratio__rect_turn"", ""edge_PC__asset_turnover__roa"", ""edge_PC__asset_turnover__rect_turn"", ""edge_PC__roa__roe"", ""edge_PC__debt_ratio__leverage_ratio"", ""edge_PC__longtermdebt_invcap__capitalization_ratio"", ""edge_PC__debt_ratio2__totaldebt_invcap"", ""edge_PC__debt_ratio2__longtermdebt_invcap"", ""edge_PC__roa__rect_turn"", ""edge_PC__debt_ratio2__debt_ebitda"", ""edge_PC__totaldebt_invcap__leverage_ratio"", ""edge_PC__asset_liabilities__cash_debt"", ""edge_PC__debt_ratio2__rect_turn"", ""edge_PC__debt_ratio2__capitalization_ratio"", ""edge_PC__leverage_ratio__asset_turnover"", ""edge_PC__debt_ratio2__cash_debt""]"
9795ed9fa640803b,F,PC,19,,,19,"[""edge_PC__asset_liabilities__rect_turn"", ""edge_PC__asset_liabilities__debt_ratio"", ""edge_PC__debt_ratio__rect_turn"", ""edge_PC__asset_turnover__roa"", ""edge_PC__asset_turnover__rect_turn"", ""edge_PC__roa__roe"", ""edge_PC__debt_ratio__leverage_ratio"", ""edge_PC__longtermdebt_invcap__capitalization_ratio"", ""edge_PC__debt_ratio2__totaldebt_invcap"", ""edge_PC__debt_ratio2__longtermdebt_invcap"", ""edge_PC__roa__rect_turn"", ""edge_PC__debt_ratio2__debt_ebitda"", ""edge_PC__totaldebt_invcap__leverage_ratio"", ""edge_PC__asset_liabilities__cash_debt"", ""edge_PC__debt_ratio2__rect_turn"", ""edge_PC__debt_ratio2__capitalization_ratio"", ""edge_PC__leverage_ratio__asset_turnover"", ""edge_PC__debt_ratio2__cash_debt"", ""edge_PC__roa__debt_ebitda""]"
176f018cb5c2c8cf,OF,PC,19,,,32,"[""leverage_ratio"", ""asset_liabilities"", ""roe"", ""asset_turnover"", ""debt_ratio"", ""debt_ratio2"", ""roa"", ""capitalization_ratio"", ""longtermdebt_invcap"", ""totaldebt_invcap"", ""cash_debt"", ""debt_ebitda"", ""rect_turn"", ""edge_PC__asset_liabilities__rect_turn"", ""edge_PC__asset_liabilities__debt_ratio"", ""edge_PC__debt_ratio__rect_turn"", ""edge_PC__asset_turnover__roa"", ""edge_PC__asset_turnover__rect_turn"", ""edge_PC__roa__roe"", ""edge_PC__debt_ratio__leverage_ratio"", ""edge_PC__longtermdebt_invcap__capitalization_ratio"", ""edge_PC__debt_ratio2__totaldebt_invcap"", ""edge_PC__debt_ratio2__longtermdebt_invcap"", ""edge_PC__roa__rect_turn"", ""edge_PC__debt_ratio2__debt_ebitda"", ""edge_PC__totaldebt_invcap__leverage_ratio"", ""edge_PC__asset_liabilities__cash_debt"", ""edge_PC__debt_ratio2__rect_turn"", ""edge_PC__debt_ratio2__capitalization_ratio"", ""edge_PC__leverage_ratio__asset_turnover"", ""edge_PC__debt_ratio2__cash_debt"", ""edge_PC__roa__debt_ebitda""]"
6a70cabfe5104abc,F,PC,20,,,20,"[""edge_PC__asset_liabilities__rect_turn"", ""edge_PC__asset_liabilities__debt_ratio"", ""edge_PC__debt_ratio__rect_turn"", ""edge_PC__asset_turnover__roa"", ""edge_PC__asset_turnover__rect_turn"", ""edge_PC__roa__roe"", ""edge_PC__debt_ratio__leverage_ratio"", ""edge_PC__longtermdebt_invcap__capitalization_ratio"", ""edge_PC__debt_ratio2__totaldebt_invcap"", ""edge_PC__debt_ratio2__longtermdebt_invcap"", ""edge_PC__roa__rect_turn"", ""edge_PC__debt_ratio2__debt_ebitda"", ""edge_PC__totaldebt_invcap__leverage_ratio"", ""edge_PC__asset_liabilities__cash_debt"", ""edge_PC__debt_ratio2__rect_turn"", ""edge_PC__debt_ratio2__capitalization_ratio"", ""edge_PC__leverage_ratio__asset_turnover"", ""edge_PC__debt_ratio2__cash_debt"", ""edge_PC__roa__debt_ebitda"", ""edge_PC__asset_turnover__roe""]"
d94ce2ce605d4851,OF,PC,20,,,33,"[""leverage_ratio"", ""asset_liabilities"", ""roe"", ""asset_turnover"", ""debt_ratio"", ""debt_ratio2"", ""roa"", ""capitalization_ratio"", ""longtermdebt_invcap"", ""totaldebt_invcap"", ""cash_debt"", ""debt_ebitda"", ""rect_turn"", ""edge_PC__asset_liabilities__rect_turn"", ""edge_PC__asset_liabilities__debt_ratio"", ""edge_PC__debt_ratio__rect_turn"", ""edge_PC__asset_turnover__roa"", ""edge_PC__asset_turnover__rect_turn"", ""edge_PC__roa__roe"", ""edge_PC__debt_ratio__leverage_ratio"", ""edge_PC__longtermdebt_invcap__capitalization_ratio"", ""edge_PC__debt_ratio2__totaldebt_invcap"", ""edge_PC__debt_ratio2__longtermdebt_invcap"", ""edge_PC__roa__rect_turn"", ""edge_PC__debt_ratio2__debt_ebitda"", ""edge_PC__totaldebt_invcap__leverage_ratio"", ""edge_PC__asset_liabilities__cash_debt"", ""edge_PC__debt_ratio2__rect_turn"", ""edge_PC__debt_ratio2__capitalization_ratio"", ""edge_PC__leverage_ratio__asset_turnover"", ""edge_PC__debt_ratio2__cash_debt"", ""edge_PC__roa__debt_ebitda"", ""edge_PC__asset_turnover__roe""]"
ac0713d3eecfcacd,F,PC,21,,,21,"[""edge_PC__asset_liabilities__rect_turn"", ""edge_PC__asset_liabilities__debt_ratio"", ""edge_PC__debt_ratio__rect_turn"", ""edge_PC__asset_turnover__roa"", ""edge_PC__asset_turnover__rect_turn"", ""edge_PC__roa__roe"", ""edge_PC__debt_ratio__leverage_ratio"", ""edge_PC__longtermdebt_invcap__capitalization_ratio"", ""edge_PC__debt_ratio2__totaldebt_invcap"", ""edge_PC__debt_ratio2__longtermdebt_invcap"", ""edge_PC__roa__rect_turn"", ""edge_PC__debt_ratio2__debt_ebitda"", ""edge_PC__totaldebt_invcap__leverage_ratio"", ""edge_PC__asset_liabilities__cash_debt"", ""edge_PC__debt_ratio2__rect_turn"", ""edge_PC__debt_ratio2__capitalization_ratio"", ""edge_PC__leverage_ratio__asset_turnover"", ""edge_PC__debt_ratio2__cash_debt"", ""edge_PC__roa__debt_ebitda"", ""edge_PC__asset_turnover__roe"", ""edge_PC__longtermdebt_invcap__totaldebt_invcap""]"
2cd73d9141134774,OF,PC,21,,,34,"[""leverage_ratio"", ""asset_liabilities"", ""roe"", ""asset_turnover"", ""debt_ratio"", ""debt_ratio2"", ""roa"", ""capitalization_ratio"", ""longtermdebt_invcap"", ""totaldebt_invcap"", ""cash_debt"", ""debt_ebitda"", ""rect_turn"", ""edge_PC__asset_liabilities__rect_turn"", ""edge_PC__asset_liabilities__debt_ratio"", ""edge_PC__debt_ratio__rect_turn"", ""edge_PC__asset_turnover__roa"", ""edge_PC__asset_turnover__rect_turn"", ""edge_PC__roa__roe"", ""edge_PC__debt_ratio__leverage_ratio"", ""edge_PC__longtermdebt_invcap__capitalization_ratio"", ""edge_PC__debt_ratio2__totaldebt_invcap"", ""edge_PC__debt_ratio2__longtermdebt_invcap"", ""edge_PC__roa__rect_turn"", ""edge_PC__debt_ratio2__debt_ebitda"", ""edge_PC__totaldebt_invcap__leverage_ratio"", ""edge_PC__asset_liabilities__cash_debt"", ""edge_PC__debt_ratio2__rect_turn"", ""edge_PC__debt_ratio2__capitalization_ratio"", ""edge_PC__leverage_ratio__asset_turnover"", ""edge_PC__debt_ratio2__cash_debt"", ""edge_PC__roa__debt_ebitda"", ""edge_PC__asset_turnover__roe"", ""edge_PC__longtermdebt_invcap__totaldebt_invcap""]"
53a85c01fe6d0b7e,F,PC,22,,,22,"[""edge_PC__asset_liabilities__rect_turn"", ""edge_PC__asset_liabilities__debt_ratio"", ""edge_PC__debt_ratio__rect_turn"", ""edge_PC__asset_turnover__roa"", ""edge_PC__asset_turnover__rect_turn"", ""edge_PC__roa__roe"", ""edge_PC__debt_ratio__leverage_ratio"", ""edge_PC__longtermdebt_invcap__capitalization_ratio"", ""edge_PC__debt_ratio2__totaldebt_invcap"", ""edge_PC__debt_ratio2__longtermdebt_invcap"", ""edge_PC__roa__rect_turn"", ""edge_PC__debt_ratio2__debt_ebitda"", ""edge_PC__totaldebt_invcap__leverage_ratio"", ""edge_PC__asset_liabilities__cash_debt"", ""edge_PC__debt_ratio2__rect_turn"", ""edge_PC__debt_ratio2__capitalization_ratio"", ""edge_PC__leverage_ratio__asset_turnover"", ""edge_PC__debt_ratio2__cash_debt"", ""edge_PC__roa__debt_ebitda"", ""edge_PC__asset_turnover__roe"", ""edge_PC__longtermdebt_invcap__totaldebt_invcap"", ""edge_PC__debt_ratio2__roa""]"
d3c7b2ea7e48d507,OF,PC,22,,,35,"[""leverage_ratio"", ""asset_liabilities"", ""roe"", ""asset_turnover"", ""debt_ratio"", ""debt_ratio2"", ""roa"", ""capitalization_ratio"", ""longtermdebt_invcap"", ""totaldebt_invcap"", ""cash_debt"", ""debt_ebitda"", ""rect_turn"", ""edge_PC__asset_liabilities__rect_turn"", ""edge_PC__asset_liabilities__debt_ratio"", ""edge_PC__debt_ratio__rect_turn"", ""edge_PC__asset_turnover__roa"", ""edge_PC__asset_turnover__rect_turn"", ""edge_PC__roa__roe"", ""edge_PC__debt_ratio__leverage_ratio"", ""edge_PC__longtermdebt_invcap__capitalization_ratio"", ""edge_PC__debt_ratio2__totaldebt_invcap"", ""edge_PC__debt_ratio2__longtermdebt_invcap"", ""edge_PC__roa__rect_turn"", ""edge_PC__debt_ratio2__debt_ebitda"", ""edge_PC__totaldebt_invcap__leverage_ratio"", ""edge_PC__asset_liabilities__cash_debt"", ""edge_PC__debt_ratio2__rect_turn"", ""edge_PC__debt_ratio2__capitalization_ratio"", ""edge_PC__leverage_ratio__asset_turnover"", ""edge_PC__debt_ratio2__cash_debt"", ""edge_PC__roa__debt_ebitda"", ""edge_PC__asset_turnover__roe"", ""edge_PC__longtermdebt_invcap__totaldebt_invcap"", ""edge_PC__debt_ratio2__roa""]"
cdc2001fb0e0a04f,F,PC,23,,,23,"[""edge_PC__asset_liabilities__rect_turn"", ""edge_PC__asset_liabilities__debt_ratio"", ""edge_PC__debt_ratio__rect_turn"", ""edge_PC__asset_turnover__roa"", ""edge_PC__asset_turnover__rect_turn"", ""edge_PC__roa__roe"", ""edge_PC__debt_ratio__leverage_ratio"", ""edge_PC__longtermdebt_invcap__capitalization_ratio"", ""edge_PC__debt_ratio2__totaldebt_invcap"", ""edge_PC__debt_ratio2__longtermdebt_invcap"", ""edge_PC__roa__rect_turn"", ""edge_PC__debt_ratio2__debt_ebitda"", ""edge_PC__totaldebt_invcap__leverage_ratio"", ""edge_PC__asset_liabilities__cash_debt"", ""edge_PC__debt_ratio2__rect_turn"", ""edge_PC__debt_ratio2__capitalization_ratio"", ""edge_PC__leverage_ratio__asset_turnover"", ""edge_PC__debt_ratio2__cash_debt"", ""edge_PC__roa__debt_ebitda"", ""edge_PC__asset_turnover__roe"", ""edge_PC__longtermdebt_invcap__totaldebt_invcap"", ""edge_PC__debt_ratio2__roa"", ""edge_PC__totaldebt_invcap__cash_debt""]"
2088c05c8d8f760b,OF,PC,23,,,36,"[""leverage_ratio"", ""asset_liabilities"", ""roe"", ""asset_turnover"", ""debt_ratio"", ""debt_ratio2"", ""roa"", ""capitalization_ratio"", ""longtermdebt_invcap"", ""totaldebt_invcap"", ""cash_debt"", ""debt_ebitda"", ""rect_turn"", ""edge_PC__asset_liabilities__rect_turn"", ""edge_PC__asset_liabilities__debt_ratio"", ""edge_PC__debt_ratio__rect_turn"", ""edge_PC__asset_turnover__roa"", ""edge_PC__asset_turnover__rect_turn"", ""edge_PC__roa__roe"", ""edge_PC__debt_ratio__leverage_ratio"", ""edge_PC__longtermdebt_invcap__capitalization_ratio"", ""edge_PC__debt_ratio2__totaldebt_invcap"", ""edge_PC__debt_ratio2__longtermdebt_invcap"", ""edge_PC__roa__rect_turn"", ""edge_PC__debt_ratio2__debt_ebitda"", ""edge_PC__totaldebt_invcap__leverage_ratio"", ""edge_PC__asset_liabilities__cash_debt"", ""edge_PC__debt_ratio2__rect_turn"", ""edge_PC__debt_ratio2__capitalization_ratio"", ""edge_PC__leverage_ratio__asset_turnover"", ""edge_PC__debt_ratio2__cash_debt"", ""edge_PC__roa__debt_ebitda"", ""edge_PC__asset_turnover__roe"", ""edge_PC__longtermdebt_invcap__totaldebt_invcap"", ""edge_PC__debt_ratio2__roa"", ""edge_PC__totaldebt_invcap__cash_debt""]"
f013b14af9b65489,F,PC,24,,,24,"[""edge_PC__asset_liabilities__rect_turn"", ""edge_PC__asset_liabilities__debt_ratio"", ""edge_PC__debt_ratio__rect_turn"", ""edge_PC__asset_turnover__roa"", ""edge_PC__asset_turnover__rect_turn"", ""edge_PC__roa__roe"", ""edge_PC__debt_ratio__leverage_ratio"", ""edge_PC__longtermdebt_invcap__capitalization_ratio"", ""edge_PC__debt_ratio2__totaldebt_invcap"", ""edge_PC__debt_ratio2__longtermdebt_invcap"", ""edge_PC__roa__rect_turn"", ""edge_PC__debt_ratio2__debt_ebitda"", ""edge_PC__totaldebt_invcap__leverage_ratio"", ""edge_PC__asset_liabilities__cash_debt"", ""edge_PC__debt_ratio2__rect_turn"", ""edge_PC__debt_ratio2__capitalization_ratio"", ""edge_PC__leverage_ratio__asset_turnover"", ""edge_PC__debt_ratio2__cash_debt"", ""edge_PC__roa__debt_ebitda"", ""edge_PC__asset_turnover__roe"", ""edge_PC__longtermdebt_invcap__totaldebt_invcap"", ""edge_PC__debt_ratio2__roa"", ""edge_PC__totaldebt_invcap__cash_debt"", ""edge_PC__leverage_ratio__capitalization_ratio""]"
56b4aac031f87554,OF,PC,24,,,37,"[""leverage_ratio"", ""asset_liabilities"", ""roe"", ""asset_turnover"", ""debt_ratio"", ""debt_ratio2"", ""roa"", ""capitalization_ratio"", ""longtermdebt_invcap"", ""totaldebt_invcap"", ""cash_debt"", ""debt_ebitda"", ""rect_turn"", ""edge_PC__asset_liabilities__rect_turn"", ""edge_PC__asset_liabilities__debt_ratio"", ""edge_PC__debt_ratio__rect_turn"", ""edge_PC__asset_turnover__roa"", ""edge_PC__asset_turnover__rect_turn"", ""edge_PC__roa__roe"", ""edge_PC__debt_ratio__leverage_ratio"", ""edge_PC__longtermdebt_invcap__capitalization_ratio"", ""edge_PC__debt_ratio2__totaldebt_invcap"", ""edge_PC__debt_ratio2__longtermdebt_invcap"", ""edge_PC__roa__rect_turn"", ""edge_PC__debt_ratio2__debt_ebitda"", ""edge_PC__totaldebt_invcap__leverage_ratio"", ""edge_PC__asset_liabilities__cash_debt"", ""edge_PC__debt_ratio2__rect_turn"", ""edge_PC__debt_ratio2__capitalization_ratio"", ""edge_PC__leverage_ratio__asset_turnover"", ""edge_PC__debt_ratio2__cash_debt"", ""edge_PC__roa__debt_ebitda"", ""edge_PC__asset_turnover__roe"", ""edge_PC__longtermdebt_invcap__totaldebt_invcap"", ""edge_PC__debt_ratio2__roa"", ""edge_PC__totaldebt_invcap__cash_debt"", ""edge_PC__leverage_ratio__capitalization_ratio""]"
f1487a53127e2439,OFR,PC,5,0,5064,5,"[""roa"", ""edge_PC__asset_liabilities__cash_debt"", ""debt_ebitda"", ""asset_liabilities"", ""edge_PC__asset_liabilities__debt_ratio""]"
984eb7fe67cd00eb,OFR,PC,5,1,5065,5,"[""edge_PC__roa__debt_ebitda"", ""asset_turnover"", ""totaldebt_invcap"", ""edge_PC__debt_ratio__rect_turn"", ""edge_PC__asset_liabilities__rect_turn""]"
c632be3081134c8a,OFR,PC,5,2,5066,5,"[""edge_PC__roa__rect_turn"", ""edge_PC__totaldebt_invcap__cash_debt"", ""edge_PC__debt_ratio2__totaldebt_invcap"", ""edge_PC__asset_turnover__roa"", ""edge_PC__debt_ratio2__roa""]"
0084d085b1d5aeab,OFR,PC,5,3,5067,5,"[""edge_PC__debt_ratio2__rect_turn"", ""edge_PC__longtermdebt_invcap__totaldebt_invcap"", ""edge_PC__totaldebt_invcap__leverage_ratio"", ""edge_PC__debt_ratio2__capitalization_ratio"", ""rect_turn""]"
41dd2ebffa74cf51,OFR,PC,5,4,5068,5,"[""longtermdebt_invcap"", ""leverage_ratio"", ""edge_PC__asset_turnover__rect_turn"", ""debt_ebitda"", ""edge_PC__debt_ratio2__rect_turn""]"
79384fcb0fe0ad17,OFR,PC,10,0,10064,10,"[""edge_PC__asset_turnover__rect_turn"", ""asset_liabilities"", ""edge_PC__leverage_ratio__capitalization_ratio"", ""totaldebt_invcap"", ""edge_PC__debt_ratio2__capitalization_ratio"", ""edge_PC__roa__roe"", ""edge_PC__debt_ratio__rect_turn"", ""edge_PC__debt_ratio2__longtermdebt_invcap"", ""edge_PC__debt_ratio__leverage_ratio"", ""roa""]"
a5944f2afbe03698,OFR,PC,10,1,10065,10,"[""debt_ebitda"", ""asset_turnover"", ""edge_PC__totaldebt_invcap__leverage_ratio"", ""roa"", ""edge_PC__asset_turnover__rect_turn"", ""edge_PC__longtermdebt_invcap__totaldebt_invcap"", ""debt_ratio2"", ""leverage_ratio"", ""edge_PC__asset_turnover__roa"", ""edge_PC__debt_ratio2__cash_debt""]"
5b755da766e9289f,OFR,PC,10,2,10066,10,"[""capitalization_ratio"", ""edge_PC__debt_ratio2__rect_turn"", ""edge_PC__debt_ratio2__debt_ebitda"", ""longtermdebt_invcap"", ""edge_PC__asset_turnover__rect_turn"", ""totaldebt_invcap"", ""asset_liabilities"", ""debt_ratio"", ""edge_PC__asset_liabilities__debt_ratio"", ""edge_PC__debt_ratio2__longtermdebt_invcap""]"
96c34fe1982508bc,OFR,PC,10,3,10067,10,"[""edge_PC__leverage_ratio__asset_turnover"", ""edge_PC__debt_ratio2__totaldebt_invcap"", ""edge_PC__roa__roe"", ""edge_PC__asset_turnover__roa"", ""edge_PC__asset_turnover__rect_turn"", ""debt_ebitda"", ""edge_PC__debt_ratio__leverage_ratio"", ""edge_PC__debt_ratio2__longtermdebt_invcap"", ""edge_PC__debt_ratio__rect_turn"", ""rect_turn""]"
e8156db3e47527f8,OFR,PC,10,4,10068,10,"[""longtermdebt_invcap"", ""edge_PC__debt_ratio2__debt_ebitda"", ""edge_PC__leverage_ratio__asset_turnover"", ""edge_PC__asset_liabilities__rect_turn"", ""edge_PC__roa__debt_ebitda"", ""edge_PC__debt_ratio2__totaldebt_invcap"", ""edge_PC__debt_ratio2__roa"", ""edge_PC__leverage_ratio__capitalization_ratio"", ""edge_PC__debt_ratio2__capitalization_ratio"", ""debt_ratio2""]"
a46664761c802fd0,OFR,PC,20,0,20064,20,"[""edge_PC__debt_ratio2__totaldebt_invcap"", ""edge_PC__debt_ratio__rect_turn"", ""asset_turnover"", ""roa"", ""edge_PC__asset_turnover__roe"", ""edge_PC__debt_ratio2__debt_ebitda"", ""edge_PC__debt_ratio__leverage_ratio"", ""edge_PC__asset_liabilities__rect_turn"", ""edge_PC__leverage_ratio__capitalization_ratio"", ""longtermdebt_invcap"", ""edge_PC__longtermdebt_invcap__totaldebt_invcap"", ""debt_ratio"", ""edge_PC__debt_ratio2__rect_turn"", ""edge_PC__roa__debt_ebitda"", ""edge_PC__asset_liabilities__cash_debt"", ""leverage_ratio"", ""edge_PC__totaldebt_invcap__leverage_ratio"", ""edge_PC__asset_turnover__roa"", ""cash_debt"", ""asset_liabilities""]"
09534de063aa316d,OFR,PC,20,1,20065,20,"[""edge_PC__totaldebt_invcap__leverage_ratio"", ""edge_PC__asset_liabilities__rect_turn"", ""asset_liabilities"", ""edge_PC__leverage_ratio__capitalization_ratio"", ""edge_PC__roa__debt_ebitda"", ""edge_PC__debt_ratio2__debt_ebitda"", ""edge_PC__asset_turnover__rect_turn"", ""debt_ebitda"", ""edge_PC__roa__rect_turn"", ""edge_PC__roa__roe"", ""edge_PC__totaldebt_invcap__cash_debt"", ""edge_PC__debt_ratio2__cash_debt"", ""debt_ratio2"", ""edge_PC__debt_ratio2__longtermdebt_invcap"", ""edge_PC__asset_liabilities__cash_debt"", ""capitalization_ratio"", ""edge_PC__debt_ratio__rect_turn"", ""edge_PC__longtermdebt_invcap__totaldebt_invcap"", ""asset_turnover"", ""totaldebt_invcap""]"
8a08f2f024949689,OFR,PC,20,2,20066,20,"[""rect_turn"", ""edge_PC__debt_ratio2__roa"", ""edge_PC__totaldebt_invcap__cash_debt"", ""cash_debt"", ""edge_PC__asset_liabilities__cash_debt"", ""edge_PC__debt_ratio2__totaldebt_invcap"", ""edge_PC__totaldebt_invcap__leverage_ratio"", ""edge_PC__leverage_ratio__capitalization_ratio"", ""totaldebt_invcap"", ""edge_PC__debt_ratio2__debt_ebitda"", ""edge_PC__debt_ratio2__cash_debt"", ""debt_ratio2"", ""edge_PC__debt_ratio2__rect_turn"", ""edge_PC__debt_ratio2__longtermdebt_invcap"", ""edge_PC__longtermdebt_invcap__totaldebt_invcap"", ""edge_PC__debt_ratio__rect_turn"", ""roe"", ""edge_PC__asset_turnover__roa"", ""edge_PC__asset_turnover__rect_turn"", ""edge_PC__longtermdebt_invcap__capitalization_ratio""]"
8bfd92b94d82f01f,OFR,PC,20,3,20067,20,"[""asset_turnover"", ""edge_PC__asset_liabilities__cash_debt"", ""debt_ratio2"", ""edge_PC__asset_turnover__roa"", ""asset_liabilities"", ""edge_PC__debt_ratio2__capitalization_ratio"", ""edge_PC__totaldebt_invcap__leverage_ratio"", ""edge_PC__asset_liabilities__debt_ratio"", ""edge_PC__debt_ratio__leverage_ratio"", ""edge_PC__asset_turnover__rect_turn"", ""edge_PC__debt_ratio2__roa"", ""totaldebt_invcap"", ""roe"", ""edge_PC__debt_ratio2__debt_ebitda"", ""roa"", ""edge_PC__leverage_ratio__capitalization_ratio"", ""edge_PC__debt_ratio2__longtermdebt_invcap"", ""debt_ratio"", ""longtermdebt_invcap"", ""edge_PC__longtermdebt_invcap__capitalization_ratio""]"
efef57bca256f406,OFR,PC,20,4,20068,20,"[""leverage_ratio"", ""edge_PC__asset_turnover__roe"", ""debt_ratio2"", ""capitalization_ratio"", ""rect_turn"", ""edge_PC__longtermdebt_invcap__totaldebt_invcap"", ""edge_PC__leverage_ratio__capitalization_ratio"", ""edge_PC__debt_ratio2__capitalization_ratio"", ""longtermdebt_invcap"", ""edge_PC__roa__rect_turn"", ""edge_PC__debt_ratio2__debt_ebitda"", ""edge_PC__totaldebt_invcap__cash_debt"", ""edge_PC__asset_turnover__roa"", ""edge_PC__debt_ratio2__totaldebt_invcap"", ""cash_debt"", ""debt_ratio"", ""asset_turnover"", ""edge_PC__asset_liabilities__debt_ratio"", ""roa"", ""edge_PC__leverage_ratio__asset_turnover""]"
9221b3e48170f13f,OFR,PC,30,0,30064,30,"[""edge_PC__debt_ratio2__debt_ebitda"", ""edge_PC__debt_ratio2__rect_turn"", ""edge_PC__debt_ratio__leverage_ratio"", ""cash_debt"", ""edge_PC__debt_ratio2__cash_debt"", ""debt_ratio"", ""edge_PC__asset_liabilities__cash_debt"", ""longtermdebt_invcap"", ""debt_ebitda"", ""leverage_ratio"", ""edge_PC__asset_turnover__roa"", ""edge_PC__debt_ratio__rect_turn"", ""edge_PC__debt_ratio2__capitalization_ratio"", ""edge_PC__roa__roe"", ""debt_ratio2"", ""edge_PC__debt_ratio2__totaldebt_invcap"", ""edge_PC__longtermdebt_invcap__capitalization_ratio"", ""edge_PC__totaldebt_invcap__leverage_ratio"", ""edge_PC__asset_turnover__roe"", ""edge_PC__debt_ratio2__roa"", ""capitalization_ratio"", ""asset_liabilities"", ""edge_PC__roa__debt_ebitda"", ""edge_PC__asset_turnover__rect_turn"", ""roe"", ""edge_PC__leverage_ratio__asset_turnover"", ""edge_PC__debt_ratio2__longtermdebt_invcap"", ""edge_PC__leverage_ratio__capitalization_ratio"", ""edge_PC__asset_liabilities__debt_ratio"", ""edge_PC__roa__rect_turn""]"
b64f45c25021a8fa,OFR,PC,30,1,30065,30,"[""edge_PC__debt_ratio2__cash_debt"", ""edge_PC__debt_ratio2__roa"", ""edge_PC__debt_ratio__leverage_ratio"", ""capitalization_ratio"", ""totaldebt_invcap"", ""roa"", ""edge_PC__asset_turnover__rect_turn"", ""edge_PC__debt_ratio2__capitalization_ratio"", ""edge_PC__debt_ratio2__debt_ebitda"", ""edge_PC__leverage_ratio__asset_turnover"", ""edge_PC__longtermdebt_invcap__capitalization_ratio"", ""edge_PC__roa__roe"", ""edge_PC__asset_turnover__roa"", ""edge_PC__asset_liabilities__rect_turn"", ""edge_PC__debt_ratio__rect_turn"", ""edge_PC__asset_liabilities__cash_debt"", ""edge_PC__totaldebt_invcap__leverage_ratio"", ""edge_PC__roa__rect_turn"", ""edge_PC__asset_turnover__roe"", ""edge_PC__debt_ratio2__rect_turn"", ""cash_debt"", ""asset_turnover"", ""leverage_ratio"", ""debt_ebitda"", ""debt_ratio2"", ""longtermdebt_invcap"", ""edge_PC__debt_ratio2__totaldebt_invcap"", ""edge_PC__roa__debt_ebitda"", ""rect_turn"", ""edge_PC__debt_ratio2__longtermdebt_invcap""]"
817d8a39c2aa9036,OFR,PC,30,2,30066,30,"[""edge_PC__roa__debt_ebitda"", ""edge_PC__debt_ratio__leverage_ratio"", ""edge_PC__asset_liabilities__rect_turn"", ""edge_PC__debt_ratio2__rect_turn"", ""asset_liabilities"", ""edge_PC__debt_ratio2__cash_debt"", ""edge_PC__asset_liabilities__cash_debt"", ""roe"", ""edge_PC__roa__rect_turn"", ""asset_turnover"", ""edge_PC__asset_turnover__roe"", ""leverage_ratio"", ""edge_PC__asset_liabilities__debt_ratio"", ""edge_PC__debt_ratio__rect_turn"", ""totaldebt_invcap"", ""edge_PC__debt_ratio2__totaldebt_invcap"", ""edge_PC__debt_ratio2__roa"", ""roa"", ""debt_ratio2"", ""cash_debt"", ""rect_turn"", ""edge_PC__leverage_ratio__asset_turnover"", ""edge_PC__asset_turnover__roa"", ""edge_PC__totaldebt_invcap__leverage_ratio"", ""edge_PC__longtermdebt_invcap__capitalization_ratio"", ""edge_PC__longtermdebt_invcap__totaldebt_invcap"", ""edge_PC__debt_ratio2__longtermdebt_invcap"", ""edge_PC__leverage_ratio__capitalization_ratio"", ""edge_PC__roa__roe"", ""edge_PC__totaldebt_invcap__cash_debt""]"
400a810dbc381ea8,OFR,PC,30,3,30067,30,"[""longtermdebt_invcap"", ""edge_PC__asset_turnover__rect_turn"", ""asset_liabilities"", ""debt_ratio"", ""roa"", ""edge_PC__debt_ratio2__roa"", ""edge_PC__asset_liabilities__cash_debt"", ""cash_debt"", ""totaldebt_invcap"", ""edge_PC__asset_liabilities__debt_ratio"", ""edge_PC__asset_turnover__roe"", ""edge_PC__leverage_ratio__capitalization_ratio"", ""edge_PC__debt_ratio2__debt_ebitda"", ""debt_ratio2"", ""edge_PC__debt_ratio__rect_turn"", ""edge_PC__roa__rect_turn"", ""edge_PC__asset_turnover__roa"", ""edge_PC__debt_ratio__leverage_ratio"", ""rect_turn"", ""leverage_ratio"", ""edge_PC__debt_ratio2__rect_turn"", ""edge_PC__roa__debt_ebitda"", ""roe"", ""edge_PC__roa__roe"", ""debt_ebitda"", ""asset_turnover"", ""edge_PC__longtermdebt_invcap__totaldebt_invcap"", ""edge_PC__totaldebt_invcap__leverage_ratio"", ""edge_PC__debt_ratio2__totaldebt_invcap"", ""edge_PC__totaldebt_invcap__cash_debt""]"
4cf508b6c073bc04,OFR,PC,30,4,30068,30,"[""edge_PC__debt_ratio2__roa"", ""edge_PC__asset_liabilities__rect_turn"", ""longtermdebt_invcap"", ""edge_PC__debt_ratio2__cash_debt"", ""debt_ratio"", ""debt_ratio2"", ""edge_PC__longtermdebt_invcap__capitalization_ratio"", ""edge_PC__roa__debt_ebitda"", ""asset_liabilities"", ""edge_PC__debt_ratio2__rect_turn"", ""edge_PC__asset_turnover__roa"", ""edge_PC__asset_turnover__roe"", ""cash_debt"", ""edge_PC__leverage_ratio__asset_turnover"", ""debt_ebitda"", ""roe"", ""edge_PC__debt_ratio2__capitalization_ratio"", ""edge_PC__asset_turnover__rect_turn"", ""edge_PC__longtermdebt_invcap__totaldebt_invcap"", ""rect_turn"", ""totaldebt_invcap"", ""roa"", ""edge_PC__debt_ratio2__longtermdebt_invcap"", ""edge_PC__debt_ratio__leverage_ratio"", ""edge_PC__debt_ratio2__debt_ebitda"", ""edge_PC__debt_ratio2__totaldebt_invcap"", ""capitalization_ratio"", ""edge_PC__debt_ratio__rect_turn"", ""edge_PC__totaldebt_invcap__cash_debt"", ""edge_PC__asset_liabilities__cash_debt""]"
88ddc8566a8021fd,OFR,PC,40,0,37064,37,"[""edge_PC__asset_turnover__roe"", ""totaldebt_invcap"", ""cash_debt"", ""roa"", ""edge_PC__leverage_ratio__asset_turnover"", ""roe"", ""leverage_ratio"", ""capitalization_ratio"", ""edge_PC__debt_ratio2__debt_ebitda"", ""debt_ratio2"", ""edge_PC__debt_ratio2__cash_debt"", ""edge_PC__roa__rect_turn"", ""rect_turn"", ""longtermdebt_invcap"", ""edge_PC__roa__debt_ebitda"", ""asset_turnover"", ""edge_PC__asset_liabilities__rect_turn"", ""edge_PC__debt_ratio2__capitalization_ratio"", ""edge_PC__asset_liabilities__debt_ratio"", ""edge_PC__totaldebt_invcap__leverage_ratio"", ""edge_PC__longtermdebt_invcap__capitalization_ratio"", ""edge_PC__debt_ratio2__rect_turn"", ""edge_PC__debt_ratio__rect_turn"", ""edge_PC__asset_turnover__rect_turn"", ""debt_ratio"", ""asset_liabilities"", ""edge_PC__longtermdebt_invcap__totaldebt_invcap"", ""edge_PC__asset_liabilities__cash_debt"", ""edge_PC__debt_ratio2__roa"", ""debt_ebitda"", ""edge_PC__roa__roe"", ""edge_PC__asset_turnover__roa"", ""edge_PC__debt_ratio2__longtermdebt_invcap"", ""edge_PC__totaldebt_invcap__cash_debt"", ""edge_PC__debt_ratio2__totaldebt_invcap"", ""edge_PC__leverage_ratio__capitalization_ratio"", ""edge_PC__debt_ratio__leverage_ratio""]"
02451a70199caeb6,OFR,PC,40,1,37065,37,"[""edge_PC__debt_ratio2__capitalization_ratio"", ""edge_PC__longtermdebt_invcap__totaldebt_invcap"", ""edge_PC__asset_turnover__rect_turn"", ""longtermdebt_invcap"", ""edge_PC__debt_ratio2__cash_debt"", ""edge_PC__leverage_ratio__capitalization_ratio"", ""edge_PC__roa__debt_ebitda"", ""edge_PC__debt_ratio2__roa"", ""rect_turn"", ""edge_PC__roa__rect_turn"", ""debt_ebitda"", ""debt_ratio"", ""debt_ratio2"", ""edge_PC__asset_liabilities__debt_ratio"", ""asset_liabilities"", ""totaldebt_invcap"", ""edge_PC__debt_ratio__leverage_ratio"", ""asset_turnover"", ""edge_PC__totaldebt_invcap__leverage_ratio"", ""edge_PC__asset_liabilities__cash_debt"", ""edge_PC__debt_ratio2__debt_ebitda"", ""edge_PC__debt_ratio2__rect_turn"", ""cash_debt"", ""edge_PC__debt_ratio__rect_turn"", ""edge_PC__longtermdebt_invcap__capitalization_ratio"", ""roa"", ""edge_PC__roa__roe"", ""edge_PC__asset_turnover__roa"", ""edge_PC__debt_ratio2__longtermdebt_invcap"", ""leverage_ratio"", ""edge_PC__debt_ratio2__totaldebt_invcap"", ""capitalization_ratio"", ""edge_PC__totaldebt_invcap__cash_debt"", ""edge_PC__asset_turnover__roe"", ""roe"", ""edge_PC__asset_liabilities__rect_turn"", ""edge_PC__leverage_ratio__asset_turnover""]"
9e7e1d01c39c5ccd,OFR,PC,40,2,37066,37,"[""edge_PC__roa__rect_turn"", ""edge_PC__longtermdebt_invcap__capitalization_ratio"", ""asset_turnover"", ""edge_PC__longtermdebt_invcap__totaldebt_invcap"", ""rect_turn"", ""edge_PC__debt_ratio2__cash_debt"", ""leverage_ratio"", ""edge_PC__debt_ratio__leverage_ratio"", ""roe"", ""longtermdebt_invcap"", ""edge_PC__debt_ratio2__roa"", ""edge_PC__roa__debt_ebitda"", ""edge_PC__totaldebt_invcap__cash_debt"", ""capitalization_ratio"", ""roa"", ""asset_liabilities"", ""edge_PC__leverage_ratio__asset_turnover"", ""edge_PC__asset_turnover__rect_turn"", ""edge_PC__debt_ratio2__rect_turn"", ""edge_PC__totaldebt_invcap__leverage_ratio"", ""edge_PC__leverage_ratio__capitalization_ratio"", ""edge_PC__debt_ratio2__longtermdebt_invcap"", ""cash_debt"", ""edge_PC__debt_ratio__rect_turn"", ""edge_PC__asset_turnover__roe"", ""debt_ebitda"", ""debt_ratio2"", ""edge_PC__asset_liabilities__cash_debt"", ""edge_PC__roa__roe"", ""edge_PC__asset_turnover__roa"", ""edge_PC__debt_ratio2__totaldebt_invcap"", ""debt_ratio"", ""totaldebt_invcap"", ""edge_PC__debt_ratio2__debt_ebitda"", ""edge_PC__debt_ratio2__capitalization_ratio"", ""edge_PC__asset_liabilities__rect_turn"", ""edge_PC__asset_liabilities__debt_ratio""]"
7cf4e45145d7c952,OFR,PC,40,3,37067,37,"[""edge_PC__debt_ratio2__longtermdebt_invcap"", ""edge_PC__longtermdebt_invcap__totaldebt_invcap"", ""edge_PC__totaldebt_invcap__cash_debt"", ""leverage_ratio"", ""edge_PC__longtermdebt_invcap__capitalization_ratio"", ""edge_PC__debt_ratio2__cash_debt"", ""debt_ratio"", ""edge_PC__asset_turnover__roa"", ""edge_PC__roa__debt_ebitda"", ""asset_turnover"", ""edge_PC__asset_liabilities__cash_debt"", ""edge_PC__totaldebt_invcap__leverage_ratio"", ""edge_PC__debt_ratio2__capitalization_ratio"", ""edge_PC__debt_ratio2__rect_turn"", ""edge_PC__roa__roe"", ""edge_PC__debt_ratio__rect_turn"", ""rect_turn"", ""capitalization_ratio"", ""edge_PC__leverage_ratio__asset_turnover"", ""roe"", ""edge_PC__debt_ratio2__debt_ebitda"", ""longtermdebt_invcap"", ""edge_PC__asset_liabilities__rect_turn"", ""asset_liabilities"", ""edge_PC__asset_turnover__roe"", ""edge_PC__roa__rect_turn"", ""debt_ebitda"", ""edge_PC__asset_liabilities__debt_ratio"", ""edge_PC__debt_ratio2__roa"", ""totaldebt_invcap"", ""cash_debt"", ""roa"", ""edge_PC__debt_ratio__leverage_ratio"", ""edge_PC__debt_ratio2__totaldebt_invcap"", ""edge_PC__asset_turnover__rect_turn"", ""edge_PC__leverage_ratio__capitalization_ratio"", ""debt_ratio2""]"
2ee9a66169b4c3a6,OFR,PC,40,4,37068,37,"[""edge_PC__asset_liabilities__cash_debt"", ""edge_PC__debt_ratio2__roa"", ""debt_ratio"", ""cash_debt"", ""asset_liabilities"", ""edge_PC__leverage_ratio__asset_turnover"", ""edge_PC__leverage_ratio__capitalization_ratio"", ""edge_PC__longtermdebt_invcap__capitalization_ratio"", ""edge_PC__debt_ratio2__debt_ebitda"", ""edge_PC__longtermdebt_invcap__totaldebt_invcap"", ""edge_PC__debt_ratio2__longtermdebt_invcap"", ""longtermdebt_invcap"", ""edge_PC__debt_ratio__leverage_ratio"", ""roe"", ""edge_PC__asset_liabilities__rect_turn"", ""rect_turn"", ""asset_turnover"", ""roa"", ""edge_PC__asset_liabilities__debt_ratio"", ""capitalization_ratio"", ""edge_PC__roa__roe"", ""edge_PC__asset_turnover__roe"", ""edge_PC__asset_turnover__roa"", ""edge_PC__roa__rect_turn"", ""edge_PC__asset_turnover__rect_turn"", ""debt_ebitda"", ""edge_PC__debt_ratio__rect_turn"", ""edge_PC__debt_ratio2__rect_turn"", ""debt_ratio2"", ""leverage_ratio"", ""edge_PC__roa__debt_ebitda"", ""edge_PC__totaldebt_invcap__cash_debt"", ""totaldebt_invcap"", ""edge_PC__totaldebt_invcap__leverage_ratio"", ""edge_PC__debt_ratio2__cash_debt"", ""edge_PC__debt_ratio2__totaldebt_invcap"", ""edge_PC__debt_ratio2__capitalization_ratio""]"
55f2bccd953596cd,OFR,PC,ALL,0,37064,37,"[""edge_PC__asset_turnover__roe"", ""totaldebt_invcap"", ""cash_debt"", ""roa"", ""edge_PC__leverage_ratio__asset_turnover"", ""roe"", ""leverage_ratio"", ""capitalization_ratio"", ""edge_PC__debt_ratio2__debt_ebitda"", ""debt_ratio2"", ""edge_PC__debt_ratio2__cash_debt"", ""edge_PC__roa__rect_turn"", ""rect_turn"", ""longtermdebt_invcap"", ""edge_PC__roa__debt_ebitda"", ""asset_turnover"", ""edge_PC__asset_liabilities__rect_turn"", ""edge_PC__debt_ratio2__capitalization_ratio"", ""edge_PC__asset_liabilities__debt_ratio"", ""edge_PC__totaldebt_invcap__leverage_ratio"", ""edge_PC__longtermdebt_invcap__capitalization_ratio"", ""edge_PC__debt_ratio2__rect_turn"", ""edge_PC__debt_ratio__rect_turn"", ""edge_PC__asset_turnover__rect_turn"", ""debt_ratio"", ""asset_liabilities"", ""edge_PC__longtermdebt_invcap__totaldebt_invcap"", ""edge_PC__asset_liabilities__cash_debt"", ""edge_PC__debt_ratio2__roa"", ""debt_ebitda"", ""edge_PC__roa__roe"", ""edge_PC__asset_turnover__roa"", ""edge_PC__debt_ratio2__longtermdebt_invcap"", ""edge_PC__totaldebt_invcap__cash_debt"", ""edge_PC__debt_ratio2__totaldebt_invcap"", ""edge_PC__leverage_ratio__capitalization_ratio"", ""edge_PC__debt_ratio__leverage_ratio""]"
970cc57168a1d9b4,OFR,PC,ALL,1,37065,37,"[""edge_PC__debt_ratio2__capitalization_ratio"", ""edge_PC__longtermdebt_invcap__totaldebt_invcap"", ""edge_PC__asset_turnover__rect_turn"", ""longtermdebt_invcap"", ""edge_PC__debt_ratio2__cash_debt"", ""edge_PC__leverage_ratio__capitalization_ratio"", ""edge_PC__roa__debt_ebitda"", ""edge_PC__debt_ratio2__roa"", ""rect_turn"", ""edge_PC__roa__rect_turn"", ""debt_ebitda"", ""debt_ratio"", ""debt_ratio2"", ""edge_PC__asset_liabilities__debt_ratio"", ""asset_liabilities"", ""totaldebt_invcap"", ""edge_PC__debt_ratio__leverage_ratio"", ""asset_turnover"", ""edge_PC__totaldebt_invcap__leverage_ratio"", ""edge_PC__asset_liabilities__cash_debt"", ""edge_PC__debt_ratio2__debt_ebitda"", ""edge_PC__debt_ratio2__rect_turn"", ""cash_debt"", ""edge_PC__debt_ratio__rect_turn"", ""edge_PC__longtermdebt_invcap__capitalization_ratio"", ""roa"", ""edge_PC__roa__roe"", ""edge_PC__asset_turnover__roa"", ""edge_PC__debt_ratio2__longtermdebt_invcap"", ""leverage_ratio"", ""edge_PC__debt_ratio2__totaldebt_invcap"", ""capitalization_ratio"", ""edge_PC__totaldebt_invcap__cash_debt"", ""edge_PC__asset_turnover__roe"", ""roe"", ""edge_PC__asset_liabilities__rect_turn"", ""edge_PC__leverage_ratio__asset_turnover""]"
19e0e27709c0cac8,OFR,PC,ALL,2,37066,37,"[""edge_PC__roa__rect_turn"", ""edge_PC__longtermdebt_invcap__capitalization_ratio"", ""asset_turnover"", ""edge_PC__longtermdebt_invcap__totaldebt_invcap"", ""rect_turn"", ""edge_PC__debt_ratio2__cash_debt"", ""leverage_ratio"", ""edge_PC__debt_ratio__leverage_ratio"", ""roe"", ""longtermdebt_invcap"", ""edge_PC__debt_ratio2__roa"", ""edge_PC__roa__debt_ebitda"", ""edge_PC__totaldebt_invcap__cash_debt"", ""capitalization_ratio"", ""roa"", ""asset_liabilities"", ""edge_PC__leverage_ratio__asset_turnover"", ""edge_PC__asset_turnover__rect_turn"", ""edge_PC__debt_ratio2__rect_turn"", ""edge_PC__totaldebt_invcap__leverage_ratio"", ""edge_PC__leverage_ratio__capitalization_ratio"", ""edge_PC__debt_ratio2__longtermdebt_invcap"", ""cash_debt"", ""edge_PC__debt_ratio__rect_turn"", ""edge_PC__asset_turnover__roe"", ""debt_ebitda"", ""debt_ratio2"", ""edge_PC__asset_liabilities__cash_debt"", ""edge_PC__roa__roe"", ""edge_PC__asset_turnover__roa"", ""edge_PC__debt_ratio2__totaldebt_invcap"", ""debt_ratio"", ""totaldebt_invcap"", ""edge_PC__debt_ratio2__debt_ebitda"", ""edge_PC__debt_ratio2__capitalization_ratio"", ""edge_PC__asset_liabilities__rect_turn"", ""edge_PC__asset_liabilities__debt_ratio""]"
680d6799b6fdcc8d,OFR,PC,ALL,3,37067,37,"[""edge_PC__debt_ratio2__longtermdebt_invcap"", ""edge_PC__longtermdebt_invcap__totaldebt_invcap"", ""edge_PC__totaldebt_invcap__cash_debt"", ""leverage_ratio"", ""edge_PC__longtermdebt_invcap__capitalization_ratio"", ""edge_PC__debt_ratio2__cash_debt"", ""debt_ratio"", ""edge_PC__asset_turnover__roa"", ""edge_PC__roa__debt_ebitda"", ""asset_turnover"", ""edge_PC__asset_liabilities__cash_debt"", ""edge_PC__totaldebt_invcap__leverage_ratio"", ""edge_PC__debt_ratio2__capitalization_ratio"", ""edge_PC__debt_ratio2__rect_turn"", ""edge_PC__roa__roe"", ""edge_PC__debt_ratio__rect_turn"", ""rect_turn"", ""capitalization_ratio"", ""edge_PC__leverage_ratio__asset_turnover"", ""roe"", ""edge_PC__debt_ratio2__debt_ebitda"", ""longtermdebt_invcap"", ""edge_PC__asset_liabilities__rect_turn"", ""asset_liabilities"", ""edge_PC__asset_turnover__roe"", ""edge_PC__roa__rect_turn"", ""debt_ebitda"", ""edge_PC__asset_liabilities__debt_ratio"", ""edge_PC__debt_ratio2__roa"", ""totaldebt_invcap"", ""cash_debt"", ""roa"", ""edge_PC__debt_ratio__leverage_ratio"", ""edge_PC__debt_ratio2__totaldebt_invcap"", ""edge_PC__asset_turnover__rect_turn"", ""edge_PC__leverage_ratio__capitalization_ratio"", ""debt_ratio2""]"
94e117b226d2e2b6,OFR,PC,ALL,4,37068,37,"[""edge_PC__asset_liabilities__cash_debt"", ""edge_PC__debt_ratio2__roa"", ""debt_ratio"", ""cash_debt"", ""asset_liabilities"", ""edge_PC__leverage_ratio__asset_turnover"", ""edge_PC__leverage_ratio__capitalization_ratio"", ""edge_PC__longtermdebt_invcap__capitalization_ratio"", ""edge_PC__debt_ratio2__debt_ebitda"", ""edge_PC__longtermdebt_invcap__totaldebt_invcap"", ""edge_PC__debt_ratio2__longtermdebt_invcap"", ""longtermdebt_invcap"", ""edge_PC__debt_ratio__leverage_ratio"", ""roe"", ""edge_PC__asset_liabilities__rect_turn"", ""rect_turn"", ""asset_turnover"", ""roa"", ""edge_PC__asset_liabilities__debt_ratio"", ""capitalization_ratio"", ""edge_PC__roa__roe"", ""edge_PC__asset_turnover__roe"", ""edge_PC__asset_turnover__roa"", ""edge_PC__roa__rect_turn"", ""edge_PC__asset_turnover__rect_turn"", ""debt_ebitda"", ""edge_PC__debt_ratio__rect_turn"", ""edge_PC__debt_ratio2__rect_turn"", ""debt_ratio2"", ""leverage_ratio"", ""edge_PC__roa__debt_ebitda"", ""edge_PC__totaldebt_invcap__cash_debt"", ""totaldebt_invcap"", ""edge_PC__totaldebt_invcap__leverage_ratio"", ""edge_PC__debt_ratio2__cash_debt"", ""edge_PC__debt_ratio2__totaldebt_invcap"", ""edge_PC__debt_ratio2__capitalization_ratio""]"
1d7f152d06cd3fe6,F,GES,1,,,1,"[""edge_GES__asset_liabilities__rect_turn""]"
daa9910e8071bea2,OF,GES,1,,,14,"[""leverage_ratio"", ""asset_liabilities"", ""roe"", ""asset_turnover"", ""debt_ratio"", ""debt_ratio2"", ""roa"", ""capitalization_ratio"", ""longtermdebt_invcap"", ""totaldebt_invcap"", ""cash_debt"", ""debt_ebitda"", ""rect_turn"", ""edge_GES__asset_liabilities__rect_turn""]"
ff0397322a3d5d90,F,GES,2,,,2,"[""edge_GES__asset_liabilities__rect_turn"", ""edge_GES__asset_liabilities__debt_ratio""]"
94a6f15dee14fabd,OF,GES,2,,,15,"[""leverage_ratio"", ""asset_liabilities"", ""roe"", ""asset_turnover"", ""debt_ratio"", ""debt_ratio2"", ""roa"", ""capitalization_ratio"", ""longtermdebt_invcap"", ""totaldebt_invcap"", ""cash_debt"", ""debt_ebitda"", ""rect_turn"", ""edge_GES__asset_liabilities__rect_turn"", ""edge_GES__asset_liabilities__debt_ratio""]"
050527a740ae0026,F,GES,3,,,3,"[""edge_GES__asset_liabilities__rect_turn"", ""edge_GES__asset_liabilities__debt_ratio"", ""edge_GES__debt_ratio__rect_turn""]"
074ddd55b1ae863a,OF,GES,3,,,16,"[""leverage_ratio"", ""asset_liabilities"", ""roe"", ""asset_turnover"", ""debt_ratio"", ""debt_ratio2"", ""roa"", ""capitalization_ratio"", ""longtermdebt_invcap"", ""totaldebt_invcap"", ""cash_debt"", ""debt_ebitda"", ""rect_turn"", ""edge_GES__asset_liabilities__rect_turn"", ""edge_GES__asset_liabilities__debt_ratio"", ""edge_GES__debt_ratio__rect_turn""]"
e6c20743d2697131,F,GES,4,,,4,"[""edge_GES__asset_liabilities__rect_turn"", ""edge_GES__asset_liabilities__debt_ratio"", ""edge_GES__debt_ratio__rect_turn"", ""edge_GES__debt_ratio__leverage_ratio""]"
ddad07b04d5a43ea,OF,GES,4,,,17,"[""leverage_ratio"", ""asset_liabilities"", ""roe"", ""asset_turnover"", ""debt_ratio"", ""debt_ratio2"", ""roa"", ""capitalization_ratio"", ""longtermdebt_invcap"", ""totaldebt_invcap"", ""cash_debt"", ""debt_ebitda"", ""rect_turn"", ""edge_GES__asset_liabilities__rect_turn"", ""edge_GES__asset_liabilities__debt_ratio"", ""edge_GES__debt_ratio__rect_turn"", ""edge_GES__debt_ratio__leverage_ratio""]"
84c9d88f2762407d,F,GES,5,,,5,"[""edge_GES__asset_liabilities__rect_turn"", ""edge_GES__asset_liabilities__debt_ratio"", ""edge_GES__debt_ratio__rect_turn"", ""edge_GES__debt_ratio__leverage_ratio"", ""edge_GES__roa__asset_turnover""]"
ae5e4415360a9a1b,OF,GES,5,,,18,"[""leverage_ratio"", ""asset_liabilities"", ""roe"", ""asset_turnover"", ""debt_ratio"", ""debt_ratio2"", ""roa"", ""capitalization_ratio"", ""longtermdebt_invcap"", ""totaldebt_invcap"", ""cash_debt"", ""debt_ebitda"", ""rect_turn"", ""edge_GES__asset_liabilities__rect_turn"", ""edge_GES__asset_liabilities__debt_ratio"", ""edge_GES__debt_ratio__rect_turn"", ""edge_GES__debt_ratio__leverage_ratio"", ""edge_GES__roa__asset_turnover""]"
82d6016092529b79,F,GES,6,,,6,"[""edge_GES__asset_liabilities__rect_turn"", ""edge_GES__asset_liabilities__debt_ratio"", ""edge_GES__debt_ratio__rect_turn"", ""edge_GES__debt_ratio__leverage_ratio"", ""edge_GES__roa__asset_turnover"", ""edge_GES__asset_turnover__rect_turn""]"
ce6ce007ddb29321,OF,GES,6,,,19,"[""leverage_ratio"", ""asset_liabilities"", ""roe"", ""asset_turnover"", ""debt_ratio"", ""debt_ratio2"", ""roa"", ""capitalization_ratio"", ""longtermdebt_invcap"", ""totaldebt_invcap"", ""cash_debt"", ""debt_ebitda"", ""rect_turn"", ""edge_GES__asset_liabilities__rect_turn"", ""edge_GES__asset_liabilities__debt_ratio"", ""edge_GES__debt_ratio__rect_turn"", ""edge_GES__debt_ratio__leverage_ratio"", ""edge_GES__roa__asset_turnover"", ""edge_GES__asset_turnover__rect_turn""]"
e100ab5953b3e063,F,GES,7,,,7,"[""edge_GES__asset_liabilities__rect_turn"", ""edge_GES__asset_liabilities__debt_ratio"", ""edge_GES__debt_ratio__rect_turn"", ""edge_GES__debt_ratio__leverage_ratio"", ""edge_GES__roa__asset_turnover"", ""edge_GES__asset_turnover__rect_turn"", ""edge_GES__roa__roe""]"
21dc070e2e7bdef2,OF,GES,7,,,20,"[""leverage_ratio"", ""asset_liabilities"", ""roe"", ""asset_turnover"", ""debt_ratio"", ""debt_ratio2"", ""roa"", ""capitalization_ratio"", ""longtermdebt_invcap"", ""totaldebt_invcap"", ""cash_debt"", ""debt_ebitda"", ""rect_turn"", ""edge_GES__asset_liabilities__rect_turn"", ""edge_GES__asset_liabilities__debt_ratio"", ""edge_GES__debt_ratio__rect_turn"", ""edge_GES__debt_ratio__leverage_ratio"", ""edge_GES__roa__asset_turnover"", ""edge_GES__asset_turnover__rect_turn"", ""edge_GES__roa__roe""]"
89de563635bcbd2c,F,GES,8,,,8,"[""edge_GES__asset_liabilities__rect_turn"", ""edge_GES__asset_liabilities__debt_ratio"", ""edge_GES__debt_ratio__rect_turn"", ""edge_GES__debt_ratio__leverage_ratio"", ""edge_GES__roa__asset_turnover"", ""edge_GES__asset_turnover__rect_turn"", ""edge_GES__roa__roe"", ""edge_GES__asset_liabilities__leverage_ratio""]"
0a51d1df36fd1f1a,OF,GES,8,,,21,"[""leverage_ratio"", ""asset_liabilities"", ""roe"", ""asset_turnover"", ""debt_ratio"", ""debt_ratio2"", ""roa"", ""capitalization_ratio"", ""longtermdebt_invcap"", ""totaldebt_invcap"", ""cash_debt"", ""debt_ebitda"", ""rect_turn"", ""edge_GES__asset_liabilities__rect_turn"", ""edge_GES__asset_liabilities__debt_ratio"", ""edge_GES__debt_ratio__rect_turn"", ""edge_GES__debt_ratio__leverage_ratio"", ""edge_GES__roa__asset_turnover"", ""edge_GES__asset_turnover__rect_turn"", ""edge_GES__roa__roe"", ""edge_GES__asset_liabilities__leverage_ratio""]"
d7b238a88ea0323e,F,GES,9,,,9,"[""edge_GES__asset_liabilities__rect_turn"", ""edge_GES__asset_liabilities__debt_ratio"", ""edge_GES__debt_ratio__rect_turn"", ""edge_GES__debt_ratio__leverage_ratio"", ""edge_GES__roa__asset_turnover"", ""edge_GES__asset_turnover__rect_turn"", ""edge_GES__roa__roe"", ""edge_GES__asset_liabilities__leverage_ratio"", ""edge_GES__debt_ratio2__capitalization_ratio""]"
50839a69584b8c59,OF,GES,9,,,22,"[""leverage_ratio"", ""asset_liabilities"", ""roe"", ""asset_turnover"", ""debt_ratio"", ""debt_ratio2"", ""roa"", ""capitalization_ratio"", ""longtermdebt_invcap"", ""totaldebt_invcap"", ""cash_debt"", ""debt_ebitda"", ""rect_turn"", ""edge_GES__asset_liabilities__rect_turn"", ""edge_GES__asset_liabilities__debt_ratio"", ""edge_GES__debt_ratio__rect_turn"", ""edge_GES__debt_ratio__leverage_ratio"", ""edge_GES__roa__asset_turnover"", ""edge_GES__asset_turnover__rect_turn"", ""edge_GES__roa__roe"", ""edge_GES__asset_liabilities__leverage_ratio"", ""edge_GES__debt_ratio2__capitalization_ratio""]"
0de4f86da9a59fff,F,GES,10,,,10,"[""edge_GES__asset_liabilities__rect_turn"", ""edge_GES__asset_liabilities__debt_ratio"", ""edge_GES__debt_ratio__rect_turn"", ""edge_GES__debt_ratio__leverage_ratio"", ""edge_GES__roa__asset_turnover"", ""edge_GES__asset_turnover__rect_turn"", ""edge_GES__roa__roe"", ""edge_GES__asset_liabilities__leverage_ratio"", ""edge_GES__debt_ratio2__capitalization_ratio"", ""edge_GES__debt_ratio__roa""]"
45d462aac5c1d505,OF,GES,10,,,23,"[""leverage_ratio"", ""asset_liabilities"", ""roe"", ""asset_turnover"", ""debt_ratio"", ""debt_ratio2"", ""roa"", ""capitalization_ratio"", ""longtermdebt_invcap"", ""totaldebt_invcap"", ""cash_debt"", ""debt_ebitda"", ""rect_turn"", ""edge_GES__asset_liabilities__rect_turn"", ""edge_GES__asset_liabilities__debt_ratio"", ""edge_GES__debt_ratio__rect_turn"", ""edge_GES__debt_ratio__leverage_ratio"", ""edge_GES__roa__asset_turnover"", ""edge_GES__asset_turnover__rect_turn"", ""edge_GES__roa__roe"", ""edge_GES__asset_liabilities__leverage_ratio"", ""edge_GES__debt_ratio2__capitalization_ratio"", ""edge_GES__debt_ratio__roa""]"
56570fad43698001,F,GES,11,,,11,"[""edge_GES__asset_liabilities__rect_turn"", ""edge_GES__asset_liabilities__debt_ratio"", ""edge_GES__debt_ratio__rect_turn"", ""edge_GES__debt_ratio__leverage_ratio"", ""edge_GES__roa__asset_turnover"", ""edge_GES__asset_turnover__rect_turn"", ""edge_GES__roa__roe"", ""edge_GES__asset_liabilities__leverage_ratio"", ""edge_GES__debt_ratio2__capitalization_ratio"", ""edge_GES__debt_ratio__roa"", ""edge_GES__roa__rect_turn""]"
96b3c98edb6bf132,OF,GES,11,,,24,"[""leverage_ratio"", ""asset_liabilities"", ""roe"", ""asset_turnover"", ""debt_ratio"", ""debt_ratio2"", ""roa"", ""capitalization_ratio"", ""longtermdebt_invcap"", ""totaldebt_invcap"", ""cash_debt"", ""debt_ebitda"", ""rect_turn"", ""edge_GES__asset_liabilities__rect_turn"", ""edge_GES__asset_liabilities__debt_ratio"", ""edge_GES__debt_ratio__rect_turn"", ""edge_GES__debt_ratio__leverage_ratio"", ""edge_GES__roa__asset_turnover"", ""edge_GES__asset_turnover__rect_turn"", ""edge_GES__roa__roe"", ""edge_GES__asset_liabilities__leverage_ratio"", ""edge_GES__debt_ratio2__capitalization_ratio"", ""edge_GES__debt_ratio__roa"", ""edge_GES__roa__rect_turn""]"
00d70da8e9622c65,F,GES,12,,,12,"[""edge_GES__asset_liabilities__rect_turn"", ""edge_GES__asset_liabilities__debt_ratio"", ""edge_GES__debt_ratio__rect_turn"", ""edge_GES__debt_ratio__leverage_ratio"", ""edge_GES__roa__asset_turnover"", ""edge_GES__asset_turnover__rect_turn"", ""edge_GES__roa__roe"", ""edge_GES__asset_liabilities__leverage_ratio"", ""edge_GES__debt_ratio2__capitalization_ratio"", ""edge_GES__debt_ratio__roa"", ""edge_GES__roa__rect_turn"", ""edge_GES__debt_ratio2__longtermdebt_invcap""]"
169f448468e9c4da,OF,GES,12,,,25,"[""leverage_ratio"", ""asset_liabilities"", ""roe"", ""asset_turnover"", ""debt_ratio"", ""debt_ratio2"", ""roa"", ""capitalization_ratio"", ""longtermdebt_invcap"", ""totaldebt_invcap"", ""cash_debt"", ""debt_ebitda"", ""rect_turn"", ""edge_GES__asset_liabilities__rect_turn"", ""edge_GES__asset_liabilities__debt_ratio"", ""edge_GES__debt_ratio__rect_turn"", ""edge_GES__debt_ratio__leverage_ratio"", ""edge_GES__roa__asset_turnover"", ""edge_GES__asset_turnover__rect_turn"", ""edge_GES__roa__roe"", ""edge_GES__asset_liabilities__leverage_ratio"", ""edge_GES__debt_ratio2__capitalization_ratio"", ""edge_GES__debt_ratio__roa"", ""edge_GES__roa__rect_turn"", ""edge_GES__debt_ratio2__longtermdebt_invcap""]"
a32e33bf80e29d23,F,GES,13,,,13,"[""edge_GES__asset_liabilities__rect_turn"", ""edge_GES__asset_liabilities__debt_ratio"", ""edge_GES__debt_ratio__rect_turn"", ""edge_GES__debt_ratio__leverage_ratio"", ""edge_GES__roa__asset_turnover"", ""edge_GES__asset_turnover__rect_turn"", ""edge_GES__roa__roe"", ""edge_GES__asset_liabilities__leverage_ratio"", ""edge_GES__debt_ratio2__capitalization_ratio"", ""edge_GES__debt_ratio__roa"", ""edge_GES__roa__rect_turn"", ""edge_GES__debt_ratio2__longtermdebt_invcap"", ""edge_GES__debt_ratio2__totaldebt_invcap""]"
2c764abfb8fe9cff,OF,GES,13,,,26,"[""leverage_ratio"", ""asset_liabilities"", ""roe"", ""asset_turnover"", ""debt_ratio"", ""debt_ratio2"", ""roa"", ""capitalization_ratio"", ""longtermdebt_invcap"", ""totaldebt_invcap"", ""cash_debt"", ""debt_ebitda"", ""rect_turn"", ""edge_GES__asset_liabilities__rect_turn"", ""edge_GES__asset_liabilities__debt_ratio"", ""edge_GES__debt_ratio__rect_turn"", ""edge_GES__debt_ratio__leverage_ratio"", ""edge_GES__roa__asset_turnover"", ""edge_GES__asset_turnover__rect_turn"", ""edge_GES__roa__roe"", ""edge_GES__asset_liabilities__leverage_ratio"", ""edge_GES__debt_ratio2__capitalization_ratio"", ""edge_GES__debt_ratio__roa"", ""edge_GES__roa__rect_turn"", ""edge_GES__debt_ratio2__longtermdebt_invcap"", ""edge_GES__debt_ratio2__totaldebt_invcap""]"
5f6720543a9e57a0,F,GES,14,,,14,"[""edge_GES__asset_liabilities__rect_turn"", ""edge_GES__asset_liabilities__debt_ratio"", ""edge_GES__debt_ratio__rect_turn"", ""edge_GES__debt_ratio__leverage_ratio"", ""edge_GES__roa__asset_turnover"", ""edge_GES__asset_turnover__rect_turn"", ""edge_GES__roa__roe"", ""edge_GES__asset_liabilities__leverage_ratio"", ""edge_GES__debt_ratio2__capitalization_ratio"", ""edge_GES__debt_ratio__roa"", ""edge_GES__roa__rect_turn"", ""edge_GES__debt_ratio2__longtermdebt_invcap"", ""edge_GES__debt_ratio2__totaldebt_invcap"", ""edge_GES__debt_ebitda__debt_ratio2""]"
840d63bf7908ab2c,OF,GES,14,,,27,"[""leverage_ratio"", ""asset_liabilities"", ""roe"", ""asset_turnover"", ""debt_ratio"", ""debt_ratio2"", ""roa"", ""capitalization_ratio"", ""longtermdebt_invcap"", ""totaldebt_invcap"", ""cash_debt"", ""debt_ebitda"", ""rect_turn"", ""edge_GES__asset_liabilities__rect_turn"", ""edge_GES__asset_liabilities__debt_ratio"", ""edge_GES__debt_ratio__rect_turn"", ""edge_GES__debt_ratio__leverage_ratio"", ""edge_GES__roa__asset_turnover"", ""edge_GES__asset_turnover__rect_turn"", ""edge_GES__roa__roe"", ""edge_GES__asset_liabilities__leverage_ratio"", ""edge_GES__debt_ratio2__capitalization_ratio"", ""edge_GES__debt_ratio__roa"", ""edge_GES__roa__rect_turn"", ""edge_GES__debt_ratio2__longtermdebt_invcap"", ""edge_GES__debt_ratio2__totaldebt_invcap"", ""edge_GES__debt_ebitda__debt_ratio2""]"
85cfaa789ded5eb5,F,GES,15,,,15,"[""edge_GES__asset_liabilities__rect_turn"", ""edge_GES__asset_liabilities__debt_ratio"", ""edge_GES__debt_ratio__rect_turn"", ""edge_GES__debt_ratio__leverage_ratio"", ""edge_GES__roa__asset_turnover"", ""edge_GES__asset_turnover__rect_turn"", ""edge_GES__roa__roe"", ""edge_GES__asset_liabilities__leverage_ratio"", ""edge_GES__debt_ratio2__capitalization_ratio"", ""edge_GES__debt_ratio__roa"", ""edge_GES__roa__rect_turn"", ""edge_GES__debt_ratio2__longtermdebt_invcap"", ""edge_GES__debt_ratio2__totaldebt_invcap"", ""edge_GES__debt_ebitda__debt_ratio2"", ""edge_GES__debt_ratio2__roa""]"
ba79a71676c6c3c9,OF,GES,15,,,28,"[""leverage_ratio"", ""asset_liabilities"", ""roe"", ""asset_turnover"", ""debt_ratio"", ""debt_ratio2"", ""roa"", ""capitalization_ratio"", ""longtermdebt_invcap"", ""totaldebt_invcap"", ""cash_debt"", ""debt_ebitda"", ""rect_turn"", ""edge_GES__asset_liabilities__rect_turn"", ""edge_GES__asset_liabilities__debt_ratio"", ""edge_GES__debt_ratio__rect_turn"", ""edge_GES__debt_ratio__leverage_ratio"", ""edge_GES__roa__asset_turnover"", ""edge_GES__asset_turnover__rect_turn"", ""edge_GES__roa__roe"", ""edge_GES__asset_liabilities__leverage_ratio"", ""edge_GES__debt_ratio2__capitalization_ratio"", ""edge_GES__debt_ratio__roa"", ""edge_GES__roa__rect_turn"", ""edge_GES__debt_ratio2__longtermdebt_invcap"", ""edge_GES__debt_ratio2__totaldebt_invcap"", ""edge_GES__debt_ebitda__debt_ratio2"", ""edge_GES__debt_ratio2__roa""]"
f1d74ec51da3a8a5,F,GES,16,,,16,"[""edge_GES__asset_liabilities__rect_turn"", ""edge_GES__asset_liabilities__debt_ratio"", ""edge_GES__debt_ratio__rect_turn"", ""edge_GES__debt_ratio__leverage_ratio"", ""edge_GES__roa__asset_turnover"", ""edge_GES__asset_turnover__rect_turn"", ""edge_GES__roa__roe"", ""edge_GES__asset_liabilities__leverage_ratio"", ""edge_GES__debt_ratio2__capitalization_ratio"", ""edge_GES__debt_ratio__roa"", ""edge_GES__roa__rect_turn"", ""edge_GES__debt_ratio2__longtermdebt_invcap"", ""edge_GES__debt_ratio2__totaldebt_invcap"", ""edge_GES__debt_ebitda__debt_ratio2"", ""edge_GES__debt_ratio2__roa"", ""edge_GES__cash_debt__asset_liabilities""]"
fe323861148b30cc,OF,GES,16,,,29,"[""leverage_ratio"", ""asset_liabilities"", ""roe"", ""asset_turnover"", ""debt_ratio"", ""debt_ratio2"", ""roa"", ""capitalization_ratio"", ""longtermdebt_invcap"", ""totaldebt_invcap"", ""cash_debt"", ""debt_ebitda"", ""rect_turn"", ""edge_GES__asset_liabilities__rect_turn"", ""edge_GES__asset_liabilities__debt_ratio"", ""edge_GES__debt_ratio__rect_turn"", ""edge_GES__debt_ratio__leverage_ratio"", ""edge_GES__roa__asset_turnover"", ""edge_GES__asset_turnover__rect_turn"", ""edge_GES__roa__roe"", ""edge_GES__asset_liabilities__leverage_ratio"", ""edge_GES__debt_ratio2__capitalization_ratio"", ""edge_GES__debt_ratio__roa"", ""edge_GES__roa__rect_turn"", ""edge_GES__debt_ratio2__longtermdebt_invcap"", ""edge_GES__debt_ratio2__totaldebt_invcap"", ""edge_GES__debt_ebitda__debt_ratio2"", ""edge_GES__debt_ratio2__roa"", ""edge_GES__cash_debt__asset_liabilities""]"
e937e198b6c28991,F,GES,17,,,17,"[""edge_GES__asset_liabilities__rect_turn"", ""edge_GES__asset_liabilities__debt_ratio"", ""edge_GES__debt_ratio__rect_turn"", ""edge_GES__debt_ratio__leverage_ratio"", ""edge_GES__roa__asset_turnover"", ""edge_GES__asset_turnover__rect_turn"", ""edge_GES__roa__roe"", ""edge_GES__asset_liabilities__leverage_ratio"", ""edge_GES__debt_ratio2__capitalization_ratio"", ""edge_GES__debt_ratio__roa"", ""edge_GES__roa__rect_turn"", ""edge_GES__debt_ratio2__longtermdebt_invcap"", ""edge_GES__debt_ratio2__totaldebt_invcap"", ""edge_GES__debt_ebitda__debt_ratio2"", ""edge_GES__debt_ratio2__roa"", ""edge_GES__cash_debt__asset_liabilities"", ""edge_GES__roa__totaldebt_invcap""]"
261681e890b8b726,OF,GES,17,,,30,"[""leverage_ratio"", ""asset_liabilities"", ""roe"", ""asset_turnover"", ""debt_ratio"", ""debt_ratio2"", ""roa"", ""capitalization_ratio"", ""longtermdebt_invcap"", ""totaldebt_invcap"", ""cash_debt"", ""debt_ebitda"", ""rect_turn"", ""edge_GES__asset_liabilities__rect_turn"", ""edge_GES__asset_liabilities__debt_ratio"", ""edge_GES__debt_ratio__rect_turn"", ""edge_GES__debt_ratio__leverage_ratio"", ""edge_GES__roa__asset_turnover"", ""edge_GES__asset_turnover__rect_turn"", ""edge_GES__roa__roe"", ""edge_GES__asset_liabilities__leverage_ratio"", ""edge_GES__debt_ratio2__capitalization_ratio"", ""edge_GES__debt_ratio__roa"", ""edge_GES__roa__rect_turn"", ""edge_GES__debt_ratio2__longtermdebt_invcap"", ""edge_GES__debt_ratio2__totaldebt_invcap"", ""edge_GES__debt_ebitda__debt_ratio2"", ""edge_GES__debt_ratio2__roa"", ""edge_GES__cash_debt__asset_liabilities"", ""edge_GES__roa__totaldebt_invcap""]"
42098d9aa1628d19,F,GES,18,,,18,"[""edge_GES__asset_liabilities__rect_turn"", ""edge_GES__asset_liabilities__debt_ratio"", ""edge_GES__debt_ratio__rect_turn"", ""edge_GES__debt_ratio__leverage_ratio"", ""edge_GES__roa__asset_turnover"", ""edge_GES__asset_turnover__rect_turn"", ""edge_GES__roa__roe"", ""edge_GES__asset_liabilities__leverage_ratio"", ""edge_GES__debt_ratio2__capitalization_ratio"", ""edge_GES__debt_ratio__roa"", ""edge_GES__roa__rect_turn"", ""edge_GES__debt_ratio2__longtermdebt_invcap"", ""edge_GES__debt_ratio2__totaldebt_invcap"", ""edge_GES__debt_ebitda__debt_ratio2"", ""edge_GES__debt_ratio2__roa"", ""edge_GES__cash_debt__asset_liabilities"", ""edge_GES__roa__totaldebt_invcap"", ""edge_GES__asset_turnover__totaldebt_invcap""]"
0c1af224819db96e,OF,GES,18,,,31,"[""leverage_ratio"", ""asset_liabilities"", ""roe"", ""asset_turnover"", ""debt_ratio"", ""debt_ratio2"", ""roa"", ""capitalization_ratio"", ""longtermdebt_invcap"", ""totaldebt_invcap"", ""cash_debt"", ""debt_ebitda"", ""rect_turn"", ""edge_GES__asset_liabilities__rect_turn"", ""edge_GES__asset_liabilities__debt_ratio"", ""edge_GES__debt_ratio__rect_turn"", ""edge_GES__debt_ratio__leverage_ratio"", ""edge_GES__roa__asset_turnover"", ""edge_GES__asset_turnover__rect_turn"", ""edge_GES__roa__roe"", ""edge_GES__asset_liabilities__leverage_ratio"", ""edge_GES__debt_ratio2__capitalization_ratio"", ""edge_GES__debt_ratio__roa"", ""edge_GES__roa__rect_turn"", ""edge_GES__debt_ratio2__longtermdebt_invcap"", ""edge_GES__debt_ratio2__totaldebt_invcap"", ""edge_GES__debt_ebitda__debt_ratio2"", ""edge_GES__debt_ratio2__roa"", ""edge_GES__cash_debt__asset_liabilities"", ""edge_GES__roa__totaldebt_invcap"", ""edge_GES__asset_turnover__totaldebt_invcap""]"
c938b24dda604106,F,GES,19,,,19,"[""edge_GES__asset_liabilities__rect_turn"", ""edge_GES__asset_liabilities__debt_ratio"", ""edge_GES__debt_ratio__rect_turn"", ""edge_GES__debt_ratio__leverage_ratio"", ""edge_GES__roa__asset_turnover"", ""edge_GES__asset_turnover__rect_turn"", ""edge_GES__roa__roe"", ""edge_GES__asset_liabilities__leverage_ratio"", ""edge_GES__debt_ratio2__capitalization_ratio"", ""edge_GES__debt_ratio__roa"", ""edge_GES__roa__rect_turn"", ""edge_GES__debt_ratio2__longtermdebt_invcap"", ""edge_GES__debt_ratio2__totaldebt_invcap"", ""edge_GES__debt_ebitda__debt_ratio2"", ""edge_GES__debt_ratio2__roa"", ""edge_GES__cash_debt__asset_liabilities"", ""edge_GES__roa__totaldebt_invcap"", ""edge_GES__asset_turnover__totaldebt_invcap"", ""edge_GES__asset_turnover__leverage_ratio""]"
c9c1abdc21450643,OF,GES,19,,,32,"[""leverage_ratio"", ""asset_liabilities"", ""roe"", ""asset_turnover"", ""debt_ratio"", ""debt_ratio2"", ""roa"", ""capitalization_ratio"", ""longtermdebt_invcap"", ""totaldebt_invcap"", ""cash_debt"", ""debt_ebitda"", ""rect_turn"", ""edge_GES__asset_liabilities__rect_turn"", ""edge_GES__asset_liabilities__debt_ratio"", ""edge_GES__debt_ratio__rect_turn"", ""edge_GES__debt_ratio__leverage_ratio"", ""edge_GES__roa__asset_turnover"", ""edge_GES__asset_turnover__rect_turn"", ""edge_GES__roa__roe"", ""edge_GES__asset_liabilities__leverage_ratio"", ""edge_GES__debt_ratio2__capitalization_ratio"", ""edge_GES__debt_ratio__roa"", ""edge_GES__roa__rect_turn"", ""edge_GES__debt_ratio2__longtermdebt_invcap"", ""edge_GES__debt_ratio2__totaldebt_invcap"", ""edge_GES__debt_ebitda__debt_ratio2"", ""edge_GES__debt_ratio2__roa"", ""edge_GES__cash_debt__asset_liabilities"", ""edge_GES__roa__totaldebt_invcap"", ""edge_GES__asset_turnover__totaldebt_invcap"", ""edge_GES__asset_turnover__leverage_ratio""]"
95736524a3320dfa,F,GES,20,,,20,"[""edge_GES__asset_liabilities__rect_turn"", ""edge_GES__asset_liabilities__debt_ratio"", ""edge_GES__debt_ratio__rect_turn"", ""edge_GES__debt_ratio__leverage_ratio"", ""edge_GES__roa__asset_turnover"", ""edge_GES__asset_turnover__rect_turn"", ""edge_GES__roa__roe"", ""edge_GES__asset_liabilities__leverage_ratio"", ""edge_GES__debt_ratio2__capitalization_ratio"", ""edge_GES__debt_ratio__roa"", ""edge_GES__roa__rect_turn"", ""edge_GES__debt_ratio2__longtermdebt_invcap"", ""edge_GES__debt_ratio2__totaldebt_invcap"", ""edge_GES__debt_ebitda__debt_ratio2"", ""edge_GES__debt_ratio2__roa"", ""edge_GES__cash_debt__asset_liabilities"", ""edge_GES__roa__totaldebt_invcap"", ""edge_GES__asset_turnover__totaldebt_invcap"", ""edge_GES__asset_turnover__leverage_ratio"", ""edge_GES__roa__leverage_ratio""]"
e28ed0ae4fdd67ed,OF,GES,20,,,33,"[""leverage_ratio"", ""asset_liabilities"", ""roe"", ""asset_turnover"", ""debt_ratio"", ""debt_ratio2"", ""roa"", ""capitalization_ratio"", ""longtermdebt_invcap"", ""totaldebt_invcap"", ""cash_debt"", ""debt_ebitda"", ""rect_turn"", ""edge_GES__asset_liabilities__rect_turn"", ""edge_GES__asset_liabilities__debt_ratio"", ""edge_GES__debt_ratio__rect_turn"", ""edge_GES__debt_ratio__leverage_ratio"", ""edge_GES__roa__asset_turnover"", ""edge_GES__asset_turnover__rect_turn"", ""edge_GES__roa__roe"", ""edge_GES__asset_liabilities__leverage_ratio"", ""edge_GES__debt_ratio2__capitalization_ratio"", ""edge_GES__debt_ratio__roa"", ""edge_GES__roa__rect_turn"", ""edge_GES__debt_ratio2__longtermdebt_invcap"", ""edge_GES__debt_ratio2__totaldebt_invcap"", ""edge_GES__debt_ebitda__debt_ratio2"", ""edge_GES__debt_ratio2__roa"", ""edge_GES__cash_debt__asset_liabilities"", ""edge_GES__roa__totaldebt_invcap"", ""edge_GES__asset_turnover__totaldebt_invcap"", ""edge_GES__asset_turnover__leverage_ratio"", ""edge_GES__roa__leverage_ratio""]"
b1013a58f6a863d3,F,GES,21,,,21,"[""edge_GES__asset_liabilities__rect_turn"", ""edge_GES__asset_liabilities__debt_ratio"", ""edge_GES__debt_ratio__rect_turn"", ""edge_GES__debt_ratio__leverage_ratio"", ""edge_GES__roa__asset_turnover"", ""edge_GES__asset_turnover__rect_turn"", ""edge_GES__roa__roe"", ""edge_GES__asset_liabilities__leverage_ratio"", ""edge_GES__debt_ratio2__capitalization_ratio"", ""edge_GES__debt_ratio__roa"", ""edge_GES__roa__rect_turn"", ""edge_GES__debt_ratio2__longtermdebt_invcap"", ""edge_GES__debt_ratio2__totaldebt_invcap"", ""edge_GES__debt_ebitda__debt_ratio2"", ""edge_GES__debt_ratio2__roa"", ""edge_GES__cash_debt__asset_liabilities"", ""edge_GES__roa__totaldebt_invcap"", ""edge_GES__asset_turnover__totaldebt_invcap"", ""edge_GES__asset_turnover__leverage_ratio"", ""edge_GES__roa__leverage_ratio"", ""edge_GES__cash_debt__debt_ratio2""]"
b6f5c3753592fbac,OF,GES,21,,,34,"[""leverage_ratio"", ""asset_liabilities"", ""roe"", ""asset_turnover"", ""debt_ratio"", ""debt_ratio2"", ""roa"", ""capitalization_ratio"", ""longtermdebt_invcap"", ""totaldebt_invcap"", ""cash_debt"", ""debt_ebitda"", ""rect_turn"", ""edge_GES__asset_liabilities__rect_turn"", ""edge_GES__asset_liabilities__debt_ratio"", ""edge_GES__debt_ratio__rect_turn"", ""edge_GES__debt_ratio__leverage_ratio"", ""edge_GES__roa__asset_turnover"", ""edge_GES__asset_turnover__rect_turn"", ""edge_GES__roa__roe"", ""edge_GES__asset_liabilities__leverage_ratio"", ""edge_GES__debt_ratio2__capitalization_ratio"", ""edge_GES__debt_ratio__roa"", ""edge_GES__roa__rect_turn"", ""edge_GES__debt_ratio2__longtermdebt_invcap"", ""edge_GES__debt_ratio2__totaldebt_invcap"", ""edge_GES__debt_ebitda__debt_ratio2"", ""edge_GES__debt_ratio2__roa"", ""edge_GES__cash_debt__asset_liabilities"", ""edge_GES__roa__totaldebt_invcap"", ""edge_GES__asset_turnover__totaldebt_invcap"", ""edge_GES__asset_turnover__leverage_ratio"", ""edge_GES__roa__leverage_ratio"", ""edge_GES__cash_debt__debt_ratio2""]"
69b21fa79c76dd71,F,GES,22,,,22,"[""edge_GES__asset_liabilities__rect_turn"", ""edge_GES__asset_liabilities__debt_ratio"", ""edge_GES__debt_ratio__rect_turn"", ""edge_GES__debt_ratio__leverage_ratio"", ""edge_GES__roa__asset_turnover"", ""edge_GES__asset_turnover__rect_turn"", ""edge_GES__roa__roe"", ""edge_GES__asset_liabilities__leverage_ratio"", ""edge_GES__debt_ratio2__capitalization_ratio"", ""edge_GES__debt_ratio__roa"", ""edge_GES__roa__rect_turn"", ""edge_GES__debt_ratio2__longtermdebt_invcap"", ""edge_GES__debt_ratio2__totaldebt_invcap"", ""edge_GES__debt_ebitda__debt_ratio2"", ""edge_GES__debt_ratio2__roa"", ""edge_GES__cash_debt__asset_liabilities"", ""edge_GES__roa__totaldebt_invcap"", ""edge_GES__asset_turnover__totaldebt_invcap"", ""edge_GES__asset_turnover__leverage_ratio"", ""edge_GES__roa__leverage_ratio"", ""edge_GES__cash_debt__debt_ratio2"", ""edge_GES__debt_ebitda__roa""]"
62c0349a1ac0df37,OF,GES,22,,,35,"[""leverage_ratio"", ""asset_liabilities"", ""roe"", ""asset_turnover"", ""debt_ratio"", ""debt_ratio2"", ""roa"", ""capitalization_ratio"", ""longtermdebt_invcap"", ""totaldebt_invcap"", ""cash_debt"", ""debt_ebitda"", ""rect_turn"", ""edge_GES__asset_liabilities__rect_turn"", ""edge_GES__asset_liabilities__debt_ratio"", ""edge_GES__debt_ratio__rect_turn"", ""edge_GES__debt_ratio__leverage_ratio"", ""edge_GES__roa__asset_turnover"", ""edge_GES__asset_turnover__rect_turn"", ""edge_GES__roa__roe"", ""edge_GES__asset_liabilities__leverage_ratio"", ""edge_GES__debt_ratio2__capitalization_ratio"", ""edge_GES__debt_ratio__roa"", ""edge_GES__roa__rect_turn"", ""edge_GES__debt_ratio2__longtermdebt_invcap"", ""edge_GES__debt_ratio2__totaldebt_invcap"", ""edge_GES__debt_ebitda__debt_ratio2"", ""edge_GES__debt_ratio2__roa"", ""edge_GES__cash_debt__asset_liabilities"", ""edge_GES__roa__totaldebt_invcap"", ""edge_GES__asset_turnover__totaldebt_invcap"", ""edge_GES__asset_turnover__leverage_ratio"", ""edge_GES__roa__leverage_ratio"", ""edge_GES__cash_debt__debt_ratio2"", ""edge_GES__debt_ebitda__roa""]"
f3e9e90c8bf117ce,F,GES,23,,,23,"[""edge_GES__asset_liabilities__rect_turn"", ""edge_GES__asset_liabilities__debt_ratio"", ""edge_GES__debt_ratio__rect_turn"", ""edge_GES__debt_ratio__leverage_ratio"", ""edge_GES__roa__asset_turnover"", ""edge_GES__asset_turnover__rect_turn"", ""edge_GES__roa__roe"", ""edge_GES__asset_liabilities__leverage_ratio"", ""edge_GES__debt_ratio2__capitalization_ratio"", ""edge_GES__debt_ratio__roa"", ""edge_GES__roa__rect_turn"", ""edge_GES__debt_ratio2__longtermdebt_invcap"", ""edge_GES__debt_ratio2__totaldebt_invcap"", ""edge_GES__debt_ebitda__debt_ratio2"", ""edge_GES__debt_ratio2__roa"", ""edge_GES__cash_debt__asset_liabilities"", ""edge_GES__roa__totaldebt_invcap"", ""edge_GES__asset_turnover__totaldebt_invcap"", ""edge_GES__asset_turnover__leverage_ratio"", ""edge_GES__roa__leverage_ratio"", ""edge_GES__cash_debt__debt_ratio2"", ""edge_GES__debt_ebitda__roa"", ""edge_GES__asset_turnover__roe""]"
d832fe6ef0aac2d6,OF,GES,23,,,36,"[""leverage_ratio"", ""asset_liabilities"", ""roe"", ""asset_turnover"", ""debt_ratio"", ""debt_ratio2"", ""roa"", ""capitalization_ratio"", ""longtermdebt_invcap"", ""totaldebt_invcap"", ""cash_debt"", ""debt_ebitda"", ""rect_turn"", ""edge_GES__asset_liabilities__rect_turn"", ""edge_GES__asset_liabilities__debt_ratio"", ""edge_GES__debt_ratio__rect_turn"", ""edge_GES__debt_ratio__leverage_ratio"", ""edge_GES__roa__asset_turnover"", ""edge_GES__asset_turnover__rect_turn"", ""edge_GES__roa__roe"", ""edge_GES__asset_liabilities__leverage_ratio"", ""edge_GES__debt_ratio2__capitalization_ratio"", ""edge_GES__debt_ratio__roa"", ""edge_GES__roa__rect_turn"", ""edge_GES__debt_ratio2__longtermdebt_invcap"", ""edge_GES__debt_ratio2__totaldebt_invcap"", ""edge_GES__debt_ebitda__debt_ratio2"", ""edge_GES__debt_ratio2__roa"", ""edge_GES__cash_debt__asset_liabilities"", ""edge_GES__roa__totaldebt_invcap"", ""edge_GES__asset_turnover__totaldebt_invcap"", ""edge_GES__asset_turnover__leverage_ratio"", ""edge_GES__roa__leverage_ratio"", ""edge_GES__cash_debt__debt_ratio2"", ""edge_GES__debt_ebitda__roa"", ""edge_GES__asset_turnover__roe""]"
c8ff01f260326497,F,GES,24,,,24,"[""edge_GES__asset_liabilities__rect_turn"", ""edge_GES__asset_liabilities__debt_ratio"", ""edge_GES__debt_ratio__rect_turn"", ""edge_GES__debt_ratio__leverage_ratio"", ""edge_GES__roa__asset_turnover"", ""edge_GES__asset_turnover__rect_turn"", ""edge_GES__roa__roe"", ""edge_GES__asset_liabilities__leverage_ratio"", ""edge_GES__debt_ratio2__capitalization_ratio"", ""edge_GES__debt_ratio__roa"", ""edge_GES__roa__rect_turn"", ""edge_GES__debt_ratio2__longtermdebt_invcap"", ""edge_GES__debt_ratio2__totaldebt_invcap"", ""edge_GES__debt_ebitda__debt_ratio2"", ""edge_GES__debt_ratio2__roa"", ""edge_GES__cash_debt__asset_liabilities"", ""edge_GES__roa__totaldebt_invcap"", ""edge_GES__asset_turnover__totaldebt_invcap"", ""edge_GES__asset_turnover__leverage_ratio"", ""edge_GES__roa__leverage_ratio"", ""edge_GES__cash_debt__debt_ratio2"", ""edge_GES__debt_ebitda__roa"", ""edge_GES__asset_turnover__roe"", ""edge_GES__debt_ratio2__leverage_ratio""]"
b5832dd67cdef271,OF,GES,24,,,37,"[""leverage_ratio"", ""asset_liabilities"", ""roe"", ""asset_turnover"", ""debt_ratio"", ""debt_ratio2"", ""roa"", ""capitalization_ratio"", ""longtermdebt_invcap"", ""totaldebt_invcap"", ""cash_debt"", ""debt_ebitda"", ""rect_turn"", ""edge_GES__asset_liabilities__rect_turn"", ""edge_GES__asset_liabilities__debt_ratio"", ""edge_GES__debt_ratio__rect_turn"", ""edge_GES__debt_ratio__leverage_ratio"", ""edge_GES__roa__asset_turnover"", ""edge_GES__asset_turnover__rect_turn"", ""edge_GES__roa__roe"", ""edge_GES__asset_liabilities__leverage_ratio"", ""edge_GES__debt_ratio2__capitalization_ratio"", ""edge_GES__debt_ratio__roa"", ""edge_GES__roa__rect_turn"", ""edge_GES__debt_ratio2__longtermdebt_invcap"", ""edge_GES__debt_ratio2__totaldebt_invcap"", ""edge_GES__debt_ebitda__debt_ratio2"", ""edge_GES__debt_ratio2__roa"", ""edge_GES__cash_debt__asset_liabilities"", ""edge_GES__roa__totaldebt_invcap"", ""edge_GES__asset_turnover__totaldebt_invcap"", ""edge_GES__asset_turnover__leverage_ratio"", ""edge_GES__roa__leverage_ratio"", ""edge_GES__cash_debt__debt_ratio2"", ""edge_GES__debt_ebitda__roa"", ""edge_GES__asset_turnover__roe"", ""edge_GES__debt_ratio2__leverage_ratio""]"
abf08a8f8a6d539b,F,GES,25,,,25,"[""edge_GES__asset_liabilities__rect_turn"", ""edge_GES__asset_liabilities__debt_ratio"", ""edge_GES__debt_ratio__rect_turn"", ""edge_GES__debt_ratio__leverage_ratio"", ""edge_GES__roa__asset_turnover"", ""edge_GES__asset_turnover__rect_turn"", ""edge_GES__roa__roe"", ""edge_GES__asset_liabilities__leverage_ratio"", ""edge_GES__debt_ratio2__capitalization_ratio"", ""edge_GES__debt_ratio__roa"", ""edge_GES__roa__rect_turn"", ""edge_GES__debt_ratio2__longtermdebt_invcap"", ""edge_GES__debt_ratio2__totaldebt_invcap"", ""edge_GES__debt_ebitda__debt_ratio2"", ""edge_GES__debt_ratio2__roa"", ""edge_GES__cash_debt__asset_liabilities"", ""edge_GES__roa__totaldebt_invcap"", ""edge_GES__asset_turnover__totaldebt_invcap"", ""edge_GES__asset_turnover__leverage_ratio"", ""edge_GES__roa__leverage_ratio"", ""edge_GES__cash_debt__debt_ratio2"", ""edge_GES__debt_ebitda__roa"", ""edge_GES__asset_turnover__roe"", ""edge_GES__debt_ratio2__leverage_ratio"", ""edge_GES__debt_ratio__capitalization_ratio""]"
194007dcdcd65c9b,OF,GES,25,,,38,"[""leverage_ratio"", ""asset_liabilities"", ""roe"", ""asset_turnover"", ""debt_ratio"", ""debt_ratio2"", ""roa"", ""capitalization_ratio"", ""longtermdebt_invcap"", ""totaldebt_invcap"", ""cash_debt"", ""debt_ebitda"", ""rect_turn"", ""edge_GES__asset_liabilities__rect_turn"", ""edge_GES__asset_liabilities__debt_ratio"", ""edge_GES__debt_ratio__rect_turn"", ""edge_GES__debt_ratio__leverage_ratio"", ""edge_GES__roa__asset_turnover"", ""edge_GES__asset_turnover__rect_turn"", ""edge_GES__roa__roe"", ""edge_GES__asset_liabilities__leverage_ratio"", ""edge_GES__debt_ratio2__capitalization_ratio"", ""edge_GES__debt_ratio__roa"", ""edge_GES__roa__rect_turn"", ""edge_GES__debt_ratio2__longtermdebt_invcap"", ""edge_GES__debt_ratio2__totaldebt_invcap"", ""edge_GES__debt_ebitda__debt_ratio2"", ""edge_GES__debt_ratio2__roa"", ""edge_GES__cash_debt__asset_liabilities"", ""edge_GES__roa__totaldebt_invcap"", ""edge_GES__asset_turnover__totaldebt_invcap"", ""edge_GES__asset_turnover__leverage_ratio"", ""edge_GES__roa__leverage_ratio"", ""edge_GES__cash_debt__debt_ratio2"", ""edge_GES__debt_ebitda__roa"", ""edge_GES__asset_turnover__roe"", ""edge_GES__debt_ratio2__leverage_ratio"", ""edge_GES__debt_ratio__capitalization_ratio""]"
4ef501c58a6274ae,F,GES,26,,,26,"[""edge_GES__asset_liabilities__rect_turn"", ""edge_GES__asset_liabilities__debt_ratio"", ""edge_GES__debt_ratio__rect_turn"", ""edge_GES__debt_ratio__leverage_ratio"", ""edge_GES__roa__asset_turnover"", ""edge_GES__asset_turnover__rect_turn"", ""edge_GES__roa__roe"", ""edge_GES__asset_liabilities__leverage_ratio"", ""edge_GES__debt_ratio2__capitalization_ratio"", ""edge_GES__debt_ratio__roa"", ""edge_GES__roa__rect_turn"", ""edge_GES__debt_ratio2__longtermdebt_invcap"", ""edge_GES__debt_ratio2__totaldebt_invcap"", ""edge_GES__debt_ebitda__debt_ratio2"", ""edge_GES__debt_ratio2__roa"", ""edge_GES__cash_debt__asset_liabilities"", ""edge_GES__roa__totaldebt_invcap"", ""edge_GES__asset_turnover__totaldebt_invcap"", ""edge_GES__asset_turnover__leverage_ratio"", ""edge_GES__roa__leverage_ratio"", ""edge_GES__cash_debt__debt_ratio2"", ""edge_GES__debt_ebitda__roa"", ""edge_GES__asset_turnover__roe"", ""edge_GES__debt_ratio2__leverage_ratio"", ""edge_GES__debt_ratio__capitalization_ratio"", ""edge_GES__asset_turnover__capitalization_ratio""]"
6be7cf554753353e,OF,GES,26,,,39,"[""leverage_ratio"", ""asset_liabilities"", ""roe"", ""asset_turnover"", ""debt_ratio"", ""debt_ratio2"", ""roa"", ""capitalization_ratio"", ""longtermdebt_invcap"", ""totaldebt_invcap"", ""cash_debt"", ""debt_ebitda"", ""rect_turn"", ""edge_GES__asset_liabilities__rect_turn"", ""edge_GES__asset_liabilities__debt_ratio"", ""edge_GES__debt_ratio__rect_turn"", ""edge_GES__debt_ratio__leverage_ratio"", ""edge_GES__roa__asset_turnover"", ""edge_GES__asset_turnover__rect_turn"", ""edge_GES__roa__roe"", ""edge_GES__asset_liabilities__leverage_ratio"", ""edge_GES__debt_ratio2__capitalization_ratio"", ""edge_GES__debt_ratio__roa"", ""edge_GES__roa__rect_turn"", ""edge_GES__debt_ratio2__longtermdebt_invcap"", ""edge_GES__debt_ratio2__totaldebt_invcap"", ""edge_GES__debt_ebitda__debt_ratio2"", ""edge_GES__debt_ratio2__roa"", ""edge_GES__cash_debt__asset_liabilities"", ""edge_GES__roa__totaldebt_invcap"", ""edge_GES__asset_turnover__totaldebt_invcap"", ""edge_GES__asset_turnover__leverage_ratio"", ""edge_GES__roa__leverage_ratio"", ""edge_GES__cash_debt__debt_ratio2"", ""edge_GES__debt_ebitda__roa"", ""edge_GES__asset_turnover__roe"", ""edge_GES__debt_ratio2__leverage_ratio"", ""edge_GES__debt_ratio__capitalization_ratio"", ""edge_GES__asset_turnover__capitalization_ratio""]"
cf0e758521eb792f,F,GES,27,,,27,"[""edge_GES__asset_liabilities__rect_turn"", ""edge_GES__asset_liabilities__debt_ratio"", ""edge_GES__debt_ratio__rect_turn"", ""edge_GES__debt_ratio__leverage_ratio"", ""edge_GES__roa__asset_turnover"", ""edge_GES__asset_turnover__rect_turn"", ""edge_GES__roa__roe"", ""edge_GES__asset_liabilities__leverage_ratio"", ""edge_GES__debt_ratio2__capitalization_ratio"", ""edge_GES__debt_ratio__roa"", ""edge_GES__roa__rect_turn"", ""edge_GES__debt_ratio2__longtermdebt_invcap"", ""edge_GES__debt_ratio2__totaldebt_invcap"", ""edge_GES__debt_ebitda__debt_ratio2"", ""edge_GES__debt_ratio2__roa"", ""edge_GES__cash_debt__asset_liabilities"", ""edge_GES__roa__totaldebt_invcap"", ""edge_GES__asset_turnover__totaldebt_invcap"", ""edge_GES__asset_turnover__leverage_ratio"", ""edge_GES__roa__leverage_ratio"", ""edge_GES__cash_debt__debt_ratio2"", ""edge_GES__debt_ebitda__roa"", ""edge_GES__asset_turnover__roe"", ""edge_GES__debt_ratio2__leverage_ratio"", ""edge_GES__debt_ratio__capitalization_ratio"", ""edge_GES__asset_turnover__capitalization_ratio"", ""edge_GES__debt_ebitda__roe""]"
b5fbcc1d3922e9e2,OF,GES,27,,,40,"[""leverage_ratio"", ""asset_liabilities"", ""roe"", ""asset_turnover"", ""debt_ratio"", ""debt_ratio2"", ""roa"", ""capitalization_ratio"", ""longtermdebt_invcap"", ""totaldebt_invcap"", ""cash_debt"", ""debt_ebitda"", ""rect_turn"", ""edge_GES__asset_liabilities__rect_turn"", ""edge_GES__asset_liabilities__debt_ratio"", ""edge_GES__debt_ratio__rect_turn"", ""edge_GES__debt_ratio__leverage_ratio"", ""edge_GES__roa__asset_turnover"", ""edge_GES__asset_turnover__rect_turn"", ""edge_GES__roa__roe"", ""edge_GES__asset_liabilities__leverage_ratio"", ""edge_GES__debt_ratio2__capitalization_ratio"", ""edge_GES__debt_ratio__roa"", ""edge_GES__roa__rect_turn"", ""edge_GES__debt_ratio2__longtermdebt_invcap"", ""edge_GES__debt_ratio2__totaldebt_invcap"", ""edge_GES__debt_ebitda__debt_ratio2"", ""edge_GES__debt_ratio2__roa"", ""edge_GES__cash_debt__asset_liabilities"", ""edge_GES__roa__totaldebt_invcap"", ""edge_GES__asset_turnover__totaldebt_invcap"", ""edge_GES__asset_turnover__leverage_ratio"", ""edge_GES__roa__leverage_ratio"", ""edge_GES__cash_debt__debt_ratio2"", ""edge_GES__debt_ebitda__roa"", ""edge_GES__asset_turnover__roe"", ""edge_GES__debt_ratio2__leverage_ratio"", ""edge_GES__debt_ratio__capitalization_ratio"", ""edge_GES__asset_turnover__capitalization_ratio"", ""edge_GES__debt_ebitda__roe""]"
c043e118307ea018,F,GES,28,,,28,"[""edge_GES__asset_liabilities__rect_turn"", ""edge_GES__asset_liabilities__debt_ratio"", ""edge_GES__debt_ratio__rect_turn"", ""edge_GES__debt_ratio__leverage_ratio"", ""edge_GES__roa__asset_turnover"", ""edge_GES__asset_turnover__rect_turn"", ""edge_GES__roa__roe"", ""edge_GES__asset_liabilities__leverage_ratio"", ""edge_GES__debt_ratio2__capitalization_ratio"", ""edge_GES__debt_ratio__roa"", ""edge_GES__roa__rect_turn"", ""edge_GES__debt_ratio2__longtermdebt_invcap"", ""edge_GES__debt_ratio2__totaldebt_invcap"", ""edge_GES__debt_ebitda__debt_ratio2"", ""edge_GES__debt_ratio2__roa"", ""edge_GES__cash_debt__asset_liabilities"", ""edge_GES__roa__totaldebt_invcap"", ""edge_GES__asset_turnover__totaldebt_invcap"", ""edge_GES__asset_turnover__leverage_ratio"", ""edge_GES__roa__leverage_ratio"", ""edge_GES__cash_debt__debt_ratio2"", ""edge_GES__debt_ebitda__roa"", ""edge_GES__asset_turnover__roe"", ""edge_GES__debt_ratio2__leverage_ratio"", ""edge_GES__debt_ratio__capitalization_ratio"", ""edge_GES__asset_turnover__capitalization_ratio"", ""edge_GES__debt_ebitda__roe"", ""edge_GES__cash_debt__totaldebt_invcap""]"
07b11b13c21a88e8,OF,GES,28,,,41,"[""leverage_ratio"", ""asset_liabilities"", ""roe"", ""asset_turnover"", ""debt_ratio"", ""debt_ratio2"", ""roa"", ""capitalization_ratio"", ""longtermdebt_invcap"", ""totaldebt_invcap"", ""cash_debt"", ""debt_ebitda"", ""rect_turn"", ""edge_GES__asset_liabilities__rect_turn"", ""edge_GES__asset_liabilities__debt_ratio"", ""edge_GES__debt_ratio__rect_turn"", ""edge_GES__debt_ratio__leverage_ratio"", ""edge_GES__roa__asset_turnover"", ""edge_GES__asset_turnover__rect_turn"", ""edge_GES__roa__roe"", ""edge_GES__asset_liabilities__leverage_ratio"", ""edge_GES__debt_ratio2__capitalization_ratio"", ""edge_GES__debt_ratio__roa"", ""edge_GES__roa__rect_turn"", ""edge_GES__debt_ratio2__longtermdebt_invcap"", ""edge_GES__debt_ratio2__totaldebt_invcap"", ""edge_GES__debt_ebitda__debt_ratio2"", ""edge_GES__debt_ratio2__roa"", ""edge_GES__cash_debt__asset_liabilities"", ""edge_GES__roa__totaldebt_invcap"", ""edge_GES__asset_turnover__totaldebt_invcap"", ""edge_GES__asset_turnover__leverage_ratio"", ""edge_GES__roa__leverage_ratio"", ""edge_GES__cash_debt__debt_ratio2"", ""edge_GES__debt_ebitda__roa"", ""edge_GES__asset_turnover__roe"", ""edge_GES__debt_ratio2__leverage_ratio"", ""edge_GES__debt_ratio__capitalization_ratio"", ""edge_GES__asset_turnover__capitalization_ratio"", ""edge_GES__debt_ebitda__roe"", ""edge_GES__cash_debt__totaldebt_invcap""]"
dace13742e348e7e,F,GES,29,,,29,"[""edge_GES__asset_liabilities__rect_turn"", ""edge_GES__asset_liabilities__debt_ratio"", ""edge_GES__debt_ratio__rect_turn"", ""edge_GES__debt_ratio__leverage_ratio"", ""edge_GES__roa__asset_turnover"", ""edge_GES__asset_turnover__rect_turn"", ""edge_GES__roa__roe"", ""edge_GES__asset_liabilities__leverage_ratio"", ""edge_GES__debt_ratio2__capitalization_ratio"", ""edge_GES__debt_ratio__roa"", ""edge_GES__roa__rect_turn"", ""edge_GES__debt_ratio2__longtermdebt_invcap"", ""edge_GES__debt_ratio2__totaldebt_invcap"", ""edge_GES__debt_ebitda__debt_ratio2"", ""edge_GES__debt_ratio2__roa"", ""edge_GES__cash_debt__asset_liabilities"", ""edge_GES__roa__totaldebt_invcap"", ""edge_GES__asset_turnover__totaldebt_invcap"", ""edge_GES__asset_turnover__leverage_ratio"", ""edge_GES__roa__leverage_ratio"", ""edge_GES__cash_debt__debt_ratio2"", ""edge_GES__debt_ebitda__roa"", ""edge_GES__asset_turnover__roe"", ""edge_GES__debt_ratio2__leverage_ratio"", ""edge_GES__debt_ratio__capitalization_ratio"", ""edge_GES__asset_turnover__capitalization_ratio"", ""edge_GES__debt_ebitda__roe"", ""edge_GES__cash_debt__totaldebt_invcap"", ""edge_GES__debt_ratio2__debt_ratio""]"
3e834183c2b917ff,OF,GES,29,,,42,"[""leverage_ratio"", ""asset_liabilities"", ""roe"", ""asset_turnover"", ""debt_ratio"", ""debt_ratio2"", ""roa"", ""capitalization_ratio"", ""longtermdebt_invcap"", ""totaldebt_invcap"", ""cash_debt"", ""debt_ebitda"", ""rect_turn"", ""edge_GES__asset_liabilities__rect_turn"", ""edge_GES__asset_liabilities__debt_ratio"", ""edge_GES__debt_ratio__rect_turn"", ""edge_GES__debt_ratio__leverage_ratio"", ""edge_GES__roa__asset_turnover"", ""edge_GES__asset_turnover__rect_turn"", ""edge_GES__roa__roe"", ""edge_GES__asset_liabilities__leverage_ratio"", ""edge_GES__debt_ratio2__capitalization_ratio"", ""edge_GES__debt_ratio__roa"", ""edge_GES__roa__rect_turn"", ""edge_GES__debt_ratio2__longtermdebt_invcap"", ""edge_GES__debt_ratio2__totaldebt_invcap"", ""edge_GES__debt_ebitda__debt_ratio2"", ""edge_GES__debt_ratio2__roa"", ""edge_GES__cash_debt__asset_liabilities"", ""edge_GES__roa__totaldebt_invcap"", ""edge_GES__asset_turnover__totaldebt_invcap"", ""edge_GES__asset_turnover__leverage_ratio"", ""edge_GES__roa__leverage_ratio"", ""edge_GES__cash_debt__debt_ratio2"", ""edge_GES__debt_ebitda__roa"", ""edge_GES__asset_turnover__roe"", ""edge_GES__debt_ratio2__leverage_ratio"", ""edge_GES__debt_ratio__capitalization_ratio"", ""edge_GES__asset_turnover__capitalization_ratio"", ""edge_GES__debt_ebitda__roe"", ""edge_GES__cash_debt__totaldebt_invcap"", ""edge_GES__debt_ratio2__debt_ratio""]"
bcd5503e9fd4ef7a,F,GES,30,,,30,"[""edge_GES__asset_liabilities__rect_turn"", ""edge_GES__asset_liabilities__debt_ratio"", ""edge_GES__debt_ratio__rect_turn"", ""edge_GES__debt_ratio__leverage_ratio"", ""edge_GES__roa__asset_turnover"", ""edge_GES__asset_turnover__rect_turn"", ""edge_GES__roa__roe"", ""edge_GES__asset_liabilities__leverage_ratio"", ""edge_GES__debt_ratio2__capitalization_ratio"", ""edge_GES__debt_ratio__roa"", ""edge_GES__roa__rect_turn"", ""edge_GES__debt_ratio2__longtermdebt_invcap"", ""edge_GES__debt_ratio2__totaldebt_invcap"", ""edge_GES__debt_ebitda__debt_ratio2"", ""edge_GES__debt_ratio2__roa"", ""edge_GES__cash_debt__asset_liabilities"", ""edge_GES__roa__totaldebt_invcap"", ""edge_GES__asset_turnover__totaldebt_invcap"", ""edge_GES__asset_turnover__leverage_ratio"", ""edge_GES__roa__leverage_ratio"", ""edge_GES__cash_debt__debt_ratio2"", ""edge_GES__debt_ebitda__roa"", ""edge_GES__asset_turnover__roe"", ""edge_GES__debt_ratio2__leverage_ratio"", ""edge_GES__debt_ratio__capitalization_ratio"", ""edge_GES__asset_turnover__capitalization_ratio"", ""edge_GES__debt_ebitda__roe"", ""edge_GES__cash_debt__totaldebt_invcap"", ""edge_GES__debt_ratio2__debt_ratio"", ""edge_GES__asset_liabilities__roe""]"
18e3a83b1f31caef,OF,GES,30,,,43,"[""leverage_ratio"", ""asset_liabilities"", ""roe"", ""asset_turnover"", ""debt_ratio"", ""debt_ratio2"", ""roa"", ""capitalization_ratio"", ""longtermdebt_invcap"", ""totaldebt_invcap"", ""cash_debt"", ""debt_ebitda"", ""rect_turn"", ""edge_GES__asset_liabilities__rect_turn"", ""edge_GES__asset_liabilities__debt_ratio"", ""edge_GES__debt_ratio__rect_turn"", ""edge_GES__debt_ratio__leverage_ratio"", ""edge_GES__roa__asset_turnover"", ""edge_GES__asset_turnover__rect_turn"", ""edge_GES__roa__roe"", ""edge_GES__asset_liabilities__leverage_ratio"", ""edge_GES__debt_ratio2__capitalization_ratio"", ""edge_GES__debt_ratio__roa"", ""edge_GES__roa__rect_turn"", ""edge_GES__debt_ratio2__longtermdebt_invcap"", ""edge_GES__debt_ratio2__totaldebt_invcap"", ""edge_GES__debt_ebitda__debt_ratio2"", ""edge_GES__debt_ratio2__roa"", ""edge_GES__cash_debt__asset_liabilities"", ""edge_GES__roa__totaldebt_invcap"", ""edge_GES__asset_turnover__totaldebt_invcap"", ""edge_GES__asset_turnover__leverage_ratio"", ""edge_GES__roa__leverage_ratio"", ""edge_GES__cash_debt__debt_ratio2"", ""edge_GES__debt_ebitda__roa"", ""edge_GES__asset_turnover__roe"", ""edge_GES__debt_ratio2__leverage_ratio"", ""edge_GES__debt_ratio__capitalization_ratio"", ""edge_GES__asset_turnover__capitalization_ratio"", ""edge_GES__debt_ebitda__roe"", ""edge_GES__cash_debt__totaldebt_invcap"", ""edge_GES__debt_ratio2__debt_ratio"", ""edge_GES__asset_liabilities__roe""]"
1b74e3840f4dcb5e,F,GES,31,,,31,"[""edge_GES__asset_liabilities__rect_turn"", ""edge_GES__asset_liabilities__debt_ratio"", ""edge_GES__debt_ratio__rect_turn"", ""edge_GES__debt_ratio__leverage_ratio"", ""edge_GES__roa__asset_turnover"", ""edge_GES__asset_turnover__rect_turn"", ""edge_GES__roa__roe"", ""edge_GES__asset_liabilities__leverage_ratio"", ""edge_GES__debt_ratio2__capitalization_ratio"", ""edge_GES__debt_ratio__roa"", ""edge_GES__roa__rect_turn"", ""edge_GES__debt_ratio2__longtermdebt_invcap"", ""edge_GES__debt_ratio2__totaldebt_invcap"", ""edge_GES__debt_ebitda__debt_ratio2"", ""edge_GES__debt_ratio2__roa"", ""edge_GES__cash_debt__asset_liabilities"", ""edge_GES__roa__totaldebt_invcap"", ""edge_GES__asset_turnover__totaldebt_invcap"", ""edge_GES__asset_turnover__leverage_ratio"", ""edge_GES__roa__leverage_ratio"", ""edge_GES__cash_debt__debt_ratio2"", ""edge_GES__debt_ebitda__roa"", ""edge_GES__asset_turnover__roe"", ""edge_GES__debt_ratio2__leverage_ratio"", ""edge_GES__debt_ratio__capitalization_ratio"", ""edge_GES__asset_turnover__capitalization_ratio"", ""edge_GES__debt_ebitda__roe"", ""edge_GES__cash_debt__totaldebt_invcap"", ""edge_GES__debt_ratio2__debt_ratio"", ""edge_GES__asset_liabilities__roe"", ""edge_GES__debt_ratio__roe""]"
9085e09d1c8276c3,OF,GES,31,,,44,"[""leverage_ratio"", ""asset_liabilities"", ""roe"", ""asset_turnover"", ""debt_ratio"", ""debt_ratio2"", ""roa"", ""capitalization_ratio"", ""longtermdebt_invcap"", ""totaldebt_invcap"", ""cash_debt"", ""debt_ebitda"", ""rect_turn"", ""edge_GES__asset_liabilities__rect_turn"", ""edge_GES__asset_liabilities__debt_ratio"", ""edge_GES__debt_ratio__rect_turn"", ""edge_GES__debt_ratio__leverage_ratio"", ""edge_GES__roa__asset_turnover"", ""edge_GES__asset_turnover__rect_turn"", ""edge_GES__roa__roe"", ""edge_GES__asset_liabilities__leverage_ratio"", ""edge_GES__debt_ratio2__capitalization_ratio"", ""edge_GES__debt_ratio__roa"", ""edge_GES__roa__rect_turn"", ""edge_GES__debt_ratio2__longtermdebt_invcap"", ""edge_GES__debt_ratio2__totaldebt_invcap"", ""edge_GES__debt_ebitda__debt_ratio2"", ""edge_GES__debt_ratio2__roa"", ""edge_GES__cash_debt__asset_liabilities"", ""edge_GES__roa__totaldebt_invcap"", ""edge_GES__asset_turnover__totaldebt_invcap"", ""edge_GES__asset_turnover__leverage_ratio"", ""edge_GES__roa__leverage_ratio"", ""edge_GES__cash_debt__debt_ratio2"", ""edge_GES__debt_ebitda__roa"", ""edge_GES__asset_turnover__roe"", ""edge_GES__debt_ratio2__leverage_ratio"", ""edge_GES__debt_ratio__capitalization_ratio"", ""edge_GES__asset_turnover__capitalization_ratio"", ""edge_GES__debt_ebitda__roe"", ""edge_GES__cash_debt__totaldebt_invcap"", ""edge_GES__debt_ratio2__debt_ratio"", ""edge_GES__asset_liabilities__roe"", ""edge_GES__debt_ratio__roe""]"
f8e9eae69271f27d,F,GES,32,,,32,"[""edge_GES__asset_liabilities__rect_turn"", ""edge_GES__asset_liabilities__debt_ratio"", ""edge_GES__debt_ratio__rect_turn"", ""edge_GES__debt_ratio__leverage_ratio"", ""edge_GES__roa__asset_turnover"", ""edge_GES__asset_turnover__rect_turn"", ""edge_GES__roa__roe"", ""edge_GES__asset_liabilities__leverage_ratio"", ""edge_GES__debt_ratio2__capitalization_ratio"", ""edge_GES__debt_ratio__roa"", ""edge_GES__roa__rect_turn"", ""edge_GES__debt_ratio2__longtermdebt_invcap"", ""edge_GES__debt_ratio2__totaldebt_invcap"", ""edge_GES__debt_ebitda__debt_ratio2"", ""edge_GES__debt_ratio2__roa"", ""edge_GES__cash_debt__asset_liabilities"", ""edge_GES__roa__totaldebt_invcap"", ""edge_GES__asset_turnover__totaldebt_invcap"", ""edge_GES__asset_turnover__leverage_ratio"", ""edge_GES__roa__leverage_ratio"", ""edge_GES__cash_debt__debt_ratio2"", ""edge_GES__debt_ebitda__roa"", ""edge_GES__asset_turnover__roe"", ""edge_GES__debt_ratio2__leverage_ratio"", ""edge_GES__debt_ratio__capitalization_ratio"", ""edge_GES__asset_turnover__capitalization_ratio"", ""edge_GES__debt_ebitda__roe"", ""edge_GES__cash_debt__totaldebt_invcap"", ""edge_GES__debt_ratio2__debt_ratio"", ""edge_GES__asset_liabilities__roe"", ""edge_GES__debt_ratio__roe"", ""edge_GES__cash_debt__rect_turn""]"
e759bc3ca9235cbe,OF,GES,32,,,45,"[""leverage_ratio"", ""asset_liabilities"", ""roe"", ""asset_turnover"", ""debt_ratio"", ""debt_ratio2"", ""roa"", ""capitalization_ratio"", ""longtermdebt_invcap"", ""totaldebt_invcap"", ""cash_debt"", ""debt_ebitda"", ""rect_turn"", ""edge_GES__asset_liabilities__rect_turn"", ""edge_GES__asset_liabilities__debt_ratio"", ""edge_GES__debt_ratio__rect_turn"", ""edge_GES__debt_ratio__leverage_ratio"", ""edge_GES__roa__asset_turnover"", ""edge_GES__asset_turnover__rect_turn"", ""edge_GES__roa__roe"", ""edge_GES__asset_liabilities__leverage_ratio"", ""edge_GES__debt_ratio2__capitalization_ratio"", ""edge_GES__debt_ratio__roa"", ""edge_GES__roa__rect_turn"", ""edge_GES__debt_ratio2__longtermdebt_invcap"", ""edge_GES__debt_ratio2__totaldebt_invcap"", ""edge_GES__debt_ebitda__debt_ratio2"", ""edge_GES__debt_ratio2__roa"", ""edge_GES__cash_debt__asset_liabilities"", ""edge_GES__roa__totaldebt_invcap"", ""edge_GES__asset_turnover__totaldebt_invcap"", ""edge_GES__asset_turnover__leverage_ratio"", ""edge_GES__roa__leverage_ratio"", ""edge_GES__cash_debt__debt_ratio2"", ""edge_GES__debt_ebitda__roa"", ""edge_GES__asset_turnover__roe"", ""edge_GES__debt_ratio2__leverage_ratio"", ""edge_GES__debt_ratio__capitalization_ratio"", ""edge_GES__asset_turnover__capitalization_ratio"", ""edge_GES__debt_ebitda__roe"", ""edge_GES__cash_debt__totaldebt_invcap"", ""edge_GES__debt_ratio2__debt_ratio"", ""edge_GES__asset_liabilities__roe"", ""edge_GES__debt_ratio__roe"", ""edge_GES__cash_debt__rect_turn""]"
270cd88962214341,F,GES,33,,,33,"[""edge_GES__asset_liabilities__rect_turn"", ""edge_GES__asset_liabilities__debt_ratio"", ""edge_GES__debt_ratio__rect_turn"", ""edge_GES__debt_ratio__leverage_ratio"", ""edge_GES__roa__asset_turnover"", ""edge_GES__asset_turnover__rect_turn"", ""edge_GES__roa__roe"", ""edge_GES__asset_liabilities__leverage_ratio"", ""edge_GES__debt_ratio2__capitalization_ratio"", ""edge_GES__debt_ratio__roa"", ""edge_GES__roa__rect_turn"", ""edge_GES__debt_ratio2__longtermdebt_invcap"", ""edge_GES__debt_ratio2__totaldebt_invcap"", ""edge_GES__debt_ebitda__debt_ratio2"", ""edge_GES__debt_ratio2__roa"", ""edge_GES__cash_debt__asset_liabilities"", ""edge_GES__roa__totaldebt_invcap"", ""edge_GES__asset_turnover__totaldebt_invcap"", ""edge_GES__asset_turnover__leverage_ratio"", ""edge_GES__roa__leverage_ratio"", ""edge_GES__cash_debt__debt_ratio2"", ""edge_GES__debt_ebitda__roa"", ""edge_GES__asset_turnover__roe"", ""edge_GES__debt_ratio2__leverage_ratio"", ""edge_GES__debt_ratio__capitalization_ratio"", ""edge_GES__asset_turnover__capitalization_ratio"", ""edge_GES__debt_ebitda__roe"", ""edge_GES__cash_debt__totaldebt_invcap"", ""edge_GES__debt_ratio2__debt_ratio"", ""edge_GES__asset_liabilities__roe"", ""edge_GES__debt_ratio__roe"", ""edge_GES__cash_debt__rect_turn"", ""edge_GES__cash_debt__debt_ratio""]"
45302385731be391,OF,GES,33,,,46,"[""leverage_ratio"", ""asset_liabilities"", ""roe"", ""asset_turnover"", ""debt_ratio"", ""debt_ratio2"", ""roa"", ""capitalization_ratio"", ""longtermdebt_invcap"", ""totaldebt_invcap"", ""cash_debt"", ""debt_ebitda"", ""rect_turn"", ""edge_GES__asset_liabilities__rect_turn"", ""edge_GES__asset_liabilities__debt_ratio"", ""edge_GES__debt_ratio__rect_turn"", ""edge_GES__debt_ratio__leverage_ratio"", ""edge_GES__roa__asset_turnover"", ""edge_GES__asset_turnover__rect_turn"", ""edge_GES__roa__roe"", ""edge_GES__asset_liabilities__leverage_ratio"", ""edge_GES__debt_ratio2__capitalization_ratio"", ""edge_GES__debt_ratio__roa"", ""edge_GES__roa__rect_turn"", ""edge_GES__debt_ratio2__longtermdebt_invcap"", ""edge_GES__debt_ratio2__totaldebt_invcap"", ""edge_GES__debt_ebitda__debt_ratio2"", ""edge_GES__debt_ratio2__roa"", ""edge_GES__cash_debt__asset_liabilities"", ""edge_GES__roa__totaldebt_invcap"", ""edge_GES__asset_turnover__totaldebt_invcap"", ""edge_GES__asset_turnover__leverage_ratio"", ""edge_GES__roa__leverage_ratio"", ""edge_GES__cash_debt__debt_ratio2"", ""edge_GES__debt_ebitda__roa"", ""edge_GES__asset_turnover__roe"", ""edge_GES__debt_ratio2__leverage_ratio"", ""edge_GES__debt_ratio__capitalization_ratio"", ""edge_GES__asset_turnover__capitalization_ratio"", ""edge_GES__debt_ebitda__roe"", ""edge_GES__cash_debt__totaldebt_invcap"", ""edge_GES__debt_ratio2__debt_ratio"", ""edge_GES__asset_liabilities__roe"", ""edge_GES__debt_ratio__roe"", ""edge_GES__cash_debt__rect_turn"", ""edge_GES__cash_debt__debt_ratio""]"
b154670abb75bb96,F,GES,34,,,34,"[""edge_GES__asset_liabilities__rect_turn"", ""edge_GES__asset_liabilities__debt_ratio"", ""edge_GES__debt_ratio__rect_turn"", ""edge_GES__debt_ratio__leverage_ratio"", ""edge_GES__roa__asset_turnover"", ""edge_GES__asset_turnover__rect_turn"", ""edge_GES__roa__roe"", ""edge_GES__asset_liabilities__leverage_ratio"", ""edge_GES__debt_ratio2__capitalization_ratio"", ""edge_GES__debt_ratio__roa"", ""edge_GES__roa__rect_turn"", ""edge_GES__debt_ratio2__longtermdebt_invcap"", ""edge_GES__debt_ratio2__totaldebt_invcap"", ""edge_GES__debt_ebitda__debt_ratio2"", ""edge_GES__debt_ratio2__roa"", ""edge_GES__cash_debt__asset_liabilities"", ""edge_GES__roa__totaldebt_invcap"", ""edge_GES__asset_turnover__totaldebt_invcap"", ""edge_GES__asset_turnover__leverage_ratio"", ""edge_GES__roa__leverage_ratio"", ""edge_GES__cash_debt__debt_ratio2"", ""edge_GES__debt_ebitda__roa"", ""edge_GES__asset_turnover__roe"", ""edge_GES__debt_ratio2__leverage_ratio"", ""edge_GES__debt_ratio__capitalization_ratio"", ""edge_GES__asset_turnover__capitalization_ratio"", ""edge_GES__debt_ebitda__roe"", ""edge_GES__cash_debt__totaldebt_invcap"", ""edge_GES__debt_ratio2__debt_ratio"", ""edge_GES__asset_liabilities__roe"", ""edge_GES__debt_ratio__roe"", ""edge_GES__cash_debt__rect_turn"", ""edge_GES__cash_debt__debt_ratio"", ""edge_GES__cash_debt__longtermdebt_invcap""]"
084da68000a6f7f1,OF,GES,34,,,47,"[""leverage_ratio"", ""asset_liabilities"", ""roe"", ""asset_turnover"", ""debt_ratio"", ""debt_ratio2"", ""roa"", ""capitalization_ratio"", ""longtermdebt_invcap"", ""totaldebt_invcap"", ""cash_debt"", ""debt_ebitda"", ""rect_turn"", ""edge_GES__asset_liabilities__rect_turn"", ""edge_GES__asset_liabilities__debt_ratio"", ""edge_GES__debt_ratio__rect_turn"", ""edge_GES__debt_ratio__leverage_ratio"", ""edge_GES__roa__asset_turnover"", ""edge_GES__asset_turnover__rect_turn"", ""edge_GES__roa__roe"", ""edge_GES__asset_liabilities__leverage_ratio"", ""edge_GES__debt_ratio2__capitalization_ratio"", ""edge_GES__debt_ratio__roa"", ""edge_GES__roa__rect_turn"", ""edge_GES__debt_ratio2__longtermdebt_invcap"", ""edge_GES__debt_ratio2__totaldebt_invcap"", ""edge_GES__debt_ebitda__debt_ratio2"", ""edge_GES__debt_ratio2__roa"", ""edge_GES__cash_debt__asset_liabilities"", ""edge_GES__roa__totaldebt_invcap"", ""edge_GES__asset_turnover__totaldebt_invcap"", ""edge_GES__asset_turnover__leverage_ratio"", ""edge_GES__roa__leverage_ratio"", ""edge_GES__cash_debt__debt_ratio2"", ""edge_GES__debt_ebitda__roa"", ""edge_GES__asset_turnover__roe"", ""edge_GES__debt_ratio2__leverage_ratio"", ""edge_GES__debt_ratio__capitalization_ratio"", ""edge_GES__asset_turnover__capitalization_ratio"", ""edge_GES__debt_ebitda__roe"", ""edge_GES__cash_debt__totaldebt_invcap"", ""edge_GES__debt_ratio2__debt_ratio"", ""edge_GES__asset_liabilities__roe"", ""edge_GES__debt_ratio__roe"", ""edge_GES__cash_debt__rect_turn"", ""edge_GES__cash_debt__debt_ratio"", ""edge_GES__cash_debt__longtermdebt_invcap""]"
78535073af7929c5,F,GES,35,,,35,"[""edge_GES__asset_liabilities__rect_turn"", ""edge_GES__asset_liabilities__debt_ratio"", ""edge_GES__debt_ratio__rect_turn"", ""edge_GES__debt_ratio__leverage_ratio"", ""edge_GES__roa__asset_turnover"", ""edge_GES__asset_turnover__rect_turn"", ""edge_GES__roa__roe"", ""edge_GES__asset_liabilities__leverage_ratio"", ""edge_GES__debt_ratio2__capitalization_ratio"", ""edge_GES__debt_ratio__roa"", ""edge_GES__roa__rect_turn"", ""edge_GES__debt_ratio2__longtermdebt_invcap"", ""edge_GES__debt_ratio2__totaldebt_invcap"", ""edge_GES__debt_ebitda__debt_ratio2"", ""edge_GES__debt_ratio2__roa"", ""edge_GES__cash_debt__asset_liabilities"", ""edge_GES__roa__totaldebt_invcap"", ""edge_GES__asset_turnover__totaldebt_invcap"", ""edge_GES__asset_turnover__leverage_ratio"", ""edge_GES__roa__leverage_ratio"", ""edge_GES__cash_debt__debt_ratio2"", ""edge_GES__debt_ebitda__roa"", ""edge_GES__asset_turnover__roe"", ""edge_GES__debt_ratio2__leverage_ratio"", ""edge_GES__debt_ratio__capitalization_ratio"", ""edge_GES__asset_turnover__capitalization_ratio"", ""edge_GES__debt_ebitda__roe"", ""edge_GES__cash_debt__totaldebt_invcap"", ""edge_GES__debt_ratio2__debt_ratio"", ""edge_GES__asset_liabilities__roe"", ""edge_GES__debt_ratio__roe"", ""edge_GES__cash_debt__rect_turn"", ""edge_GES__cash_debt__debt_ratio"", ""edge_GES__cash_debt__longtermdebt_invcap"", ""edge_GES__debt_ratio2__asset_liabilities""]"
7cbbb70fa5e09b6e,OF,GES,35,,,48,"[""leverage_ratio"", ""asset_liabilities"", ""roe"", ""asset_turnover"", ""debt_ratio"", ""debt_ratio2"", ""roa"", ""capitalization_ratio"", ""longtermdebt_invcap"", ""totaldebt_invcap"", ""cash_debt"", ""debt_ebitda"", ""rect_turn"", ""edge_GES__asset_liabilities__rect_turn"", ""edge_GES__asset_liabilities__debt_ratio"", ""edge_GES__debt_ratio__rect_turn"", ""edge_GES__debt_ratio__leverage_ratio"", ""edge_GES__roa__asset_turnover"", ""edge_GES__asset_turnover__rect_turn"", ""edge_GES__roa__roe"", ""edge_GES__asset_liabilities__leverage_ratio"", ""edge_GES__debt_ratio2__capitalization_ratio"", ""edge_GES__debt_ratio__roa"", ""edge_GES__roa__rect_turn"", ""edge_GES__debt_ratio2__longtermdebt_invcap"", ""edge_GES__debt_ratio2__totaldebt_invcap"", ""edge_GES__debt_ebitda__debt_ratio2"", ""edge_GES__debt_ratio2__roa"", ""edge_GES__cash_debt__asset_liabilities"", ""edge_GES__roa__totaldebt_invcap"", ""edge_GES__asset_turnover__totaldebt_invcap"", ""edge_GES__asset_turnover__leverage_ratio"", ""edge_GES__roa__leverage_ratio"", ""edge_GES__cash_debt__debt_ratio2"", ""edge_GES__debt_ebitda__roa"", ""edge_GES__asset_turnover__roe"", ""edge_GES__debt_ratio2__leverage_ratio"", ""edge_GES__debt_ratio__capitalization_ratio"", ""edge_GES__asset_turnover__capitalization_ratio"", ""edge_GES__debt_ebitda__roe"", ""edge_GES__cash_debt__totaldebt_invcap"", ""edge_GES__debt_ratio2__debt_ratio"", ""edge_GES__asset_liabilities__roe"", ""edge_GES__debt_ratio__roe"", ""edge_GES__cash_debt__rect_turn"", ""edge_GES__cash_debt__debt_ratio"", ""edge_GES__cash_debt__longtermdebt_invcap"", ""edge_GES__debt_ratio2__asset_liabilities""]"
fb040f6920530744,OFR,GES,5,0,5064,5,"[""longtermdebt_invcap"", ""edge_GES__asset_turnover__roe"", ""edge_GES__debt_ratio__rect_turn"", ""asset_liabilities"", ""edge_GES__roa__roe""]"
d8b7dee9ebde51b6,OFR,GES,5,1,5065,5,"[""edge_GES__debt_ratio2__debt_ratio"", ""asset_turnover"", ""rect_turn"", ""edge_GES__asset_liabilities__leverage_ratio"", ""edge_GES__roa__asset_turnover""]"
a3f2d1fdab3f7e19,OFR,GES,5,2,5066,5,"[""edge_GES__asset_turnover__totaldebt_invcap"", ""edge_GES__debt_ratio2__roa"", ""edge_GES__cash_debt__asset_liabilities"", ""edge_GES__debt_ratio__roa"", ""edge_GES__debt_ratio2__capitalization_ratio""]"
dac2c82da9595694,OFR,GES,5,3,5067,5,"[""edge_GES__debt_ratio2__leverage_ratio"", ""edge_GES__cash_debt__rect_turn"", ""edge_GES__cash_debt__debt_ratio2"", ""edge_GES__debt_ratio__capitalization_ratio"", ""edge_GES__debt_ratio__leverage_ratio""]"
9e955ec573c5b04b,OFR,GES,5,4,5068,5,"[""cash_debt"", ""leverage_ratio"", ""edge_GES__roa__rect_turn"", ""edge_GES__debt_ratio__rect_turn"", ""edge_GES__asset_turnover__roe""]"
931888e1f2e17f06,OFR,GES,10,0,10064,10,"[""edge_GES__roa__rect_turn"", ""asset_liabilities"", ""edge_GES__debt_ratio2__asset_liabilities"", ""edge_GES__asset_liabilities__rect_turn"", ""edge_GES__asset_turnover__capitalization_ratio"", ""edge_GES__debt_ratio2__longtermdebt_invcap"", ""edge_GES__asset_liabilities__leverage_ratio"", ""edge_GES__asset_turnover__totaldebt_invcap"", ""edge_GES__debt_ratio2__roa"", ""longtermdebt_invcap""]"
fc9ba9547e6fa4f0,OFR,GES,10,1,10065,10,"[""edge_GES__asset_liabilities__debt_ratio"", ""debt_ratio"", ""edge_GES__debt_ebitda__roa"", ""longtermdebt_invcap"", ""edge_GES__debt_ratio__roa"", ""edge_GES__debt_ratio__roe"", ""capitalization_ratio"", ""asset_liabilities"", ""edge_GES__debt_ratio2__capitalization_ratio"", ""debt_ratio2""]"
313754397dffdbd3,OFR,GES,10,2,10066,10,"[""cash_debt"", ""edge_GES__debt_ratio2__leverage_ratio"", ""edge_GES__cash_debt__debt_ratio2"", ""edge_GES__debt_ratio2__asset_liabilities"", ""edge_GES__debt_ratio2__longtermdebt_invcap"", ""debt_ebitda"", ""asset_liabilities"", ""roa"", ""edge_GES__asset_liabilities__leverage_ratio"", ""edge_GES__roa__totaldebt_invcap""]"
0cce14addf97561f,OFR,GES,10,3,10067,10,"[""edge_GES__asset_turnover__totaldebt_invcap"", ""edge_GES__debt_ratio2__roa"", ""edge_GES__debt_ratio2__asset_liabilities"", ""edge_GES__cash_debt__debt_ratio"", ""edge_GES__debt_ratio2__longtermdebt_invcap"", ""edge_GES__debt_ratio__rect_turn"", ""edge_GES__debt_ebitda__debt_ratio2"", ""edge_GES__asset_turnover__leverage_ratio"", ""edge_GES__debt_ratio2__capitalization_ratio"", ""edge_GES__debt_ratio__leverage_ratio""]"
10e384b7d0c300a0,OFR,GES,10,4,10068,10,"[""debt_ebitda"", ""edge_GES__cash_debt__debt_ratio2"", ""edge_GES__asset_liabilities__roe"", ""edge_GES__asset_turnover__rect_turn"", ""edge_GES__debt_ratio2__debt_ratio"", ""edge_GES__roa__totaldebt_invcap"", ""edge_GES__cash_debt__debt_ratio"", ""edge_GES__roa__leverage_ratio"", ""edge_GES__debt_ebitda__roe"", ""roa""]"
0560ccb0fcafa296,OFR,GES,20,0,20064,20,"[""edge_GES__roa__totaldebt_invcap"", ""edge_GES__debt_ratio__roa"", ""debt_ratio2"", ""cash_debt"", ""totaldebt_invcap"", ""edge_GES__asset_turnover__roe"", ""edge_GES__debt_ebitda__debt_ratio2"", ""edge_GES__cash_debt__longtermdebt_invcap"", ""edge_GES__debt_ratio2__asset_liabilities"", ""edge_GES__asset_liabilities__rect_turn"", ""edge_GES__cash_debt__rect_turn"", ""capitalization_ratio"", ""longtermdebt_invcap"", ""edge_GES__asset_liabilities__roe"", ""edge_GES__debt_ratio__capitalization_ratio"", ""asset_liabilities"", ""edge_GES__cash_debt__debt_ratio2"", ""edge_GES__debt_ratio2__longtermdebt_invcap"", ""edge_GES__roa__asset_turnover"", ""edge_GES__debt_ratio2__debt_ratio""]"
5a56138013159bf1,OFR,GES,20,1,20065,20,"[""edge_GES__debt_ratio2__leverage_ratio"", ""edge_GES__asset_liabilities__leverage_ratio"", ""roe"", ""edge_GES__cash_debt__debt_ratio"", ""rect_turn"", ""edge_GES__debt_ratio2__longtermdebt_invcap"", ""edge_GES__debt_ratio2__roa"", ""edge_GES__debt_ratio__leverage_ratio"", ""edge_GES__asset_turnover__leverage_ratio"", ""edge_GES__cash_debt__asset_liabilities"", ""capitalization_ratio"", ""edge_GES__debt_ratio2__debt_ratio"", ""roa"", ""asset_liabilities"", ""edge_GES__debt_ratio__capitalization_ratio"", ""cash_debt"", ""edge_GES__debt_ratio2__totaldebt_invcap"", ""edge_GES__cash_debt__rect_turn"", ""debt_ratio2"", ""edge_GES__asset_liabilities__rect_turn""]"
51df6385cd1fc444,OFR,GES,20,2,20066,20,"[""edge_GES__roa__asset_turnover"", ""edge_GES__cash_debt__asset_liabilities"", ""edge_GES__cash_debt__longtermdebt_invcap"", ""edge_GES__debt_ratio__rect_turn"", ""edge_GES__debt_ratio__capitalization_ratio"", ""edge_GES__asset_turnover__totaldebt_invcap"", ""edge_GES__asset_turnover__roe"", ""edge_GES__debt_ratio2__asset_liabilities"", ""rect_turn"", ""edge_GES__asset_liabilities__roe"", ""edge_GES__asset_liabilities__leverage_ratio"", ""capitalization_ratio"", ""edge_GES__debt_ebitda__roe"", ""edge_GES__roa__leverage_ratio"", ""edge_GES__cash_debt__rect_turn"", ""edge_GES__roa__rect_turn"", ""debt_ratio"", ""edge_GES__debt_ratio2__totaldebt_invcap"", ""edge_GES__cash_debt__debt_ratio2"", ""edge_GES__debt_ratio2__longtermdebt_invcap""]"
934d5abbbc2735c2,OFR,GES,20,3,20067,20,"[""debt_ratio2"", ""edge_GES__debt_ratio__capitalization_ratio"", ""longtermdebt_invcap"", ""edge_GES__debt_ratio2__longtermdebt_invcap"", ""asset_liabilities"", ""edge_GES__debt_ebitda__roe"", ""totaldebt_invcap"", ""edge_GES__asset_liabilities__leverage_ratio"", ""edge_GES__debt_ebitda__debt_ratio2"", ""edge_GES__debt_ratio2__roa"", ""capitalization_ratio"", ""edge_GES__asset_liabilities__debt_ratio"", ""asset_turnover"", ""edge_GES__roa__leverage_ratio"", ""cash_debt"", ""edge_GES__debt_ratio2__asset_liabilities"", ""edge_GES__roa__totaldebt_invcap"", ""roa"", ""rect_turn"", ""edge_GES__debt_ratio__roe""]"
780d493872ea21a4,OFR,GES,20,4,20068,20,"[""asset_liabilities"", ""edge_GES__asset_turnover__capitalization_ratio"", ""longtermdebt_invcap"", ""rect_turn"", ""edge_GES__debt_ratio__leverage_ratio"", ""edge_GES__cash_debt__rect_turn"", ""edge_GES__asset_liabilities__leverage_ratio"", ""edge_GES__debt_ebitda__roe"", ""debt_ebitda"", ""edge_GES__asset_turnover__leverage_ratio"", ""edge_GES__cash_debt__debt_ratio2"", ""edge_GES__cash_debt__asset_liabilities"", ""edge_GES__debt_ratio2__totaldebt_invcap"", ""edge_GES__asset_turnover__totaldebt_invcap"", ""edge_GES__asset_liabilities__debt_ratio"", ""capitalization_ratio"", ""debt_ratio2"", ""edge_GES__roa__roe"", ""cash_debt"", ""edge_GES__cash_debt__totaldebt_invcap""]"
4453f682ce466cba,OFR,GES,30,0,30064,30,"[""edge_GES__debt_ratio__rect_turn"", ""debt_ebitda"", ""asset_turnover"", ""edge_GES__roa__asset_turnover"", ""edge_GES__debt_ratio2__debt_ratio"", ""cash_debt"", ""edge_GES__asset_turnover__roe"", ""edge_GES__roa__roe"", ""edge_GES__debt_ratio__roa"", ""leverage_ratio"", ""edge_GES__cash_debt__rect_turn"", ""edge_GES__debt_ratio2__totaldebt_invcap"", ""edge_GES__debt_ebitda__roe"", ""edge_GES__roa__totaldebt_invcap"", ""totaldebt_invcap"", ""edge_GES__cash_debt__asset_liabilities"", ""edge_GES__asset_turnover__totaldebt_invcap"", ""asset_liabilities"", ""edge_GES__debt_ratio__roe"", ""edge_GES__asset_liabilities__leverage_ratio"", ""edge_GES__asset_liabilities__debt_ratio"", ""roe"", ""edge_GES__asset_liabilities__roe"", ""edge_GES__debt_ratio2__roa"", ""debt_ratio2"", ""edge_GES__cash_debt__totaldebt_invcap"", ""edge_GES__cash_debt__debt_ratio2"", ""edge_GES__debt_ratio2__asset_liabilities"", ""rect_turn"", ""edge_GES__debt_ebitda__roa""]"
6f87895b061e14c2,OFR,GES,30,1,30065,30,"[""edge_GES__debt_ratio2__debt_ratio"", ""edge_GES__cash_debt__debt_ratio"", ""edge_GES__asset_turnover__totaldebt_invcap"", ""edge_GES__debt_ratio__leverage_ratio"", ""edge_GES__asset_liabilities__debt_ratio"", ""longtermdebt_invcap"", ""edge_GES__debt_ratio2__totaldebt_invcap"", ""edge_GES__debt_ebitda__roe"", ""edge_GES__roa__leverage_ratio"", ""edge_GES__asset_turnover__roe"", ""edge_GES__roa__asset_turnover"", ""edge_GES__roa__totaldebt_invcap"", ""edge_GES__debt_ratio2__roa"", ""rect_turn"", ""edge_GES__debt_ratio2__longtermdebt_invcap"", ""edge_GES__debt_ratio__capitalization_ratio"", ""edge_GES__debt_ratio2__leverage_ratio"", ""edge_GES__debt_ebitda__roa"", ""edge_GES__debt_ratio__roe"", ""edge_GES__asset_turnover__capitalization_ratio"", ""edge_GES__asset_turnover__rect_turn"", ""roa"", ""leverage_ratio"", ""edge_GES__debt_ratio__roa"", ""edge_GES__asset_liabilities__rect_turn"", ""edge_GES__asset_liabilities__leverage_ratio"", ""edge_GES__cash_debt__asset_liabilities"", ""edge_GES__cash_debt__debt_ratio2"", ""edge_GES__debt_ratio2__capitalization_ratio"", ""edge_GES__cash_debt__longtermdebt_invcap""]"
657d3d885bf1084f,OFR,GES,30,2,30066,30,"[""longtermdebt_invcap"", ""edge_GES__debt_ratio2__roa"", ""edge_GES__roa__rect_turn"", ""edge_GES__asset_turnover__capitalization_ratio"", ""roe"", ""edge_GES__debt_ratio2__debt_ratio"", ""edge_GES__asset_liabilities__debt_ratio"", ""debt_ratio"", ""edge_GES__asset_liabilities__rect_turn"", ""capitalization_ratio"", ""edge_GES__debt_ratio__roe"", ""leverage_ratio"", ""edge_GES__debt_ratio__roa"", ""edge_GES__debt_ebitda__debt_ratio2"", ""edge_GES__roa__asset_turnover"", ""edge_GES__asset_liabilities__leverage_ratio"", ""edge_GES__asset_liabilities__roe"", ""debt_ebitda"", ""cash_debt"", ""edge_GES__cash_debt__asset_liabilities"", ""asset_turnover"", ""edge_GES__cash_debt__totaldebt_invcap"", ""edge_GES__debt_ebitda__roe"", ""edge_GES__debt_ratio2__leverage_ratio"", ""edge_GES__asset_turnover__roe"", ""edge_GES__cash_debt__rect_turn"", ""edge_GES__cash_debt__debt_ratio2"", ""rect_turn"", ""edge_GES__debt_ratio2__totaldebt_invcap"", ""edge_GES__cash_debt__longtermdebt_invcap""]"
c9a482fab8dd5069,OFR,GES,30,3,30067,30,"[""rect_turn"", ""edge_GES__debt_ebitda__debt_ratio2"", ""roe"", ""cash_debt"", ""edge_GES__cash_debt__totaldebt_invcap"", ""edge_GES__asset_liabilities__roe"", ""edge_GES__debt_ratio__capitalization_ratio"", ""capitalization_ratio"", ""edge_GES__asset_turnover__rect_turn"", ""edge_GES__debt_ratio2__totaldebt_invcap"", ""edge_GES__asset_turnover__roe"", ""edge_GES__debt_ratio2__asset_liabilities"", ""edge_GES__asset_turnover__leverage_ratio"", ""longtermdebt_invcap"", ""edge_GES__debt_ratio__leverage_ratio"", ""edge_GES__debt_ratio__rect_turn"", ""edge_GES__debt_ratio2__roa"", ""edge_GES__roa__roe"", ""edge_GES__debt_ratio__roa"", ""asset_liabilities"", ""edge_GES__debt_ebitda__roe"", ""leverage_ratio"", ""debt_ratio2"", ""edge_GES__roa__totaldebt_invcap"", ""edge_GES__roa__asset_turnover"", ""roa"", ""edge_GES__cash_debt__rect_turn"", ""edge_GES__debt_ratio2__leverage_ratio"", ""edge_GES__asset_liabilities__debt_ratio"", ""edge_GES__debt_ratio2__debt_ratio""]"
b93fd839985d16f3,OFR,GES,30,4,30068,30,"[""edge_GES__cash_debt__debt_ratio"", ""edge_GES__debt_ratio2__totaldebt_invcap"", ""edge_GES__asset_liabilities__rect_turn"", ""edge_GES__debt_ratio2__debt_ratio"", ""debt_ratio2"", ""rect_turn"", ""edge_GES__asset_turnover__leverage_ratio"", ""edge_GES__asset_liabilities__roe"", ""roe"", ""edge_GES__asset_turnover__rect_turn"", ""asset_turnover"", ""capitalization_ratio"", ""edge_GES__debt_ratio__rect_turn"", ""edge_GES__cash_debt__totaldebt_invcap"", ""debt_ebitda"", ""debt_ratio"", ""edge_GES__cash_debt__asset_liabilities"", ""edge_GES__debt_ebitda__debt_ratio2"", ""longtermdebt_invcap"", ""edge_GES__roa__rect_turn"", ""edge_GES__roa__roe"", ""edge_GES__debt_ratio2__longtermdebt_invcap"", ""edge_GES__cash_debt__debt_ratio2"", ""edge_GES__debt_ratio2__roa"", ""edge_GES__asset_turnover__roe"", ""edge_GES__asset_liabilities__leverage_ratio"", ""cash_debt"", ""edge_GES__roa__totaldebt_invcap"", ""edge_GES__cash_debt__longtermdebt_invcap"", ""edge_GES__debt_ratio__capitalization_ratio""]"
63d1911d6a3d1d6f,OFR,GES,40,0,40064,40,"[""edge_GES__roa__totaldebt_invcap"", ""edge_GES__debt_ratio2__totaldebt_invcap"", ""debt_ratio2"", ""edge_GES__debt_ratio__roe"", ""edge_GES__debt_ebitda__debt_ratio2"", ""edge_GES__asset_liabilities__debt_ratio"", ""edge_GES__debt_ebitda__roe"", ""roe"", ""debt_ratio"", ""edge_GES__asset_turnover__totaldebt_invcap"", ""edge_GES__debt_ratio2__leverage_ratio"", ""leverage_ratio"", ""rect_turn"", ""edge_GES__asset_turnover__roe"", ""edge_GES__roa__leverage_ratio"", ""edge_GES__cash_debt__debt_ratio2"", ""edge_GES__roa__asset_turnover"", ""asset_turnover"", ""edge_GES__asset_turnover__rect_turn"", ""edge_GES__debt_ratio__leverage_ratio"", ""edge_GES__asset_liabilities__rect_turn"", ""edge_GES__cash_debt__asset_liabilities"", ""debt_ebitda"", ""edge_GES__roa__rect_turn"", ""edge_GES__asset_turnover__capitalization_ratio"", ""edge_GES__debt_ratio__rect_turn"", ""longtermdebt_invcap"", ""edge_GES__debt_ratio2__debt_ratio"", ""edge_GES__cash_debt__debt_ratio"", ""edge_GES__cash_debt__longtermdebt_invcap"", ""edge_GES__cash_debt__totaldebt_invcap"", ""edge_GES__roa__roe"", ""edge_GES__debt_ratio2__longtermdebt_invcap"", ""edge_GES__debt_ratio2__capitalization_ratio"", ""roa"", ""edge_GES__debt_ratio2__roa"", ""edge_GES__debt_ratio__roa"", ""edge_GES__debt_ratio__capitalization_ratio"", ""edge_GES__debt_ebitda__roa"", ""edge_GES__asset_liabilities__roe""]"
d35cd97eccc24585,OFR,GES,40,1,40065,40,"[""edge_GES__asset_liabilities__rect_turn"", ""roa"", ""edge_GES__roa__rect_turn"", ""edge_GES__debt_ratio__capitalization_ratio"", ""edge_GES__cash_debt__asset_liabilities"", ""asset_liabilities"", ""edge_GES__asset_liabilities__leverage_ratio"", ""edge_GES__debt_ratio__roa"", ""debt_ebitda"", ""edge_GES__roa__totaldebt_invcap"", ""edge_GES__debt_ratio2__totaldebt_invcap"", ""rect_turn"", ""edge_GES__asset_turnover__roe"", ""longtermdebt_invcap"", ""edge_GES__asset_turnover__capitalization_ratio"", ""edge_GES__roa__asset_turnover"", ""edge_GES__debt_ebitda__roa"", ""edge_GES__debt_ratio2__leverage_ratio"", ""edge_GES__debt_ratio__roe"", ""asset_turnover"", ""edge_GES__cash_debt__longtermdebt_invcap"", ""totaldebt_invcap"", ""edge_GES__cash_debt__rect_turn"", ""edge_GES__asset_turnover__totaldebt_invcap"", ""edge_GES__asset_turnover__leverage_ratio"", ""edge_GES__debt_ebitda__debt_ratio2"", ""cash_debt"", ""edge_GES__debt_ratio2__debt_ratio"", ""roe"", ""edge_GES__debt_ratio2__roa"", ""edge_GES__asset_turnover__rect_turn"", ""edge_GES__cash_debt__debt_ratio"", ""debt_ratio"", ""edge_GES__debt_ebitda__roe"", ""edge_GES__debt_ratio__leverage_ratio"", ""debt_ratio2"", ""edge_GES__asset_liabilities__roe"", ""edge_GES__roa__roe"", ""edge_GES__debt_ratio2__capitalization_ratio"", ""edge_GES__asset_liabilities__debt_ratio""]"
a6420421a5b42c0b,OFR,GES,40,2,40066,40,"[""edge_GES__debt_ebitda__roa"", ""rect_turn"", ""roe"", ""edge_GES__roa__totaldebt_invcap"", ""edge_GES__debt_ebitda__roe"", ""edge_GES__asset_turnover__rect_turn"", ""leverage_ratio"", ""edge_GES__roa__leverage_ratio"", ""edge_GES__roa__rect_turn"", ""edge_GES__asset_turnover__roe"", ""edge_GES__debt_ratio2__capitalization_ratio"", ""cash_debt"", ""edge_GES__debt_ebitda__debt_ratio2"", ""edge_GES__asset_turnover__capitalization_ratio"", ""edge_GES__debt_ratio2__asset_liabilities"", ""edge_GES__debt_ratio2__debt_ratio"", ""totaldebt_invcap"", ""edge_GES__debt_ratio2__longtermdebt_invcap"", ""edge_GES__debt_ratio__leverage_ratio"", ""asset_turnover"", ""debt_ebitda"", ""edge_GES__cash_debt__rect_turn"", ""asset_liabilities"", ""edge_GES__debt_ratio2__totaldebt_invcap"", ""edge_GES__roa__asset_turnover"", ""longtermdebt_invcap"", ""edge_GES__asset_liabilities__roe"", ""edge_GES__cash_debt__debt_ratio2"", ""edge_GES__cash_debt__longtermdebt_invcap"", ""edge_GES__cash_debt__asset_liabilities"", ""edge_GES__cash_debt__debt_ratio"", ""edge_GES__asset_liabilities__rect_turn"", ""edge_GES__roa__roe"", ""debt_ratio"", ""edge_GES__asset_turnover__totaldebt_invcap"", ""edge_GES__debt_ratio__rect_turn"", ""capitalization_ratio"", ""edge_GES__debt_ratio__roa"", ""edge_GES__debt_ratio2__leverage_ratio"", ""edge_GES__cash_debt__totaldebt_invcap""]"
92d3bada30370d6a,OFR,GES,40,3,40067,40,"[""edge_GES__asset_turnover__totaldebt_invcap"", ""roe"", ""edge_GES__asset_liabilities__debt_ratio"", ""edge_GES__cash_debt__longtermdebt_invcap"", ""edge_GES__debt_ratio__roe"", ""edge_GES__debt_ratio__rect_turn"", ""edge_GES__asset_turnover__capitalization_ratio"", ""edge_GES__debt_ratio__roa"", ""capitalization_ratio"", ""edge_GES__asset_liabilities__leverage_ratio"", ""edge_GES__asset_liabilities__rect_turn"", ""edge_GES__roa__totaldebt_invcap"", ""asset_liabilities"", ""edge_GES__debt_ebitda__debt_ratio2"", ""cash_debt"", ""debt_ratio2"", ""debt_ratio"", ""edge_GES__cash_debt__totaldebt_invcap"", ""edge_GES__debt_ratio__capitalization_ratio"", ""longtermdebt_invcap"", ""leverage_ratio"", ""edge_GES__roa__rect_turn"", ""edge_GES__debt_ratio__leverage_ratio"", ""edge_GES__cash_debt__asset_liabilities"", ""edge_GES__debt_ratio2__totaldebt_invcap"", ""edge_GES__debt_ebitda__roe"", ""edge_GES__debt_ratio2__roa"", ""edge_GES__asset_liabilities__roe"", ""rect_turn"", ""edge_GES__debt_ratio2__debt_ratio"", ""edge_GES__roa__roe"", ""edge_GES__roa__leverage_ratio"", ""edge_GES__debt_ebitda__roa"", ""edge_GES__debt_ratio2__capitalization_ratio"", ""edge_GES__asset_turnover__leverage_ratio"", ""edge_GES__cash_debt__debt_ratio2"", ""edge_GES__roa__asset_turnover"", ""edge_GES__debt_ratio2__asset_liabilities"", ""edge_GES__cash_debt__debt_ratio"", ""edge_GES__asset_turnover__roe""]"
3e737221e7f651ee,OFR,GES,40,4,40068,40,"[""edge_GES__asset_turnover__rect_turn"", ""debt_ratio2"", ""edge_GES__cash_debt__longtermdebt_invcap"", ""edge_GES__roa__roe"", ""asset_liabilities"", ""longtermdebt_invcap"", ""edge_GES__debt_ratio__roe"", ""edge_GES__cash_debt__debt_ratio"", ""debt_ratio"", ""edge_GES__debt_ratio__leverage_ratio"", ""edge_GES__cash_debt__totaldebt_invcap"", ""edge_GES__asset_turnover__roe"", ""edge_GES__roa__totaldebt_invcap"", ""totaldebt_invcap"", ""edge_GES__roa__leverage_ratio"", ""edge_GES__debt_ratio2__capitalization_ratio"", ""edge_GES__debt_ebitda__roe"", ""edge_GES__debt_ratio2__longtermdebt_invcap"", ""rect_turn"", ""edge_GES__cash_debt__debt_ratio2"", ""edge_GES__roa__asset_turnover"", ""roe"", ""edge_GES__cash_debt__asset_liabilities"", ""edge_GES__asset_turnover__leverage_ratio"", ""edge_GES__debt_ratio2__roa"", ""cash_debt"", ""edge_GES__asset_liabilities__roe"", ""edge_GES__debt_ratio__rect_turn"", ""edge_GES__debt_ebitda__roa"", ""capitalization_ratio"", ""edge_GES__debt_ratio2__totaldebt_invcap"", ""edge_GES__debt_ratio2__leverage_ratio"", ""asset_turnover"", ""debt_ebitda"", ""edge_GES__debt_ebitda__debt_ratio2"", ""edge_GES__asset_liabilities__debt_ratio"", ""edge_GES__asset_turnover__capitalization_ratio"", ""edge_GES__debt_ratio__roa"", ""edge_GES__asset_turnover__totaldebt_invcap"", ""edge_GES__asset_liabilities__leverage_ratio""]"
52a6dcf0029d3520,OFR,GES,ALL,0,48064,48,"[""edge_GES__debt_ratio2__asset_liabilities"", ""edge_GES__debt_ratio2__leverage_ratio"", ""roe"", ""longtermdebt_invcap"", ""cash_debt"", ""edge_GES__cash_debt__rect_turn"", ""asset_liabilities"", ""edge_GES__roa__totaldebt_invcap"", ""edge_GES__roa__asset_turnover"", ""debt_ratio2"", ""asset_turnover"", ""edge_GES__debt_ratio2__debt_ratio"", ""capitalization_ratio"", ""leverage_ratio"", ""edge_GES__asset_turnover__capitalization_ratio"", ""edge_GES__cash_debt__totaldebt_invcap"", ""edge_GES__debt_ratio2__roa"", ""edge_GES__debt_ratio__capitalization_ratio"", ""edge_GES__debt_ebitda__roa"", ""edge_GES__asset_liabilities__rect_turn"", ""totaldebt_invcap"", ""edge_GES__debt_ratio__rect_turn"", ""edge_GES__asset_turnover__rect_turn"", ""edge_GES__asset_turnover__roe"", ""edge_GES__roa__rect_turn"", ""edge_GES__debt_ebitda__roe"", ""edge_GES__roa__leverage_ratio"", ""edge_GES__debt_ebitda__debt_ratio2"", ""roa"", ""edge_GES__asset_turnover__totaldebt_invcap"", ""edge_GES__debt_ratio2__capitalization_ratio"", ""edge_GES__asset_liabilities__debt_ratio"", ""edge_GES__debt_ratio__leverage_ratio"", ""debt_ratio"", ""edge_GES__debt_ratio2__longtermdebt_invcap"", ""edge_GES__debt_ratio__roa"", ""debt_ebitda"", ""edge_GES__cash_debt__longtermdebt_invcap"", ""edge_GES__asset_liabilities__leverage_ratio"", ""edge_GES__debt_ratio__roe"", ""edge_GES__roa__roe"", ""edge_GES__cash_debt__debt_ratio2"", ""edge_GES__cash_debt__asset_liabilities"", ""rect_turn"", ""edge_GES__debt_ratio2__totaldebt_invcap"", ""edge_GES__asset_turnover__leverage_ratio"", ""edge_GES__cash_debt__debt_ratio"", ""edge_GES__asset_liabilities__roe""]"
d174b2aee7ebb5bc,OFR,GES,ALL,1,48065,48,"[""edge_GES__cash_debt__rect_turn"", ""cash_debt"", ""edge_GES__asset_turnover__leverage_ratio"", ""edge_GES__cash_debt__totaldebt_invcap"", ""totaldebt_invcap"", ""edge_GES__debt_ratio__roe"", ""edge_GES__asset_turnover__rect_turn"", ""edge_GES__debt_ratio2__roa"", ""edge_GES__debt_ebitda__roa"", ""edge_GES__debt_ebitda__debt_ratio2"", ""asset_liabilities"", ""edge_GES__asset_turnover__capitalization_ratio"", ""debt_ebitda"", ""rect_turn"", ""roa"", ""edge_GES__asset_liabilities__leverage_ratio"", ""asset_turnover"", ""edge_GES__asset_liabilities__rect_turn"", ""edge_GES__debt_ratio__leverage_ratio"", ""edge_GES__debt_ratio2__longtermdebt_invcap"", ""edge_GES__debt_ratio2__totaldebt_invcap"", ""edge_GES__roa__leverage_ratio"", ""edge_GES__cash_debt__asset_liabilities"", ""edge_GES__roa__rect_turn"", ""edge_GES__asset_liabilities__debt_ratio"", ""edge_GES__debt_ratio2__asset_liabilities"", ""roe"", ""leverage_ratio"", ""edge_GES__asset_turnover__roe"", ""edge_GES__roa__totaldebt_invcap"", ""edge_GES__asset_liabilities__roe"", ""edge_GES__roa__asset_turnover"", ""edge_GES__debt_ratio2__debt_ratio"", ""edge_GES__roa__roe"", ""edge_GES__debt_ratio__rect_turn"", ""edge_GES__debt_ebitda__roe"", ""edge_GES__cash_debt__debt_ratio2"", ""edge_GES__asset_turnover__totaldebt_invcap"", ""capitalization_ratio"", ""edge_GES__cash_debt__longtermdebt_invcap"", ""edge_GES__debt_ratio__capitalization_ratio"", ""edge_GES__debt_ratio2__capitalization_ratio"", ""debt_ratio2"", ""edge_GES__cash_debt__debt_ratio"", ""edge_GES__debt_ratio__roa"", ""longtermdebt_invcap"", ""edge_GES__debt_ratio2__leverage_ratio"", ""debt_ratio""]"
d449d4b7d4efb0af,OFR,GES,ALL,2,48066,48,"[""edge_GES__debt_ratio__roa"", ""edge_GES__debt_ratio2__roa"", ""edge_GES__debt_ratio__capitalization_ratio"", ""edge_GES__cash_debt__totaldebt_invcap"", ""edge_GES__roa__asset_turnover"", ""leverage_ratio"", ""edge_GES__debt_ratio2__asset_liabilities"", ""asset_liabilities"", ""edge_GES__debt_ratio__roe"", ""edge_GES__asset_liabilities__roe"", ""edge_GES__cash_debt__longtermdebt_invcap"", ""edge_GES__debt_ratio2__totaldebt_invcap"", ""capitalization_ratio"", ""edge_GES__debt_ratio2__leverage_ratio"", ""edge_GES__debt_ebitda__roa"", ""cash_debt"", ""edge_GES__debt_ebitda__roe"", ""asset_turnover"", ""edge_GES__asset_liabilities__leverage_ratio"", ""edge_GES__asset_turnover__leverage_ratio"", ""totaldebt_invcap"", ""edge_GES__debt_ratio__rect_turn"", ""edge_GES__debt_ebitda__debt_ratio2"", ""longtermdebt_invcap"", ""debt_ratio2"", ""edge_GES__debt_ratio2__longtermdebt_invcap"", ""edge_GES__asset_turnover__totaldebt_invcap"", ""edge_GES__asset_turnover__roe"", ""edge_GES__roa__rect_turn"", ""edge_GES__roa__leverage_ratio"", ""roa"", ""edge_GES__cash_debt__rect_turn"", ""debt_ratio"", ""roe"", ""edge_GES__roa__totaldebt_invcap"", ""rect_turn"", ""edge_GES__debt_ratio2__capitalization_ratio"", ""edge_GES__asset_turnover__capitalization_ratio"", ""edge_GES__debt_ratio2__debt_ratio"", ""edge_GES__debt_ratio__leverage_ratio"", ""edge_GES__cash_debt__debt_ratio"", ""edge_GES__roa__roe"", ""edge_GES__cash_debt__debt_ratio2"", ""edge_GES__asset_liabilities__debt_ratio"", ""edge_GES__cash_debt__asset_liabilities"", ""edge_GES__asset_turnover__rect_turn"", ""debt_ebitda"", ""edge_GES__asset_liabilities__rect_turn""]"
cd3ef10bb9606641,OFR,GES,ALL,3,48067,48,"[""edge_GES__roa__rect_turn"", ""edge_GES__asset_liabilities__roe"", ""edge_GES__debt_ebitda__debt_ratio2"", ""edge_GES__debt_ratio__rect_turn"", ""edge_GES__debt_ratio__roa"", ""edge_GES__asset_turnover__capitalization_ratio"", ""edge_GES__debt_ratio2__totaldebt_invcap"", ""edge_GES__debt_ratio2__roa"", ""edge_GES__asset_liabilities__debt_ratio"", ""edge_GES__asset_turnover__roe"", ""edge_GES__debt_ratio2__debt_ratio"", ""edge_GES__debt_ratio__roe"", ""cash_debt"", ""edge_GES__cash_debt__longtermdebt_invcap"", ""edge_GES__debt_ebitda__roe"", ""edge_GES__roa__roe"", ""edge_GES__debt_ratio__capitalization_ratio"", ""edge_GES__debt_ratio2__leverage_ratio"", ""edge_GES__debt_ratio2__capitalization_ratio"", ""edge_GES__cash_debt__totaldebt_invcap"", ""edge_GES__debt_ratio2__longtermdebt_invcap"", ""edge_GES__roa__totaldebt_invcap"", ""asset_liabilities"", ""edge_GES__asset_liabilities__rect_turn"", ""capitalization_ratio"", ""totaldebt_invcap"", ""edge_GES__asset_turnover__rect_turn"", ""debt_ebitda"", ""edge_GES__cash_debt__debt_ratio2"", ""asset_turnover"", ""edge_GES__debt_ebitda__roa"", ""roa"", ""edge_GES__cash_debt__rect_turn"", ""edge_GES__asset_liabilities__leverage_ratio"", ""edge_GES__roa__asset_turnover"", ""edge_GES__asset_turnover__totaldebt_invcap"", ""rect_turn"", ""edge_GES__cash_debt__debt_ratio"", ""leverage_ratio"", ""edge_GES__asset_turnover__leverage_ratio"", ""debt_ratio2"", ""roe"", ""debt_ratio"", ""edge_GES__roa__leverage_ratio"", ""edge_GES__debt_ratio__leverage_ratio"", ""longtermdebt_invcap"", ""edge_GES__debt_ratio2__asset_liabilities"", ""edge_GES__cash_debt__asset_liabilities""]"
de8353faf654fde9,OFR,GES,ALL,4,48068,48,"[""edge_GES__debt_ratio2__asset_liabilities"", ""edge_GES__asset_liabilities__debt_ratio"", ""capitalization_ratio"", ""totaldebt_invcap"", ""edge_GES__cash_debt__asset_liabilities"", ""edge_GES__debt_ratio__roe"", ""edge_GES__cash_debt__debt_ratio"", ""edge_GES__roa__asset_turnover"", ""longtermdebt_invcap"", ""edge_GES__debt_ebitda__debt_ratio2"", ""edge_GES__debt_ratio__leverage_ratio"", ""edge_GES__asset_turnover__rect_turn"", ""debt_ratio"", ""edge_GES__debt_ebitda__roe"", ""edge_GES__cash_debt__longtermdebt_invcap"", ""edge_GES__debt_ratio__roa"", ""roe"", ""rect_turn"", ""edge_GES__roa__leverage_ratio"", ""edge_GES__debt_ratio__rect_turn"", ""edge_GES__debt_ratio2__longtermdebt_invcap"", ""edge_GES__debt_ratio__capitalization_ratio"", ""cash_debt"", ""edge_GES__asset_liabilities__roe"", ""edge_GES__roa__roe"", ""edge_GES__asset_turnover__totaldebt_invcap"", ""edge_GES__debt_ratio2__roa"", ""asset_turnover"", ""debt_ratio2"", ""debt_ebitda"", ""edge_GES__debt_ratio2__capitalization_ratio"", ""edge_GES__roa__totaldebt_invcap"", ""roa"", ""edge_GES__asset_liabilities__rect_turn"", ""edge_GES__cash_debt__debt_ratio2"", ""edge_GES__cash_debt__rect_turn"", ""edge_GES__asset_turnover__leverage_ratio"", ""edge_GES__debt_ebitda__roa"", ""edge_GES__asset_liabilities__leverage_ratio"", ""edge_GES__cash_debt__totaldebt_invcap"", ""leverage_ratio"", ""edge_GES__debt_ratio2__leverage_ratio"", ""edge_GES__debt_ratio2__debt_ratio"", ""edge_GES__roa__rect_turn"", ""edge_GES__asset_turnover__roe"", ""edge_GES__debt_ratio2__totaldebt_invcap"", ""asset_liabilities"", ""edge_GES__asset_turnover__capitalization_ratio""]"
5d44aec594d57af8,F,GOLEM,1,,,1,"[""edge_GOLEM__debt_ratio__asset_liabilities""]"
1764f1430f80689c,OF,GOLEM,1,,,14,"[""leverage_ratio"", ""asset_liabilities"", ""roe"", ""asset_turnover"", ""debt_ratio"", ""debt_ratio2"", ""roa"", ""capitalization_ratio"", ""longtermdebt_invcap"", ""totaldebt_invcap"", ""cash_debt"", ""debt_ebitda"", ""rect_turn"", ""edge_GOLEM__debt_ratio__asset_liabilities""]"
140b79aa06813104,F,GOLEM,2,,,2,"[""edge_GOLEM__debt_ratio__asset_liabilities"", ""edge_GOLEM__debt_ratio__rect_turn""]"
a6c4d708f5adb6d5,OF,GOLEM,2,,,15,"[""leverage_ratio"", ""asset_liabilities"", ""roe"", ""asset_turnover"", ""debt_ratio"", ""debt_ratio2"", ""roa"", ""capitalization_ratio"", ""longtermdebt_invcap"", ""totaldebt_invcap"", ""cash_debt"", ""debt_ebitda"", ""rect_turn"", ""edge_GOLEM__debt_ratio__asset_liabilities"", ""edge_GOLEM__debt_ratio__rect_turn""]"
5932bb55e9f26353,F,GOLEM,3,,,3,"[""edge_GOLEM__debt_ratio__asset_liabilities"", ""edge_GOLEM__debt_ratio__rect_turn"", ""edge_GOLEM__roa__asset_turnover""]"
72486b97342b5a81,OF,GOLEM,3,,,16,"[""leverage_ratio"", ""asset_liabilities"", ""roe"", ""asset_turnover"", ""debt_ratio"", ""debt_ratio2"", ""roa"", ""capitalization_ratio"", ""longtermdebt_invcap"", ""totaldebt_invcap"", ""cash_debt"", ""debt_ebitda"", ""rect_turn"", ""edge_GOLEM__debt_ratio__asset_liabilities"", ""edge_GOLEM__debt_ratio__rect_turn"", ""edge_GOLEM__roa__asset_turnover""]"
fe6d7575b1d442f2,F,GOLEM,4,,,4,"[""edge_GOLEM__debt_ratio__asset_liabilities"", ""edge_GOLEM__debt_ratio__rect_turn"", ""edge_GOLEM__roa__asset_turnover"", ""edge_GOLEM__roa__rect_turn""]"
283d566f7c427ce1,OF,GOLEM,4,,,17,"[""leverage_ratio"", ""asset_liabilities"", ""roe"", ""asset_turnover"", ""debt_ratio"", ""debt_ratio2"", ""roa"", ""capitalization_ratio"", ""longtermdebt_invcap"", ""totaldebt_invcap"", ""cash_debt"", ""debt_ebitda"", ""rect_turn"", ""edge_GOLEM__debt_ratio__asset_liabilities"", ""edge_GOLEM__debt_ratio__rect_turn"", ""edge_GOLEM__roa__asset_turnover"", ""edge_GOLEM__roa__rect_turn""]"
d91dafb8999ed110,F,GOLEM,5,,,5,"[""edge_GOLEM__debt_ratio__asset_liabilities"", ""edge_GOLEM__debt_ratio__rect_turn"", ""edge_GOLEM__roa__asset_turnover"", ""edge_GOLEM__roa__rect_turn"", ""edge_GOLEM__rect_turn__asset_turnover""]"
648fe30c933c651d,OF,GOLEM,5,,,18,"[""leverage_ratio"", ""asset_liabilities"", ""roe"", ""asset_turnover"", ""debt_ratio"", ""debt_ratio2"", ""roa"", ""capitalization_ratio"", ""longtermdebt_invcap"", ""totaldebt_invcap"", ""cash_debt"", ""debt_ebitda"", ""rect_turn"", ""edge_GOLEM__debt_ratio__asset_liabilities"", ""edge_GOLEM__debt_ratio__rect_turn"", ""edge_GOLEM__roa__asset_turnover"", ""edge_GOLEM__roa__rect_turn"", ""edge_GOLEM__rect_turn__asset_turnover""]"
b5a36bb5b1ae7ab4,F,GOLEM,6,,,6,"[""edge_GOLEM__debt_ratio__asset_liabilities"", ""edge_GOLEM__debt_ratio__rect_turn"", ""edge_GOLEM__roa__asset_turnover"", ""edge_GOLEM__roa__rect_turn"", ""edge_GOLEM__rect_turn__asset_turnover"", ""edge_GOLEM__roa__roe""]"
47ac225f8366a49b,OF,GOLEM,6,,,19,"[""leverage_ratio"", ""asset_liabilities"", ""roe"", ""asset_turnover"", ""debt_ratio"", ""debt_ratio2"", ""roa"", ""capitalization_ratio"", ""longtermdebt_invcap"", ""totaldebt_invcap"", ""cash_debt"", ""debt_ebitda"", ""rect_turn"", ""edge_GOLEM__debt_ratio__asset_liabilities"", ""edge_GOLEM__debt_ratio__rect_turn"", ""edge_GOLEM__roa__asset_turnover"", ""edge_GOLEM__roa__rect_turn"", ""edge_GOLEM__rect_turn__asset_turnover"", ""edge_GOLEM__roa__roe""]"
6e8b26da04cb79b4,F,GOLEM,7,,,7,"[""edge_GOLEM__debt_ratio__asset_liabilities"", ""edge_GOLEM__debt_ratio__rect_turn"", ""edge_GOLEM__roa__asset_turnover"", ""edge_GOLEM__roa__rect_turn"", ""edge_GOLEM__rect_turn__asset_turnover"", ""edge_GOLEM__roa__roe"", ""edge_GOLEM__rect_turn__asset_liabilities""]"
8df3c6eaed0221da,OF,GOLEM,7,,,20,"[""leverage_ratio"", ""asset_liabilities"", ""roe"", ""asset_turnover"", ""debt_ratio"", ""debt_ratio2"", ""roa"", ""capitalization_ratio"", ""longtermdebt_invcap"", ""totaldebt_invcap"", ""cash_debt"", ""debt_ebitda"", ""rect_turn"", ""edge_GOLEM__debt_ratio__asset_liabilities"", ""edge_GOLEM__debt_ratio__rect_turn"", ""edge_GOLEM__roa__asset_turnover"", ""edge_GOLEM__roa__rect_turn"", ""edge_GOLEM__rect_turn__asset_turnover"", ""edge_GOLEM__roa__roe"", ""edge_GOLEM__rect_turn__asset_liabilities""]"
688de5612780ce0a,F,GOLEM,8,,,8,"[""edge_GOLEM__debt_ratio__asset_liabilities"", ""edge_GOLEM__debt_ratio__rect_turn"", ""edge_GOLEM__roa__asset_turnover"", ""edge_GOLEM__roa__rect_turn"", ""edge_GOLEM__rect_turn__asset_turnover"", ""edge_GOLEM__roa__roe"", ""edge_GOLEM__rect_turn__asset_liabilities"", ""edge_GOLEM__debt_ratio__leverage_ratio""]"
ec85353a21c9d2f4,OF,GOLEM,8,,,21,"[""leverage_ratio"", ""asset_liabilities"", ""roe"", ""asset_turnover"", ""debt_ratio"", ""debt_ratio2"", ""roa"", ""capitalization_ratio"", ""longtermdebt_invcap"", ""totaldebt_invcap"", ""cash_debt"", ""debt_ebitda"", ""rect_turn"", ""edge_GOLEM__debt_ratio__asset_liabilities"", ""edge_GOLEM__debt_ratio__rect_turn"", ""edge_GOLEM__roa__asset_turnover"", ""edge_GOLEM__roa__rect_turn"", ""edge_GOLEM__rect_turn__asset_turnover"", ""edge_GOLEM__roa__roe"", ""edge_GOLEM__rect_turn__asset_liabilities"", ""edge_GOLEM__debt_ratio__leverage_ratio""]"
0dab5d0cf7d47bc3,F,GOLEM,9,,,9,"[""edge_GOLEM__debt_ratio__asset_liabilities"", ""edge_GOLEM__debt_ratio__rect_turn"", ""edge_GOLEM__roa__asset_turnover"", ""edge_GOLEM__roa__rect_turn"", ""edge_GOLEM__rect_turn__asset_turnover"", ""edge_GOLEM__roa__roe"", ""edge_GOLEM__rect_turn__asset_liabilities"", ""edge_GOLEM__debt_ratio__leverage_ratio"", ""edge_GOLEM__debt_ratio2__totaldebt_invcap""]"
0c4c0616521c3b2a,OF,GOLEM,9,,,22,"[""leverage_ratio"", ""asset_liabilities"", ""roe"", ""asset_turnover"", ""debt_ratio"", ""debt_ratio2"", ""roa"", ""capitalization_ratio"", ""longtermdebt_invcap"", ""totaldebt_invcap"", ""cash_debt"", ""debt_ebitda"", ""rect_turn"", ""edge_GOLEM__debt_ratio__asset_liabilities"", ""edge_GOLEM__debt_ratio__rect_turn"", ""edge_GOLEM__roa__asset_turnover"", ""edge_GOLEM__roa__rect_turn"", ""edge_GOLEM__rect_turn__asset_turnover"", ""edge_GOLEM__roa__roe"", ""edge_GOLEM__rect_turn__asset_liabilities"", ""edge_GOLEM__debt_ratio__leverage_ratio"", ""edge_GOLEM__debt_ratio2__totaldebt_invcap""]"
7f59bd501c3dbaab,F,GOLEM,10,,,10,"[""edge_GOLEM__debt_ratio__asset_liabilities"", ""edge_GOLEM__debt_ratio__rect_turn"", ""edge_GOLEM__roa__asset_turnover"", ""edge_GOLEM__roa__rect_turn"", ""edge_GOLEM__rect_turn__asset_turnover"", ""edge_GOLEM__roa__roe"", ""edge_GOLEM__rect_turn__asset_liabilities"", ""edge_GOLEM__debt_ratio__leverage_ratio"", ""edge_GOLEM__debt_ratio2__totaldebt_invcap"", ""edge_GOLEM__capitalization_ratio__longtermdebt_invcap""]"
7d9a63074f68ccad,OF,GOLEM,10,,,23,"[""leverage_ratio"", ""asset_liabilities"", ""roe"", ""asset_turnover"", ""debt_ratio"", ""debt_ratio2"", ""roa"", ""capitalization_ratio"", ""longtermdebt_invcap"", ""totaldebt_invcap"", ""cash_debt"", ""debt_ebitda"", ""rect_turn"", ""edge_GOLEM__debt_ratio__asset_liabilities"", ""edge_GOLEM__debt_ratio__rect_turn"", ""edge_GOLEM__roa__asset_turnover"", ""edge_GOLEM__roa__rect_turn"", ""edge_GOLEM__rect_turn__asset_turnover"", ""edge_GOLEM__roa__roe"", ""edge_GOLEM__rect_turn__asset_liabilities"", ""edge_GOLEM__debt_ratio__leverage_ratio"", ""edge_GOLEM__debt_ratio2__totaldebt_invcap"", ""edge_GOLEM__capitalization_ratio__longtermdebt_invcap""]"
0511ae592ab833b7,F,GOLEM,11,,,11,"[""edge_GOLEM__debt_ratio__asset_liabilities"", ""edge_GOLEM__debt_ratio__rect_turn"", ""edge_GOLEM__roa__asset_turnover"", ""edge_GOLEM__roa__rect_turn"", ""edge_GOLEM__rect_turn__asset_turnover"", ""edge_GOLEM__roa__roe"", ""edge_GOLEM__rect_turn__asset_liabilities"", ""edge_GOLEM__debt_ratio__leverage_ratio"", ""edge_GOLEM__debt_ratio2__totaldebt_invcap"", ""edge_GOLEM__capitalization_ratio__longtermdebt_invcap"", ""edge_GOLEM__debt_ratio2__capitalization_ratio""]"
18138564e117358f,OF,GOLEM,11,,,24,"[""leverage_ratio"", ""asset_liabilities"", ""roe"", ""asset_turnover"", ""debt_ratio"", ""debt_ratio2"", ""roa"", ""capitalization_ratio"", ""longtermdebt_invcap"", ""totaldebt_invcap"", ""cash_debt"", ""debt_ebitda"", ""rect_turn"", ""edge_GOLEM__debt_ratio__asset_liabilities"", ""edge_GOLEM__debt_ratio__rect_turn"", ""edge_GOLEM__roa__asset_turnover"", ""edge_GOLEM__roa__rect_turn"", ""edge_GOLEM__rect_turn__asset_turnover"", ""edge_GOLEM__roa__roe"", ""edge_GOLEM__rect_turn__asset_liabilities"", ""edge_GOLEM__debt_ratio__leverage_ratio"", ""edge_GOLEM__debt_ratio2__totaldebt_invcap"", ""edge_GOLEM__capitalization_ratio__longtermdebt_invcap"", ""edge_GOLEM__debt_ratio2__capitalization_ratio""]"
96fce1d1ba2fa699,F,GOLEM,12,,,12,"[""edge_GOLEM__debt_ratio__asset_liabilities"", ""edge_GOLEM__debt_ratio__rect_turn"", ""edge_GOLEM__roa__asset_turnover"", ""edge_GOLEM__roa__rect_turn"", ""edge_GOLEM__rect_turn__asset_turnover"", ""edge_GOLEM__roa__roe"", ""edge_GOLEM__rect_turn__asset_liabilities"", ""edge_GOLEM__debt_ratio__leverage_ratio"", ""edge_GOLEM__debt_ratio2__totaldebt_invcap"", ""edge_GOLEM__capitalization_ratio__longtermdebt_invcap"", ""edge_GOLEM__debt_ratio2__capitalization_ratio"", ""edge_GOLEM__capitalization_ratio__totaldebt_invcap""]"
215b222793dcdbfb,OF,GOLEM,12,,,25,"[""leverage_ratio"", ""asset_liabilities"", ""roe"", ""asset_turnover"", ""debt_ratio"", ""debt_ratio2"", ""roa"", ""capitalization_ratio"", ""longtermdebt_invcap"", ""totaldebt_invcap"", ""cash_debt"", ""debt_ebitda"", ""rect_turn"", ""edge_GOLEM__debt_ratio__asset_liabilities"", ""edge_GOLEM__debt_ratio__rect_turn"", ""edge_GOLEM__roa__asset_turnover"", ""edge_GOLEM__roa__rect_turn"", ""edge_GOLEM__rect_turn__asset_turnover"", ""edge_GOLEM__roa__roe"", ""edge_GOLEM__rect_turn__asset_liabilities"", ""edge_GOLEM__debt_ratio__leverage_ratio"", ""edge_GOLEM__debt_ratio2__totaldebt_invcap"", ""edge_GOLEM__capitalization_ratio__longtermdebt_invcap"", ""edge_GOLEM__debt_ratio2__capitalization_ratio"", ""edge_GOLEM__capitalization_ratio__totaldebt_invcap""]"
da2acca4fb88b2aa,F,GOLEM,13,,,13,"[""edge_GOLEM__debt_ratio__asset_liabilities"", ""edge_GOLEM__debt_ratio__rect_turn"", ""edge_GOLEM__roa__asset_turnover"", ""edge_GOLEM__roa__rect_turn"", ""edge_GOLEM__rect_turn__asset_turnover"", ""edge_GOLEM__roa__roe"", ""edge_GOLEM__rect_turn__asset_liabilities"", ""edge_GOLEM__debt_ratio__leverage_ratio"", ""edge_GOLEM__debt_ratio2__totaldebt_invcap"", ""edge_GOLEM__capitalization_ratio__longtermdebt_invcap"", ""edge_GOLEM__debt_ratio2__capitalization_ratio"", ""edge_GOLEM__capitalization_ratio__totaldebt_invcap"", ""edge_GOLEM__roa__debt_ratio""]"
472fc3f159d772f3,OF,GOLEM,13,,,26,"[""leverage_ratio"", ""asset_liabilities"", ""roe"", ""asset_turnover"", ""debt_ratio"", ""debt_ratio2"", ""roa"", ""capitalization_ratio"", ""longtermdebt_invcap"", ""totaldebt_invcap"", ""cash_debt"", ""debt_ebitda"", ""rect_turn"", ""edge_GOLEM__debt_ratio__asset_liabilities"", ""edge_GOLEM__debt_ratio__rect_turn"", ""edge_GOLEM__roa__asset_turnover"", ""edge_GOLEM__roa__rect_turn"", ""edge_GOLEM__rect_turn__asset_turnover"", ""edge_GOLEM__roa__roe"", ""edge_GOLEM__rect_turn__asset_liabilities"", ""edge_GOLEM__debt_ratio__leverage_ratio"", ""edge_GOLEM__debt_ratio2__totaldebt_invcap"", ""edge_GOLEM__capitalization_ratio__longtermdebt_invcap"", ""edge_GOLEM__debt_ratio2__capitalization_ratio"", ""edge_GOLEM__capitalization_ratio__totaldebt_invcap"", ""edge_GOLEM__roa__debt_ratio""]"
40021117058bf5f8,F,GOLEM,14,,,14,"[""edge_GOLEM__debt_ratio__asset_liabilities"", ""edge_GOLEM__debt_ratio__rect_turn"", ""edge_GOLEM__roa__asset_turnover"", ""edge_GOLEM__roa__rect_turn"", ""edge_GOLEM__rect_turn__asset_turnover"", ""edge_GOLEM__roa__roe"", ""edge_GOLEM__rect_turn__asset_liabilities"", ""edge_GOLEM__debt_ratio__leverage_ratio"", ""edge_GOLEM__debt_ratio2__totaldebt_invcap"", ""edge_GOLEM__capitalization_ratio__longtermdebt_invcap"", ""edge_GOLEM__debt_ratio2__capitalization_ratio"", ""edge_GOLEM__capitalization_ratio__totaldebt_invcap"", ""edge_GOLEM__roa__debt_ratio"", ""edge_GOLEM__leverage_ratio__totaldebt_invcap""]"
4bae1f31c7f9b591,OF,GOLEM,14,,,27,"[""leverage_ratio"", ""asset_liabilities"", ""roe"", ""asset_turnover"", ""debt_ratio"", ""debt_ratio2"", ""roa"", ""capitalization_ratio"", ""longtermdebt_invcap"", ""totaldebt_invcap"", ""cash_debt"", ""debt_ebitda"", ""rect_turn"", ""edge_GOLEM__debt_ratio__asset_liabilities"", ""edge_GOLEM__debt_ratio__rect_turn"", ""edge_GOLEM__roa__asset_turnover"", ""edge_GOLEM__roa__rect_turn"", ""edge_GOLEM__rect_turn__asset_turnover"", ""edge_GOLEM__roa__roe"", ""edge_GOLEM__rect_turn__asset_liabilities"", ""edge_GOLEM__debt_ratio__leverage_ratio"", ""edge_GOLEM__debt_ratio2__totaldebt_invcap"", ""edge_GOLEM__capitalization_ratio__longtermdebt_invcap"", ""edge_GOLEM__debt_ratio2__capitalization_ratio"", ""edge_GOLEM__capitalization_ratio__totaldebt_invcap"", ""edge_GOLEM__roa__debt_ratio"", ""edge_GOLEM__leverage_ratio__totaldebt_invcap""]"
06292a569571a05e,F,GOLEM,15,,,15,"[""edge_GOLEM__debt_ratio__asset_liabilities"", ""edge_GOLEM__debt_ratio__rect_turn"", ""edge_GOLEM__roa__asset_turnover"", ""edge_GOLEM__roa__rect_turn"", ""edge_GOLEM__rect_turn__asset_turnover"", ""edge_GOLEM__roa__roe"", ""edge_GOLEM__rect_turn__asset_liabilities"", ""edge_GOLEM__debt_ratio__leverage_ratio"", ""edge_GOLEM__debt_ratio2__totaldebt_invcap"", ""edge_GOLEM__capitalization_ratio__longtermdebt_invcap"", ""edge_GOLEM__debt_ratio2__capitalization_ratio"", ""edge_GOLEM__capitalization_ratio__totaldebt_invcap"", ""edge_GOLEM__roa__debt_ratio"", ""edge_GOLEM__leverage_ratio__totaldebt_invcap"", ""edge_GOLEM__longtermdebt_invcap__totaldebt_invcap""]"
6c0c6915847c8118,OF,GOLEM,15,,,28,"[""leverage_ratio"", ""asset_liabilities"", ""roe"", ""asset_turnover"", ""debt_ratio"", ""debt_ratio2"", ""roa"", ""capitalization_ratio"", ""longtermdebt_invcap"", ""totaldebt_invcap"", ""cash_debt"", ""debt_ebitda"", ""rect_turn"", ""edge_GOLEM__debt_ratio__asset_liabilities"", ""edge_GOLEM__debt_ratio__rect_turn"", ""edge_GOLEM__roa__asset_turnover"", ""edge_GOLEM__roa__rect_turn"", ""edge_GOLEM__rect_turn__asset_turnover"", ""edge_GOLEM__roa__roe"", ""edge_GOLEM__rect_turn__asset_liabilities"", ""edge_GOLEM__debt_ratio__leverage_ratio"", ""edge_GOLEM__debt_ratio2__totaldebt_invcap"", ""edge_GOLEM__capitalization_ratio__longtermdebt_invcap"", ""edge_GOLEM__debt_ratio2__capitalization_ratio"", ""edge_GOLEM__capitalization_ratio__totaldebt_invcap"", ""edge_GOLEM__roa__debt_ratio"", ""edge_GOLEM__leverage_ratio__totaldebt_invcap"", ""edge_GOLEM__longtermdebt_invcap__totaldebt_invcap""]"
b7b5c4109c72032c,F,GOLEM,16,,,16,"[""edge_GOLEM__debt_ratio__asset_liabilities"", ""edge_GOLEM__debt_ratio__rect_turn"", ""edge_GOLEM__roa__asset_turnover"", ""edge_GOLEM__roa__rect_turn"", ""edge_GOLEM__rect_turn__asset_turnover"", ""edge_GOLEM__roa__roe"", ""edge_GOLEM__rect_turn__asset_liabilities"", ""edge_GOLEM__debt_ratio__leverage_ratio"", ""edge_GOLEM__debt_ratio2__totaldebt_invcap"", ""edge_GOLEM__capitalization_ratio__longtermdebt_invcap"", ""edge_GOLEM__debt_ratio2__capitalization_ratio"", ""edge_GOLEM__capitalization_ratio__totaldebt_invcap"", ""edge_GOLEM__roa__debt_ratio"", ""edge_GOLEM__leverage_ratio__totaldebt_invcap"", ""edge_GOLEM__longtermdebt_invcap__totaldebt_invcap"", ""edge_GOLEM__debt_ratio2__debt_ebitda""]"
b3a50edf227de16f,OF,GOLEM,16,,,29,"[""leverage_ratio"", ""asset_liabilities"", ""roe"", ""asset_turnover"", ""debt_ratio"", ""debt_ratio2"", ""roa"", ""capitalization_ratio"", ""longtermdebt_invcap"", ""totaldebt_invcap"", ""cash_debt"", ""debt_ebitda"", ""rect_turn"", ""edge_GOLEM__debt_ratio__asset_liabilities"", ""edge_GOLEM__debt_ratio__rect_turn"", ""edge_GOLEM__roa__asset_turnover"", ""edge_GOLEM__roa__rect_turn"", ""edge_GOLEM__rect_turn__asset_turnover"", ""edge_GOLEM__roa__roe"", ""edge_GOLEM__rect_turn__asset_liabilities"", ""edge_GOLEM__debt_ratio__leverage_ratio"", ""edge_GOLEM__debt_ratio2__totaldebt_invcap"", ""edge_GOLEM__capitalization_ratio__longtermdebt_invcap"", ""edge_GOLEM__debt_ratio2__capitalization_ratio"", ""edge_GOLEM__capitalization_ratio__totaldebt_invcap"", ""edge_GOLEM__roa__debt_ratio"", ""edge_GOLEM__leverage_ratio__totaldebt_invcap"", ""edge_GOLEM__longtermdebt_invcap__totaldebt_invcap"", ""edge_GOLEM__debt_ratio2__debt_ebitda""]"
3a806dc9661ea3e8,F,GOLEM,17,,,17,"[""edge_GOLEM__debt_ratio__asset_liabilities"", ""edge_GOLEM__debt_ratio__rect_turn"", ""edge_GOLEM__roa__asset_turnover"", ""edge_GOLEM__roa__rect_turn"", ""edge_GOLEM__rect_turn__asset_turnover"", ""edge_GOLEM__roa__roe"", ""edge_GOLEM__rect_turn__asset_liabilities"", ""edge_GOLEM__debt_ratio__leverage_ratio"", ""edge_GOLEM__debt_ratio2__totaldebt_invcap"", ""edge_GOLEM__capitalization_ratio__longtermdebt_invcap"", ""edge_GOLEM__debt_ratio2__capitalization_ratio"", ""edge_GOLEM__capitalization_ratio__totaldebt_invcap"", ""edge_GOLEM__roa__debt_ratio"", ""edge_GOLEM__leverage_ratio__totaldebt_invcap"", ""edge_GOLEM__longtermdebt_invcap__totaldebt_invcap"", ""edge_GOLEM__debt_ratio2__debt_ebitda"", ""edge_GOLEM__debt_ratio2__rect_turn""]"
77593e6cf28cc0b7,OF,GOLEM,17,,,30,"[""leverage_ratio"", ""asset_liabilities"", ""roe"", ""asset_turnover"", ""debt_ratio"", ""debt_ratio2"", ""roa"", ""capitalization_ratio"", ""longtermdebt_invcap"", ""totaldebt_invcap"", ""cash_debt"", ""debt_ebitda"", ""rect_turn"", ""edge_GOLEM__debt_ratio__asset_liabilities"", ""edge_GOLEM__debt_ratio__rect_turn"", ""edge_GOLEM__roa__asset_turnover"", ""edge_GOLEM__roa__rect_turn"", ""edge_GOLEM__rect_turn__asset_turnover"", ""edge_GOLEM__roa__roe"", ""edge_GOLEM__rect_turn__asset_liabilities"", ""edge_GOLEM__debt_ratio__leverage_ratio"", ""edge_GOLEM__debt_ratio2__totaldebt_invcap"", ""edge_GOLEM__capitalization_ratio__longtermdebt_invcap"", ""edge_GOLEM__debt_ratio2__capitalization_ratio"", ""edge_GOLEM__capitalization_ratio__totaldebt_invcap"", ""edge_GOLEM__roa__debt_ratio"", ""edge_GOLEM__leverage_ratio__totaldebt_invcap"", ""edge_GOLEM__longtermdebt_invcap__totaldebt_invcap"", ""edge_GOLEM__debt_ratio2__debt_ebitda"", ""edge_GOLEM__debt_ratio2__rect_turn""]"
823207e695be1ff0,F,GOLEM,18,,,18,"[""edge_GOLEM__debt_ratio__asset_liabilities"", ""edge_GOLEM__debt_ratio__rect_turn"", ""edge_GOLEM__roa__asset_turnover"", ""edge_GOLEM__roa__rect_turn"", ""edge_GOLEM__rect_turn__asset_turnover"", ""edge_GOLEM__roa__roe"", ""edge_GOLEM__rect_turn__asset_liabilities"", ""edge_GOLEM__debt_ratio__leverage_ratio"", ""edge_GOLEM__debt_ratio2__totaldebt_invcap"", ""edge_GOLEM__capitalization_ratio__longtermdebt_invcap"", ""edge_GOLEM__debt_ratio2__capitalization_ratio"", ""edge_GOLEM__capitalization_ratio__totaldebt_invcap"", ""edge_GOLEM__roa__debt_ratio"", ""edge_GOLEM__leverage_ratio__totaldebt_invcap"", ""edge_GOLEM__longtermdebt_invcap__totaldebt_invcap"", ""edge_GOLEM__debt_ratio2__debt_ebitda"", ""edge_GOLEM__debt_ratio2__rect_turn"", ""edge_GOLEM__rect_turn__leverage_ratio""]"
aecda8e9d3172999,OF,GOLEM,18,,,31,"[""leverage_ratio"", ""asset_liabilities"", ""roe"", ""asset_turnover"", ""debt_ratio"", ""debt_ratio2"", ""roa"", ""capitalization_ratio"", ""longtermdebt_invcap"", ""totaldebt_invcap"", ""cash_debt"", ""debt_ebitda"", ""rect_turn"", ""edge_GOLEM__debt_ratio__asset_liabilities"", ""edge_GOLEM__debt_ratio__rect_turn"", ""edge_GOLEM__roa__asset_turnover"", ""edge_GOLEM__roa__rect_turn"", ""edge_GOLEM__rect_turn__asset_turnover"", ""edge_GOLEM__roa__roe"", ""edge_GOLEM__rect_turn__asset_liabilities"", ""edge_GOLEM__debt_ratio__leverage_ratio"", ""edge_GOLEM__debt_ratio2__totaldebt_invcap"", ""edge_GOLEM__capitalization_ratio__longtermdebt_invcap"", ""edge_GOLEM__debt_ratio2__capitalization_ratio"", ""edge_GOLEM__capitalization_ratio__totaldebt_invcap"", ""edge_GOLEM__roa__debt_ratio"", ""edge_GOLEM__leverage_ratio__totaldebt_invcap"", ""edge_GOLEM__longtermdebt_invcap__totaldebt_invcap"", ""edge_GOLEM__debt_ratio2__debt_ebitda"", ""edge_GOLEM__debt_ratio2__rect_turn"", ""edge_GOLEM__rect_turn__leverage_ratio""]"
1d74dd8a956d56e1,F,GOLEM,19,,,19,"[""edge_GOLEM__debt_ratio__asset_liabilities"", ""edge_GOLEM__debt_ratio__rect_turn"", ""edge_GOLEM__roa__asset_turnover"", ""edge_GOLEM__roa__rect_turn"", ""edge_GOLEM__rect_turn__asset_turnover"", ""edge_GOLEM__roa__roe"", ""edge_GOLEM__rect_turn__asset_liabilities"", ""edge_GOLEM__debt_ratio__leverage_ratio"", ""edge_GOLEM__debt_ratio2__totaldebt_invcap"", ""edge_GOLEM__capitalization_ratio__longtermdebt_invcap"", ""edge_GOLEM__debt_ratio2__capitalization_ratio"", ""edge_GOLEM__capitalization_ratio__totaldebt_invcap"", ""edge_GOLEM__roa__debt_ratio"", ""edge_GOLEM__leverage_ratio__totaldebt_invcap"", ""edge_GOLEM__longtermdebt_invcap__totaldebt_invcap"", ""edge_GOLEM__debt_ratio2__debt_ebitda"", ""edge_GOLEM__debt_ratio2__rect_turn"", ""edge_GOLEM__rect_turn__leverage_ratio"", ""edge_GOLEM__leverage_ratio__asset_liabilities""]"
d201257e9537b66f,OF,GOLEM,19,,,32,"[""leverage_ratio"", ""asset_liabilities"", ""roe"", ""asset_turnover"", ""debt_ratio"", ""debt_ratio2"", ""roa"", ""capitalization_ratio"", ""longtermdebt_invcap"", ""totaldebt_invcap"", ""cash_debt"", ""debt_ebitda"", ""rect_turn"", ""edge_GOLEM__debt_ratio__asset_liabilities"", ""edge_GOLEM__debt_ratio__rect_turn"", ""edge_GOLEM__roa__asset_turnover"", ""edge_GOLEM__roa__rect_turn"", ""edge_GOLEM__rect_turn__asset_turnover"", ""edge_GOLEM__roa__roe"", ""edge_GOLEM__rect_turn__asset_liabilities"", ""edge_GOLEM__debt_ratio__leverage_ratio"", ""edge_GOLEM__debt_ratio2__totaldebt_invcap"", ""edge_GOLEM__capitalization_ratio__longtermdebt_invcap"", ""edge_GOLEM__debt_ratio2__capitalization_ratio"", ""edge_GOLEM__capitalization_ratio__totaldebt_invcap"", ""edge_GOLEM__roa__debt_ratio"", ""edge_GOLEM__leverage_ratio__totaldebt_invcap"", ""edge_GOLEM__longtermdebt_invcap__totaldebt_invcap"", ""edge_GOLEM__debt_ratio2__debt_ebitda"", ""edge_GOLEM__debt_ratio2__rect_turn"", ""edge_GOLEM__rect_turn__leverage_ratio"", ""edge_GOLEM__leverage_ratio__asset_liabilities""]"
1049748cd586d498,F,GOLEM,20,,,20,"[""edge_GOLEM__debt_ratio__asset_liabilities"", ""edge_GOLEM__debt_ratio__rect_turn"", ""edge_GOLEM__roa__asset_turnover"", ""edge_GOLEM__roa__rect_turn"", ""edge_GOLEM__rect_turn__asset_turnover"", ""edge_GOLEM__roa__roe"", ""edge_GOLEM__rect_turn__asset_liabilities"", ""edge_GOLEM__debt_ratio__leverage_ratio"", ""edge_GOLEM__debt_ratio2__totaldebt_invcap"", ""edge_GOLEM__capitalization_ratio__longtermdebt_invcap"", ""edge_GOLEM__debt_ratio2__capitalization_ratio"", ""edge_GOLEM__capitalization_ratio__totaldebt_invcap"", ""edge_GOLEM__roa__debt_ratio"", ""edge_GOLEM__leverage_ratio__totaldebt_invcap"", ""edge_GOLEM__longtermdebt_invcap__totaldebt_invcap"", ""edge_GOLEM__debt_ratio2__debt_ebitda"", ""edge_GOLEM__debt_ratio2__rect_turn"", ""edge_GOLEM__rect_turn__leverage_ratio"", ""edge_GOLEM__leverage_ratio__asset_liabilities"", ""edge_GOLEM__debt_ratio2__roa""]"
00037b2451cb07a3,OF,GOLEM,20,,,33,"[""leverage_ratio"", ""asset_liabilities"", ""roe"", ""asset_turnover"", ""debt_ratio"", ""debt_ratio2"", ""roa"", ""capitalization_ratio"", ""longtermdebt_invcap"", ""totaldebt_invcap"", ""cash_debt"", ""debt_ebitda"", ""rect_turn"", ""edge_GOLEM__debt_ratio__asset_liabilities"", ""edge_GOLEM__debt_ratio__rect_turn"", ""edge_GOLEM__roa__asset_turnover"", ""edge_GOLEM__roa__rect_turn"", ""edge_GOLEM__rect_turn__asset_turnover"", ""edge_GOLEM__roa__roe"", ""edge_GOLEM__rect_turn__asset_liabilities"", ""edge_GOLEM__debt_ratio__leverage_ratio"", ""edge_GOLEM__debt_ratio2__totaldebt_invcap"", ""edge_GOLEM__capitalization_ratio__longtermdebt_invcap"", ""edge_GOLEM__debt_ratio2__capitalization_ratio"", ""edge_GOLEM__capitalization_ratio__totaldebt_invcap"", ""edge_GOLEM__roa__debt_ratio"", ""edge_GOLEM__leverage_ratio__totaldebt_invcap"", ""edge_GOLEM__longtermdebt_invcap__totaldebt_invcap"", ""edge_GOLEM__debt_ratio2__debt_ebitda"", ""edge_GOLEM__debt_ratio2__rect_turn"", ""edge_GOLEM__rect_turn__leverage_ratio"", ""edge_GOLEM__leverage_ratio__asset_liabilities"", ""edge_GOLEM__debt_ratio2__roa""]"
d9428be70001da5d,F,GOLEM,21,,,21,"[""edge_GOLEM__debt_ratio__asset_liabilities"", ""edge_GOLEM__debt_ratio__rect_turn"", ""edge_GOLEM__roa__asset_turnover"", ""edge_GOLEM__roa__rect_turn"", ""edge_GOLEM__rect_turn__asset_turnover"", ""edge_GOLEM__roa__roe"", ""edge_GOLEM__rect_turn__asset_liabilities"", ""edge_GOLEM__debt_ratio__leverage_ratio"", ""edge_GOLEM__debt_ratio2__totaldebt_invcap"", ""edge_GOLEM__capitalization_ratio__longtermdebt_invcap"", ""edge_GOLEM__debt_ratio2__capitalization_ratio"", ""edge_GOLEM__capitalization_ratio__totaldebt_invcap"", ""edge_GOLEM__roa__debt_ratio"", ""edge_GOLEM__leverage_ratio__totaldebt_invcap"", ""edge_GOLEM__longtermdebt_invcap__totaldebt_invcap"", ""edge_GOLEM__debt_ratio2__debt_ebitda"", ""edge_GOLEM__debt_ratio2__rect_turn"", ""edge_GOLEM__rect_turn__leverage_ratio"", ""edge_GOLEM__leverage_ratio__asset_liabilities"", ""edge_GOLEM__debt_ratio2__roa"", ""edge_GOLEM__leverage_ratio__asset_turnover""]"
5929e7ecaee6ba5d,OF,GOLEM,21,,,34,"[""leverage_ratio"", ""asset_liabilities"", ""roe"", ""asset_turnover"", ""debt_ratio"", ""debt_ratio2"", ""roa"", ""capitalization_ratio"", ""longtermdebt_invcap"", ""totaldebt_invcap"", ""cash_debt"", ""debt_ebitda"", ""rect_turn"", ""edge_GOLEM__debt_ratio__asset_liabilities"", ""edge_GOLEM__debt_ratio__rect_turn"", ""edge_GOLEM__roa__asset_turnover"", ""edge_GOLEM__roa__rect_turn"", ""edge_GOLEM__rect_turn__asset_turnover"", ""edge_GOLEM__roa__roe"", ""edge_GOLEM__rect_turn__asset_liabilities"", ""edge_GOLEM__debt_ratio__leverage_ratio"", ""edge_GOLEM__debt_ratio2__totaldebt_invcap"", ""edge_GOLEM__capitalization_ratio__longtermdebt_invcap"", ""edge_GOLEM__debt_ratio2__capitalization_ratio"", ""edge_GOLEM__capitalization_ratio__totaldebt_invcap"", ""edge_GOLEM__roa__debt_ratio"", ""edge_GOLEM__leverage_ratio__totaldebt_invcap"", ""edge_GOLEM__longtermdebt_invcap__totaldebt_invcap"", ""edge_GOLEM__debt_ratio2__debt_ebitda"", ""edge_GOLEM__debt_ratio2__rect_turn"", ""edge_GOLEM__rect_turn__leverage_ratio"", ""edge_GOLEM__leverage_ratio__asset_liabilities"", ""edge_GOLEM__debt_ratio2__roa"", ""edge_GOLEM__leverage_ratio__asset_turnover""]"
9147b30f4345a55a,F,GOLEM,22,,,22,"[""edge_GOLEM__debt_ratio__asset_liabilities"", ""edge_GOLEM__debt_ratio__rect_turn"", ""edge_GOLEM__roa__asset_turnover"", ""edge_GOLEM__roa__rect_turn"", ""edge_GOLEM__rect_turn__asset_turnover"", ""edge_GOLEM__roa__roe"", ""edge_GOLEM__rect_turn__asset_liabilities"", ""edge_GOLEM__debt_ratio__leverage_ratio"", ""edge_GOLEM__debt_ratio2__totaldebt_invcap"", ""edge_GOLEM__capitalization_ratio__longtermdebt_invcap"", ""edge_GOLEM__debt_ratio2__capitalization_ratio"", ""edge_GOLEM__capitalization_ratio__totaldebt_invcap"", ""edge_GOLEM__roa__debt_ratio"", ""edge_GOLEM__leverage_ratio__totaldebt_invcap"", ""edge_GOLEM__longtermdebt_invcap__totaldebt_invcap"", ""edge_GOLEM__debt_ratio2__debt_ebitda"", ""edge_GOLEM__debt_ratio2__rect_turn"", ""edge_GOLEM__rect_turn__leverage_ratio"", ""edge_GOLEM__leverage_ratio__asset_liabilities"", ""edge_GOLEM__debt_ratio2__roa"", ""edge_GOLEM__leverage_ratio__asset_turnover"", ""edge_GOLEM__roa__totaldebt_invcap""]"
b2b3bca1258ab915,OF,GOLEM,22,,,35,"[""leverage_ratio"", ""asset_liabilities"", ""roe"", ""asset_turnover"", ""debt_ratio"", ""debt_ratio2"", ""roa"", ""capitalization_ratio"", ""longtermdebt_invcap"", ""totaldebt_invcap"", ""cash_debt"", ""debt_ebitda"", ""rect_turn"", ""edge_GOLEM__debt_ratio__asset_liabilities"", ""edge_GOLEM__debt_ratio__rect_turn"", ""edge_GOLEM__roa__asset_turnover"", ""edge_GOLEM__roa__rect_turn"", ""edge_GOLEM__rect_turn__asset_turnover"", ""edge_GOLEM__roa__roe"", ""edge_GOLEM__rect_turn__asset_liabilities"", ""edge_GOLEM__debt_ratio__leverage_ratio"", ""edge_GOLEM__debt_ratio2__totaldebt_invcap"", ""edge_GOLEM__capitalization_ratio__longtermdebt_invcap"", ""edge_GOLEM__debt_ratio2__capitalization_ratio"", ""edge_GOLEM__capitalization_ratio__totaldebt_invcap"", ""edge_GOLEM__roa__debt_ratio"", ""edge_GOLEM__leverage_ratio__totaldebt_invcap"", ""edge_GOLEM__longtermdebt_invcap__totaldebt_invcap"", ""edge_GOLEM__debt_ratio2__debt_ebitda"", ""edge_GOLEM__debt_ratio2__rect_turn"", ""edge_GOLEM__rect_turn__leverage_ratio"", ""edge_GOLEM__leverage_ratio__asset_liabilities"", ""edge_GOLEM__debt_ratio2__roa"", ""edge_GOLEM__leverage_ratio__asset_turnover"", ""edge_GOLEM__roa__totaldebt_invcap""]"
d48478f1798435b8,F,GOLEM,23,,,23,"[""edge_GOLEM__debt_ratio__asset_liabilities"", ""edge_GOLEM__debt_ratio__rect_turn"", ""edge_GOLEM__roa__asset_turnover"", ""edge_GOLEM__roa__rect_turn"", ""edge_GOLEM__rect_turn__asset_turnover"", ""edge_GOLEM__roa__roe"", ""edge_GOLEM__rect_turn__asset_liabilities"", ""edge_GOLEM__debt_ratio__leverage_ratio"", ""edge_GOLEM__debt_ratio2__totaldebt_invcap"", ""edge_GOLEM__capitalization_ratio__longtermdebt_invcap"", ""edge_GOLEM__debt_ratio2__capitalization_ratio"", ""edge_GOLEM__capitalization_ratio__totaldebt_invcap"", ""edge_GOLEM__roa__debt_ratio"", ""edge_GOLEM__leverage_ratio__totaldebt_invcap"", ""edge_GOLEM__longtermdebt_invcap__totaldebt_invcap"", ""edge_GOLEM__debt_ratio2__debt_ebitda"", ""edge_GOLEM__debt_ratio2__rect_turn"", ""edge_GOLEM__rect_turn__leverage_ratio"", ""edge_GOLEM__leverage_ratio__asset_liabilities"", ""edge_GOLEM__debt_ratio2__roa"", ""edge_GOLEM__leverage_ratio__asset_turnover"", ""edge_GOLEM__roa__totaldebt_invcap"", ""edge_GOLEM__rect_turn__roe""]"
552939458212efbd,OF,GOLEM,23,,,36,"[""leverage_ratio"", ""asset_liabilities"", ""roe"", ""asset_turnover"", ""debt_ratio"", ""debt_ratio2"", ""roa"", ""capitalization_ratio"", ""longtermdebt_invcap"", ""totaldebt_invcap"", ""cash_debt"", ""debt_ebitda"", ""rect_turn"", ""edge_GOLEM__debt_ratio__asset_liabilities"", ""edge_GOLEM__debt_ratio__rect_turn"", ""edge_GOLEM__roa__asset_turnover"", ""edge_GOLEM__roa__rect_turn"", ""edge_GOLEM__rect_turn__asset_turnover"", ""edge_GOLEM__roa__roe"", ""edge_GOLEM__rect_turn__asset_liabilities"", ""edge_GOLEM__debt_ratio__leverage_ratio"", ""edge_GOLEM__debt_ratio2__totaldebt_invcap"", ""edge_GOLEM__capitalization_ratio__longtermdebt_invcap"", ""edge_GOLEM__debt_ratio2__capitalization_ratio"", ""edge_GOLEM__capitalization_ratio__totaldebt_invcap"", ""edge_GOLEM__roa__debt_ratio"", ""edge_GOLEM__leverage_ratio__totaldebt_invcap"", ""edge_GOLEM__longtermdebt_invcap__totaldebt_invcap"", ""edge_GOLEM__debt_ratio2__debt_ebitda"", ""edge_GOLEM__debt_ratio2__rect_turn"", ""edge_GOLEM__rect_turn__leverage_ratio"", ""edge_GOLEM__leverage_ratio__asset_liabilities"", ""edge_GOLEM__debt_ratio2__roa"", ""edge_GOLEM__leverage_ratio__asset_turnover"", ""edge_GOLEM__roa__totaldebt_invcap"", ""edge_GOLEM__rect_turn__roe""]"
6f2d862936d8ad71,F,GOLEM,24,,,24,"[""edge_GOLEM__debt_ratio__asset_liabilities"", ""edge_GOLEM__debt_ratio__rect_turn"", ""edge_GOLEM__roa__asset_turnover"", ""edge_GOLEM__roa__rect_turn"", ""edge_GOLEM__rect_turn__asset_turnover"", ""edge_GOLEM__roa__roe"", ""edge_GOLEM__rect_turn__asset_liabilities"", ""edge_GOLEM__debt_ratio__leverage_ratio"", ""edge_GOLEM__debt_ratio2__totaldebt_invcap"", ""edge_GOLEM__capitalization_ratio__longtermdebt_invcap"", ""edge_GOLEM__debt_ratio2__capitalization_ratio"", ""edge_GOLEM__capitalization_ratio__totaldebt_invcap"", ""edge_GOLEM__roa__debt_ratio"", ""edge_GOLEM__leverage_ratio__totaldebt_invcap"", ""edge_GOLEM__longtermdebt_invcap__totaldebt_invcap"", ""edge_GOLEM__debt_ratio2__debt_ebitda"", ""edge_GOLEM__debt_ratio2__rect_turn"", ""edge_GOLEM__rect_turn__leverage_ratio"", ""edge_GOLEM__leverage_ratio__asset_liabilities"", ""edge_GOLEM__debt_ratio2__roa"", ""edge_GOLEM__leverage_ratio__asset_turnover"", ""edge_GOLEM__roa__totaldebt_invcap"", ""edge_GOLEM__rect_turn__roe"", ""edge_GOLEM__roa__capitalization_ratio""]"
b2e53f58cc65415c,OF,GOLEM,24,,,37,"[""leverage_ratio"", ""asset_liabilities"", ""roe"", ""asset_turnover"", ""debt_ratio"", ""debt_ratio2"", ""roa"", ""capitalization_ratio"", ""longtermdebt_invcap"", ""totaldebt_invcap"", ""cash_debt"", ""debt_ebitda"", ""rect_turn"", ""edge_GOLEM__debt_ratio__asset_liabilities"", ""edge_GOLEM__debt_ratio__rect_turn"", ""edge_GOLEM__roa__asset_turnover"", ""edge_GOLEM__roa__rect_turn"", ""edge_GOLEM__rect_turn__asset_turnover"", ""edge_GOLEM__roa__roe"", ""edge_GOLEM__rect_turn__asset_liabilities"", ""edge_GOLEM__debt_ratio__leverage_ratio"", ""edge_GOLEM__debt_ratio2__totaldebt_invcap"", ""edge_GOLEM__capitalization_ratio__longtermdebt_invcap"", ""edge_GOLEM__debt_ratio2__capitalization_ratio"", ""edge_GOLEM__capitalization_ratio__totaldebt_invcap"", ""edge_GOLEM__roa__debt_ratio"", ""edge_GOLEM__leverage_ratio__totaldebt_invcap"", ""edge_GOLEM__longtermdebt_invcap__totaldebt_invcap"", ""edge_GOLEM__debt_ratio2__debt_ebitda"", ""edge_GOLEM__debt_ratio2__rect_turn"", ""edge_GOLEM__rect_turn__leverage_ratio"", ""edge_GOLEM__leverage_ratio__asset_liabilities"", ""edge_GOLEM__debt_ratio2__roa"", ""edge_GOLEM__leverage_ratio__asset_turnover"", ""edge_GOLEM__roa__totaldebt_invcap"", ""edge_GOLEM__rect_turn__roe"", ""edge_GOLEM__roa__capitalization_ratio""]"
710761342f601788,F,GOLEM,25,,,25,"[""edge_GOLEM__debt_ratio__asset_liabilities"", ""edge_GOLEM__debt_ratio__rect_turn"", ""edge_GOLEM__roa__asset_turnover"", ""edge_GOLEM__roa__rect_turn"", ""edge_GOLEM__rect_turn__asset_turnover"", ""edge_GOLEM__roa__roe"", ""edge_GOLEM__rect_turn__asset_liabilities"", ""edge_GOLEM__debt_ratio__leverage_ratio"", ""edge_GOLEM__debt_ratio2__totaldebt_invcap"", ""edge_GOLEM__capitalization_ratio__longtermdebt_invcap"", ""edge_GOLEM__debt_ratio2__capitalization_ratio"", ""edge_GOLEM__capitalization_ratio__totaldebt_invcap"", ""edge_GOLEM__roa__debt_ratio"", ""edge_GOLEM__leverage_ratio__totaldebt_invcap"", ""edge_GOLEM__longtermdebt_invcap__totaldebt_invcap"", ""edge_GOLEM__debt_ratio2__debt_ebitda"", ""edge_GOLEM__debt_ratio2__rect_turn"", ""edge_GOLEM__rect_turn__leverage_ratio"", ""edge_GOLEM__leverage_ratio__asset_liabilities"", ""edge_GOLEM__debt_ratio2__roa"", ""edge_GOLEM__leverage_ratio__asset_turnover"", ""edge_GOLEM__roa__totaldebt_invcap"", ""edge_GOLEM__rect_turn__roe"", ""edge_GOLEM__roa__capitalization_ratio"", ""edge_GOLEM__roe__totaldebt_invcap""]"
eb121959e2431b20,OF,GOLEM,25,,,38,"[""leverage_ratio"", ""asset_liabilities"", ""roe"", ""asset_turnover"", ""debt_ratio"", ""debt_ratio2"", ""roa"", ""capitalization_ratio"", ""longtermdebt_invcap"", ""totaldebt_invcap"", ""cash_debt"", ""debt_ebitda"", ""rect_turn"", ""edge_GOLEM__debt_ratio__asset_liabilities"", ""edge_GOLEM__debt_ratio__rect_turn"", ""edge_GOLEM__roa__asset_turnover"", ""edge_GOLEM__roa__rect_turn"", ""edge_GOLEM__rect_turn__asset_turnover"", ""edge_GOLEM__roa__roe"", ""edge_GOLEM__rect_turn__asset_liabilities"", ""edge_GOLEM__debt_ratio__leverage_ratio"", ""edge_GOLEM__debt_ratio2__totaldebt_invcap"", ""edge_GOLEM__capitalization_ratio__longtermdebt_invcap"", ""edge_GOLEM__debt_ratio2__capitalization_ratio"", ""edge_GOLEM__capitalization_ratio__totaldebt_invcap"", ""edge_GOLEM__roa__debt_ratio"", ""edge_GOLEM__leverage_ratio__totaldebt_invcap"", ""edge_GOLEM__longtermdebt_invcap__totaldebt_invcap"", ""edge_GOLEM__debt_ratio2__debt_ebitda"", ""edge_GOLEM__debt_ratio2__rect_turn"", ""edge_GOLEM__rect_turn__leverage_ratio"", ""edge_GOLEM__leverage_ratio__asset_liabilities"", ""edge_GOLEM__debt_ratio2__roa"", ""edge_GOLEM__leverage_ratio__asset_turnover"", ""edge_GOLEM__roa__totaldebt_invcap"", ""edge_GOLEM__rect_turn__roe"", ""edge_GOLEM__roa__capitalization_ratio"", ""edge_GOLEM__roe__totaldebt_invcap""]"
9dd66c347bd7a388,F,GOLEM,26,,,26,"[""edge_GOLEM__debt_ratio__asset_liabilities"", ""edge_GOLEM__debt_ratio__rect_turn"", ""edge_GOLEM__roa__asset_turnover"", ""edge_GOLEM__roa__rect_turn"", ""edge_GOLEM__rect_turn__asset_turnover"", ""edge_GOLEM__roa__roe"", ""edge_GOLEM__rect_turn__asset_liabilities"", ""edge_GOLEM__debt_ratio__leverage_ratio"", ""edge_GOLEM__debt_ratio2__totaldebt_invcap"", ""edge_GOLEM__capitalization_ratio__longtermdebt_invcap"", ""edge_GOLEM__debt_ratio2__capitalization_ratio"", ""edge_GOLEM__capitalization_ratio__totaldebt_invcap"", ""edge_GOLEM__roa__debt_ratio"", ""edge_GOLEM__leverage_ratio__totaldebt_invcap"", ""edge_GOLEM__longtermdebt_invcap__totaldebt_invcap"", ""edge_GOLEM__debt_ratio2__debt_ebitda"", ""edge_GOLEM__debt_ratio2__rect_turn"", ""edge_GOLEM__rect_turn__leverage_ratio"", ""edge_GOLEM__leverage_ratio__asset_liabilities"", ""edge_GOLEM__debt_ratio2__roa"", ""edge_GOLEM__leverage_ratio__asset_turnover"", ""edge_GOLEM__roa__totaldebt_invcap"", ""edge_GOLEM__rect_turn__roe"", ""edge_GOLEM__roa__capitalization_ratio"", ""edge_GOLEM__roe__totaldebt_invcap"", ""edge_GOLEM__capitalization_ratio__debt_ratio""]"
0ffa48359963fc99,OF,GOLEM,26,,,39,"[""leverage_ratio"", ""asset_liabilities"", ""roe"", ""asset_turnover"", ""debt_ratio"", ""debt_ratio2"", ""roa"", ""capitalization_ratio"", ""longtermdebt_invcap"", ""totaldebt_invcap"", ""cash_debt"", ""debt_ebitda"", ""rect_turn"", ""edge_GOLEM__debt_ratio__asset_liabilities"", ""edge_GOLEM__debt_ratio__rect_turn"", ""edge_GOLEM__roa__asset_turnover"", ""edge_GOLEM__roa__rect_turn"", ""edge_GOLEM__rect_turn__asset_turnover"", ""edge_GOLEM__roa__roe"", ""edge_GOLEM__rect_turn__asset_liabilities"", ""edge_GOLEM__debt_ratio__leverage_ratio"", ""edge_GOLEM__debt_ratio2__totaldebt_invcap"", ""edge_GOLEM__capitalization_ratio__longtermdebt_invcap"", ""edge_GOLEM__debt_ratio2__capitalization_ratio"", ""edge_GOLEM__capitalization_ratio__totaldebt_invcap"", ""edge_GOLEM__roa__debt_ratio"", ""edge_GOLEM__leverage_ratio__totaldebt_invcap"", ""edge_GOLEM__longtermdebt_invcap__totaldebt_invcap"", ""edge_GOLEM__debt_ratio2__debt_ebitda"", ""edge_GOLEM__debt_ratio2__rect_turn"", ""edge_GOLEM__rect_turn__leverage_ratio"", ""edge_GOLEM__leverage_ratio__asset_liabilities"", ""edge_GOLEM__debt_ratio2__roa"", ""edge_GOLEM__leverage_ratio__asset_turnover"", ""edge_GOLEM__roa__totaldebt_invcap"", ""edge_GOLEM__rect_turn__roe"", ""edge_GOLEM__roa__capitalization_ratio"", ""edge_GOLEM__roe__totaldebt_invcap"", ""edge_GOLEM__capitalization_ratio__debt_ratio""]"
dd569862cc2b7b9e,OFR,GOLEM,5,0,5064,5,"[""capitalization_ratio"", ""edge_GOLEM__debt_ratio2__debt_ebitda"", ""rect_turn"", ""asset_liabilities"", ""edge_GOLEM__roa__asset_turnover""]"
7961a1f034afca37,OFR,GOLEM,5,1,5065,5,"[""edge_GOLEM__leverage_ratio__asset_turnover"", ""asset_turnover"", ""totaldebt_invcap"", ""edge_GOLEM__roa__rect_turn"", ""edge_GOLEM__debt_ratio__rect_turn""]"
222e90f43b15c0a1,OFR,GOLEM,5,2,5066,5,"[""edge_GOLEM__capitalization_ratio__totaldebt_invcap"", ""edge_GOLEM__roe__totaldebt_invcap"", ""edge_GOLEM__capitalization_ratio__longtermdebt_invcap"", ""edge_GOLEM__rect_turn__asset_turnover"", ""edge_GOLEM__roa__capitalization_ratio""]"
15e2cc51a94a540c,OFR,GOLEM,5,3,5067,5,"[""edge_GOLEM__debt_ratio2__rect_turn"", ""edge_GOLEM__rect_turn__roe"", ""edge_GOLEM__longtermdebt_invcap__totaldebt_invcap"", ""edge_GOLEM__rect_turn__leverage_ratio"", ""edge_GOLEM__debt_ratio__asset_liabilities""]"
2acd2003382702d1,OFR,GOLEM,5,4,5068,5,"[""longtermdebt_invcap"", ""leverage_ratio"", ""edge_GOLEM__roa__roe"", ""rect_turn"", ""edge_GOLEM__debt_ratio2__rect_turn""]"
0cf0b651ed560298,OFR,GOLEM,10,0,10064,10,"[""edge_GOLEM__roa__roe"", ""asset_liabilities"", ""edge_GOLEM__capitalization_ratio__debt_ratio"", ""cash_debt"", ""edge_GOLEM__rect_turn__leverage_ratio"", ""edge_GOLEM__rect_turn__asset_liabilities"", ""edge_GOLEM__roa__rect_turn"", ""edge_GOLEM__capitalization_ratio__totaldebt_invcap"", ""edge_GOLEM__debt_ratio2__totaldebt_invcap"", ""roa""]"
b55edf23207de50f,OFR,GOLEM,10,1,10065,10,"[""debt_ebitda"", ""asset_turnover"", ""edge_GOLEM__longtermdebt_invcap__totaldebt_invcap"", ""roa"", ""edge_GOLEM__roa__roe"", ""edge_GOLEM__roa__totaldebt_invcap"", ""debt_ratio2"", ""leverage_ratio"", ""edge_GOLEM__rect_turn__asset_turnover"", ""debt_ratio""]"
c93016cbcaeff827,OFR,GOLEM,10,2,10066,10,"[""longtermdebt_invcap"", ""edge_GOLEM__debt_ratio2__rect_turn"", ""edge_GOLEM__leverage_ratio__totaldebt_invcap"", ""edge_GOLEM__capitalization_ratio__debt_ratio"", ""edge_GOLEM__rect_turn__asset_liabilities"", ""totaldebt_invcap"", ""asset_liabilities"", ""debt_ratio"", ""edge_GOLEM__roa__asset_turnover"", ""edge_GOLEM__debt_ratio2__capitalization_ratio""]"
d4cad3dd4f4a7441,OFR,GOLEM,10,3,10067,10,"[""edge_GOLEM__debt_ratio2__capitalization_ratio"", ""edge_GOLEM__capitalization_ratio__longtermdebt_invcap"", ""edge_GOLEM__capitalization_ratio__debt_ratio"", ""edge_GOLEM__roa__capitalization_ratio"", ""edge_GOLEM__rect_turn__asset_liabilities"", ""rect_turn"", ""edge_GOLEM__debt_ratio__leverage_ratio"", ""edge_GOLEM__capitalization_ratio__totaldebt_invcap"", ""edge_GOLEM__roa__rect_turn"", ""edge_GOLEM__debt_ratio__asset_liabilities""]"
af9bdb464ddf5bd4,OFR,GOLEM,10,4,10068,10,"[""longtermdebt_invcap"", ""edge_GOLEM__roa__debt_ratio"", ""edge_GOLEM__leverage_ratio__asset_liabilities"", ""edge_GOLEM__debt_ratio__rect_turn"", ""edge_GOLEM__leverage_ratio__asset_turnover"", ""edge_GOLEM__debt_ratio2__capitalization_ratio"", ""edge_GOLEM__roa__capitalization_ratio"", ""edge_GOLEM__leverage_ratio__totaldebt_invcap"", ""edge_GOLEM__rect_turn__leverage_ratio"", ""debt_ratio2""]"
0ac9af1d42ea9497,OFR,GOLEM,20,0,20064,20,"[""edge_GOLEM__capitalization_ratio__longtermdebt_invcap"", ""edge_GOLEM__roa__rect_turn"", ""asset_turnover"", ""capitalization_ratio"", ""edge_GOLEM__roa__totaldebt_invcap"", ""debt_ratio"", ""edge_GOLEM__debt_ratio__leverage_ratio"", ""edge_GOLEM__debt_ratio__rect_turn"", ""edge_GOLEM__capitalization_ratio__debt_ratio"", ""totaldebt_invcap"", ""edge_GOLEM__leverage_ratio__asset_turnover"", ""debt_ratio2"", ""roa"", ""cash_debt"", ""edge_GOLEM__debt_ratio2__debt_ebitda"", ""leverage_ratio"", ""edge_GOLEM__leverage_ratio__totaldebt_invcap"", ""edge_GOLEM__roa__roe"", ""debt_ebitda"", ""asset_liabilities""]"
a39f214dacaacf62,OFR,GOLEM,20,1,20065,20,"[""debt_ratio"", ""edge_GOLEM__debt_ratio__rect_turn"", ""asset_liabilities"", ""edge_GOLEM__capitalization_ratio__debt_ratio"", ""totaldebt_invcap"", ""edge_GOLEM__roa__roe"", ""edge_GOLEM__rect_turn__asset_liabilities"", ""rect_turn"", ""edge_GOLEM__roa__debt_ratio"", ""edge_GOLEM__debt_ratio__leverage_ratio"", ""edge_GOLEM__roe__totaldebt_invcap"", ""edge_GOLEM__debt_ratio2__roa"", ""debt_ratio2"", ""edge_GOLEM__capitalization_ratio__totaldebt_invcap"", ""edge_GOLEM__longtermdebt_invcap__totaldebt_invcap"", ""longtermdebt_invcap"", ""edge_GOLEM__rect_turn__asset_turnover"", ""edge_GOLEM__rect_turn__roe"", ""asset_turnover"", ""cash_debt""]"
a41c31e2840fe010,OFR,GOLEM,20,2,20066,20,"[""edge_GOLEM__debt_ratio__asset_liabilities"", ""edge_GOLEM__roa__capitalization_ratio"", ""edge_GOLEM__roe__totaldebt_invcap"", ""debt_ebitda"", ""edge_GOLEM__debt_ratio2__capitalization_ratio"", ""edge_GOLEM__leverage_ratio__totaldebt_invcap"", ""edge_GOLEM__longtermdebt_invcap__totaldebt_invcap"", ""edge_GOLEM__capitalization_ratio__debt_ratio"", ""totaldebt_invcap"", ""edge_GOLEM__leverage_ratio__asset_turnover"", ""edge_GOLEM__debt_ratio2__roa"", ""roa"", ""edge_GOLEM__debt_ratio2__rect_turn"", ""edge_GOLEM__capitalization_ratio__totaldebt_invcap"", ""edge_GOLEM__rect_turn__roe"", ""edge_GOLEM__roa__rect_turn"", ""roe"", ""edge_GOLEM__rect_turn__asset_turnover"", ""edge_GOLEM__roa__roe"", ""edge_GOLEM__capitalization_ratio__longtermdebt_invcap""]"
a8ef1e02f43ee04e,OFR,GOLEM,20,3,20067,20,"[""asset_turnover"", ""edge_GOLEM__debt_ratio2__debt_ebitda"", ""roa"", ""edge_GOLEM__rect_turn__asset_turnover"", ""asset_liabilities"", ""edge_GOLEM__rect_turn__leverage_ratio"", ""edge_GOLEM__longtermdebt_invcap__totaldebt_invcap"", ""edge_GOLEM__roa__asset_turnover"", ""edge_GOLEM__debt_ratio__leverage_ratio"", ""edge_GOLEM__rect_turn__asset_liabilities"", ""edge_GOLEM__roa__capitalization_ratio"", ""cash_debt"", ""roe"", ""edge_GOLEM__roa__debt_ratio"", ""capitalization_ratio"", ""edge_GOLEM__capitalization_ratio__debt_ratio"", ""edge_GOLEM__debt_ratio2__capitalization_ratio"", ""debt_ratio2"", ""totaldebt_invcap"", ""edge_GOLEM__debt_ratio2__totaldebt_invcap""]"
d51bc55a953a7c6a,OFR,GOLEM,20,4,20068,20,"[""leverage_ratio"", ""edge_GOLEM__roa__totaldebt_invcap"", ""roa"", ""longtermdebt_invcap"", ""rect_turn"", ""edge_GOLEM__rect_turn__roe"", ""edge_GOLEM__roa__rect_turn"", ""edge_GOLEM__rect_turn__leverage_ratio"", ""edge_GOLEM__roa__debt_ratio"", ""edge_GOLEM__capitalization_ratio__totaldebt_invcap"", ""edge_GOLEM__leverage_ratio__totaldebt_invcap"", ""edge_GOLEM__capitalization_ratio__longtermdebt_invcap"", ""edge_GOLEM__roa__roe"", ""edge_GOLEM__debt_ratio2__capitalization_ratio"", ""debt_ebitda"", ""debt_ratio2"", ""debt_ratio"", ""edge_GOLEM__roa__asset_turnover"", ""capitalization_ratio"", ""edge_GOLEM__leverage_ratio__asset_liabilities""]"
55c4546a861b2772,OFR,GOLEM,30,0,30064,30,"[""edge_GOLEM__leverage_ratio__totaldebt_invcap"", ""totaldebt_invcap"", ""roe"", ""debt_ebitda"", ""edge_GOLEM__debt_ratio2__roa"", ""debt_ratio2"", ""edge_GOLEM__debt_ratio2__debt_ebitda"", ""cash_debt"", ""edge_GOLEM__debt_ratio__asset_liabilities"", ""leverage_ratio"", ""edge_GOLEM__rect_turn__roe"", ""edge_GOLEM__rect_turn__asset_turnover"", ""edge_GOLEM__rect_turn__leverage_ratio"", ""edge_GOLEM__debt_ratio__leverage_ratio"", ""roa"", ""edge_GOLEM__capitalization_ratio__longtermdebt_invcap"", ""edge_GOLEM__debt_ratio2__totaldebt_invcap"", ""edge_GOLEM__longtermdebt_invcap__totaldebt_invcap"", ""edge_GOLEM__roa__roe"", ""edge_GOLEM__roa__rect_turn"", ""longtermdebt_invcap"", ""asset_liabilities"", ""rect_turn"", ""edge_GOLEM__rect_turn__asset_liabilities"", ""asset_turnover"", ""edge_GOLEM__leverage_ratio__asset_liabilities"", ""edge_GOLEM__capitalization_ratio__totaldebt_invcap"", ""edge_GOLEM__capitalization_ratio__debt_ratio"", ""capitalization_ratio"", ""edge_GOLEM__roa__debt_ratio""]"
e22005fe24c5be58,OFR,GOLEM,30,1,30065,30,"[""edge_GOLEM__debt_ratio2__roa"", ""edge_GOLEM__leverage_ratio__asset_turnover"", ""edge_GOLEM__debt_ratio2__totaldebt_invcap"", ""totaldebt_invcap"", ""cash_debt"", ""roa"", ""edge_GOLEM__roa__roe"", ""edge_GOLEM__rect_turn__leverage_ratio"", ""edge_GOLEM__rect_turn__roe"", ""edge_GOLEM__leverage_ratio__asset_liabilities"", ""edge_GOLEM__capitalization_ratio__longtermdebt_invcap"", ""edge_GOLEM__debt_ratio__leverage_ratio"", ""rect_turn"", ""longtermdebt_invcap"", ""edge_GOLEM__rect_turn__asset_turnover"", ""edge_GOLEM__debt_ratio2__debt_ebitda"", ""edge_GOLEM__longtermdebt_invcap__totaldebt_invcap"", ""edge_GOLEM__roa__debt_ratio"", ""edge_GOLEM__roa__totaldebt_invcap"", ""edge_GOLEM__debt_ratio2__rect_turn"", ""edge_GOLEM__roa__rect_turn"", ""asset_turnover"", ""leverage_ratio"", ""edge_GOLEM__debt_ratio__asset_liabilities"", ""capitalization_ratio"", ""debt_ebitda"", ""edge_GOLEM__capitalization_ratio__debt_ratio"", ""edge_GOLEM__leverage_ratio__totaldebt_invcap"", ""edge_GOLEM__debt_ratio__rect_turn"", ""edge_GOLEM__debt_ratio2__capitalization_ratio""]"
f42bdb586710ee03,OFR,GOLEM,30,2,30066,30,"[""edge_GOLEM__leverage_ratio__asset_turnover"", ""edge_GOLEM__rect_turn__asset_liabilities"", ""edge_GOLEM__roa__asset_turnover"", ""edge_GOLEM__debt_ratio2__rect_turn"", ""asset_liabilities"", ""debt_ratio2"", ""debt_ebitda"", ""asset_turnover"", ""totaldebt_invcap"", ""debt_ratio"", ""edge_GOLEM__roa__totaldebt_invcap"", ""leverage_ratio"", ""edge_GOLEM__roa__rect_turn"", ""edge_GOLEM__rect_turn__asset_turnover"", ""cash_debt"", ""edge_GOLEM__debt_ratio2__capitalization_ratio"", ""edge_GOLEM__roa__capitalization_ratio"", ""capitalization_ratio"", ""roa"", ""rect_turn"", ""edge_GOLEM__debt_ratio__rect_turn"", ""roe"", ""edge_GOLEM__rect_turn__leverage_ratio"", ""edge_GOLEM__longtermdebt_invcap__totaldebt_invcap"", ""edge_GOLEM__debt_ratio2__totaldebt_invcap"", ""edge_GOLEM__debt_ratio2__debt_ebitda"", ""edge_GOLEM__capitalization_ratio__totaldebt_invcap"", ""edge_GOLEM__capitalization_ratio__debt_ratio"", ""edge_GOLEM__debt_ratio__leverage_ratio"", ""edge_GOLEM__debt_ratio2__roa""]"
e0a49ca25bc97165,OFR,GOLEM,30,3,30067,30,"[""totaldebt_invcap"", ""edge_GOLEM__rect_turn__asset_liabilities"", ""asset_liabilities"", ""debt_ratio2"", ""roa"", ""edge_GOLEM__leverage_ratio__asset_turnover"", ""edge_GOLEM__debt_ratio2__debt_ebitda"", ""debt_ratio"", ""debt_ebitda"", ""edge_GOLEM__roa__rect_turn"", ""edge_GOLEM__roa__totaldebt_invcap"", ""edge_GOLEM__capitalization_ratio__debt_ratio"", ""edge_GOLEM__debt_ratio2__capitalization_ratio"", ""edge_GOLEM__capitalization_ratio__longtermdebt_invcap"", ""edge_GOLEM__rect_turn__asset_turnover"", ""edge_GOLEM__roa__debt_ratio"", ""edge_GOLEM__roa__roe"", ""edge_GOLEM__debt_ratio2__totaldebt_invcap"", ""edge_GOLEM__debt_ratio__asset_liabilities"", ""edge_GOLEM__debt_ratio2__rect_turn"", ""edge_GOLEM__rect_turn__leverage_ratio"", ""leverage_ratio"", ""roe"", ""edge_GOLEM__debt_ratio__leverage_ratio"", ""rect_turn"", ""asset_turnover"", ""edge_GOLEM__rect_turn__roe"", ""edge_GOLEM__longtermdebt_invcap__totaldebt_invcap"", ""cash_debt"", ""edge_GOLEM__roe__totaldebt_invcap""]"
d5f63f9dfc151a60,OFR,GOLEM,30,4,30068,30,"[""edge_GOLEM__roa__capitalization_ratio"", ""edge_GOLEM__roa__asset_turnover"", ""totaldebt_invcap"", ""edge_GOLEM__debt_ratio2__roa"", ""debt_ratio"", ""roa"", ""edge_GOLEM__capitalization_ratio__longtermdebt_invcap"", ""edge_GOLEM__roa__rect_turn"", ""asset_liabilities"", ""edge_GOLEM__debt_ratio2__rect_turn"", ""edge_GOLEM__roa__roe"", ""debt_ratio2"", ""edge_GOLEM__debt_ratio2__totaldebt_invcap"", ""edge_GOLEM__leverage_ratio__asset_liabilities"", ""edge_GOLEM__debt_ratio__asset_liabilities"", ""roe"", ""edge_GOLEM__rect_turn__leverage_ratio"", ""edge_GOLEM__rect_turn__asset_liabilities"", ""edge_GOLEM__rect_turn__roe"", ""edge_GOLEM__debt_ratio__rect_turn"", ""debt_ebitda"", ""capitalization_ratio"", ""edge_GOLEM__capitalization_ratio__totaldebt_invcap"", ""edge_GOLEM__debt_ratio__leverage_ratio"", ""edge_GOLEM__leverage_ratio__totaldebt_invcap"", ""edge_GOLEM__debt_ratio2__capitalization_ratio"", ""longtermdebt_invcap"", ""edge_GOLEM__rect_turn__asset_turnover"", ""edge_GOLEM__roe__totaldebt_invcap"", ""edge_GOLEM__debt_ratio2__debt_ebitda""]"
56c05e712d0da73d,OFR,GOLEM,40,0,39064,39,"[""rect_turn"", ""longtermdebt_invcap"", ""edge_GOLEM__rect_turn__leverage_ratio"", ""edge_GOLEM__debt_ratio__asset_liabilities"", ""edge_GOLEM__debt_ratio2__roa"", ""edge_GOLEM__debt_ratio2__rect_turn"", ""edge_GOLEM__debt_ratio__leverage_ratio"", ""edge_GOLEM__debt_ratio2__debt_ebitda"", ""totaldebt_invcap"", ""edge_GOLEM__roa__totaldebt_invcap"", ""asset_liabilities"", ""edge_GOLEM__capitalization_ratio__longtermdebt_invcap"", ""debt_ratio"", ""edge_GOLEM__roa__roe"", ""roe"", ""edge_GOLEM__rect_turn__asset_turnover"", ""edge_GOLEM__debt_ratio2__capitalization_ratio"", ""edge_GOLEM__leverage_ratio__asset_liabilities"", ""edge_GOLEM__roe__totaldebt_invcap"", ""leverage_ratio"", ""edge_GOLEM__roa__capitalization_ratio"", ""edge_GOLEM__leverage_ratio__asset_turnover"", ""asset_turnover"", ""edge_GOLEM__roa__asset_turnover"", ""roa"", ""edge_GOLEM__debt_ratio__rect_turn"", ""edge_GOLEM__capitalization_ratio__debt_ratio"", ""debt_ratio2"", ""capitalization_ratio"", ""edge_GOLEM__debt_ratio2__totaldebt_invcap"", ""edge_GOLEM__longtermdebt_invcap__totaldebt_invcap"", ""edge_GOLEM__leverage_ratio__totaldebt_invcap"", ""edge_GOLEM__capitalization_ratio__totaldebt_invcap"", ""edge_GOLEM__roa__rect_turn"", ""edge_GOLEM__roa__debt_ratio"", ""cash_debt"", ""debt_ebitda"", ""edge_GOLEM__rect_turn__roe"", ""edge_GOLEM__rect_turn__asset_liabilities""]"
a76afb14f5fa3202,OFR,GOLEM,40,1,39065,39,"[""debt_ebitda"", ""edge_GOLEM__debt_ratio2__totaldebt_invcap"", ""edge_GOLEM__debt_ratio__leverage_ratio"", ""edge_GOLEM__rect_turn__leverage_ratio"", ""leverage_ratio"", ""edge_GOLEM__roa__asset_turnover"", ""edge_GOLEM__debt_ratio2__roa"", ""edge_GOLEM__longtermdebt_invcap__totaldebt_invcap"", ""edge_GOLEM__capitalization_ratio__debt_ratio"", ""debt_ratio"", ""cash_debt"", ""edge_GOLEM__rect_turn__asset_liabilities"", ""rect_turn"", ""edge_GOLEM__debt_ratio2__capitalization_ratio"", ""asset_liabilities"", ""edge_GOLEM__leverage_ratio__asset_turnover"", ""edge_GOLEM__roe__totaldebt_invcap"", ""edge_GOLEM__debt_ratio__asset_liabilities"", ""edge_GOLEM__roa__roe"", ""edge_GOLEM__roa__capitalization_ratio"", ""edge_GOLEM__capitalization_ratio__totaldebt_invcap"", ""edge_GOLEM__capitalization_ratio__longtermdebt_invcap"", ""totaldebt_invcap"", ""longtermdebt_invcap"", ""edge_GOLEM__rect_turn__asset_turnover"", ""edge_GOLEM__leverage_ratio__asset_liabilities"", ""asset_turnover"", ""roe"", ""edge_GOLEM__debt_ratio2__debt_ebitda"", ""edge_GOLEM__debt_ratio2__rect_turn"", ""roa"", ""debt_ratio2"", ""edge_GOLEM__roa__debt_ratio"", ""edge_GOLEM__leverage_ratio__totaldebt_invcap"", ""edge_GOLEM__roa__totaldebt_invcap"", ""capitalization_ratio"", ""edge_GOLEM__rect_turn__roe"", ""edge_GOLEM__debt_ratio__rect_turn"", ""edge_GOLEM__roa__rect_turn""]"
be2c65a50ac9c1df,OFR,GOLEM,40,2,39066,39,"[""asset_liabilities"", ""asset_turnover"", ""roe"", ""edge_GOLEM__roa__capitalization_ratio"", ""totaldebt_invcap"", ""edge_GOLEM__debt_ratio__asset_liabilities"", ""leverage_ratio"", ""edge_GOLEM__roa__totaldebt_invcap"", ""edge_GOLEM__leverage_ratio__totaldebt_invcap"", ""debt_ratio2"", ""edge_GOLEM__rect_turn__asset_turnover"", ""edge_GOLEM__longtermdebt_invcap__totaldebt_invcap"", ""edge_GOLEM__debt_ratio__leverage_ratio"", ""edge_GOLEM__debt_ratio__rect_turn"", ""edge_GOLEM__rect_turn__leverage_ratio"", ""edge_GOLEM__leverage_ratio__asset_liabilities"", ""edge_GOLEM__roa__roe"", ""edge_GOLEM__leverage_ratio__asset_turnover"", ""edge_GOLEM__debt_ratio2__debt_ebitda"", ""edge_GOLEM__capitalization_ratio__totaldebt_invcap"", ""edge_GOLEM__debt_ratio2__capitalization_ratio"", ""edge_GOLEM__capitalization_ratio__debt_ratio"", ""longtermdebt_invcap"", ""edge_GOLEM__rect_turn__asset_liabilities"", ""edge_GOLEM__roa__asset_turnover"", ""edge_GOLEM__rect_turn__roe"", ""edge_GOLEM__roe__totaldebt_invcap"", ""rect_turn"", ""debt_ebitda"", ""capitalization_ratio"", ""cash_debt"", ""edge_GOLEM__roa__debt_ratio"", ""roa"", ""debt_ratio"", ""edge_GOLEM__capitalization_ratio__longtermdebt_invcap"", ""edge_GOLEM__debt_ratio2__rect_turn"", ""edge_GOLEM__roa__rect_turn"", ""edge_GOLEM__debt_ratio2__roa"", ""edge_GOLEM__debt_ratio2__totaldebt_invcap""]"
177964baed2325fd,OFR,GOLEM,40,3,39067,39,"[""debt_ebitda"", ""edge_GOLEM__leverage_ratio__totaldebt_invcap"", ""edge_GOLEM__debt_ratio2__debt_ebitda"", ""asset_liabilities"", ""rect_turn"", ""edge_GOLEM__capitalization_ratio__longtermdebt_invcap"", ""edge_GOLEM__debt_ratio2__roa"", ""edge_GOLEM__debt_ratio__asset_liabilities"", ""edge_GOLEM__roe__totaldebt_invcap"", ""edge_GOLEM__leverage_ratio__asset_liabilities"", ""debt_ratio2"", ""edge_GOLEM__debt_ratio__rect_turn"", ""longtermdebt_invcap"", ""edge_GOLEM__rect_turn__asset_liabilities"", ""edge_GOLEM__leverage_ratio__asset_turnover"", ""cash_debt"", ""edge_GOLEM__roa__totaldebt_invcap"", ""edge_GOLEM__debt_ratio2__rect_turn"", ""edge_GOLEM__rect_turn__roe"", ""edge_GOLEM__rect_turn__asset_turnover"", ""capitalization_ratio"", ""debt_ratio"", ""edge_GOLEM__debt_ratio2__capitalization_ratio"", ""edge_GOLEM__roa__debt_ratio"", ""edge_GOLEM__roa__roe"", ""edge_GOLEM__rect_turn__leverage_ratio"", ""edge_GOLEM__debt_ratio__leverage_ratio"", ""edge_GOLEM__roa__rect_turn"", ""edge_GOLEM__capitalization_ratio__debt_ratio"", ""edge_GOLEM__roa__capitalization_ratio"", ""leverage_ratio"", ""edge_GOLEM__debt_ratio2__totaldebt_invcap"", ""asset_turnover"", ""edge_GOLEM__longtermdebt_invcap__totaldebt_invcap"", ""totaldebt_invcap"", ""roa"", ""roe"", ""edge_GOLEM__roa__asset_turnover"", ""edge_GOLEM__capitalization_ratio__totaldebt_invcap""]"
2f47575560684a30,OFR,GOLEM,40,4,39068,39,"[""totaldebt_invcap"", ""edge_GOLEM__roa__totaldebt_invcap"", ""edge_GOLEM__debt_ratio2__capitalization_ratio"", ""edge_GOLEM__roa__debt_ratio"", ""edge_GOLEM__leverage_ratio__asset_turnover"", ""rect_turn"", ""edge_GOLEM__leverage_ratio__totaldebt_invcap"", ""cash_debt"", ""roa"", ""edge_GOLEM__capitalization_ratio__debt_ratio"", ""edge_GOLEM__roa__roe"", ""edge_GOLEM__roa__capitalization_ratio"", ""edge_GOLEM__leverage_ratio__asset_liabilities"", ""capitalization_ratio"", ""edge_GOLEM__rect_turn__leverage_ratio"", ""debt_ratio"", ""edge_GOLEM__rect_turn__roe"", ""asset_turnover"", ""edge_GOLEM__debt_ratio__leverage_ratio"", ""asset_liabilities"", ""edge_GOLEM__debt_ratio__asset_liabilities"", ""edge_GOLEM__debt_ratio2__rect_turn"", ""edge_GOLEM__roa__asset_turnover"", ""edge_GOLEM__rect_turn__asset_turnover"", ""edge_GOLEM__capitalization_ratio__longtermdebt_invcap"", ""debt_ebitda"", ""roe"", ""edge_GOLEM__longtermdebt_invcap__totaldebt_invcap"", ""edge_GOLEM__debt_ratio2__totaldebt_invcap"", ""edge_GOLEM__capitalization_ratio__totaldebt_invcap"", ""edge_GOLEM__roe__totaldebt_invcap"", ""edge_GOLEM__debt_ratio2__roa"", ""debt_ratio2"", ""leverage_ratio"", ""edge_GOLEM__debt_ratio__rect_turn"", ""longtermdebt_invcap"", ""edge_GOLEM__rect_turn__asset_liabilities"", ""edge_GOLEM__debt_ratio2__debt_ebitda"", ""edge_GOLEM__roa__rect_turn""]"
546597550a8824c6,OFR,GOLEM,ALL,0,39064,39,"[""rect_turn"", ""longtermdebt_invcap"", ""edge_GOLEM__rect_turn__leverage_ratio"", ""edge_GOLEM__debt_ratio__asset_liabilities"", ""edge_GOLEM__debt_ratio2__roa"", ""edge_GOLEM__debt_ratio2__rect_turn"", ""edge_GOLEM__debt_ratio__leverage_ratio"", ""edge_GOLEM__debt_ratio2__debt_ebitda"", ""totaldebt_invcap"", ""edge_GOLEM__roa__totaldebt_invcap"", ""asset_liabilities"", ""edge_GOLEM__capitalization_ratio__longtermdebt_invcap"", ""debt_ratio"", ""edge_GOLEM__roa__roe"", ""roe"", ""edge_GOLEM__rect_turn__asset_turnover"", ""edge_GOLEM__debt_ratio2__capitalization_ratio"", ""edge_GOLEM__leverage_ratio__asset_liabilities"", ""edge_GOLEM__roe__totaldebt_invcap"", ""leverage_ratio"", ""edge_GOLEM__roa__capitalization_ratio"", ""edge_GOLEM__leverage_ratio__asset_turnover"", ""asset_turnover"", ""edge_GOLEM__roa__asset_turnover"", ""roa"", ""edge_GOLEM__debt_ratio__rect_turn"", ""edge_GOLEM__capitalization_ratio__debt_ratio"", ""debt_ratio2"", ""capitalization_ratio"", ""edge_GOLEM__debt_ratio2__totaldebt_invcap"", ""edge_GOLEM__longtermdebt_invcap__totaldebt_invcap"", ""edge_GOLEM__leverage_ratio__totaldebt_invcap"", ""edge_GOLEM__capitalization_ratio__totaldebt_invcap"", ""edge_GOLEM__roa__rect_turn"", ""edge_GOLEM__roa__debt_ratio"", ""cash_debt"", ""debt_ebitda"", ""edge_GOLEM__rect_turn__roe"", ""edge_GOLEM__rect_turn__asset_liabilities""]"
0e230034ee9400c0,OFR,GOLEM,ALL,1,39065,39,"[""debt_ebitda"", ""edge_GOLEM__debt_ratio2__totaldebt_invcap"", ""edge_GOLEM__debt_ratio__leverage_ratio"", ""edge_GOLEM__rect_turn__leverage_ratio"", ""leverage_ratio"", ""edge_GOLEM__roa__asset_turnover"", ""edge_GOLEM__debt_ratio2__roa"", ""edge_GOLEM__longtermdebt_invcap__totaldebt_invcap"", ""edge_GOLEM__capitalization_ratio__debt_ratio"", ""debt_ratio"", ""cash_debt"", ""edge_GOLEM__rect_turn__asset_liabilities"", ""rect_turn"", ""edge_GOLEM__debt_ratio2__capitalization_ratio"", ""asset_liabilities"", ""edge_GOLEM__leverage_ratio__asset_turnover"", ""edge_GOLEM__roe__totaldebt_invcap"", ""edge_GOLEM__debt_ratio__asset_liabilities"", ""edge_GOLEM__roa__roe"", ""edge_GOLEM__roa__capitalization_ratio"", ""edge_GOLEM__capitalization_ratio__totaldebt_invcap"", ""edge_GOLEM__capitalization_ratio__longtermdebt_invcap"", ""totaldebt_invcap"", ""longtermdebt_invcap"", ""edge_GOLEM__rect_turn__asset_turnover"", ""edge_GOLEM__leverage_ratio__asset_liabilities"", ""asset_turnover"", ""roe"", ""edge_GOLEM__debt_ratio2__debt_ebitda"", ""edge_GOLEM__debt_ratio2__rect_turn"", ""roa"", ""debt_ratio2"", ""edge_GOLEM__roa__debt_ratio"", ""edge_GOLEM__leverage_ratio__totaldebt_invcap"", ""edge_GOLEM__roa__totaldebt_invcap"", ""capitalization_ratio"", ""edge_GOLEM__rect_turn__roe"", ""edge_GOLEM__debt_ratio__rect_turn"", ""edge_GOLEM__roa__rect_turn""]"
c5f4421a578aa965,OFR,GOLEM,ALL,2,39066,39,"[""asset_liabilities"", ""asset_turnover"", ""roe"", ""edge_GOLEM__roa__capitalization_ratio"", ""totaldebt_invcap"", ""edge_GOLEM__debt_ratio__asset_liabilities"", ""leverage_ratio"", ""edge_GOLEM__roa__totaldebt_invcap"", ""edge_GOLEM__leverage_ratio__totaldebt_invcap"", ""debt_ratio2"", ""edge_GOLEM__rect_turn__asset_turnover"", ""edge_GOLEM__longtermdebt_invcap__totaldebt_invcap"", ""edge_GOLEM__debt_ratio__leverage_ratio"", ""edge_GOLEM__debt_ratio__rect_turn"", ""edge_GOLEM__rect_turn__leverage_ratio"", ""edge_GOLEM__leverage_ratio__asset_liabilities"", ""edge_GOLEM__roa__roe"", ""edge_GOLEM__leverage_ratio__asset_turnover"", ""edge_GOLEM__debt_ratio2__debt_ebitda"", ""edge_GOLEM__capitalization_ratio__totaldebt_invcap"", ""edge_GOLEM__debt_ratio2__capitalization_ratio"", ""edge_GOLEM__capitalization_ratio__debt_ratio"", ""longtermdebt_invcap"", ""edge_GOLEM__rect_turn__asset_liabilities"", ""edge_GOLEM__roa__asset_turnover"", ""edge_GOLEM__rect_turn__roe"", ""edge_GOLEM__roe__totaldebt_invcap"", ""rect_turn"", ""debt_ebitda"", ""capitalization_ratio"", ""cash_debt"", ""edge_GOLEM__roa__debt_ratio"", ""roa"", ""debt_ratio"", ""edge_GOLEM__capitalization_ratio__longtermdebt_invcap"", ""edge_GOLEM__debt_ratio2__rect_turn"", ""edge_GOLEM__roa__rect_turn"", ""edge_GOLEM__debt_ratio2__roa"", ""edge_GOLEM__debt_ratio2__totaldebt_invcap""]"
59c906873929a4e2,OFR,GOLEM,ALL,3,39067,39,"[""debt_ebitda"", ""edge_GOLEM__leverage_ratio__totaldebt_invcap"", ""edge_GOLEM__debt_ratio2__debt_ebitda"", ""asset_liabilities"", ""rect_turn"", ""edge_GOLEM__capitalization_ratio__longtermdebt_invcap"", ""edge_GOLEM__debt_ratio2__roa"", ""edge_GOLEM__debt_ratio__asset_liabilities"", ""edge_GOLEM__roe__totaldebt_invcap"", ""edge_GOLEM__leverage_ratio__asset_liabilities"", ""debt_ratio2"", ""edge_GOLEM__debt_ratio__rect_turn"", ""longtermdebt_invcap"", ""edge_GOLEM__rect_turn__asset_liabilities"", ""edge_GOLEM__leverage_ratio__asset_turnover"", ""cash_debt"", ""edge_GOLEM__roa__totaldebt_invcap"", ""edge_GOLEM__debt_ratio2__rect_turn"", ""edge_GOLEM__rect_turn__roe"", ""edge_GOLEM__rect_turn__asset_turnover"", ""capitalization_ratio"", ""debt_ratio"", ""edge_GOLEM__debt_ratio2__capitalization_ratio"", ""edge_GOLEM__roa__debt_ratio"", ""edge_GOLEM__roa__roe"", ""edge_GOLEM__rect_turn__leverage_ratio"", ""edge_GOLEM__debt_ratio__leverage_ratio"", ""edge_GOLEM__roa__rect_turn"", ""edge_GOLEM__capitalization_ratio__debt_ratio"", ""edge_GOLEM__roa__capitalization_ratio"", ""leverage_ratio"", ""edge_GOLEM__debt_ratio2__totaldebt_invcap"", ""asset_turnover"", ""edge_GOLEM__longtermdebt_invcap__totaldebt_invcap"", ""totaldebt_invcap"", ""roa"", ""roe"", ""edge_GOLEM__roa__asset_turnover"", ""edge_GOLEM__capitalization_ratio__totaldebt_invcap""]"
79c41010d8beb1e8,OFR,GOLEM,ALL,4,39068,39,"[""totaldebt_invcap"", ""edge_GOLEM__roa__totaldebt_invcap"", ""edge_GOLEM__debt_ratio2__capitalization_ratio"", ""edge_GOLEM__roa__debt_ratio"", ""edge_GOLEM__leverage_ratio__asset_turnover"", ""rect_turn"", ""edge_GOLEM__leverage_ratio__totaldebt_invcap"", ""cash_debt"", ""roa"", ""edge_GOLEM__capitalization_ratio__debt_ratio"", ""edge_GOLEM__roa__roe"", ""edge_GOLEM__roa__capitalization_ratio"", ""edge_GOLEM__leverage_ratio__asset_liabilities"", ""capitalization_ratio"", ""edge_GOLEM__rect_turn__leverage_ratio"", ""debt_ratio"", ""edge_GOLEM__rect_turn__roe"", ""asset_turnover"", ""edge_GOLEM__debt_ratio__leverage_ratio"", ""asset_liabilities"", ""edge_GOLEM__debt_ratio__asset_liabilities"", ""edge_GOLEM__debt_ratio2__rect_turn"", ""edge_GOLEM__roa__asset_turnover"", ""edge_GOLEM__rect_turn__asset_turnover"", ""edge_GOLEM__capitalization_ratio__longtermdebt_invcap"", ""debt_ebitda"", ""roe"", ""edge_GOLEM__longtermdebt_invcap__totaldebt_invcap"", ""edge_GOLEM__debt_ratio2__totaldebt_invcap"", ""edge_GOLEM__capitalization_ratio__totaldebt_invcap"", ""edge_GOLEM__roe__totaldebt_invcap"", ""edge_GOLEM__debt_ratio2__roa"", ""debt_ratio2"", ""leverage_ratio"", ""edge_GOLEM__debt_ratio__rect_turn"", ""longtermdebt_invcap"", ""edge_GOLEM__rect_turn__asset_liabilities"", ""edge_GOLEM__debt_ratio2__debt_ebitda"", ""edge_GOLEM__roa__rect_turn""]"
