FEATURE_KEY,SET,DAG,K_EDGE,TRIAL,SEED,N_FEAT,FEATURES_JSON
d142655db65fda0d,O,BASE,0,,,13,"[""leverage_ratio"", ""asset_liabilities"", ""roe"", ""asset_turnover"", ""debt_ratio"", ""debt_ratio2"", ""roa"", ""capitalization_ratio"", ""longtermdebt_invcap"", ""totaldebt_invcap"", ""cash_debt"", ""debt_ebitda"", ""rect_turn""]"
b93202c111b3750e,F,NOTEARS,1,,,1,"[""edge_NOTEARS__debt_ratio__asset_liabilities""]"
9560cd328a79aa95,OF,NOTEARS,1,,,14,"[""leverage_ratio"", ""asset_liabilities"", ""roe"", ""asset_turnover"", ""debt_ratio"", ""debt_ratio2"", ""roa"", ""capitalization_ratio"", ""longtermdebt_invcap"", ""totaldebt_invcap"", ""cash_debt"", ""debt_ebitda"", ""rect_turn"", ""edge_NOTEARS__debt_ratio__asset_liabilities""]"
4f5cf972f16a40f0,F,NOTEARS,2,,,2,"[""edge_NOTEARS__debt_ratio__asset_liabilities"", ""edge_NOTEARS__asset_liabilities__rect_turn""]"
df52776712e79ece,OF,NOTEARS,2,,,15,"[""leverage_ratio"", ""asset_liabilities"", ""roe"", ""asset_turnover"", ""debt_ratio"", ""debt_ratio2"", ""roa"", ""capitalization_ratio"", ""longtermdebt_invcap"", ""totaldebt_invcap"", ""cash_debt"", ""debt_ebitda"", ""rect_turn"", ""edge_NOTEARS__debt_ratio__asset_liabilities"", ""edge_NOTEARS__asset_liabilities__rect_turn""]"
94e03e7799b97478,F,NOTEARS,3,,,3,"[""edge_NOTEARS__debt_ratio__asset_liabilities"", ""edge_NOTEARS__asset_liabilities__rect_turn"", ""edge_NOTEARS__rect_turn__roa""]"
e4b9df0e4c07e44e,OF,NOTEARS,3,,,16,"[""leverage_ratio"", ""asset_liabilities"", ""roe"", ""asset_turnover"", ""debt_ratio"", ""debt_ratio2"", ""roa"", ""capitalization_ratio"", ""longtermdebt_invcap"", ""totaldebt_invcap"", ""cash_debt"", ""debt_ebitda"", ""rect_turn"", ""edge_NOTEARS__debt_ratio__asset_liabilities"", ""edge_NOTEARS__asset_liabilities__rect_turn"", ""edge_NOTEARS__rect_turn__roa""]"
3ca6494e3892385b,F,NOTEARS,4,,,4,"[""edge_NOTEARS__debt_ratio__asset_liabilities"", ""edge_NOTEARS__asset_liabilities__rect_turn"", ""edge_NOTEARS__rect_turn__roa"", ""edge_NOTEARS__roa__asset_turnover""]"
62fc6394fc947ee6,OF,NOTEARS,4,,,17,"[""leverage_ratio"", ""asset_liabilities"", ""roe"", ""asset_turnover"", ""debt_ratio"", ""debt_ratio2"", ""roa"", ""capitalization_ratio"", ""longtermdebt_invcap"", ""totaldebt_invcap"", ""cash_debt"", ""debt_ebitda"", ""rect_turn"", ""edge_NOTEARS__debt_ratio__asset_liabilities"", ""edge_NOTEARS__asset_liabilities__rect_turn"", ""edge_NOTEARS__rect_turn__roa"", ""edge_NOTEARS__roa__asset_turnover""]"
83b3c7441236a113,F,NOTEARS,5,,,5,"[""edge_NOTEARS__debt_ratio__asset_liabilities"", ""edge_NOTEARS__asset_liabilities__rect_turn"", ""edge_NOTEARS__rect_turn__roa"", ""edge_NOTEARS__roa__asset_turnover"", ""edge_NOTEARS__roa__roe""]"
6df54c24bbe946d8,OF,NOTEARS,5,,,18,"[""leverage_ratio"", ""asset_liabilities"", ""roe"", ""asset_turnover"", ""debt_ratio"", ""debt_ratio2"", ""roa"", ""capitalization_ratio"", ""longtermdebt_invcap"", ""totaldebt_invcap"", ""cash_debt"", ""debt_ebitda"", ""rect_turn"", ""edge_NOTEARS__debt_ratio__asset_liabilities"", ""edge_NOTEARS__asset_liabilities__rect_turn"", ""edge_NOTEARS__rect_turn__roa"", ""edge_NOTEARS__roa__asset_turnover"", ""edge_NOTEARS__roa__roe""]"
d6b4cf265d20ee9e,F,NOTEARS,6,,,6,"[""edge_NOTEARS__debt_ratio__asset_liabilities"", ""edge_NOTEARS__asset_liabilities__rect_turn"", ""edge_NOTEARS__rect_turn__roa"", ""edge_NOTEARS__roa__asset_turnover"", ""edge_NOTEARS__roa__roe"", ""edge_NOTEARS__debt_ratio2__roa""]"
b26aa99ead957a05,OF,NOTEARS,6,,,19,"[""leverage_ratio"", ""asset_liabilities"", ""roe"", ""asset_turnover"", ""debt_ratio"", ""debt_ratio2"", ""roa"", ""capitalization_ratio"", ""longtermdebt_invcap"", ""totaldebt_invcap"", ""cash_debt"", ""debt_ebitda"", ""rect_turn"", ""edge_NOTEARS__debt_ratio__asset_liabilities"", ""edge_NOTEARS__asset_liabilities__rect_turn"", ""edge_NOTEARS__rect_turn__roa"", ""edge_NOTEARS__roa__asset_turnover"", ""edge_NOTEARS__roa__roe"", ""edge_NOTEARS__debt_ratio2__roa""]"
832d03dd04676ff3,F,NOTEARS,7,,,7,"[""edge_NOTEARS__debt_ratio__asset_liabilities"", ""edge_NOTEARS__asset_liabilities__rect_turn"", ""edge_NOTEARS__rect_turn__roa"", ""edge_NOTEARS__roa__asset_turnover"", ""edge_NOTEARS__roa__roe"", ""edge_NOTEARS__debt_ratio2__roa"", ""edge_NOTEARS__debt_ratio2__totaldebt_invcap""]"
93ff8693f4792ff5,OF,NOTEARS,7,,,20,"[""leverage_ratio"", ""asset_liabilities"", ""roe"", ""asset_turnover"", ""debt_ratio"", ""debt_ratio2"", ""roa"", ""capitalization_ratio"", ""longtermdebt_invcap"", ""totaldebt_invcap"", ""cash_debt"", ""debt_ebitda"", ""rect_turn"", ""edge_NOTEARS__debt_ratio__asset_liabilities"", ""edge_NOTEARS__asset_liabilities__rect_turn"", ""edge_NOTEARS__rect_turn__roa"", ""edge_NOTEARS__roa__asset_turnover"", ""edge_NOTEARS__roa__roe"", ""edge_NOTEARS__debt_ratio2__roa"", ""edge_NOTEARS__debt_ratio2__totaldebt_invcap""]"
889ef10cf013e726,F,NOTEARS,8,,,8,"[""edge_NOTEARS__debt_ratio__asset_liabilities"", ""edge_NOTEARS__asset_liabilities__rect_turn"", ""edge_NOTEARS__rect_turn__roa"", ""edge_NOTEARS__roa__asset_turnover"", ""edge_NOTEARS__roa__roe"", ""edge_NOTEARS__debt_ratio2__roa"", ""edge_NOTEARS__debt_ratio2__totaldebt_invcap"", ""edge_NOTEARS__capitalization_ratio__longtermdebt_invcap""]"
4f85bf76573e26bb,OF,NOTEARS,8,,,21,"[""leverage_ratio"", ""asset_liabilities"", ""roe"", ""asset_turnover"", ""debt_ratio"", ""debt_ratio2"", ""roa"", ""capitalization_ratio"", ""longtermdebt_invcap"", ""totaldebt_invcap"", ""cash_debt"", ""debt_ebitda"", ""rect_turn"", ""edge_NOTEARS__debt_ratio__asset_liabilities"", ""edge_NOTEARS__asset_liabilities__rect_turn"", ""edge_NOTEARS__rect_turn__roa"", ""edge_NOTEARS__roa__asset_turnover"", ""edge_NOTEARS__roa__roe"", ""edge_NOTEARS__debt_ratio2__roa"", ""edge_NOTEARS__debt_ratio2__totaldebt_invcap"", ""edge_NOTEARS__capitalization_ratio__longtermdebt_invcap""]"
3a0b62d5c326a42b,F,NOTEARS,9,,,9,"[""edge_NOTEARS__debt_ratio__asset_liabilities"", ""edge_NOTEARS__asset_liabilities__rect_turn"", ""edge_NOTEARS__rect_turn__roa"", ""edge_NOTEARS__roa__asset_turnover"", ""edge_NOTEARS__roa__roe"", ""edge_NOTEARS__debt_ratio2__roa"", ""edge_NOTEARS__debt_ratio2__totaldebt_invcap"", ""edge_NOTEARS__capitalization_ratio__longtermdebt_invcap"", ""edge_NOTEARS__debt_ratio__leverage_ratio""]"
64af8cc525f22486,OF,NOTEARS,9,,,22,"[""leverage_ratio"", ""asset_liabilities"", ""roe"", ""asset_turnover"", ""debt_ratio"", ""debt_ratio2"", ""roa"", ""capitalization_ratio"", ""longtermdebt_invcap"", ""totaldebt_invcap"", ""cash_debt"", ""debt_ebitda"", ""rect_turn"", ""edge_NOTEARS__debt_ratio__asset_liabilities"", ""edge_NOTEARS__asset_liabilities__rect_turn"", ""edge_NOTEARS__rect_turn__roa"", ""edge_NOTEARS__roa__asset_turnover"", ""edge_NOTEARS__roa__roe"", ""edge_NOTEARS__debt_ratio2__roa"", ""edge_NOTEARS__debt_ratio2__totaldebt_invcap"", ""edge_NOTEARS__capitalization_ratio__longtermdebt_invcap"", ""edge_NOTEARS__debt_ratio__leverage_ratio""]"
bb4d1078957f8842,F,NOTEARS,10,,,10,"[""edge_NOTEARS__debt_ratio__asset_liabilities"", ""edge_NOTEARS__asset_liabilities__rect_turn"", ""edge_NOTEARS__rect_turn__roa"", ""edge_NOTEARS__roa__asset_turnover"", ""edge_NOTEARS__roa__roe"", ""edge_NOTEARS__debt_ratio2__roa"", ""edge_NOTEARS__debt_ratio2__totaldebt_invcap"", ""edge_NOTEARS__capitalization_ratio__longtermdebt_invcap"", ""edge_NOTEARS__debt_ratio__leverage_ratio"", ""edge_NOTEARS__debt_ratio2__capitalization_ratio""]"
fc8072d3cc22afa3,OF,NOTEARS,10,,,23,"[""leverage_ratio"", ""asset_liabilities"", ""roe"", ""asset_turnover"", ""debt_ratio"", ""debt_ratio2"", ""roa"", ""capitalization_ratio"", ""longtermdebt_invcap"", ""totaldebt_invcap"", ""cash_debt"", ""debt_ebitda"", ""rect_turn"", ""edge_NOTEARS__debt_ratio__asset_liabilities"", ""edge_NOTEARS__asset_liabilities__rect_turn"", ""edge_NOTEARS__rect_turn__roa"", ""edge_NOTEARS__roa__asset_turnover"", ""edge_NOTEARS__roa__roe"", ""edge_NOTEARS__debt_ratio2__roa"", ""edge_NOTEARS__debt_ratio2__totaldebt_invcap"", ""edge_NOTEARS__capitalization_ratio__longtermdebt_invcap"", ""edge_NOTEARS__debt_ratio__leverage_ratio"", ""edge_NOTEARS__debt_ratio2__capitalization_ratio""]"
6194646071f9a87d,F,NOTEARS,11,,,11,"[""edge_NOTEARS__debt_ratio__asset_liabilities"", ""edge_NOTEARS__asset_liabilities__rect_turn"", ""edge_NOTEARS__rect_turn__roa"", ""edge_NOTEARS__roa__asset_turnover"", ""edge_NOTEARS__roa__roe"", ""edge_NOTEARS__debt_ratio2__roa"", ""edge_NOTEARS__debt_ratio2__totaldebt_invcap"", ""edge_NOTEARS__capitalization_ratio__longtermdebt_invcap"", ""edge_NOTEARS__debt_ratio__leverage_ratio"", ""edge_NOTEARS__debt_ratio2__capitalization_ratio"", ""edge_NOTEARS__debt_ratio2__debt_ratio""]"
8831926e7b6e25e7,OF,NOTEARS,11,,,24,"[""leverage_ratio"", ""asset_liabilities"", ""roe"", ""asset_turnover"", ""debt_ratio"", ""debt_ratio2"", ""roa"", ""capitalization_ratio"", ""longtermdebt_invcap"", ""totaldebt_invcap"", ""cash_debt"", ""debt_ebitda"", ""rect_turn"", ""edge_NOTEARS__debt_ratio__asset_liabilities"", ""edge_NOTEARS__asset_liabilities__rect_turn"", ""edge_NOTEARS__rect_turn__roa"", ""edge_NOTEARS__roa__asset_turnover"", ""edge_NOTEARS__roa__roe"", ""edge_NOTEARS__debt_ratio2__roa"", ""edge_NOTEARS__debt_ratio2__totaldebt_invcap"", ""edge_NOTEARS__capitalization_ratio__longtermdebt_invcap"", ""edge_NOTEARS__debt_ratio__leverage_ratio"", ""edge_NOTEARS__debt_ratio2__capitalization_ratio"", ""edge_NOTEARS__debt_ratio2__debt_ratio""]"
c6222f4b42894a80,F,NOTEARS,12,,,12,"[""edge_NOTEARS__debt_ratio__asset_liabilities"", ""edge_NOTEARS__asset_liabilities__rect_turn"", ""edge_NOTEARS__rect_turn__roa"", ""edge_NOTEARS__roa__asset_turnover"", ""edge_NOTEARS__roa__roe"", ""edge_NOTEARS__debt_ratio2__roa"", ""edge_NOTEARS__debt_ratio2__totaldebt_invcap"", ""edge_NOTEARS__capitalization_ratio__longtermdebt_invcap"", ""edge_NOTEARS__debt_ratio__leverage_ratio"", ""edge_NOTEARS__debt_ratio2__capitalization_ratio"", ""edge_NOTEARS__debt_ratio2__debt_ratio"", ""edge_NOTEARS__longtermdebt_invcap__totaldebt_invcap""]"
685b1d4ae6403ba1,OF,NOTEARS,12,,,25,"[""leverage_ratio"", ""asset_liabilities"", ""roe"", ""asset_turnover"", ""debt_ratio"", ""debt_ratio2"", ""roa"", ""capitalization_ratio"", ""longtermdebt_invcap"", ""totaldebt_invcap"", ""cash_debt"", ""debt_ebitda"", ""rect_turn"", ""edge_NOTEARS__debt_ratio__asset_liabilities"", ""edge_NOTEARS__asset_liabilities__rect_turn"", ""edge_NOTEARS__rect_turn__roa"", ""edge_NOTEARS__roa__asset_turnover"", ""edge_NOTEARS__roa__roe"", ""edge_NOTEARS__debt_ratio2__roa"", ""edge_NOTEARS__debt_ratio2__totaldebt_invcap"", ""edge_NOTEARS__capitalization_ratio__longtermdebt_invcap"", ""edge_NOTEARS__debt_ratio__leverage_ratio"", ""edge_NOTEARS__debt_ratio2__capitalization_ratio"", ""edge_NOTEARS__debt_ratio2__debt_ratio"", ""edge_NOTEARS__longtermdebt_invcap__totaldebt_invcap""]"
cd8173b70fdabb94,F,NOTEARS,13,,,13,"[""edge_NOTEARS__debt_ratio__asset_liabilities"", ""edge_NOTEARS__asset_liabilities__rect_turn"", ""edge_NOTEARS__rect_turn__roa"", ""edge_NOTEARS__roa__asset_turnover"", ""edge_NOTEARS__roa__roe"", ""edge_NOTEARS__debt_ratio2__roa"", ""edge_NOTEARS__debt_ratio2__totaldebt_invcap"", ""edge_NOTEARS__capitalization_ratio__longtermdebt_invcap"", ""edge_NOTEARS__debt_ratio__leverage_ratio"", ""edge_NOTEARS__debt_ratio2__capitalization_ratio"", ""edge_NOTEARS__debt_ratio2__debt_ratio"", ""edge_NOTEARS__longtermdebt_invcap__totaldebt_invcap"", ""edge_NOTEARS__capitalization_ratio__totaldebt_invcap""]"
529e8d71865a0488,OF,NOTEARS,13,,,26,"[""leverage_ratio"", ""asset_liabilities"", ""roe"", ""asset_turnover"", ""debt_ratio"", ""debt_ratio2"", ""roa"", ""capitalization_ratio"", ""longtermdebt_invcap"", ""totaldebt_invcap"", ""cash_debt"", ""debt_ebitda"", ""rect_turn"", ""edge_NOTEARS__debt_ratio__asset_liabilities"", ""edge_NOTEARS__asset_liabilities__rect_turn"", ""edge_NOTEARS__rect_turn__roa"", ""edge_NOTEARS__roa__asset_turnover"", ""edge_NOTEARS__roa__roe"", ""edge_NOTEARS__debt_ratio2__roa"", ""edge_NOTEARS__debt_ratio2__totaldebt_invcap"", ""edge_NOTEARS__capitalization_ratio__longtermdebt_invcap"", ""edge_NOTEARS__debt_ratio__leverage_ratio"", ""edge_NOTEARS__debt_ratio2__capitalization_ratio"", ""edge_NOTEARS__debt_ratio2__debt_ratio"", ""edge_NOTEARS__longtermdebt_invcap__totaldebt_invcap"", ""edge_NOTEARS__capitalization_ratio__totaldebt_invcap""]"
eac0305927b7d64a,F,NOTEARS,14,,,14,"[""edge_NOTEARS__debt_ratio__asset_liabilities"", ""edge_NOTEARS__asset_liabilities__rect_turn"", ""edge_NOTEARS__rect_turn__roa"", ""edge_NOTEARS__roa__asset_turnover"", ""edge_NOTEARS__roa__roe"", ""edge_NOTEARS__debt_ratio2__roa"", ""edge_NOTEARS__debt_ratio2__totaldebt_invcap"", ""edge_NOTEARS__capitalization_ratio__longtermdebt_invcap"", ""edge_NOTEARS__debt_ratio__leverage_ratio"", ""edge_NOTEARS__debt_ratio2__capitalization_ratio"", ""edge_NOTEARS__debt_ratio2__debt_ratio"", ""edge_NOTEARS__longtermdebt_invcap__totaldebt_invcap"", ""edge_NOTEARS__capitalization_ratio__totaldebt_invcap"", ""edge_NOTEARS__capitalization_ratio__debt_ratio""]"
7e0c94f5c1f792ba,OF,NOTEARS,14,,,27,"[""leverage_ratio"", ""asset_liabilities"", ""roe"", ""asset_turnover"", ""debt_ratio"", ""debt_ratio2"", ""roa"", ""capitalization_ratio"", ""longtermdebt_invcap"", ""totaldebt_invcap"", ""cash_debt"", ""debt_ebitda"", ""rect_turn"", ""edge_NOTEARS__debt_ratio__asset_liabilities"", ""edge_NOTEARS__asset_liabilities__rect_turn"", ""edge_NOTEARS__rect_turn__roa"", ""edge_NOTEARS__roa__asset_turnover"", ""edge_NOTEARS__roa__roe"", ""edge_NOTEARS__debt_ratio2__roa"", ""edge_NOTEARS__debt_ratio2__totaldebt_invcap"", ""edge_NOTEARS__capitalization_ratio__longtermdebt_invcap"", ""edge_NOTEARS__debt_ratio__leverage_ratio"", ""edge_NOTEARS__debt_ratio2__capitalization_ratio"", ""edge_NOTEARS__debt_ratio2__debt_ratio"", ""edge_NOTEARS__longtermdebt_invcap__totaldebt_invcap"", ""edge_NOTEARS__capitalization_ratio__totaldebt_invcap"", ""edge_NOTEARS__capitalization_ratio__debt_ratio""]"
5f565b9fb64a7d79,F,NOTEARS,15,,,15,"[""edge_NOTEARS__debt_ratio__asset_liabilities"", ""edge_NOTEARS__asset_liabilities__rect_turn"", ""edge_NOTEARS__rect_turn__roa"", ""edge_NOTEARS__roa__asset_turnover"", ""edge_NOTEARS__roa__roe"", ""edge_NOTEARS__debt_ratio2__roa"", ""edge_NOTEARS__debt_ratio2__totaldebt_invcap"", ""edge_NOTEARS__capitalization_ratio__longtermdebt_invcap"", ""edge_NOTEARS__debt_ratio__leverage_ratio"", ""edge_NOTEARS__debt_ratio2__capitalization_ratio"", ""edge_NOTEARS__debt_ratio2__debt_ratio"", ""edge_NOTEARS__longtermdebt_invcap__totaldebt_invcap"", ""edge_NOTEARS__capitalization_ratio__totaldebt_invcap"", ""edge_NOTEARS__capitalization_ratio__debt_ratio"", ""edge_NOTEARS__totaldebt_invcap__debt_ratio""]"
85ccbe34f3de248a,OF,NOTEARS,15,,,28,"[""leverage_ratio"", ""asset_liabilities"", ""roe"", ""asset_turnover"", ""debt_ratio"", ""debt_ratio2"", ""roa"", ""capitalization_ratio"", ""longtermdebt_invcap"", ""totaldebt_invcap"", ""cash_debt"", ""debt_ebitda"", ""rect_turn"", ""edge_NOTEARS__debt_ratio__asset_liabilities"", ""edge_NOTEARS__asset_liabilities__rect_turn"", ""edge_NOTEARS__rect_turn__roa"", ""edge_NOTEARS__roa__asset_turnover"", ""edge_NOTEARS__roa__roe"", ""edge_NOTEARS__debt_ratio2__roa"", ""edge_NOTEARS__debt_ratio2__totaldebt_invcap"", ""edge_NOTEARS__capitalization_ratio__longtermdebt_invcap"", ""edge_NOTEARS__debt_ratio__leverage_ratio"", ""edge_NOTEARS__debt_ratio2__capitalization_ratio"", ""edge_NOTEARS__debt_ratio2__debt_ratio"", ""edge_NOTEARS__longtermdebt_invcap__totaldebt_invcap"", ""edge_NOTEARS__capitalization_ratio__totaldebt_invcap"", ""edge_NOTEARS__capitalization_ratio__debt_ratio"", ""edge_NOTEARS__totaldebt_invcap__debt_ratio""]"
3c4bcc168e185389,F,NOTEARS,16,,,16,"[""edge_NOTEARS__debt_ratio__asset_liabilities"", ""edge_NOTEARS__asset_liabilities__rect_turn"", ""edge_NOTEARS__rect_turn__roa"", ""edge_NOTEARS__roa__asset_turnover"", ""edge_NOTEARS__roa__roe"", ""edge_NOTEARS__debt_ratio2__roa"", ""edge_NOTEARS__debt_ratio2__totaldebt_invcap"", ""edge_NOTEARS__capitalization_ratio__longtermdebt_invcap"", ""edge_NOTEARS__debt_ratio__leverage_ratio"", ""edge_NOTEARS__debt_ratio2__capitalization_ratio"", ""edge_NOTEARS__debt_ratio2__debt_ratio"", ""edge_NOTEARS__longtermdebt_invcap__totaldebt_invcap"", ""edge_NOTEARS__capitalization_ratio__totaldebt_invcap"", ""edge_NOTEARS__capitalization_ratio__debt_ratio"", ""edge_NOTEARS__totaldebt_invcap__debt_ratio"", ""edge_NOTEARS__debt_ebitda__debt_ratio2""]"
e3e00097974fbd14,OF,NOTEARS,16,,,29,"[""leverage_ratio"", ""asset_liabilities"", ""roe"", ""asset_turnover"", ""debt_ratio"", ""debt_ratio2"", ""roa"", ""capitalization_ratio"", ""longtermdebt_invcap"", ""totaldebt_invcap"", ""cash_debt"", ""debt_ebitda"", ""rect_turn"", ""edge_NOTEARS__debt_ratio__asset_liabilities"", ""edge_NOTEARS__asset_liabilities__rect_turn"", ""edge_NOTEARS__rect_turn__roa"", ""edge_NOTEARS__roa__asset_turnover"", ""edge_NOTEARS__roa__roe"", ""edge_NOTEARS__debt_ratio2__roa"", ""edge_NOTEARS__debt_ratio2__totaldebt_invcap"", ""edge_NOTEARS__capitalization_ratio__longtermdebt_invcap"", ""edge_NOTEARS__debt_ratio__leverage_ratio"", ""edge_NOTEARS__debt_ratio2__capitalization_ratio"", ""edge_NOTEARS__debt_ratio2__debt_ratio"", ""edge_NOTEARS__longtermdebt_invcap__totaldebt_invcap"", ""edge_NOTEARS__capitalization_ratio__totaldebt_invcap"", ""edge_NOTEARS__capitalization_ratio__debt_ratio"", ""edge_NOTEARS__totaldebt_invcap__debt_ratio"", ""edge_NOTEARS__debt_ebitda__debt_ratio2""]"
ef876b4a9df5a116,F,NOTEARS,17,,,17,"[""edge_NOTEARS__debt_ratio__asset_liabilities"", ""edge_NOTEARS__asset_liabilities__rect_turn"", ""edge_NOTEARS__rect_turn__roa"", ""edge_NOTEARS__roa__asset_turnover"", ""edge_NOTEARS__roa__roe"", ""edge_NOTEARS__debt_ratio2__roa"", ""edge_NOTEARS__debt_ratio2__totaldebt_invcap"", ""edge_NOTEARS__capitalization_ratio__longtermdebt_invcap"", ""edge_NOTEARS__debt_ratio__leverage_ratio"", ""edge_NOTEARS__debt_ratio2__capitalization_ratio"", ""edge_NOTEARS__debt_ratio2__debt_ratio"", ""edge_NOTEARS__longtermdebt_invcap__totaldebt_invcap"", ""edge_NOTEARS__capitalization_ratio__totaldebt_invcap"", ""edge_NOTEARS__capitalization_ratio__debt_ratio"", ""edge_NOTEARS__totaldebt_invcap__debt_ratio"", ""edge_NOTEARS__debt_ebitda__debt_ratio2"", ""edge_NOTEARS__totaldebt_invcap__leverage_ratio""]"
a7a10ffece9c6377,OF,NOTEARS,17,,,30,"[""leverage_ratio"", ""asset_liabilities"", ""roe"", ""asset_turnover"", ""debt_ratio"", ""debt_ratio2"", ""roa"", ""capitalization_ratio"", ""longtermdebt_invcap"", ""totaldebt_invcap"", ""cash_debt"", ""debt_ebitda"", ""rect_turn"", ""edge_NOTEARS__debt_ratio__asset_liabilities"", ""edge_NOTEARS__asset_liabilities__rect_turn"", ""edge_NOTEARS__rect_turn__roa"", ""edge_NOTEARS__roa__asset_turnover"", ""edge_NOTEARS__roa__roe"", ""edge_NOTEARS__debt_ratio2__roa"", ""edge_NOTEARS__debt_ratio2__totaldebt_invcap"", ""edge_NOTEARS__capitalization_ratio__longtermdebt_invcap"", ""edge_NOTEARS__debt_ratio__leverage_ratio"", ""edge_NOTEARS__debt_ratio2__capitalization_ratio"", ""edge_NOTEARS__debt_ratio2__debt_ratio"", ""edge_NOTEARS__longtermdebt_invcap__totaldebt_invcap"", ""edge_NOTEARS__capitalization_ratio__totaldebt_invcap"", ""edge_NOTEARS__capitalization_ratio__debt_ratio"", ""edge_NOTEARS__totaldebt_invcap__debt_ratio"", ""edge_NOTEARS__debt_ebitda__debt_ratio2"", ""edge_NOTEARS__totaldebt_invcap__leverage_ratio""]"
af2b0246c2f22fab,F,NOTEARS,18,,,18,"[""edge_NOTEARS__debt_ratio__asset_liabilities"", ""edge_NOTEARS__asset_liabilities__rect_turn"", ""edge_NOTEARS__rect_turn__roa"", ""edge_NOTEARS__roa__asset_turnover"", ""edge_NOTEARS__roa__roe"", ""edge_NOTEARS__debt_ratio2__roa"", ""edge_NOTEARS__debt_ratio2__totaldebt_invcap"", ""edge_NOTEARS__capitalization_ratio__longtermdebt_invcap"", ""edge_NOTEARS__debt_ratio__leverage_ratio"", ""edge_NOTEARS__debt_ratio2__capitalization_ratio"", ""edge_NOTEARS__debt_ratio2__debt_ratio"", ""edge_NOTEARS__longtermdebt_invcap__totaldebt_invcap"", ""edge_NOTEARS__capitalization_ratio__totaldebt_invcap"", ""edge_NOTEARS__capitalization_ratio__debt_ratio"", ""edge_NOTEARS__totaldebt_invcap__debt_ratio"", ""edge_NOTEARS__debt_ebitda__debt_ratio2"", ""edge_NOTEARS__totaldebt_invcap__leverage_ratio"", ""edge_NOTEARS__capitalization_ratio__roa""]"
7046a0f90ac6c5fe,OF,NOTEARS,18,,,31,"[""leverage_ratio"", ""asset_liabilities"", ""roe"", ""asset_turnover"", ""debt_ratio"", ""debt_ratio2"", ""roa"", ""capitalization_ratio"", ""longtermdebt_invcap"", ""totaldebt_invcap"", ""cash_debt"", ""debt_ebitda"", ""rect_turn"", ""edge_NOTEARS__debt_ratio__asset_liabilities"", ""edge_NOTEARS__asset_liabilities__rect_turn"", ""edge_NOTEARS__rect_turn__roa"", ""edge_NOTEARS__roa__asset_turnover"", ""edge_NOTEARS__roa__roe"", ""edge_NOTEARS__debt_ratio2__roa"", ""edge_NOTEARS__debt_ratio2__totaldebt_invcap"", ""edge_NOTEARS__capitalization_ratio__longtermdebt_invcap"", ""edge_NOTEARS__debt_ratio__leverage_ratio"", ""edge_NOTEARS__debt_ratio2__capitalization_ratio"", ""edge_NOTEARS__debt_ratio2__debt_ratio"", ""edge_NOTEARS__longtermdebt_invcap__totaldebt_invcap"", ""edge_NOTEARS__capitalization_ratio__totaldebt_invcap"", ""edge_NOTEARS__capitalization_ratio__debt_ratio"", ""edge_NOTEARS__totaldebt_invcap__debt_ratio"", ""edge_NOTEARS__debt_ebitda__debt_ratio2"", ""edge_NOTEARS__totaldebt_invcap__leverage_ratio"", ""edge_NOTEARS__capitalization_ratio__roa""]"
9db002eff0fcbf73,OFR,NOTEARS,5,0,5042,5,"[""longtermdebt_invcap"", ""roa"", ""rect_turn"", ""asset_liabilities"", ""edge_NOTEARS__debt_ratio2__totaldebt_invcap""]"
5f1e1f130f146e8f,OFR,NOTEARS,5,1,5043,5,"[""edge_NOTEARS__asset_liabilities__rect_turn"", ""asset_liabilities"", ""edge_NOTEARS__capitalization_ratio__totaldebt_invcap"", ""edge_NOTEARS__rect_turn__roa"", ""edge_NOTEARS__totaldebt_invcap__leverage_ratio""]"
0ccfea606c6f24f8,OFR,NOTEARS,5,2,5044,5,"[""edge_NOTEARS__debt_ratio2__debt_ratio"", ""asset_turnover"", ""edge_NOTEARS__totaldebt_invcap__leverage_ratio"", ""edge_NOTEARS__rect_turn__roa"", ""totaldebt_invcap""]"
7265f0099987ea66,OFR,NOTEARS,5,3,5045,5,"[""asset_liabilities"", ""edge_NOTEARS__debt_ebitda__debt_ratio2"", ""capitalization_ratio"", ""roa"", ""debt_ratio""]"
205509edb2bf5522,OFR,NOTEARS,5,4,5046,5,"[""debt_ratio"", ""edge_NOTEARS__capitalization_ratio__debt_ratio"", ""edge_NOTEARS__debt_ratio2__capitalization_ratio"", ""edge_NOTEARS__rect_turn__roa"", ""cash_debt""]"
e2540410e2561083,OFR,NOTEARS,10,0,10042,10,"[""edge_NOTEARS__roa__asset_turnover"", ""edge_NOTEARS__asset_liabilities__rect_turn"", ""rect_turn"", ""totaldebt_invcap"", ""edge_NOTEARS__debt_ratio2__debt_ratio"", ""edge_NOTEARS__longtermdebt_invcap__totaldebt_invcap"", ""edge_NOTEARS__rect_turn__roa"", ""edge_NOTEARS__roa__roe"", ""longtermdebt_invcap"", ""edge_NOTEARS__capitalization_ratio__roa""]"
ca682b830248e332,OFR,NOTEARS,10,1,10043,10,"[""leverage_ratio"", ""edge_NOTEARS__debt_ratio__leverage_ratio"", ""edge_NOTEARS__asset_liabilities__rect_turn"", ""edge_NOTEARS__debt_ratio2__totaldebt_invcap"", ""edge_NOTEARS__debt_ebitda__debt_ratio2"", ""cash_debt"", ""edge_NOTEARS__roa__asset_turnover"", ""edge_NOTEARS__capitalization_ratio__roa"", ""edge_NOTEARS__roa__roe"", ""asset_liabilities""]"
ade6aa1b948c71c1,OFR,NOTEARS,10,2,10044,10,"[""asset_turnover"", ""cash_debt"", ""longtermdebt_invcap"", ""debt_ratio"", ""edge_NOTEARS__capitalization_ratio__debt_ratio"", ""edge_NOTEARS__totaldebt_invcap__debt_ratio"", ""edge_NOTEARS__roa__roe"", ""edge_NOTEARS__asset_liabilities__rect_turn"", ""debt_ratio2"", ""totaldebt_invcap""]"
f968d589f60d9460,OFR,NOTEARS,10,3,10045,10,"[""edge_NOTEARS__debt_ratio2__capitalization_ratio"", ""edge_NOTEARS__rect_turn__roa"", ""debt_ratio"", ""asset_liabilities"", ""edge_NOTEARS__totaldebt_invcap__leverage_ratio"", ""capitalization_ratio"", ""edge_NOTEARS__totaldebt_invcap__debt_ratio"", ""longtermdebt_invcap"", ""roa"", ""edge_NOTEARS__debt_ratio2__debt_ratio""]"
91df3e1ce8bd58b2,OFR,NOTEARS,10,4,10046,10,"[""edge_NOTEARS__debt_ebitda__debt_ratio2"", ""edge_NOTEARS__debt_ratio__leverage_ratio"", ""edge_NOTEARS__totaldebt_invcap__debt_ratio"", ""edge_NOTEARS__longtermdebt_invcap__totaldebt_invcap"", ""edge_NOTEARS__capitalization_ratio__debt_ratio"", ""leverage_ratio"", ""edge_NOTEARS__debt_ratio2__capitalization_ratio"", ""edge_NOTEARS__capitalization_ratio__roa"", ""debt_ebitda"", ""asset_liabilities""]"
a75ecb0283ff71a0,OFR,NOTEARS,20,0,20042,20,"[""leverage_ratio"", ""edge_NOTEARS__debt_ratio2__roa"", ""edge_NOTEARS__roa__asset_turnover"", ""roe"", ""edge_NOTEARS__rect_turn__roa"", ""edge_NOTEARS__roa__roe"", ""edge_NOTEARS__totaldebt_invcap__debt_ratio"", ""asset_turnover"", ""cash_debt"", ""edge_NOTEARS__capitalization_ratio__roa"", ""edge_NOTEARS__longtermdebt_invcap__totaldebt_invcap"", ""longtermdebt_invcap"", ""edge_NOTEARS__capitalization_ratio__totaldebt_invcap"", ""edge_NOTEARS__debt_ratio2__totaldebt_invcap"", ""asset_liabilities"", ""edge_NOTEARS__totaldebt_invcap__leverage_ratio"", ""totaldebt_invcap"", ""capitalization_ratio"", ""edge_NOTEARS__asset_liabilities__rect_turn"", ""edge_NOTEARS__debt_ebitda__debt_ratio2""]"
c64452c7ab69be45,OFR,NOTEARS,20,1,20043,20,"[""capitalization_ratio"", ""edge_NOTEARS__roa__roe"", ""edge_NOTEARS__totaldebt_invcap__leverage_ratio"", ""edge_NOTEARS__debt_ratio2__capitalization_ratio"", ""edge_NOTEARS__totaldebt_invcap__debt_ratio"", ""edge_NOTEARS__capitalization_ratio__totaldebt_invcap"", ""edge_NOTEARS__debt_ebitda__debt_ratio2"", ""longtermdebt_invcap"", ""edge_NOTEARS__asset_liabilities__rect_turn"", ""edge_NOTEARS__debt_ratio2__debt_ratio"", ""asset_liabilities"", ""edge_NOTEARS__rect_turn__roa"", ""debt_ratio2"", ""edge_NOTEARS__debt_ratio__asset_liabilities"", ""debt_ebitda"", ""edge_NOTEARS__longtermdebt_invcap__totaldebt_invcap"", ""debt_ratio"", ""roa"", ""edge_NOTEARS__capitalization_ratio__debt_ratio"", ""roe""]"
a590a5b0a18cb7fe,OFR,NOTEARS,20,2,20044,20,"[""edge_NOTEARS__debt_ratio2__capitalization_ratio"", ""edge_NOTEARS__totaldebt_invcap__debt_ratio"", ""edge_NOTEARS__debt_ratio2__debt_ratio"", ""asset_turnover"", ""roe"", ""edge_NOTEARS__totaldebt_invcap__leverage_ratio"", ""debt_ratio"", ""edge_NOTEARS__rect_turn__roa"", ""edge_NOTEARS__capitalization_ratio__roa"", ""edge_NOTEARS__capitalization_ratio__longtermdebt_invcap"", ""edge_NOTEARS__debt_ratio2__roa"", ""edge_NOTEARS__asset_liabilities__rect_turn"", ""edge_NOTEARS__debt_ratio__leverage_ratio"", ""edge_NOTEARS__capitalization_ratio__debt_ratio"", ""rect_turn"", ""capitalization_ratio"", ""edge_NOTEARS__debt_ratio__asset_liabilities"", ""longtermdebt_invcap"", ""edge_NOTEARS__debt_ratio2__totaldebt_invcap"", ""cash_debt""]"
f48b96d0a6b820ee,OFR,NOTEARS,20,3,20045,20,"[""cash_debt"", ""capitalization_ratio"", ""longtermdebt_invcap"", ""asset_turnover"", ""edge_NOTEARS__capitalization_ratio__longtermdebt_invcap"", ""edge_NOTEARS__totaldebt_invcap__debt_ratio"", ""asset_liabilities"", ""edge_NOTEARS__rect_turn__roa"", ""edge_NOTEARS__debt_ratio2__totaldebt_invcap"", ""roa"", ""edge_NOTEARS__debt_ratio2__debt_ratio"", ""edge_NOTEARS__longtermdebt_invcap__totaldebt_invcap"", ""edge_NOTEARS__debt_ratio__leverage_ratio"", ""edge_NOTEARS__totaldebt_invcap__leverage_ratio"", ""debt_ratio"", ""edge_NOTEARS__roa__roe"", ""edge_NOTEARS__capitalization_ratio__debt_ratio"", ""edge_NOTEARS__debt_ratio2__capitalization_ratio"", ""edge_NOTEARS__debt_ratio__asset_liabilities"", ""edge_NOTEARS__debt_ratio2__roa""]"
71719a7cf16ae8d9,OFR,NOTEARS,20,4,20046,20,"[""leverage_ratio"", ""edge_NOTEARS__debt_ratio2__totaldebt_invcap"", ""capitalization_ratio"", ""edge_NOTEARS__roa__asset_turnover"", ""rect_turn"", ""edge_NOTEARS__roa__roe"", ""asset_turnover"", ""roe"", ""edge_NOTEARS__debt_ratio2__debt_ratio"", ""debt_ratio"", ""edge_NOTEARS__capitalization_ratio__totaldebt_invcap"", ""debt_ebitda"", ""edge_NOTEARS__debt_ratio2__roa"", ""edge_NOTEARS__capitalization_ratio__longtermdebt_invcap"", ""debt_ratio2"", ""edge_NOTEARS__capitalization_ratio__roa"", ""asset_liabilities"", ""edge_NOTEARS__longtermdebt_invcap__totaldebt_invcap"", ""edge_NOTEARS__debt_ratio2__capitalization_ratio"", ""cash_debt""]"
3993145012232c37,OFR,NOTEARS,30,0,30042,30,"[""edge_NOTEARS__debt_ebitda__debt_ratio2"", ""edge_NOTEARS__rect_turn__roa"", ""longtermdebt_invcap"", ""edge_NOTEARS__longtermdebt_invcap__totaldebt_invcap"", ""totaldebt_invcap"", ""edge_NOTEARS__capitalization_ratio__roa"", ""roe"", ""edge_NOTEARS__capitalization_ratio__totaldebt_invcap"", ""debt_ebitda"", ""edge_NOTEARS__debt_ratio__leverage_ratio"", ""edge_NOTEARS__debt_ratio2__totaldebt_invcap"", ""edge_NOTEARS__capitalization_ratio__debt_ratio"", ""edge_NOTEARS__debt_ratio2__capitalization_ratio"", ""edge_NOTEARS__totaldebt_invcap__debt_ratio"", ""edge_NOTEARS__capitalization_ratio__longtermdebt_invcap"", ""edge_NOTEARS__debt_ratio__asset_liabilities"", ""edge_NOTEARS__roa__asset_turnover"", ""asset_liabilities"", ""edge_NOTEARS__debt_ratio2__roa"", ""edge_NOTEARS__debt_ratio2__debt_ratio"", ""asset_turnover"", ""edge_NOTEARS__totaldebt_invcap__leverage_ratio"", ""rect_turn"", ""capitalization_ratio"", ""debt_ratio"", ""edge_NOTEARS__asset_liabilities__rect_turn"", ""debt_ratio2"", ""cash_debt"", ""leverage_ratio"", ""edge_NOTEARS__roa__roe""]"
f637c66f993c21bb,OFR,NOTEARS,30,1,30043,30,"[""edge_NOTEARS__rect_turn__roa"", ""edge_NOTEARS__longtermdebt_invcap__totaldebt_invcap"", ""capitalization_ratio"", ""edge_NOTEARS__capitalization_ratio__roa"", ""edge_NOTEARS__debt_ratio__asset_liabilities"", ""edge_NOTEARS__debt_ebitda__debt_ratio2"", ""asset_liabilities"", ""roa"", ""edge_NOTEARS__debt_ratio__leverage_ratio"", ""roe"", ""totaldebt_invcap"", ""edge_NOTEARS__debt_ratio2__totaldebt_invcap"", ""edge_NOTEARS__debt_ratio2__roa"", ""debt_ratio2"", ""edge_NOTEARS__totaldebt_invcap__leverage_ratio"", ""debt_ratio"", ""edge_NOTEARS__totaldebt_invcap__debt_ratio"", ""edge_NOTEARS__roa__asset_turnover"", ""asset_turnover"", ""longtermdebt_invcap"", ""leverage_ratio"", ""edge_NOTEARS__roa__roe"", ""rect_turn"", ""debt_ebitda"", ""edge_NOTEARS__capitalization_ratio__debt_ratio"", ""edge_NOTEARS__capitalization_ratio__totaldebt_invcap"", ""cash_debt"", ""edge_NOTEARS__debt_ratio2__capitalization_ratio"", ""edge_NOTEARS__capitalization_ratio__longtermdebt_invcap"", ""edge_NOTEARS__debt_ratio2__debt_ratio""]"
608ef78c0f60b1ce,OFR,NOTEARS,30,2,30044,30,"[""edge_NOTEARS__debt_ratio2__totaldebt_invcap"", ""capitalization_ratio"", ""roe"", ""edge_NOTEARS__longtermdebt_invcap__totaldebt_invcap"", ""cash_debt"", ""asset_turnover"", ""edge_NOTEARS__debt_ebitda__debt_ratio2"", ""longtermdebt_invcap"", ""edge_NOTEARS__totaldebt_invcap__leverage_ratio"", ""edge_NOTEARS__debt_ratio2__debt_ratio"", ""edge_NOTEARS__debt_ratio__leverage_ratio"", ""edge_NOTEARS__debt_ratio2__roa"", ""edge_NOTEARS__asset_liabilities__rect_turn"", ""edge_NOTEARS__roa__asset_turnover"", ""roa"", ""debt_ratio2"", ""edge_NOTEARS__capitalization_ratio__longtermdebt_invcap"", ""edge_NOTEARS__capitalization_ratio__totaldebt_invcap"", ""edge_NOTEARS__roa__roe"", ""edge_NOTEARS__debt_ratio__asset_liabilities"", ""debt_ebitda"", ""edge_NOTEARS__debt_ratio2__capitalization_ratio"", ""edge_NOTEARS__capitalization_ratio__roa"", ""leverage_ratio"", ""edge_NOTEARS__capitalization_ratio__debt_ratio"", ""rect_turn"", ""debt_ratio"", ""edge_NOTEARS__rect_turn__roa"", ""totaldebt_invcap"", ""asset_liabilities""]"
544bdebb2f63d2c5,OFR,NOTEARS,30,3,30045,30,"[""edge_NOTEARS__roa__asset_turnover"", ""edge_NOTEARS__debt_ratio2__capitalization_ratio"", ""edge_NOTEARS__longtermdebt_invcap__totaldebt_invcap"", ""edge_NOTEARS__totaldebt_invcap__leverage_ratio"", ""edge_NOTEARS__rect_turn__roa"", ""edge_NOTEARS__asset_liabilities__rect_turn"", ""asset_turnover"", ""roa"", ""edge_NOTEARS__totaldebt_invcap__debt_ratio"", ""edge_NOTEARS__debt_ratio__leverage_ratio"", ""longtermdebt_invcap"", ""edge_NOTEARS__capitalization_ratio__longtermdebt_invcap"", ""edge_NOTEARS__roa__roe"", ""debt_ratio2"", ""edge_NOTEARS__debt_ratio__asset_liabilities"", ""edge_NOTEARS__debt_ebitda__debt_ratio2"", ""edge_NOTEARS__debt_ratio2__roa"", ""edge_NOTEARS__debt_ratio2__debt_ratio"", ""debt_ratio"", ""edge_NOTEARS__debt_ratio2__totaldebt_invcap"", ""edge_NOTEARS__capitalization_ratio__debt_ratio"", ""edge_NOTEARS__capitalization_ratio__roa"", ""debt_ebitda"", ""capitalization_ratio"", ""cash_debt"", ""edge_NOTEARS__capitalization_ratio__totaldebt_invcap"", ""leverage_ratio"", ""rect_turn"", ""asset_liabilities"", ""roe""]"
69ee93c5a38d8e6b,OFR,NOTEARS,30,4,30046,30,"[""edge_NOTEARS__debt_ratio__asset_liabilities"", ""edge_NOTEARS__capitalization_ratio__totaldebt_invcap"", ""leverage_ratio"", ""edge_NOTEARS__longtermdebt_invcap__totaldebt_invcap"", ""edge_NOTEARS__rect_turn__roa"", ""edge_NOTEARS__debt_ebitda__debt_ratio2"", ""roa"", ""edge_NOTEARS__debt_ratio2__roa"", ""capitalization_ratio"", ""edge_NOTEARS__roa__asset_turnover"", ""edge_NOTEARS__debt_ratio2__debt_ratio"", ""cash_debt"", ""debt_ratio2"", ""debt_ebitda"", ""debt_ratio"", ""edge_NOTEARS__capitalization_ratio__debt_ratio"", ""edge_NOTEARS__totaldebt_invcap__debt_ratio"", ""roe"", ""edge_NOTEARS__debt_ratio2__totaldebt_invcap"", ""totaldebt_invcap"", ""asset_liabilities"", ""edge_NOTEARS__asset_liabilities__rect_turn"", ""edge_NOTEARS__totaldebt_invcap__leverage_ratio"", ""edge_NOTEARS__capitalization_ratio__roa"", ""edge_NOTEARS__capitalization_ratio__longtermdebt_invcap"", ""longtermdebt_invcap"", ""edge_NOTEARS__roa__roe"", ""rect_turn"", ""edge_NOTEARS__debt_ratio__leverage_ratio"", ""edge_NOTEARS__debt_ratio2__capitalization_ratio""]"
6dfc24f9be97271f,OFR,NOTEARS,40,0,31042,31,"[""edge_NOTEARS__debt_ratio__leverage_ratio"", ""edge_NOTEARS__debt_ratio2__totaldebt_invcap"", ""debt_ratio2"", ""edge_NOTEARS__rect_turn__roa"", ""cash_debt"", ""edge_NOTEARS__totaldebt_invcap__leverage_ratio"", ""debt_ratio"", ""edge_NOTEARS__capitalization_ratio__longtermdebt_invcap"", ""totaldebt_invcap"", ""longtermdebt_invcap"", ""roa"", ""edge_NOTEARS__debt_ratio2__debt_ratio"", ""edge_NOTEARS__debt_ebitda__debt_ratio2"", ""edge_NOTEARS__capitalization_ratio__debt_ratio"", ""edge_NOTEARS__totaldebt_invcap__debt_ratio"", ""edge_NOTEARS__roa__roe"", ""edge_NOTEARS__debt_ratio2__roa"", ""edge_NOTEARS__debt_ratio__asset_liabilities"", ""capitalization_ratio"", ""edge_NOTEARS__capitalization_ratio__roa"", ""edge_NOTEARS__asset_liabilities__rect_turn"", ""debt_ebitda"", ""edge_NOTEARS__longtermdebt_invcap__totaldebt_invcap"", ""edge_NOTEARS__debt_ratio2__capitalization_ratio"", ""leverage_ratio"", ""asset_liabilities"", ""asset_turnover"", ""edge_NOTEARS__capitalization_ratio__totaldebt_invcap"", ""roe"", ""rect_turn"", ""edge_NOTEARS__roa__asset_turnover""]"
8babdd7f99afc34a,OFR,NOTEARS,40,1,31043,31,"[""edge_NOTEARS__roa__asset_turnover"", ""leverage_ratio"", ""edge_NOTEARS__rect_turn__roa"", ""edge_NOTEARS__totaldebt_invcap__leverage_ratio"", ""rect_turn"", ""debt_ratio2"", ""edge_NOTEARS__capitalization_ratio__totaldebt_invcap"", ""edge_NOTEARS__asset_liabilities__rect_turn"", ""edge_NOTEARS__debt_ratio__leverage_ratio"", ""roa"", ""edge_NOTEARS__debt_ebitda__debt_ratio2"", ""edge_NOTEARS__debt_ratio__asset_liabilities"", ""asset_liabilities"", ""edge_NOTEARS__totaldebt_invcap__debt_ratio"", ""asset_turnover"", ""debt_ratio"", ""longtermdebt_invcap"", ""edge_NOTEARS__debt_ratio2__roa"", ""edge_NOTEARS__longtermdebt_invcap__totaldebt_invcap"", ""totaldebt_invcap"", ""edge_NOTEARS__capitalization_ratio__roa"", ""edge_NOTEARS__capitalization_ratio__debt_ratio"", ""debt_ebitda"", ""edge_NOTEARS__debt_ratio2__capitalization_ratio"", ""cash_debt"", ""edge_NOTEARS__debt_ratio2__totaldebt_invcap"", ""edge_NOTEARS__debt_ratio2__debt_ratio"", ""edge_NOTEARS__roa__roe"", ""edge_NOTEARS__capitalization_ratio__longtermdebt_invcap"", ""roe"", ""capitalization_ratio""]"
77ac885f4fe21644,OFR,NOTEARS,40,2,31044,31,"[""edge_NOTEARS__roa__roe"", ""capitalization_ratio"", ""asset_turnover"", ""edge_NOTEARS__totaldebt_invcap__debt_ratio"", ""roe"", ""edge_NOTEARS__totaldebt_invcap__leverage_ratio"", ""totaldebt_invcap"", ""cash_debt"", ""asset_liabilities"", ""edge_NOTEARS__roa__asset_turnover"", ""edge_NOTEARS__longtermdebt_invcap__totaldebt_invcap"", ""leverage_ratio"", ""edge_NOTEARS__debt_ratio2__totaldebt_invcap"", ""edge_NOTEARS__asset_liabilities__rect_turn"", ""edge_NOTEARS__debt_ratio2__roa"", ""edge_NOTEARS__capitalization_ratio__longtermdebt_invcap"", ""longtermdebt_invcap"", ""debt_ratio2"", ""edge_NOTEARS__debt_ratio__asset_liabilities"", ""edge_NOTEARS__debt_ebitda__debt_ratio2"", ""debt_ratio"", ""edge_NOTEARS__capitalization_ratio__totaldebt_invcap"", ""debt_ebitda"", ""roa"", ""edge_NOTEARS__debt_ratio2__debt_ratio"", ""edge_NOTEARS__rect_turn__roa"", ""edge_NOTEARS__capitalization_ratio__debt_ratio"", ""edge_NOTEARS__debt_ratio__leverage_ratio"", ""rect_turn"", ""edge_NOTEARS__capitalization_ratio__roa"", ""edge_NOTEARS__debt_ratio2__capitalization_ratio""]"
4b849fe65c1ba932,OFR,NOTEARS,40,3,31045,31,"[""totaldebt_invcap"", ""edge_NOTEARS__debt_ratio__leverage_ratio"", ""edge_NOTEARS__debt_ratio2__debt_ratio"", ""asset_liabilities"", ""edge_NOTEARS__totaldebt_invcap__debt_ratio"", ""capitalization_ratio"", ""edge_NOTEARS__capitalization_ratio__roa"", ""edge_NOTEARS__capitalization_ratio__debt_ratio"", ""edge_NOTEARS__rect_turn__roa"", ""cash_debt"", ""edge_NOTEARS__debt_ratio2__totaldebt_invcap"", ""edge_NOTEARS__debt_ratio2__capitalization_ratio"", ""edge_NOTEARS__roa__roe"", ""edge_NOTEARS__totaldebt_invcap__leverage_ratio"", ""edge_NOTEARS__capitalization_ratio__longtermdebt_invcap"", ""asset_turnover"", ""edge_NOTEARS__asset_liabilities__rect_turn"", ""longtermdebt_invcap"", ""debt_ebitda"", ""edge_NOTEARS__debt_ratio2__roa"", ""debt_ratio2"", ""edge_NOTEARS__debt_ratio__asset_liabilities"", ""debt_ratio"", ""edge_NOTEARS__capitalization_ratio__totaldebt_invcap"", ""leverage_ratio"", ""roe"", ""roa"", ""edge_NOTEARS__debt_ebitda__debt_ratio2"", ""edge_NOTEARS__roa__asset_turnover"", ""rect_turn"", ""edge_NOTEARS__longtermdebt_invcap__totaldebt_invcap""]"
974dff875f2445d8,OFR,NOTEARS,40,4,31046,31,"[""edge_NOTEARS__capitalization_ratio__roa"", ""edge_NOTEARS__roa__roe"", ""capitalization_ratio"", ""edge_NOTEARS__longtermdebt_invcap__totaldebt_invcap"", ""edge_NOTEARS__debt_ratio2__roa"", ""edge_NOTEARS__capitalization_ratio__totaldebt_invcap"", ""debt_ratio2"", ""edge_NOTEARS__debt_ratio2__capitalization_ratio"", ""edge_NOTEARS__totaldebt_invcap__leverage_ratio"", ""roe"", ""edge_NOTEARS__debt_ratio2__totaldebt_invcap"", ""cash_debt"", ""rect_turn"", ""edge_NOTEARS__debt_ebitda__debt_ratio2"", ""edge_NOTEARS__debt_ratio__leverage_ratio"", ""edge_NOTEARS__capitalization_ratio__longtermdebt_invcap"", ""roa"", ""edge_NOTEARS__rect_turn__roa"", ""edge_NOTEARS__debt_ratio2__debt_ratio"", ""edge_NOTEARS__debt_ratio__asset_liabilities"", ""edge_NOTEARS__totaldebt_invcap__debt_ratio"", ""leverage_ratio"", ""edge_NOTEARS__capitalization_ratio__debt_ratio"", ""totaldebt_invcap"", ""debt_ratio"", ""asset_liabilities"", ""asset_turnover"", ""longtermdebt_invcap"", ""edge_NOTEARS__asset_liabilities__rect_turn"", ""debt_ebitda"", ""edge_NOTEARS__roa__asset_turnover""]"
eeb23232bd9accb4,OFR,NOTEARS,ALL,0,31042,31,"[""edge_NOTEARS__debt_ratio__leverage_ratio"", ""edge_NOTEARS__debt_ratio2__totaldebt_invcap"", ""debt_ratio2"", ""edge_NOTEARS__rect_turn__roa"", ""cash_debt"", ""edge_NOTEARS__totaldebt_invcap__leverage_ratio"", ""debt_ratio"", ""edge_NOTEARS__capitalization_ratio__longtermdebt_invcap"", ""totaldebt_invcap"", ""longtermdebt_invcap"", ""roa"", ""edge_NOTEARS__debt_ratio2__debt_ratio"", ""edge_NOTEARS__debt_ebitda__debt_ratio2"", ""edge_NOTEARS__capitalization_ratio__debt_ratio"", ""edge_NOTEARS__totaldebt_invcap__debt_ratio"", ""edge_NOTEARS__roa__roe"", ""edge_NOTEARS__debt_ratio2__roa"", ""edge_NOTEARS__debt_ratio__asset_liabilities"", ""capitalization_ratio"", ""edge_NOTEARS__capitalization_ratio__roa"", ""edge_NOTEARS__asset_liabilities__rect_turn"", ""debt_ebitda"", ""edge_NOTEARS__longtermdebt_invcap__totaldebt_invcap"", ""edge_NOTEARS__debt_ratio2__capitalization_ratio"", ""leverage_ratio"", ""asset_liabilities"", ""asset_turnover"", ""edge_NOTEARS__capitalization_ratio__totaldebt_invcap"", ""roe"", ""rect_turn"", ""edge_NOTEARS__roa__asset_turnover""]"
42fb2f8e4d000dfb,OFR,NOTEARS,ALL,1,31043,31,"[""edge_NOTEARS__roa__asset_turnover"", ""leverage_ratio"", ""edge_NOTEARS__rect_turn__roa"", ""edge_NOTEARS__totaldebt_invcap__leverage_ratio"", ""rect_turn"", ""debt_ratio2"", ""edge_NOTEARS__capitalization_ratio__totaldebt_invcap"", ""edge_NOTEARS__asset_liabilities__rect_turn"", ""edge_NOTEARS__debt_ratio__leverage_ratio"", ""roa"", ""edge_NOTEARS__debt_ebitda__debt_ratio2"", ""edge_NOTEARS__debt_ratio__asset_liabilities"", ""asset_liabilities"", ""edge_NOTEARS__totaldebt_invcap__debt_ratio"", ""asset_turnover"", ""debt_ratio"", ""longtermdebt_invcap"", ""edge_NOTEARS__debt_ratio2__roa"", ""edge_NOTEARS__longtermdebt_invcap__totaldebt_invcap"", ""totaldebt_invcap"", ""edge_NOTEARS__capitalization_ratio__roa"", ""edge_NOTEARS__capitalization_ratio__debt_ratio"", ""debt_ebitda"", ""edge_NOTEARS__debt_ratio2__capitalization_ratio"", ""cash_debt"", ""edge_NOTEARS__debt_ratio2__totaldebt_invcap"", ""edge_NOTEARS__debt_ratio2__debt_ratio"", ""edge_NOTEARS__roa__roe"", ""edge_NOTEARS__capitalization_ratio__longtermdebt_invcap"", ""roe"", ""capitalization_ratio""]"
bf3a7f256b0ed63b,OFR,NOTEARS,ALL,2,31044,31,"[""edge_NOTEARS__roa__roe"", ""capitalization_ratio"", ""asset_turnover"", ""edge_NOTEARS__totaldebt_invcap__debt_ratio"", ""roe"", ""edge_NOTEARS__totaldebt_invcap__leverage_ratio"", ""totaldebt_invcap"", ""cash_debt"", ""asset_liabilities"", ""edge_NOTEARS__roa__asset_turnover"", ""edge_NOTEARS__longtermdebt_invcap__totaldebt_invcap"", ""leverage_ratio"", ""edge_NOTEARS__debt_ratio2__totaldebt_invcap"", ""edge_NOTEARS__asset_liabilities__rect_turn"", ""edge_NOTEARS__debt_ratio2__roa"", ""edge_NOTEARS__capitalization_ratio__longtermdebt_invcap"", ""longtermdebt_invcap"", ""debt_ratio2"", ""edge_NOTEARS__debt_ratio__asset_liabilities"", ""edge_NOTEARS__debt_ebitda__debt_ratio2"", ""debt_ratio"", ""edge_NOTEARS__capitalization_ratio__totaldebt_invcap"", ""debt_ebitda"", ""roa"", ""edge_NOTEARS__debt_ratio2__debt_ratio"", ""edge_NOTEARS__rect_turn__roa"", ""edge_NOTEARS__capitalization_ratio__debt_ratio"", ""edge_NOTEARS__debt_ratio__leverage_ratio"", ""rect_turn"", ""edge_NOTEARS__capitalization_ratio__roa"", ""edge_NOTEARS__debt_ratio2__capitalization_ratio""]"
9401c6c4fedab44b,OFR,NOTEARS,ALL,3,31045,31,"[""totaldebt_invcap"", ""edge_NOTEARS__debt_ratio__leverage_ratio"", ""edge_NOTEARS__debt_ratio2__debt_ratio"", ""asset_liabilities"", ""edge_NOTEARS__totaldebt_invcap__debt_ratio"", ""capitalization_ratio"", ""edge_NOTEARS__capitalization_ratio__roa"", ""edge_NOTEARS__capitalization_ratio__debt_ratio"", ""edge_NOTEARS__rect_turn__roa"", ""cash_debt"", ""edge_NOTEARS__debt_ratio2__totaldebt_invcap"", ""edge_NOTEARS__debt_ratio2__capitalization_ratio"", ""edge_NOTEARS__roa__roe"", ""edge_NOTEARS__totaldebt_invcap__leverage_ratio"", ""edge_NOTEARS__capitalization_ratio__longtermdebt_invcap"", ""asset_turnover"", ""edge_NOTEARS__asset_liabilities__rect_turn"", ""longtermdebt_invcap"", ""debt_ebitda"", ""edge_NOTEARS__debt_ratio2__roa"", ""debt_ratio2"", ""edge_NOTEARS__debt_ratio__asset_liabilities"", ""debt_ratio"", ""edge_NOTEARS__capitalization_ratio__totaldebt_invcap"", ""leverage_ratio"", ""roe"", ""roa"", ""edge_NOTEARS__debt_ebitda__debt_ratio2"", ""edge_NOTEARS__roa__asset_turnover"", ""rect_turn"", ""edge_NOTEARS__longtermdebt_invcap__totaldebt_invcap""]"
582700d38f677009,OFR,NOTEARS,ALL,4,31046,31,"[""edge_NOTEARS__capitalization_ratio__roa"", ""edge_NOTEARS__roa__roe"", ""capitalization_ratio"", ""edge_NOTEARS__longtermdebt_invcap__totaldebt_invcap"", ""edge_NOTEARS__debt_ratio2__roa"", ""edge_NOTEARS__capitalization_ratio__totaldebt_invcap"", ""debt_ratio2"", ""edge_NOTEARS__debt_ratio2__capitalization_ratio"", ""edge_NOTEARS__totaldebt_invcap__leverage_ratio"", ""roe"", ""edge_NOTEARS__debt_ratio2__totaldebt_invcap"", ""cash_debt"", ""rect_turn"", ""edge_NOTEARS__debt_ebitda__debt_ratio2"", ""edge_NOTEARS__debt_ratio__leverage_ratio"", ""edge_NOTEARS__capitalization_ratio__longtermdebt_invcap"", ""roa"", ""edge_NOTEARS__rect_turn__roa"", ""edge_NOTEARS__debt_ratio2__debt_ratio"", ""edge_NOTEARS__debt_ratio__asset_liabilities"", ""edge_NOTEARS__totaldebt_invcap__debt_ratio"", ""leverage_ratio"", ""edge_NOTEARS__capitalization_ratio__debt_ratio"", ""totaldebt_invcap"", ""debt_ratio"", ""asset_liabilities"", ""asset_turnover"", ""longtermdebt_invcap"", ""edge_NOTEARS__asset_liabilities__rect_turn"", ""debt_ebitda"", ""edge_NOTEARS__roa__asset_turnover""]"
2acb74dbd7bd057e,F,PC,1,,,1,"[""edge_PC__asset_liabilities__rect_turn""]"
721bb5b3791b65b8,OF,PC,1,,,14,"[""leverage_ratio"", ""asset_liabilities"", ""roe"", ""asset_turnover"", ""debt_ratio"", ""debt_ratio2"", ""roa"", ""capitalization_ratio"", ""longtermdebt_invcap"", ""totaldebt_invcap"", ""cash_debt"", ""debt_ebitda"", ""rect_turn"", ""edge_PC__asset_liabilities__rect_turn""]"
a5b5b295620f8bed,F,PC,2,,,2,"[""edge_PC__asset_liabilities__rect_turn"", ""edge_PC__asset_liabilities__debt_ratio""]"
fc59b09fb5ee3839,OF,PC,2,,,15,"[""leverage_ratio"", ""asset_liabilities"", ""roe"", ""asset_turnover"", ""debt_ratio"", ""debt_ratio2"", ""roa"", ""capitalization_ratio"", ""longtermdebt_invcap"", ""totaldebt_invcap"", ""cash_debt"", ""debt_ebitda"", ""rect_turn"", ""edge_PC__asset_liabilities__rect_turn"", ""edge_PC__asset_liabilities__debt_ratio""]"
5cf90b5edf72667f,F,PC,3,,,3,"[""edge_PC__asset_liabilities__rect_turn"", ""edge_PC__asset_liabilities__debt_ratio"", ""edge_PC__debt_ratio__rect_turn""]"
0d11386dd824b4c1,OF,PC,3,,,16,"[""leverage_ratio"", ""asset_liabilities"", ""roe"", ""asset_turnover"", ""debt_ratio"", ""debt_ratio2"", ""roa"", ""capitalization_ratio"", ""longtermdebt_invcap"", ""totaldebt_invcap"", ""cash_debt"", ""debt_ebitda"", ""rect_turn"", ""edge_PC__asset_liabilities__rect_turn"", ""edge_PC__asset_liabilities__debt_ratio"", ""edge_PC__debt_ratio__rect_turn""]"
950d85bca05dd77f,F,PC,4,,,4,"[""edge_PC__asset_liabilities__rect_turn"", ""edge_PC__asset_liabilities__debt_ratio"", ""edge_PC__debt_ratio__rect_turn"", ""edge_PC__asset_turnover__roa""]"
285c77ccbcb26f76,OF,PC,4,,,17,"[""leverage_ratio"", ""asset_liabilities"", ""roe"", ""asset_turnover"", ""debt_ratio"", ""debt_ratio2"", ""roa"", ""capitalization_ratio"", ""longtermdebt_invcap"", ""totaldebt_invcap"", ""cash_debt"", ""debt_ebitda"", ""rect_turn"", ""edge_PC__asset_liabilities__rect_turn"", ""edge_PC__asset_liabilities__debt_ratio"", ""edge_PC__debt_ratio__rect_turn"", ""edge_PC__asset_turnover__roa""]"
b3389ea9a2d038ca,F,PC,5,,,5,"[""edge_PC__asset_liabilities__rect_turn"", ""edge_PC__asset_liabilities__debt_ratio"", ""edge_PC__debt_ratio__rect_turn"", ""edge_PC__asset_turnover__roa"", ""edge_PC__asset_turnover__rect_turn""]"
3b96f3c5e78883cd,OF,PC,5,,,18,"[""leverage_ratio"", ""asset_liabilities"", ""roe"", ""asset_turnover"", ""debt_ratio"", ""debt_ratio2"", ""roa"", ""capitalization_ratio"", ""longtermdebt_invcap"", ""totaldebt_invcap"", ""cash_debt"", ""debt_ebitda"", ""rect_turn"", ""edge_PC__asset_liabilities__rect_turn"", ""edge_PC__asset_liabilities__debt_ratio"", ""edge_PC__debt_ratio__rect_turn"", ""edge_PC__asset_turnover__roa"", ""edge_PC__asset_turnover__rect_turn""]"
46c7802b88378834,F,PC,6,,,6,"[""edge_PC__asset_liabilities__rect_turn"", ""edge_PC__asset_liabilities__debt_ratio"", ""edge_PC__debt_ratio__rect_turn"", ""edge_PC__asset_turnover__roa"", ""edge_PC__asset_turnover__rect_turn"", ""edge_PC__roa__roe""]"
bcb0b960f2d60d8e,OF,PC,6,,,19,"[""leverage_ratio"", ""asset_liabilities"", ""roe"", ""asset_turnover"", ""debt_ratio"", ""debt_ratio2"", ""roa"", ""capitalization_ratio"", ""longtermdebt_invcap"", ""totaldebt_invcap"", ""cash_debt"", ""debt_ebitda"", ""rect_turn"", ""edge_PC__asset_liabilities__rect_turn"", ""edge_PC__asset_liabilities__debt_ratio"", ""edge_PC__debt_ratio__rect_turn"", ""edge_PC__asset_turnover__roa"", ""edge_PC__asset_turnover__rect_turn"", ""edge_PC__roa__roe""]"
42ad0f30d99576ea,F,PC,7,,,7,"[""edge_PC__asset_liabilities__rect_turn"", ""edge_PC__asset_liabilities__debt_ratio"", ""edge_PC__debt_ratio__rect_turn"", ""edge_PC__asset_turnover__roa"", ""edge_PC__asset_turnover__rect_turn"", ""edge_PC__roa__roe"", ""edge_PC__debt_ratio__leverage_ratio""]"
fc2a48d3efdcf9d2,OF,PC,7,,,20,"[""leverage_ratio"", ""asset_liabilities"", ""roe"", ""asset_turnover"", ""debt_ratio"", ""debt_ratio2"", ""roa"", ""capitalization_ratio"", ""longtermdebt_invcap"", ""totaldebt_invcap"", ""cash_debt"", ""debt_ebitda"", ""rect_turn"", ""edge_PC__asset_liabilities__rect_turn"", ""edge_PC__asset_liabilities__debt_ratio"", ""edge_PC__debt_ratio__rect_turn"", ""edge_PC__asset_turnover__roa"", ""edge_PC__asset_turnover__rect_turn"", ""edge_PC__roa__roe"", ""edge_PC__debt_ratio__leverage_ratio""]"
c2f13db4fa9587a8,F,PC,8,,,8,"[""edge_PC__asset_liabilities__rect_turn"", ""edge_PC__asset_liabilities__debt_ratio"", ""edge_PC__debt_ratio__rect_turn"", ""edge_PC__asset_turnover__roa"", ""edge_PC__asset_turnover__rect_turn"", ""edge_PC__roa__roe"", ""edge_PC__debt_ratio__leverage_ratio"", ""edge_PC__longtermdebt_invcap__capitalization_ratio""]"
6c77d017e3138a39,OF,PC,8,,,21,"[""leverage_ratio"", ""asset_liabilities"", ""roe"", ""asset_turnover"", ""debt_ratio"", ""debt_ratio2"", ""roa"", ""capitalization_ratio"", ""longtermdebt_invcap"", ""totaldebt_invcap"", ""cash_debt"", ""debt_ebitda"", ""rect_turn"", ""edge_PC__asset_liabilities__rect_turn"", ""edge_PC__asset_liabilities__debt_ratio"", ""edge_PC__debt_ratio__rect_turn"", ""edge_PC__asset_turnover__roa"", ""edge_PC__asset_turnover__rect_turn"", ""edge_PC__roa__roe"", ""edge_PC__debt_ratio__leverage_ratio"", ""edge_PC__longtermdebt_invcap__capitalization_ratio""]"
f1dae46cde9d5ed0,F,PC,9,,,9,"[""edge_PC__asset_liabilities__rect_turn"", ""edge_PC__asset_liabilities__debt_ratio"", ""edge_PC__debt_ratio__rect_turn"", ""edge_PC__asset_turnover__roa"", ""edge_PC__asset_turnover__rect_turn"", ""edge_PC__roa__roe"", ""edge_PC__debt_ratio__leverage_ratio"", ""edge_PC__longtermdebt_invcap__capitalization_ratio"", ""edge_PC__debt_ratio2__totaldebt_invcap""]"
0f710de7b3c7092d,OF,PC,9,,,22,"[""leverage_ratio"", ""asset_liabilities"", ""roe"", ""asset_turnover"", ""debt_ratio"", ""debt_ratio2"", ""roa"", ""capitalization_ratio"", ""longtermdebt_invcap"", ""totaldebt_invcap"", ""cash_debt"", ""debt_ebitda"", ""rect_turn"", ""edge_PC__asset_liabilities__rect_turn"", ""edge_PC__asset_liabilities__debt_ratio"", ""edge_PC__debt_ratio__rect_turn"", ""edge_PC__asset_turnover__roa"", ""edge_PC__asset_turnover__rect_turn"", ""edge_PC__roa__roe"", ""edge_PC__debt_ratio__leverage_ratio"", ""edge_PC__longtermdebt_invcap__capitalization_ratio"", ""edge_PC__debt_ratio2__totaldebt_invcap""]"
dcdfcb1839ed0107,F,PC,10,,,10,"[""edge_PC__asset_liabilities__rect_turn"", ""edge_PC__asset_liabilities__debt_ratio"", ""edge_PC__debt_ratio__rect_turn"", ""edge_PC__asset_turnover__roa"", ""edge_PC__asset_turnover__rect_turn"", ""edge_PC__roa__roe"", ""edge_PC__debt_ratio__leverage_ratio"", ""edge_PC__longtermdebt_invcap__capitalization_ratio"", ""edge_PC__debt_ratio2__totaldebt_invcap"", ""edge_PC__debt_ratio2__longtermdebt_invcap""]"
9710632908b0d396,OF,PC,10,,,23,"[""leverage_ratio"", ""asset_liabilities"", ""roe"", ""asset_turnover"", ""debt_ratio"", ""debt_ratio2"", ""roa"", ""capitalization_ratio"", ""longtermdebt_invcap"", ""totaldebt_invcap"", ""cash_debt"", ""debt_ebitda"", ""rect_turn"", ""edge_PC__asset_liabilities__rect_turn"", ""edge_PC__asset_liabilities__debt_ratio"", ""edge_PC__debt_ratio__rect_turn"", ""edge_PC__asset_turnover__roa"", ""edge_PC__asset_turnover__rect_turn"", ""edge_PC__roa__roe"", ""edge_PC__debt_ratio__leverage_ratio"", ""edge_PC__longtermdebt_invcap__capitalization_ratio"", ""edge_PC__debt_ratio2__totaldebt_invcap"", ""edge_PC__debt_ratio2__longtermdebt_invcap""]"
b2d9e3ac65acdcce,F,PC,11,,,11,"[""edge_PC__asset_liabilities__rect_turn"", ""edge_PC__asset_liabilities__debt_ratio"", ""edge_PC__debt_ratio__rect_turn"", ""edge_PC__asset_turnover__roa"", ""edge_PC__asset_turnover__rect_turn"", ""edge_PC__roa__roe"", ""edge_PC__debt_ratio__leverage_ratio"", ""edge_PC__longtermdebt_invcap__capitalization_ratio"", ""edge_PC__debt_ratio2__totaldebt_invcap"", ""edge_PC__debt_ratio2__longtermdebt_invcap"", ""edge_PC__roa__rect_turn""]"
20cc5c9a42ed1752,OF,PC,11,,,24,"[""leverage_ratio"", ""asset_liabilities"", ""roe"", ""asset_turnover"", ""debt_ratio"", ""debt_ratio2"", ""roa"", ""capitalization_ratio"", ""longtermdebt_invcap"", ""totaldebt_invcap"", ""cash_debt"", ""debt_ebitda"", ""rect_turn"", ""edge_PC__asset_liabilities__rect_turn"", ""edge_PC__asset_liabilities__debt_ratio"", ""edge_PC__debt_ratio__rect_turn"", ""edge_PC__asset_turnover__roa"", ""edge_PC__asset_turnover__rect_turn"", ""edge_PC__roa__roe"", ""edge_PC__debt_ratio__leverage_ratio"", ""edge_PC__longtermdebt_invcap__capitalization_ratio"", ""edge_PC__debt_ratio2__totaldebt_invcap"", ""edge_PC__debt_ratio2__longtermdebt_invcap"", ""edge_PC__roa__rect_turn""]"
3a4f3db67c20c422,F,PC,12,,,12,"[""edge_PC__asset_liabilities__rect_turn"", ""edge_PC__asset_liabilities__debt_ratio"", ""edge_PC__debt_ratio__rect_turn"", ""edge_PC__asset_turnover__roa"", ""edge_PC__asset_turnover__rect_turn"", ""edge_PC__roa__roe"", ""edge_PC__debt_ratio__leverage_ratio"", ""edge_PC__longtermdebt_invcap__capitalization_ratio"", ""edge_PC__debt_ratio2__totaldebt_invcap"", ""edge_PC__debt_ratio2__longtermdebt_invcap"", ""edge_PC__roa__rect_turn"", ""edge_PC__debt_ratio2__debt_ebitda""]"
0857a78345413e0e,OF,PC,12,,,25,"[""leverage_ratio"", ""asset_liabilities"", ""roe"", ""asset_turnover"", ""debt_ratio"", ""debt_ratio2"", ""roa"", ""capitalization_ratio"", ""longtermdebt_invcap"", ""totaldebt_invcap"", ""cash_debt"", ""debt_ebitda"", ""rect_turn"", ""edge_PC__asset_liabilities__rect_turn"", ""edge_PC__asset_liabilities__debt_ratio"", ""edge_PC__debt_ratio__rect_turn"", ""edge_PC__asset_turnover__roa"", ""edge_PC__asset_turnover__rect_turn"", ""edge_PC__roa__roe"", ""edge_PC__debt_ratio__leverage_ratio"", ""edge_PC__longtermdebt_invcap__capitalization_ratio"", ""edge_PC__debt_ratio2__totaldebt_invcap"", ""edge_PC__debt_ratio2__longtermdebt_invcap"", ""edge_PC__roa__rect_turn"", ""edge_PC__debt_ratio2__debt_ebitda""]"
78129d8c0793f97e,F,PC,13,,,13,"[""edge_PC__asset_liabilities__rect_turn"", ""edge_PC__asset_liabilities__debt_ratio"", ""edge_PC__debt_ratio__rect_turn"", ""edge_PC__asset_turnover__roa"", ""edge_PC__asset_turnover__rect_turn"", ""edge_PC__roa__roe"", ""edge_PC__debt_ratio__leverage_ratio"", ""edge_PC__longtermdebt_invcap__capitalization_ratio"", ""edge_PC__debt_ratio2__totaldebt_invcap"", ""edge_PC__debt_ratio2__longtermdebt_invcap"", ""edge_PC__roa__rect_turn"", ""edge_PC__debt_ratio2__debt_ebitda"", ""edge_PC__totaldebt_invcap__leverage_ratio""]"
463c4174acb2abb3,OF,PC,13,,,26,"[""leverage_ratio"", ""asset_liabilities"", ""roe"", ""asset_turnover"", ""debt_ratio"", ""debt_ratio2"", ""roa"", ""capitalization_ratio"", ""longtermdebt_invcap"", ""totaldebt_invcap"", ""cash_debt"", ""debt_ebitda"", ""rect_turn"", ""edge_PC__asset_liabilities__rect_turn"", ""edge_PC__asset_liabilities__debt_ratio"", ""edge_PC__debt_ratio__rect_turn"", ""edge_PC__asset_turnover__roa"", ""edge_PC__asset_turnover__rect_turn"", ""edge_PC__roa__roe"", ""edge_PC__debt_ratio__leverage_ratio"", ""edge_PC__longtermdebt_invcap__capitalization_ratio"", ""edge_PC__debt_ratio2__totaldebt_invcap"", ""edge_PC__debt_ratio2__longtermdebt_invcap"", ""edge_PC__roa__rect_turn"", ""edge_PC__debt_ratio2__debt_ebitda"", ""edge_PC__totaldebt_invcap__leverage_ratio""]"
2640d16d5eb10fde,F,PC,14,,,14,"[""edge_PC__asset_liabilities__rect_turn"", ""edge_PC__asset_liabilities__debt_ratio"", ""edge_PC__debt_ratio__rect_turn"", ""edge_PC__asset_turnover__roa"", ""edge_PC__asset_turnover__rect_turn"", ""edge_PC__roa__roe"", ""edge_PC__debt_ratio__leverage_ratio"", ""edge_PC__longtermdebt_invcap__capitalization_ratio"", ""edge_PC__debt_ratio2__totaldebt_invcap"", ""edge_PC__debt_ratio2__longtermdebt_invcap"", ""edge_PC__roa__rect_turn"", ""edge_PC__debt_ratio2__debt_ebitda"", ""edge_PC__totaldebt_invcap__leverage_ratio"", ""edge_PC__asset_liabilities__cash_debt""]"
5046c221cf89c9d1,OF,PC,14,,,27,"[""leverage_ratio"", ""asset_liabilities"", ""roe"", ""asset_turnover"", ""debt_ratio"", ""debt_ratio2"", ""roa"", ""capitalization_ratio"", ""longtermdebt_invcap"", ""totaldebt_invcap"", ""cash_debt"", ""debt_ebitda"", ""rect_turn"", ""edge_PC__asset_liabilities__rect_turn"", ""edge_PC__asset_liabilities__debt_ratio"", ""edge_PC__debt_ratio__rect_turn"", ""edge_PC__asset_turnover__roa"", ""edge_PC__asset_turnover__rect_turn"", ""edge_PC__roa__roe"", ""edge_PC__debt_ratio__leverage_ratio"", ""edge_PC__longtermdebt_invcap__capitalization_ratio"", ""edge_PC__debt_ratio2__totaldebt_invcap"", ""edge_PC__debt_ratio2__longtermdebt_invcap"", ""edge_PC__roa__rect_turn"", ""edge_PC__debt_ratio2__debt_ebitda"", ""edge_PC__totaldebt_invcap__leverage_ratio"", ""edge_PC__asset_liabilities__cash_debt""]"
db530282923044dc,F,PC,15,,,15,"[""edge_PC__asset_liabilities__rect_turn"", ""edge_PC__asset_liabilities__debt_ratio"", ""edge_PC__debt_ratio__rect_turn"", ""edge_PC__asset_turnover__roa"", ""edge_PC__asset_turnover__rect_turn"", ""edge_PC__roa__roe"", ""edge_PC__debt_ratio__leverage_ratio"", ""edge_PC__longtermdebt_invcap__capitalization_ratio"", ""edge_PC__debt_ratio2__totaldebt_invcap"", ""edge_PC__debt_ratio2__longtermdebt_invcap"", ""edge_PC__roa__rect_turn"", ""edge_PC__debt_ratio2__debt_ebitda"", ""edge_PC__totaldebt_invcap__leverage_ratio"", ""edge_PC__asset_liabilities__cash_debt"", ""edge_PC__debt_ratio2__rect_turn""]"
e8553ac2e8a1b18f,OF,PC,15,,,28,"[""leverage_ratio"", ""asset_liabilities"", ""roe"", ""asset_turnover"", ""debt_ratio"", ""debt_ratio2"", ""roa"", ""capitalization_ratio"", ""longtermdebt_invcap"", ""totaldebt_invcap"", ""cash_debt"", ""debt_ebitda"", ""rect_turn"", ""edge_PC__asset_liabilities__rect_turn"", ""edge_PC__asset_liabilities__debt_ratio"", ""edge_PC__debt_ratio__rect_turn"", ""edge_PC__asset_turnover__roa"", ""edge_PC__asset_turnover__rect_turn"", ""edge_PC__roa__roe"", ""edge_PC__debt_ratio__leverage_ratio"", ""edge_PC__longtermdebt_invcap__capitalization_ratio"", ""edge_PC__debt_ratio2__totaldebt_invcap"", ""edge_PC__debt_ratio2__longtermdebt_invcap"", ""edge_PC__roa__rect_turn"", ""edge_PC__debt_ratio2__debt_ebitda"", ""edge_PC__totaldebt_invcap__leverage_ratio"", ""edge_PC__asset_liabilities__cash_debt"", ""edge_PC__debt_ratio2__rect_turn""]"
fe0a618a4400ef48,F,PC,16,,,16,"[""edge_PC__asset_liabilities__rect_turn"", ""edge_PC__asset_liabilities__debt_ratio"", ""edge_PC__debt_ratio__rect_turn"", ""edge_PC__asset_turnover__roa"", ""edge_PC__asset_turnover__rect_turn"", ""edge_PC__roa__roe"", ""edge_PC__debt_ratio__leverage_ratio"", ""edge_PC__longtermdebt_invcap__capitalization_ratio"", ""edge_PC__debt_ratio2__totaldebt_invcap"", ""edge_PC__debt_ratio2__longtermdebt_invcap"", ""edge_PC__roa__rect_turn"", ""edge_PC__debt_ratio2__debt_ebitda"", ""edge_PC__totaldebt_invcap__leverage_ratio"", ""edge_PC__asset_liabilities__cash_debt"", ""edge_PC__debt_ratio2__rect_turn"", ""edge_PC__debt_ratio2__capitalization_ratio""]"
f58cd5bcf72e5cb2,OF,PC,16,,,29,"[""leverage_ratio"", ""asset_liabilities"", ""roe"", ""asset_turnover"", ""debt_ratio"", ""debt_ratio2"", ""roa"", ""capitalization_ratio"", ""longtermdebt_invcap"", ""totaldebt_invcap"", ""cash_debt"", ""debt_ebitda"", ""rect_turn"", ""edge_PC__asset_liabilities__rect_turn"", ""edge_PC__asset_liabilities__debt_ratio"", ""edge_PC__debt_ratio__rect_turn"", ""edge_PC__asset_turnover__roa"", ""edge_PC__asset_turnover__rect_turn"", ""edge_PC__roa__roe"", ""edge_PC__debt_ratio__leverage_ratio"", ""edge_PC__longtermdebt_invcap__capitalization_ratio"", ""edge_PC__debt_ratio2__totaldebt_invcap"", ""edge_PC__debt_ratio2__longtermdebt_invcap"", ""edge_PC__roa__rect_turn"", ""edge_PC__debt_ratio2__debt_ebitda"", ""edge_PC__totaldebt_invcap__leverage_ratio"", ""edge_PC__asset_liabilities__cash_debt"", ""edge_PC__debt_ratio2__rect_turn"", ""edge_PC__debt_ratio2__capitalization_ratio""]"
8e947346f7ed3fe0,F,PC,17,,,17,"[""edge_PC__asset_liabilities__rect_turn"", ""edge_PC__asset_liabilities__debt_ratio"", ""edge_PC__debt_ratio__rect_turn"", ""edge_PC__asset_turnover__roa"", ""edge_PC__asset_turnover__rect_turn"", ""edge_PC__roa__roe"", ""edge_PC__debt_ratio__leverage_ratio"", ""edge_PC__longtermdebt_invcap__capitalization_ratio"", ""edge_PC__debt_ratio2__totaldebt_invcap"", ""edge_PC__debt_ratio2__longtermdebt_invcap"", ""edge_PC__roa__rect_turn"", ""edge_PC__debt_ratio2__debt_ebitda"", ""edge_PC__totaldebt_invcap__leverage_ratio"", ""edge_PC__asset_liabilities__cash_debt"", ""edge_PC__debt_ratio2__rect_turn"", ""edge_PC__debt_ratio2__capitalization_ratio"", ""edge_PC__leverage_ratio__asset_turnover""]"
4762f86d5d8bbacb,OF,PC,17,,,30,"[""leverage_ratio"", ""asset_liabilities"", ""roe"", ""asset_turnover"", ""debt_ratio"", ""debt_ratio2"", ""roa"", ""capitalization_ratio"", ""longtermdebt_invcap"", ""totaldebt_invcap"", ""cash_debt"", ""debt_ebitda"", ""rect_turn"", ""edge_PC__asset_liabilities__rect_turn"", ""edge_PC__asset_liabilities__debt_ratio"", ""edge_PC__debt_ratio__rect_turn"", ""edge_PC__asset_turnover__roa"", ""edge_PC__asset_turnover__rect_turn"", ""edge_PC__roa__roe"", ""edge_PC__debt_ratio__leverage_ratio"", ""edge_PC__longtermdebt_invcap__capitalization_ratio"", ""edge_PC__debt_ratio2__totaldebt_invcap"", ""edge_PC__debt_ratio2__longtermdebt_invcap"", ""edge_PC__roa__rect_turn"", ""edge_PC__debt_ratio2__debt_ebitda"", ""edge_PC__totaldebt_invcap__leverage_ratio"", ""edge_PC__asset_liabilities__cash_debt"", ""edge_PC__debt_ratio2__rect_turn"", ""edge_PC__debt_ratio2__capitalization_ratio"", ""edge_PC__leverage_ratio__asset_turnover""]"
c83c26238669a20a,F,PC,18,,,18,"[""edge_PC__asset_liabilities__rect_turn"", ""edge_PC__asset_liabilities__debt_ratio"", ""edge_PC__debt_ratio__rect_turn"", ""edge_PC__asset_turnover__roa"", ""edge_PC__asset_turnover__rect_turn"", ""edge_PC__roa__roe"", ""edge_PC__debt_ratio__leverage_ratio"", ""edge_PC__longtermdebt_invcap__capitalization_ratio"", ""edge_PC__debt_ratio2__totaldebt_invcap"", ""edge_PC__debt_ratio2__longtermdebt_invcap"", ""edge_PC__roa__rect_turn"", ""edge_PC__debt_ratio2__debt_ebitda"", ""edge_PC__totaldebt_invcap__leverage_ratio"", ""edge_PC__asset_liabilities__cash_debt"", ""edge_PC__debt_ratio2__rect_turn"", ""edge_PC__debt_ratio2__capitalization_ratio"", ""edge_PC__leverage_ratio__asset_turnover"", ""edge_PC__debt_ratio2__cash_debt""]"
ef62e99782aa5a11,OF,PC,18,,,31,"[""leverage_ratio"", ""asset_liabilities"", ""roe"", ""asset_turnover"", ""debt_ratio"", ""debt_ratio2"", ""roa"", ""capitalization_ratio"", ""longtermdebt_invcap"", ""totaldebt_invcap"", ""cash_debt"", ""debt_ebitda"", ""rect_turn"", ""edge_PC__asset_liabilities__rect_turn"", ""edge_PC__asset_liabilities__debt_ratio"", ""edge_PC__debt_ratio__rect_turn"", ""edge_PC__asset_turnover__roa"", ""edge_PC__asset_turnover__rect_turn"", ""edge_PC__roa__roe"", ""edge_PC__debt_ratio__leverage_ratio"", ""edge_PC__longtermdebt_invcap__capitalization_ratio"", ""edge_PC__debt_ratio2__totaldebt_invcap"", ""edge_PC__debt_ratio2__longtermdebt_invcap"", ""edge_PC__roa__rect_turn"", ""edge_PC__debt_ratio2__debt_ebitda"", ""edge_PC__totaldebt_invcap__leverage_ratio"", ""edge_PC__asset_liabilities__cash_debt"", ""edge_PC__debt_ratio2__rect_turn"", ""edge_PC__debt_ratio2__capitalization_ratio"", ""edge_PC__leverage_ratio__asset_turnover"", ""edge_PC__debt_ratio2__cash_debt""]"
9795ed9fa640803b,F,PC,19,,,19,"[""edge_PC__asset_liabilities__rect_turn"", ""edge_PC__asset_liabilities__debt_ratio"", ""edge_PC__debt_ratio__rect_turn"", ""edge_PC__asset_turnover__roa"", ""edge_PC__asset_turnover__rect_turn"", ""edge_PC__roa__roe"", ""edge_PC__debt_ratio__leverage_ratio"", ""edge_PC__longtermdebt_invcap__capitalization_ratio"", ""edge_PC__debt_ratio2__totaldebt_invcap"", ""edge_PC__debt_ratio2__longtermdebt_invcap"", ""edge_PC__roa__rect_turn"", ""edge_PC__debt_ratio2__debt_ebitda"", ""edge_PC__totaldebt_invcap__leverage_ratio"", ""edge_PC__asset_liabilities__cash_debt"", ""edge_PC__debt_ratio2__rect_turn"", ""edge_PC__debt_ratio2__capitalization_ratio"", ""edge_PC__leverage_ratio__asset_turnover"", ""edge_PC__debt_ratio2__cash_debt"", ""edge_PC__roa__debt_ebitda""]"
176f018cb5c2c8cf,OF,PC,19,,,32,"[""leverage_ratio"", ""asset_liabilities"", ""roe"", ""asset_turnover"", ""debt_ratio"", ""debt_ratio2"", ""roa"", ""capitalization_ratio"", ""longtermdebt_invcap"", ""totaldebt_invcap"", ""cash_debt"", ""debt_ebitda"", ""rect_turn"", ""edge_PC__asset_liabilities__rect_turn"", ""edge_PC__asset_liabilities__debt_ratio"", ""edge_PC__debt_ratio__rect_turn"", ""edge_PC__asset_turnover__roa"", ""edge_PC__asset_turnover__rect_turn"", ""edge_PC__roa__roe"", ""edge_PC__debt_ratio__leverage_ratio"", ""edge_PC__longtermdebt_invcap__capitalization_ratio"", ""edge_PC__debt_ratio2__totaldebt_invcap"", ""edge_PC__debt_ratio2__longtermdebt_invcap"", ""edge_PC__roa__rect_turn"", ""edge_PC__debt_ratio2__debt_ebitda"", ""edge_PC__totaldebt_invcap__leverage_ratio"", ""edge_PC__asset_liabilities__cash_debt"", ""edge_PC__debt_ratio2__rect_turn"", ""edge_PC__debt_ratio2__capitalization_ratio"", ""edge_PC__leverage_ratio__asset_turnover"", ""edge_PC__debt_ratio2__cash_debt"", ""edge_PC__roa__debt_ebitda""]"
6a70cabfe5104abc,F,PC,20,,,20,"[""edge_PC__asset_liabilities__rect_turn"", ""edge_PC__asset_liabilities__debt_ratio"", ""edge_PC__debt_ratio__rect_turn"", ""edge_PC__asset_turnover__roa"", ""edge_PC__asset_turnover__rect_turn"", ""edge_PC__roa__roe"", ""edge_PC__debt_ratio__leverage_ratio"", ""edge_PC__longtermdebt_invcap__capitalization_ratio"", ""edge_PC__debt_ratio2__totaldebt_invcap"", ""edge_PC__debt_ratio2__longtermdebt_invcap"", ""edge_PC__roa__rect_turn"", ""edge_PC__debt_ratio2__debt_ebitda"", ""edge_PC__totaldebt_invcap__leverage_ratio"", ""edge_PC__asset_liabilities__cash_debt"", ""edge_PC__debt_ratio2__rect_turn"", ""edge_PC__debt_ratio2__capitalization_ratio"", ""edge_PC__leverage_ratio__asset_turnover"", ""edge_PC__debt_ratio2__cash_debt"", ""edge_PC__roa__debt_ebitda"", ""edge_PC__asset_turnover__roe""]"
d94ce2ce605d4851,OF,PC,20,,,33,"[""leverage_ratio"", ""asset_liabilities"", ""roe"", ""asset_turnover"", ""debt_ratio"", ""debt_ratio2"", ""roa"", ""capitalization_ratio"", ""longtermdebt_invcap"", ""totaldebt_invcap"", ""cash_debt"", ""debt_ebitda"", ""rect_turn"", ""edge_PC__asset_liabilities__rect_turn"", ""edge_PC__asset_liabilities__debt_ratio"", ""edge_PC__debt_ratio__rect_turn"", ""edge_PC__asset_turnover__roa"", ""edge_PC__asset_turnover__rect_turn"", ""edge_PC__roa__roe"", ""edge_PC__debt_ratio__leverage_ratio"", ""edge_PC__longtermdebt_invcap__capitalization_ratio"", ""edge_PC__debt_ratio2__totaldebt_invcap"", ""edge_PC__debt_ratio2__longtermdebt_invcap"", ""edge_PC__roa__rect_turn"", ""edge_PC__debt_ratio2__debt_ebitda"", ""edge_PC__totaldebt_invcap__leverage_ratio"", ""edge_PC__asset_liabilities__cash_debt"", ""edge_PC__debt_ratio2__rect_turn"", ""edge_PC__debt_ratio2__capitalization_ratio"", ""edge_PC__leverage_ratio__asset_turnover"", ""edge_PC__debt_ratio2__cash_debt"", ""edge_PC__roa__debt_ebitda"", ""edge_PC__asset_turnover__roe""]"
ac0713d3eecfcacd,F,PC,21,,,21,"[""edge_PC__asset_liabilities__rect_turn"", ""edge_PC__asset_liabilities__debt_ratio"", ""edge_PC__debt_ratio__rect_turn"", ""edge_PC__asset_turnover__roa"", ""edge_PC__asset_turnover__rect_turn"", ""edge_PC__roa__roe"", ""edge_PC__debt_ratio__leverage_ratio"", ""edge_PC__longtermdebt_invcap__capitalization_ratio"", ""edge_PC__debt_ratio2__totaldebt_invcap"", ""edge_PC__debt_ratio2__longtermdebt_invcap"", ""edge_PC__roa__rect_turn"", ""edge_PC__debt_ratio2__debt_ebitda"", ""edge_PC__totaldebt_invcap__leverage_ratio"", ""edge_PC__asset_liabilities__cash_debt"", ""edge_PC__debt_ratio2__rect_turn"", ""edge_PC__debt_ratio2__capitalization_ratio"", ""edge_PC__leverage_ratio__asset_turnover"", ""edge_PC__debt_ratio2__cash_debt"", ""edge_PC__roa__debt_ebitda"", ""edge_PC__asset_turnover__roe"", ""edge_PC__longtermdebt_invcap__totaldebt_invcap""]"
2cd73d9141134774,OF,PC,21,,,34,"[""leverage_ratio"", ""asset_liabilities"", ""roe"", ""asset_turnover"", ""debt_ratio"", ""debt_ratio2"", ""roa"", ""capitalization_ratio"", ""longtermdebt_invcap"", ""totaldebt_invcap"", ""cash_debt"", ""debt_ebitda"", ""rect_turn"", ""edge_PC__asset_liabilities__rect_turn"", ""edge_PC__asset_liabilities__debt_ratio"", ""edge_PC__debt_ratio__rect_turn"", ""edge_PC__asset_turnover__roa"", ""edge_PC__asset_turnover__rect_turn"", ""edge_PC__roa__roe"", ""edge_PC__debt_ratio__leverage_ratio"", ""edge_PC__longtermdebt_invcap__capitalization_ratio"", ""edge_PC__debt_ratio2__totaldebt_invcap"", ""edge_PC__debt_ratio2__longtermdebt_invcap"", ""edge_PC__roa__rect_turn"", ""edge_PC__debt_ratio2__debt_ebitda"", ""edge_PC__totaldebt_invcap__leverage_ratio"", ""edge_PC__asset_liabilities__cash_debt"", ""edge_PC__debt_ratio2__rect_turn"", ""edge_PC__debt_ratio2__capitalization_ratio"", ""edge_PC__leverage_ratio__asset_turnover"", ""edge_PC__debt_ratio2__cash_debt"", ""edge_PC__roa__debt_ebitda"", ""edge_PC__asset_turnover__roe"", ""edge_PC__longtermdebt_invcap__totaldebt_invcap""]"
53a85c01fe6d0b7e,F,PC,22,,,22,"[""edge_PC__asset_liabilities__rect_turn"", ""edge_PC__asset_liabilities__debt_ratio"", ""edge_PC__debt_ratio__rect_turn"", ""edge_PC__asset_turnover__roa"", ""edge_PC__asset_turnover__rect_turn"", ""edge_PC__roa__roe"", ""edge_PC__debt_ratio__leverage_ratio"", ""edge_PC__longtermdebt_invcap__capitalization_ratio"", ""edge_PC__debt_ratio2__totaldebt_invcap"", ""edge_PC__debt_ratio2__longtermdebt_invcap"", ""edge_PC__roa__rect_turn"", ""edge_PC__debt_ratio2__debt_ebitda"", ""edge_PC__totaldebt_invcap__leverage_ratio"", ""edge_PC__asset_liabilities__cash_debt"", ""edge_PC__debt_ratio2__rect_turn"", ""edge_PC__debt_ratio2__capitalization_ratio"", ""edge_PC__leverage_ratio__asset_turnover"", ""edge_PC__debt_ratio2__cash_debt"", ""edge_PC__roa__debt_ebitda"", ""edge_PC__asset_turnover__roe"", ""edge_PC__longtermdebt_invcap__totaldebt_invcap"", ""edge_PC__debt_ratio2__roa""]"
d3c7b2ea7e48d507,OF,PC,22,,,35,"[""leverage_ratio"", ""asset_liabilities"", ""roe"", ""asset_turnover"", ""debt_ratio"", ""debt_ratio2"", ""roa"", ""capitalization_ratio"", ""longtermdebt_invcap"", ""totaldebt_invcap"", ""cash_debt"", ""debt_ebitda"", ""rect_turn"", ""edge_PC__asset_liabilities__rect_turn"", ""edge_PC__asset_liabilities__debt_ratio"", ""edge_PC__debt_ratio__rect_turn"", ""edge_PC__asset_turnover__roa"", ""edge_PC__asset_turnover__rect_turn"", ""edge_PC__roa__roe"", ""edge_PC__debt_ratio__leverage_ratio"", ""edge_PC__longtermdebt_invcap__capitalization_ratio"", ""edge_PC__debt_ratio2__totaldebt_invcap"", ""edge_PC__debt_ratio2__longtermdebt_invcap"", ""edge_PC__roa__rect_turn"", ""edge_PC__debt_ratio2__debt_ebitda"", ""edge_PC__totaldebt_invcap__leverage_ratio"", ""edge_PC__asset_liabilities__cash_debt"", ""edge_PC__debt_ratio2__rect_turn"", ""edge_PC__debt_ratio2__capitalization_ratio"", ""edge_PC__leverage_ratio__asset_turnover"", ""edge_PC__debt_ratio2__cash_debt"", ""edge_PC__roa__debt_ebitda"", ""edge_PC__asset_turnover__roe"", ""edge_PC__longtermdebt_invcap__totaldebt_invcap"", ""edge_PC__debt_ratio2__roa""]"
cdc2001fb0e0a04f,F,PC,23,,,23,"[""edge_PC__asset_liabilities__rect_turn"", ""edge_PC__asset_liabilities__debt_ratio"", ""edge_PC__debt_ratio__rect_turn"", ""edge_PC__asset_turnover__roa"", ""edge_PC__asset_turnover__rect_turn"", ""edge_PC__roa__roe"", ""edge_PC__debt_ratio__leverage_ratio"", ""edge_PC__longtermdebt_invcap__capitalization_ratio"", ""edge_PC__debt_ratio2__totaldebt_invcap"", ""edge_PC__debt_ratio2__longtermdebt_invcap"", ""edge_PC__roa__rect_turn"", ""edge_PC__debt_ratio2__debt_ebitda"", ""edge_PC__totaldebt_invcap__leverage_ratio"", ""edge_PC__asset_liabilities__cash_debt"", ""edge_PC__debt_ratio2__rect_turn"", ""edge_PC__debt_ratio2__capitalization_ratio"", ""edge_PC__leverage_ratio__asset_turnover"", ""edge_PC__debt_ratio2__cash_debt"", ""edge_PC__roa__debt_ebitda"", ""edge_PC__asset_turnover__roe"", ""edge_PC__longtermdebt_invcap__totaldebt_invcap"", ""edge_PC__debt_ratio2__roa"", ""edge_PC__totaldebt_invcap__cash_debt""]"
2088c05c8d8f760b,OF,PC,23,,,36,"[""leverage_ratio"", ""asset_liabilities"", ""roe"", ""asset_turnover"", ""debt_ratio"", ""debt_ratio2"", ""roa"", ""capitalization_ratio"", ""longtermdebt_invcap"", ""totaldebt_invcap"", ""cash_debt"", ""debt_ebitda"", ""rect_turn"", ""edge_PC__asset_liabilities__rect_turn"", ""edge_PC__asset_liabilities__debt_ratio"", ""edge_PC__debt_ratio__rect_turn"", ""edge_PC__asset_turnover__roa"", ""edge_PC__asset_turnover__rect_turn"", ""edge_PC__roa__roe"", ""edge_PC__debt_ratio__leverage_ratio"", ""edge_PC__longtermdebt_invcap__capitalization_ratio"", ""edge_PC__debt_ratio2__totaldebt_invcap"", ""edge_PC__debt_ratio2__longtermdebt_invcap"", ""edge_PC__roa__rect_turn"", ""edge_PC__debt_ratio2__debt_ebitda"", ""edge_PC__totaldebt_invcap__leverage_ratio"", ""edge_PC__asset_liabilities__cash_debt"", ""edge_PC__debt_ratio2__rect_turn"", ""edge_PC__debt_ratio2__capitalization_ratio"", ""edge_PC__leverage_ratio__asset_turnover"", ""edge_PC__debt_ratio2__cash_debt"", ""edge_PC__roa__debt_ebitda"", ""edge_PC__asset_turnover__roe"", ""edge_PC__longtermdebt_invcap__totaldebt_invcap"", ""edge_PC__debt_ratio2__roa"", ""edge_PC__totaldebt_invcap__cash_debt""]"
f013b14af9b65489,F,PC,24,,,24,"[""edge_PC__asset_liabilities__rect_turn"", ""edge_PC__asset_liabilities__debt_ratio"", ""edge_PC__debt_ratio__rect_turn"", ""edge_PC__asset_turnover__roa"", ""edge_PC__asset_turnover__rect_turn"", ""edge_PC__roa__roe"", ""edge_PC__debt_ratio__leverage_ratio"", ""edge_PC__longtermdebt_invcap__capitalization_ratio"", ""edge_PC__debt_ratio2__totaldebt_invcap"", ""edge_PC__debt_ratio2__longtermdebt_invcap"", ""edge_PC__roa__rect_turn"", ""edge_PC__debt_ratio2__debt_ebitda"", ""edge_PC__totaldebt_invcap__leverage_ratio"", ""edge_PC__asset_liabilities__cash_debt"", ""edge_PC__debt_ratio2__rect_turn"", ""edge_PC__debt_ratio2__capitalization_ratio"", ""edge_PC__leverage_ratio__asset_turnover"", ""edge_PC__debt_ratio2__cash_debt"", ""edge_PC__roa__debt_ebitda"", ""edge_PC__asset_turnover__roe"", ""edge_PC__longtermdebt_invcap__totaldebt_invcap"", ""edge_PC__debt_ratio2__roa"", ""edge_PC__totaldebt_invcap__cash_debt"", ""edge_PC__leverage_ratio__capitalization_ratio""]"
56b4aac031f87554,OF,PC,24,,,37,"[""leverage_ratio"", ""asset_liabilities"", ""roe"", ""asset_turnover"", ""debt_ratio"", ""debt_ratio2"", ""roa"", ""capitalization_ratio"", ""longtermdebt_invcap"", ""totaldebt_invcap"", ""cash_debt"", ""debt_ebitda"", ""rect_turn"", ""edge_PC__asset_liabilities__rect_turn"", ""edge_PC__asset_liabilities__debt_ratio"", ""edge_PC__debt_ratio__rect_turn"", ""edge_PC__asset_turnover__roa"", ""edge_PC__asset_turnover__rect_turn"", ""edge_PC__roa__roe"", ""edge_PC__debt_ratio__leverage_ratio"", ""edge_PC__longtermdebt_invcap__capitalization_ratio"", ""edge_PC__debt_ratio2__totaldebt_invcap"", ""edge_PC__debt_ratio2__longtermdebt_invcap"", ""edge_PC__roa__rect_turn"", ""edge_PC__debt_ratio2__debt_ebitda"", ""edge_PC__totaldebt_invcap__leverage_ratio"", ""edge_PC__asset_liabilities__cash_debt"", ""edge_PC__debt_ratio2__rect_turn"", ""edge_PC__debt_ratio2__capitalization_ratio"", ""edge_PC__leverage_ratio__asset_turnover"", ""edge_PC__debt_ratio2__cash_debt"", ""edge_PC__roa__debt_ebitda"", ""edge_PC__asset_turnover__roe"", ""edge_PC__longtermdebt_invcap__totaldebt_invcap"", ""edge_PC__debt_ratio2__roa"", ""edge_PC__totaldebt_invcap__cash_debt"", ""edge_PC__leverage_ratio__capitalization_ratio""]"
774da5037f42a2f6,OFR,PC,5,0,5042,5,"[""cash_debt"", ""longtermdebt_invcap"", ""edge_PC__debt_ratio__rect_turn"", ""asset_liabilities"", ""edge_PC__roa__rect_turn""]"
b6014f35fa82b65f,OFR,PC,5,1,5043,5,"[""edge_PC__asset_turnover__rect_turn"", ""roe"", ""edge_PC__roa__debt_ebitda"", ""edge_PC__debt_ratio__leverage_ratio"", ""edge_PC__totaldebt_invcap__cash_debt""]"
663d3e41c1caf943,OFR,PC,5,2,5044,5,"[""edge_PC__debt_ratio2__rect_turn"", ""debt_ratio"", ""edge_PC__debt_ratio2__capitalization_ratio"", ""edge_PC__roa__roe"", ""debt_ebitda""]"
7774ed0f2c77e83e,OFR,PC,5,3,5045,5,"[""roe"", ""edge_PC__debt_ratio2__roa"", ""totaldebt_invcap"", ""capitalization_ratio"", ""debt_ratio2""]"
651c6330b0a22b21,OFR,PC,5,4,5046,5,"[""debt_ratio2"", ""edge_PC__asset_turnover__roe"", ""edge_PC__asset_liabilities__cash_debt"", ""edge_PC__roa__roe"", ""rect_turn""]"
6721c1911d16d9c6,OFR,PC,10,0,10042,10,"[""edge_PC__longtermdebt_invcap__totaldebt_invcap"", ""edge_PC__asset_turnover__rect_turn"", ""edge_PC__asset_liabilities__debt_ratio"", ""debt_ebitda"", ""edge_PC__debt_ratio2__capitalization_ratio"", ""edge_PC__leverage_ratio__asset_turnover"", ""edge_PC__debt_ratio__leverage_ratio"", ""edge_PC__debt_ratio2__totaldebt_invcap"", ""cash_debt"", ""edge_PC__leverage_ratio__capitalization_ratio""]"
81a9f601a77b2a48,OFR,PC,10,1,10043,10,"[""leverage_ratio"", ""edge_PC__asset_liabilities__cash_debt"", ""edge_PC__asset_turnover__rect_turn"", ""edge_PC__roa__rect_turn"", ""edge_PC__debt_ratio2__roa"", ""edge_PC__asset_liabilities__rect_turn"", ""edge_PC__longtermdebt_invcap__capitalization_ratio"", ""rect_turn"", ""edge_PC__debt_ratio2__longtermdebt_invcap"", ""roe""]"
f012e43a20962dd1,OFR,PC,10,2,10044,10,"[""asset_turnover"", ""rect_turn"", ""cash_debt"", ""debt_ratio"", ""edge_PC__asset_turnover__roe"", ""edge_PC__longtermdebt_invcap__totaldebt_invcap"", ""edge_PC__debt_ratio2__totaldebt_invcap"", ""edge_PC__asset_turnover__rect_turn"", ""roa"", ""debt_ebitda""]"
9b4fbb50769ff7a9,OFR,PC,10,3,10045,10,"[""edge_PC__debt_ratio2__rect_turn"", ""edge_PC__longtermdebt_invcap__capitalization_ratio"", ""debt_ratio"", ""asset_liabilities"", ""edge_PC__debt_ratio2__capitalization_ratio"", ""edge_PC__debt_ratio2__roa"", ""longtermdebt_invcap"", ""cash_debt"", ""capitalization_ratio"", ""edge_PC__leverage_ratio__asset_turnover""]"
d74c4870a6a81b6d,OFR,PC,10,4,10046,10,"[""roe"", ""edge_PC__asset_liabilities__cash_debt"", ""edge_PC__longtermdebt_invcap__totaldebt_invcap"", ""edge_PC__debt_ratio2__cash_debt"", ""edge_PC__asset_turnover__roe"", ""edge_PC__roa__debt_ebitda"", ""edge_PC__asset_liabilities__debt_ratio"", ""edge_PC__leverage_ratio__capitalization_ratio"", ""edge_PC__debt_ratio__rect_turn"", ""asset_liabilities""]"
3c227c261ca69323,OFR,PC,20,0,20042,20,"[""leverage_ratio"", ""edge_PC__debt_ratio2__longtermdebt_invcap"", ""rect_turn"", ""roe"", ""edge_PC__longtermdebt_invcap__capitalization_ratio"", ""edge_PC__asset_liabilities__rect_turn"", ""edge_PC__debt_ratio2__debt_ebitda"", ""debt_ratio2"", ""edge_PC__debt_ratio__rect_turn"", ""edge_PC__leverage_ratio__capitalization_ratio"", ""edge_PC__debt_ratio2__cash_debt"", ""debt_ebitda"", ""edge_PC__debt_ratio__leverage_ratio"", ""totaldebt_invcap"", ""asset_liabilities"", ""edge_PC__leverage_ratio__asset_turnover"", ""edge_PC__asset_liabilities__debt_ratio"", ""cash_debt"", ""edge_PC__roa__roe"", ""edge_PC__debt_ratio2__roa""]"
bb27fb43a614076a,OFR,PC,20,1,20043,20,"[""cash_debt"", ""roa"", ""edge_PC__totaldebt_invcap__cash_debt"", ""edge_PC__debt_ratio__rect_turn"", ""edge_PC__longtermdebt_invcap__totaldebt_invcap"", ""edge_PC__debt_ratio2__totaldebt_invcap"", ""edge_PC__debt_ratio2__roa"", ""edge_PC__debt_ratio2__debt_ebitda"", ""edge_PC__roa__roe"", ""edge_PC__leverage_ratio__asset_turnover"", ""roe"", ""edge_PC__debt_ratio2__rect_turn"", ""edge_PC__asset_liabilities__cash_debt"", ""edge_PC__debt_ratio__leverage_ratio"", ""edge_PC__asset_turnover__roa"", ""edge_PC__debt_ratio2__cash_debt"", ""debt_ratio2"", ""totaldebt_invcap"", ""edge_PC__asset_turnover__roe"", ""asset_turnover""]"
4ddbb02ad2f07c78,OFR,PC,20,2,20044,20,"[""edge_PC__totaldebt_invcap__leverage_ratio"", ""rect_turn"", ""edge_PC__debt_ratio2__longtermdebt_invcap"", ""debt_ratio"", ""roe"", ""edge_PC__debt_ratio2__capitalization_ratio"", ""debt_ratio2"", ""edge_PC__asset_turnover__roa"", ""edge_PC__leverage_ratio__capitalization_ratio"", ""edge_PC__asset_liabilities__cash_debt"", ""edge_PC__longtermdebt_invcap__capitalization_ratio"", ""edge_PC__debt_ratio__leverage_ratio"", ""edge_PC__roa__debt_ebitda"", ""longtermdebt_invcap"", ""cash_debt"", ""debt_ebitda"", ""edge_PC__asset_turnover__rect_turn"", ""edge_PC__debt_ratio2__cash_debt"", ""totaldebt_invcap"", ""edge_PC__asset_liabilities__debt_ratio""]"
0b99a1d40298dd23,OFR,PC,20,3,20045,20,"[""edge_PC__asset_turnover__roa"", ""totaldebt_invcap"", ""edge_PC__debt_ratio2__roa"", ""debt_ratio"", ""edge_PC__debt_ratio__leverage_ratio"", ""debt_ratio2"", ""roe"", ""edge_PC__debt_ratio2__totaldebt_invcap"", ""edge_PC__asset_turnover__rect_turn"", ""longtermdebt_invcap"", ""edge_PC__debt_ratio2__rect_turn"", ""edge_PC__debt_ratio2__cash_debt"", ""edge_PC__totaldebt_invcap__leverage_ratio"", ""edge_PC__asset_liabilities__rect_turn"", ""roa"", ""edge_PC__roa__rect_turn"", ""edge_PC__asset_turnover__roe"", ""rect_turn"", ""edge_PC__asset_liabilities__debt_ratio"", ""edge_PC__debt_ratio2__longtermdebt_invcap""]"
dda0d48966b755f6,OFR,PC,20,4,20046,20,"[""leverage_ratio"", ""debt_ratio2"", ""cash_debt"", ""edge_PC__debt_ratio2__totaldebt_invcap"", ""edge_PC__asset_turnover__roa"", ""edge_PC__debt_ratio2__roa"", ""edge_PC__longtermdebt_invcap__capitalization_ratio"", ""debt_ratio"", ""edge_PC__leverage_ratio__asset_turnover"", ""roa"", ""edge_PC__roa__debt_ebitda"", ""edge_PC__asset_liabilities__debt_ratio"", ""edge_PC__debt_ratio2__debt_ebitda"", ""edge_PC__totaldebt_invcap__leverage_ratio"", ""edge_PC__totaldebt_invcap__cash_debt"", ""edge_PC__debt_ratio2__rect_turn"", ""roe"", ""totaldebt_invcap"", ""edge_PC__debt_ratio2__capitalization_ratio"", ""edge_PC__debt_ratio__rect_turn""]"
6de178ea08bd2e2c,OFR,PC,30,0,30042,30,"[""edge_PC__debt_ratio2__roa"", ""edge_PC__debt_ratio2__totaldebt_invcap"", ""edge_PC__asset_liabilities__debt_ratio"", ""edge_PC__debt_ratio2__cash_debt"", ""edge_PC__debt_ratio__rect_turn"", ""edge_PC__leverage_ratio__capitalization_ratio"", ""asset_turnover"", ""edge_PC__roa__debt_ebitda"", ""rect_turn"", ""edge_PC__debt_ratio2__rect_turn"", ""leverage_ratio"", ""edge_PC__asset_turnover__roe"", ""edge_PC__debt_ratio2__capitalization_ratio"", ""edge_PC__longtermdebt_invcap__totaldebt_invcap"", ""edge_PC__asset_liabilities__cash_debt"", ""edge_PC__debt_ratio__leverage_ratio"", ""totaldebt_invcap"", ""debt_ratio"", ""edge_PC__debt_ratio2__debt_ebitda"", ""edge_PC__leverage_ratio__asset_turnover"", ""longtermdebt_invcap"", ""edge_PC__totaldebt_invcap__cash_debt"", ""edge_PC__roa__roe"", ""edge_PC__asset_liabilities__rect_turn"", ""cash_debt"", ""edge_PC__longtermdebt_invcap__capitalization_ratio"", ""roa"", ""edge_PC__asset_turnover__roa"", ""asset_liabilities"", ""edge_PC__roa__rect_turn""]"
4c0f2e3b69b2c23f,OFR,PC,30,1,30043,30,"[""edge_PC__debt_ratio2__totaldebt_invcap"", ""edge_PC__debt_ratio2__cash_debt"", ""debt_ebitda"", ""edge_PC__leverage_ratio__capitalization_ratio"", ""edge_PC__debt_ratio__leverage_ratio"", ""edge_PC__debt_ratio2__roa"", ""asset_turnover"", ""rect_turn"", ""edge_PC__debt_ratio2__rect_turn"", ""asset_liabilities"", ""debt_ratio"", ""edge_PC__debt_ratio__rect_turn"", ""edge_PC__roa__roe"", ""cash_debt"", ""capitalization_ratio"", ""longtermdebt_invcap"", ""edge_PC__longtermdebt_invcap__totaldebt_invcap"", ""edge_PC__debt_ratio2__longtermdebt_invcap"", ""roa"", ""edge_PC__asset_liabilities__debt_ratio"", ""leverage_ratio"", ""roe"", ""debt_ratio2"", ""edge_PC__asset_turnover__rect_turn"", ""edge_PC__roa__rect_turn"", ""edge_PC__longtermdebt_invcap__capitalization_ratio"", ""totaldebt_invcap"", ""edge_PC__debt_ratio2__capitalization_ratio"", ""edge_PC__asset_liabilities__cash_debt"", ""edge_PC__leverage_ratio__asset_turnover""]"
f07a6daf7dc38e2b,OFR,PC,30,2,30044,30,"[""edge_PC__totaldebt_invcap__leverage_ratio"", ""edge_PC__asset_liabilities__rect_turn"", ""longtermdebt_invcap"", ""edge_PC__debt_ratio2__cash_debt"", ""asset_turnover"", ""capitalization_ratio"", ""edge_PC__debt_ratio2__roa"", ""roa"", ""edge_PC__totaldebt_invcap__cash_debt"", ""edge_PC__leverage_ratio__asset_turnover"", ""edge_PC__asset_turnover__roa"", ""edge_PC__debt_ratio2__debt_ebitda"", ""edge_PC__longtermdebt_invcap__capitalization_ratio"", ""edge_PC__longtermdebt_invcap__totaldebt_invcap"", ""rect_turn"", ""debt_ebitda"", ""edge_PC__asset_liabilities__cash_debt"", ""edge_PC__roa__debt_ebitda"", ""edge_PC__roa__rect_turn"", ""totaldebt_invcap"", ""asset_liabilities"", ""edge_PC__debt_ratio2__capitalization_ratio"", ""edge_PC__leverage_ratio__capitalization_ratio"", ""leverage_ratio"", ""edge_PC__debt_ratio__leverage_ratio"", ""edge_PC__roa__roe"", ""cash_debt"", ""edge_PC__debt_ratio2__totaldebt_invcap"", ""edge_PC__debt_ratio__rect_turn"", ""debt_ratio2""]"
a13bf25092e60899,OFR,PC,30,3,30045,30,"[""edge_PC__debt_ratio2__longtermdebt_invcap"", ""edge_PC__debt_ratio2__capitalization_ratio"", ""edge_PC__debt_ratio2__cash_debt"", ""edge_PC__totaldebt_invcap__cash_debt"", ""edge_PC__debt_ratio2__totaldebt_invcap"", ""roe"", ""edge_PC__debt_ratio__rect_turn"", ""rect_turn"", ""edge_PC__longtermdebt_invcap__totaldebt_invcap"", ""edge_PC__debt_ratio2__rect_turn"", ""capitalization_ratio"", ""edge_PC__asset_liabilities__cash_debt"", ""edge_PC__roa__rect_turn"", ""asset_turnover"", ""longtermdebt_invcap"", ""edge_PC__debt_ratio2__roa"", ""edge_PC__debt_ratio2__debt_ebitda"", ""edge_PC__debt_ratio__leverage_ratio"", ""cash_debt"", ""edge_PC__totaldebt_invcap__leverage_ratio"", ""edge_PC__asset_turnover__roe"", ""edge_PC__leverage_ratio__capitalization_ratio"", ""edge_PC__asset_turnover__rect_turn"", ""edge_PC__asset_liabilities__rect_turn"", ""edge_PC__asset_turnover__roa"", ""edge_PC__roa__debt_ebitda"", ""asset_liabilities"", ""edge_PC__roa__roe"", ""roa"", ""totaldebt_invcap""]"
8ae2c6f10372f48b,OFR,PC,30,4,30046,30,"[""edge_PC__debt_ratio__leverage_ratio"", ""asset_turnover"", ""roe"", ""edge_PC__debt_ratio2__cash_debt"", ""edge_PC__debt_ratio2__totaldebt_invcap"", ""edge_PC__roa__debt_ebitda"", ""asset_liabilities"", ""edge_PC__debt_ratio2__debt_ebitda"", ""edge_PC__asset_liabilities__rect_turn"", ""edge_PC__debt_ratio2__longtermdebt_invcap"", ""edge_PC__leverage_ratio__asset_turnover"", ""roa"", ""debt_ebitda"", ""edge_PC__asset_turnover__rect_turn"", ""cash_debt"", ""edge_PC__asset_turnover__roe"", ""edge_PC__longtermdebt_invcap__totaldebt_invcap"", ""totaldebt_invcap"", ""edge_PC__totaldebt_invcap__leverage_ratio"", ""edge_PC__debt_ratio__rect_turn"", ""debt_ratio2"", ""edge_PC__asset_turnover__roa"", ""edge_PC__totaldebt_invcap__cash_debt"", ""edge_PC__leverage_ratio__capitalization_ratio"", ""edge_PC__asset_liabilities__cash_debt"", ""edge_PC__asset_liabilities__debt_ratio"", ""edge_PC__roa__rect_turn"", ""edge_PC__roa__roe"", ""edge_PC__debt_ratio2__rect_turn"", ""edge_PC__debt_ratio2__capitalization_ratio""]"
e3fd4a1235211e9c,OFR,PC,40,0,37042,37,"[""edge_PC__totaldebt_invcap__leverage_ratio"", ""leverage_ratio"", ""rect_turn"", ""edge_PC__roa__roe"", ""debt_ratio2"", ""edge_PC__longtermdebt_invcap__totaldebt_invcap"", ""edge_PC__roa__debt_ebitda"", ""edge_PC__debt_ratio2__roa"", ""roa"", ""edge_PC__asset_turnover__roe"", ""edge_PC__asset_liabilities__debt_ratio"", ""edge_PC__debt_ratio2__longtermdebt_invcap"", ""asset_turnover"", ""edge_PC__debt_ratio2__rect_turn"", ""edge_PC__leverage_ratio__capitalization_ratio"", ""edge_PC__debt_ratio2__debt_ebitda"", ""edge_PC__asset_turnover__roa"", ""edge_PC__asset_turnover__rect_turn"", ""edge_PC__debt_ratio2__capitalization_ratio"", ""longtermdebt_invcap"", ""totaldebt_invcap"", ""edge_PC__leverage_ratio__asset_turnover"", ""edge_PC__debt_ratio__rect_turn"", ""edge_PC__roa__rect_turn"", ""edge_PC__debt_ratio2__cash_debt"", ""edge_PC__longtermdebt_invcap__capitalization_ratio"", ""asset_liabilities"", ""edge_PC__debt_ratio__leverage_ratio"", ""edge_PC__asset_liabilities__cash_debt"", ""roe"", ""debt_ebitda"", ""capitalization_ratio"", ""edge_PC__totaldebt_invcap__cash_debt"", ""cash_debt"", ""edge_PC__asset_liabilities__rect_turn"", ""debt_ratio"", ""edge_PC__debt_ratio2__totaldebt_invcap""]"
a4da82ed93b051a2,OFR,PC,40,1,37043,37,"[""capitalization_ratio"", ""edge_PC__leverage_ratio__capitalization_ratio"", ""longtermdebt_invcap"", ""cash_debt"", ""asset_liabilities"", ""edge_PC__roa__roe"", ""edge_PC__debt_ratio2__capitalization_ratio"", ""edge_PC__asset_turnover__rect_turn"", ""totaldebt_invcap"", ""edge_PC__asset_liabilities__debt_ratio"", ""asset_turnover"", ""roe"", ""edge_PC__roa__rect_turn"", ""edge_PC__asset_liabilities__rect_turn"", ""edge_PC__totaldebt_invcap__leverage_ratio"", ""edge_PC__debt_ratio2__cash_debt"", ""edge_PC__debt_ratio2__longtermdebt_invcap"", ""leverage_ratio"", ""rect_turn"", ""edge_PC__longtermdebt_invcap__capitalization_ratio"", ""edge_PC__asset_liabilities__cash_debt"", ""edge_PC__debt_ratio2__roa"", ""edge_PC__debt_ratio2__rect_turn"", ""debt_ratio2"", ""edge_PC__asset_turnover__roe"", ""edge_PC__debt_ratio__leverage_ratio"", ""edge_PC__debt_ratio__rect_turn"", ""edge_PC__debt_ratio2__totaldebt_invcap"", ""edge_PC__asset_turnover__roa"", ""edge_PC__longtermdebt_invcap__totaldebt_invcap"", ""edge_PC__totaldebt_invcap__cash_debt"", ""edge_PC__debt_ratio2__debt_ebitda"", ""edge_PC__roa__debt_ebitda"", ""debt_ratio"", ""roa"", ""edge_PC__leverage_ratio__asset_turnover"", ""debt_ebitda""]"
9fd71c4de881c61d,OFR,PC,40,2,37044,37,"[""edge_PC__longtermdebt_invcap__capitalization_ratio"", ""debt_ratio2"", ""edge_PC__debt_ratio2__rect_turn"", ""leverage_ratio"", ""edge_PC__debt_ratio2__capitalization_ratio"", ""edge_PC__debt_ratio2__longtermdebt_invcap"", ""capitalization_ratio"", ""edge_PC__roa__rect_turn"", ""edge_PC__debt_ratio2__totaldebt_invcap"", ""asset_turnover"", ""edge_PC__asset_liabilities__cash_debt"", ""edge_PC__longtermdebt_invcap__totaldebt_invcap"", ""rect_turn"", ""edge_PC__debt_ratio2__debt_ebitda"", ""totaldebt_invcap"", ""edge_PC__debt_ratio__leverage_ratio"", ""roe"", ""edge_PC__asset_turnover__roa"", ""asset_liabilities"", ""edge_PC__asset_liabilities__debt_ratio"", ""edge_PC__asset_turnover__roe"", ""cash_debt"", ""debt_ebitda"", ""edge_PC__debt_ratio2__cash_debt"", ""edge_PC__roa__debt_ebitda"", ""edge_PC__totaldebt_invcap__leverage_ratio"", ""edge_PC__leverage_ratio__asset_turnover"", ""edge_PC__roa__roe"", ""edge_PC__debt_ratio__rect_turn"", ""roa"", ""edge_PC__asset_turnover__rect_turn"", ""edge_PC__leverage_ratio__capitalization_ratio"", ""edge_PC__totaldebt_invcap__cash_debt"", ""longtermdebt_invcap"", ""debt_ratio"", ""edge_PC__asset_liabilities__rect_turn"", ""edge_PC__debt_ratio2__roa""]"
e18d6c8cccf8ab55,OFR,PC,40,3,37045,37,"[""edge_PC__debt_ratio2__rect_turn"", ""edge_PC__debt_ratio__rect_turn"", ""totaldebt_invcap"", ""asset_liabilities"", ""edge_PC__totaldebt_invcap__leverage_ratio"", ""edge_PC__roa__roe"", ""edge_PC__debt_ratio2__capitalization_ratio"", ""roe"", ""cash_debt"", ""edge_PC__asset_liabilities__cash_debt"", ""edge_PC__debt_ratio2__totaldebt_invcap"", ""rect_turn"", ""edge_PC__asset_turnover__roa"", ""edge_PC__longtermdebt_invcap__totaldebt_invcap"", ""edge_PC__asset_turnover__rect_turn"", ""edge_PC__longtermdebt_invcap__capitalization_ratio"", ""edge_PC__leverage_ratio__capitalization_ratio"", ""longtermdebt_invcap"", ""edge_PC__asset_liabilities__rect_turn"", ""leverage_ratio"", ""edge_PC__debt_ratio2__longtermdebt_invcap"", ""edge_PC__asset_turnover__roe"", ""edge_PC__roa__rect_turn"", ""roa"", ""edge_PC__debt_ratio2__cash_debt"", ""debt_ratio2"", ""edge_PC__debt_ratio2__debt_ebitda"", ""edge_PC__debt_ratio__leverage_ratio"", ""debt_ebitda"", ""edge_PC__asset_liabilities__debt_ratio"", ""capitalization_ratio"", ""edge_PC__totaldebt_invcap__cash_debt"", ""asset_turnover"", ""edge_PC__debt_ratio2__roa"", ""edge_PC__leverage_ratio__asset_turnover"", ""edge_PC__roa__debt_ebitda"", ""debt_ratio""]"
dadad69d4a9368c1,OFR,PC,40,4,37046,37,"[""rect_turn"", ""edge_PC__longtermdebt_invcap__capitalization_ratio"", ""edge_PC__debt_ratio2__longtermdebt_invcap"", ""cash_debt"", ""edge_PC__totaldebt_invcap__cash_debt"", ""edge_PC__debt_ratio2__roa"", ""edge_PC__debt_ratio2__debt_ebitda"", ""edge_PC__asset_turnover__roe"", ""edge_PC__totaldebt_invcap__leverage_ratio"", ""edge_PC__debt_ratio2__totaldebt_invcap"", ""roa"", ""edge_PC__asset_turnover__rect_turn"", ""asset_liabilities"", ""capitalization_ratio"", ""edge_PC__asset_turnover__roa"", ""edge_PC__asset_liabilities__rect_turn"", ""edge_PC__roa__roe"", ""leverage_ratio"", ""edge_PC__roa__debt_ebitda"", ""edge_PC__debt_ratio2__cash_debt"", ""edge_PC__debt_ratio2__capitalization_ratio"", ""edge_PC__longtermdebt_invcap__totaldebt_invcap"", ""debt_ratio"", ""debt_ratio2"", ""edge_PC__debt_ratio__leverage_ratio"", ""edge_PC__asset_liabilities__debt_ratio"", ""edge_PC__debt_ratio__rect_turn"", ""asset_turnover"", ""totaldebt_invcap"", ""edge_PC__roa__rect_turn"", ""edge_PC__debt_ratio2__rect_turn"", ""edge_PC__asset_liabilities__cash_debt"", ""edge_PC__leverage_ratio__asset_turnover"", ""roe"", ""longtermdebt_invcap"", ""debt_ebitda"", ""edge_PC__leverage_ratio__capitalization_ratio""]"
16a0c374bfef247d,OFR,PC,ALL,0,37042,37,"[""edge_PC__totaldebt_invcap__leverage_ratio"", ""leverage_ratio"", ""rect_turn"", ""edge_PC__roa__roe"", ""debt_ratio2"", ""edge_PC__longtermdebt_invcap__totaldebt_invcap"", ""edge_PC__roa__debt_ebitda"", ""edge_PC__debt_ratio2__roa"", ""roa"", ""edge_PC__asset_turnover__roe"", ""edge_PC__asset_liabilities__debt_ratio"", ""edge_PC__debt_ratio2__longtermdebt_invcap"", ""asset_turnover"", ""edge_PC__debt_ratio2__rect_turn"", ""edge_PC__leverage_ratio__capitalization_ratio"", ""edge_PC__debt_ratio2__debt_ebitda"", ""edge_PC__asset_turnover__roa"", ""edge_PC__asset_turnover__rect_turn"", ""edge_PC__debt_ratio2__capitalization_ratio"", ""longtermdebt_invcap"", ""totaldebt_invcap"", ""edge_PC__leverage_ratio__asset_turnover"", ""edge_PC__debt_ratio__rect_turn"", ""edge_PC__roa__rect_turn"", ""edge_PC__debt_ratio2__cash_debt"", ""edge_PC__longtermdebt_invcap__capitalization_ratio"", ""asset_liabilities"", ""edge_PC__debt_ratio__leverage_ratio"", ""edge_PC__asset_liabilities__cash_debt"", ""roe"", ""debt_ebitda"", ""capitalization_ratio"", ""edge_PC__totaldebt_invcap__cash_debt"", ""cash_debt"", ""edge_PC__asset_liabilities__rect_turn"", ""debt_ratio"", ""edge_PC__debt_ratio2__totaldebt_invcap""]"
1d647448ab0c055e,OFR,PC,ALL,1,37043,37,"[""capitalization_ratio"", ""edge_PC__leverage_ratio__capitalization_ratio"", ""longtermdebt_invcap"", ""cash_debt"", ""asset_liabilities"", ""edge_PC__roa__roe"", ""edge_PC__debt_ratio2__capitalization_ratio"", ""edge_PC__asset_turnover__rect_turn"", ""totaldebt_invcap"", ""edge_PC__asset_liabilities__debt_ratio"", ""asset_turnover"", ""roe"", ""edge_PC__roa__rect_turn"", ""edge_PC__asset_liabilities__rect_turn"", ""edge_PC__totaldebt_invcap__leverage_ratio"", ""edge_PC__debt_ratio2__cash_debt"", ""edge_PC__debt_ratio2__longtermdebt_invcap"", ""leverage_ratio"", ""rect_turn"", ""edge_PC__longtermdebt_invcap__capitalization_ratio"", ""edge_PC__asset_liabilities__cash_debt"", ""edge_PC__debt_ratio2__roa"", ""edge_PC__debt_ratio2__rect_turn"", ""debt_ratio2"", ""edge_PC__asset_turnover__roe"", ""edge_PC__debt_ratio__leverage_ratio"", ""edge_PC__debt_ratio__rect_turn"", ""edge_PC__debt_ratio2__totaldebt_invcap"", ""edge_PC__asset_turnover__roa"", ""edge_PC__longtermdebt_invcap__totaldebt_invcap"", ""edge_PC__totaldebt_invcap__cash_debt"", ""edge_PC__debt_ratio2__debt_ebitda"", ""edge_PC__roa__debt_ebitda"", ""debt_ratio"", ""roa"", ""edge_PC__leverage_ratio__asset_turnover"", ""debt_ebitda""]"
7fb2a969d42abb7f,OFR,PC,ALL,2,37044,37,"[""edge_PC__longtermdebt_invcap__capitalization_ratio"", ""debt_ratio2"", ""edge_PC__debt_ratio2__rect_turn"", ""leverage_ratio"", ""edge_PC__debt_ratio2__capitalization_ratio"", ""edge_PC__debt_ratio2__longtermdebt_invcap"", ""capitalization_ratio"", ""edge_PC__roa__rect_turn"", ""edge_PC__debt_ratio2__totaldebt_invcap"", ""asset_turnover"", ""edge_PC__asset_liabilities__cash_debt"", ""edge_PC__longtermdebt_invcap__totaldebt_invcap"", ""rect_turn"", ""edge_PC__debt_ratio2__debt_ebitda"", ""totaldebt_invcap"", ""edge_PC__debt_ratio__leverage_ratio"", ""roe"", ""edge_PC__asset_turnover__roa"", ""asset_liabilities"", ""edge_PC__asset_liabilities__debt_ratio"", ""edge_PC__asset_turnover__roe"", ""cash_debt"", ""debt_ebitda"", ""edge_PC__debt_ratio2__cash_debt"", ""edge_PC__roa__debt_ebitda"", ""edge_PC__totaldebt_invcap__leverage_ratio"", ""edge_PC__leverage_ratio__asset_turnover"", ""edge_PC__roa__roe"", ""edge_PC__debt_ratio__rect_turn"", ""roa"", ""edge_PC__asset_turnover__rect_turn"", ""edge_PC__leverage_ratio__capitalization_ratio"", ""edge_PC__totaldebt_invcap__cash_debt"", ""longtermdebt_invcap"", ""debt_ratio"", ""edge_PC__asset_liabilities__rect_turn"", ""edge_PC__debt_ratio2__roa""]"
ed7227188dd92ece,OFR,PC,ALL,3,37045,37,"[""edge_PC__debt_ratio2__rect_turn"", ""edge_PC__debt_ratio__rect_turn"", ""totaldebt_invcap"", ""asset_liabilities"", ""edge_PC__totaldebt_invcap__leverage_ratio"", ""edge_PC__roa__roe"", ""edge_PC__debt_ratio2__capitalization_ratio"", ""roe"", ""cash_debt"", ""edge_PC__asset_liabilities__cash_debt"", ""edge_PC__debt_ratio2__totaldebt_invcap"", ""rect_turn"", ""edge_PC__asset_turnover__roa"", ""edge_PC__longtermdebt_invcap__totaldebt_invcap"", ""edge_PC__asset_turnover__rect_turn"", ""edge_PC__longtermdebt_invcap__capitalization_ratio"", ""edge_PC__leverage_ratio__capitalization_ratio"", ""longtermdebt_invcap"", ""edge_PC__asset_liabilities__rect_turn"", ""leverage_ratio"", ""edge_PC__debt_ratio2__longtermdebt_invcap"", ""edge_PC__asset_turnover__roe"", ""edge_PC__roa__rect_turn"", ""roa"", ""edge_PC__debt_ratio2__cash_debt"", ""debt_ratio2"", ""edge_PC__debt_ratio2__debt_ebitda"", ""edge_PC__debt_ratio__leverage_ratio"", ""debt_ebitda"", ""edge_PC__asset_liabilities__debt_ratio"", ""capitalization_ratio"", ""edge_PC__totaldebt_invcap__cash_debt"", ""asset_turnover"", ""edge_PC__debt_ratio2__roa"", ""edge_PC__leverage_ratio__asset_turnover"", ""edge_PC__roa__debt_ebitda"", ""debt_ratio""]"
880073e0210e96d9,OFR,PC,ALL,4,37046,37,"[""rect_turn"", ""edge_PC__longtermdebt_invcap__capitalization_ratio"", ""edge_PC__debt_ratio2__longtermdebt_invcap"", ""cash_debt"", ""edge_PC__totaldebt_invcap__cash_debt"", ""edge_PC__debt_ratio2__roa"", ""edge_PC__debt_ratio2__debt_ebitda"", ""edge_PC__asset_turnover__roe"", ""edge_PC__totaldebt_invcap__leverage_ratio"", ""edge_PC__debt_ratio2__totaldebt_invcap"", ""roa"", ""edge_PC__asset_turnover__rect_turn"", ""asset_liabilities"", ""capitalization_ratio"", ""edge_PC__asset_turnover__roa"", ""edge_PC__asset_liabilities__rect_turn"", ""edge_PC__roa__roe"", ""leverage_ratio"", ""edge_PC__roa__debt_ebitda"", ""edge_PC__debt_ratio2__cash_debt"", ""edge_PC__debt_ratio2__capitalization_ratio"", ""edge_PC__longtermdebt_invcap__totaldebt_invcap"", ""debt_ratio"", ""debt_ratio2"", ""edge_PC__debt_ratio__leverage_ratio"", ""edge_PC__asset_liabilities__debt_ratio"", ""edge_PC__debt_ratio__rect_turn"", ""asset_turnover"", ""totaldebt_invcap"", ""edge_PC__roa__rect_turn"", ""edge_PC__debt_ratio2__rect_turn"", ""edge_PC__asset_liabilities__cash_debt"", ""edge_PC__leverage_ratio__asset_turnover"", ""roe"", ""longtermdebt_invcap"", ""debt_ebitda"", ""edge_PC__leverage_ratio__capitalization_ratio""]"
25770b1c892373be,F,GES,1,,,1,"[""edge_GES__debt_ratio__Unnamed: 0""]"
16b953091c540601,OF,GES,1,,,14,"[""leverage_ratio"", ""asset_liabilities"", ""roe"", ""asset_turnover"", ""debt_ratio"", ""debt_ratio2"", ""roa"", ""capitalization_ratio"", ""longtermdebt_invcap"", ""totaldebt_invcap"", ""cash_debt"", ""debt_ebitda"", ""rect_turn"", ""edge_GES__debt_ratio__Unnamed: 0""]"
9d9eab942f1f166b,F,GES,2,,,2,"[""edge_GES__debt_ratio__Unnamed: 0"", ""edge_GES__asset_turnover__Unnamed: 0""]"
fa5d69983c5113e1,OF,GES,2,,,15,"[""leverage_ratio"", ""asset_liabilities"", ""roe"", ""asset_turnover"", ""debt_ratio"", ""debt_ratio2"", ""roa"", ""capitalization_ratio"", ""longtermdebt_invcap"", ""totaldebt_invcap"", ""cash_debt"", ""debt_ebitda"", ""rect_turn"", ""edge_GES__debt_ratio__Unnamed: 0"", ""edge_GES__asset_turnover__Unnamed: 0""]"
ad18df09e7b8d856,F,GES,3,,,3,"[""edge_GES__debt_ratio__Unnamed: 0"", ""edge_GES__asset_turnover__Unnamed: 0"", ""edge_GES__asset_liabilities__Unnamed: 0""]"
d87bf0d52db26acb,OF,GES,3,,,16,"[""leverage_ratio"", ""asset_liabilities"", ""roe"", ""asset_turnover"", ""debt_ratio"", ""debt_ratio2"", ""roa"", ""capitalization_ratio"", ""longtermdebt_invcap"", ""totaldebt_invcap"", ""cash_debt"", ""debt_ebitda"", ""rect_turn"", ""edge_GES__debt_ratio__Unnamed: 0"", ""edge_GES__asset_turnover__Unnamed: 0"", ""edge_GES__asset_liabilities__Unnamed: 0""]"
8df5ed0143bd747f,F,GES,4,,,4,"[""edge_GES__debt_ratio__Unnamed: 0"", ""edge_GES__asset_turnover__Unnamed: 0"", ""edge_GES__asset_liabilities__Unnamed: 0"", ""edge_GES__totaldebt_invcap__Unnamed: 0""]"
fc86c7082b9edfd8,OF,GES,4,,,17,"[""leverage_ratio"", ""asset_liabilities"", ""roe"", ""asset_turnover"", ""debt_ratio"", ""debt_ratio2"", ""roa"", ""capitalization_ratio"", ""longtermdebt_invcap"", ""totaldebt_invcap"", ""cash_debt"", ""debt_ebitda"", ""rect_turn"", ""edge_GES__debt_ratio__Unnamed: 0"", ""edge_GES__asset_turnover__Unnamed: 0"", ""edge_GES__asset_liabilities__Unnamed: 0"", ""edge_GES__totaldebt_invcap__Unnamed: 0""]"
821abd27e1f12548,F,GES,5,,,5,"[""edge_GES__debt_ratio__Unnamed: 0"", ""edge_GES__asset_turnover__Unnamed: 0"", ""edge_GES__asset_liabilities__Unnamed: 0"", ""edge_GES__totaldebt_invcap__Unnamed: 0"", ""edge_GES__roe__Unnamed: 0""]"
6ee7a7e6bfc42901,OF,GES,5,,,18,"[""leverage_ratio"", ""asset_liabilities"", ""roe"", ""asset_turnover"", ""debt_ratio"", ""debt_ratio2"", ""roa"", ""capitalization_ratio"", ""longtermdebt_invcap"", ""totaldebt_invcap"", ""cash_debt"", ""debt_ebitda"", ""rect_turn"", ""edge_GES__debt_ratio__Unnamed: 0"", ""edge_GES__asset_turnover__Unnamed: 0"", ""edge_GES__asset_liabilities__Unnamed: 0"", ""edge_GES__totaldebt_invcap__Unnamed: 0"", ""edge_GES__roe__Unnamed: 0""]"
f164a6e87137e02a,F,GES,6,,,6,"[""edge_GES__debt_ratio__Unnamed: 0"", ""edge_GES__asset_turnover__Unnamed: 0"", ""edge_GES__asset_liabilities__Unnamed: 0"", ""edge_GES__totaldebt_invcap__Unnamed: 0"", ""edge_GES__roe__Unnamed: 0"", ""edge_GES__cash_debt__Unnamed: 0""]"
48def4bbab241936,OF,GES,6,,,19,"[""leverage_ratio"", ""asset_liabilities"", ""roe"", ""asset_turnover"", ""debt_ratio"", ""debt_ratio2"", ""roa"", ""capitalization_ratio"", ""longtermdebt_invcap"", ""totaldebt_invcap"", ""cash_debt"", ""debt_ebitda"", ""rect_turn"", ""edge_GES__debt_ratio__Unnamed: 0"", ""edge_GES__asset_turnover__Unnamed: 0"", ""edge_GES__asset_liabilities__Unnamed: 0"", ""edge_GES__totaldebt_invcap__Unnamed: 0"", ""edge_GES__roe__Unnamed: 0"", ""edge_GES__cash_debt__Unnamed: 0""]"
bbf28dc05048d5c1,F,GES,7,,,7,"[""edge_GES__debt_ratio__Unnamed: 0"", ""edge_GES__asset_turnover__Unnamed: 0"", ""edge_GES__asset_liabilities__Unnamed: 0"", ""edge_GES__totaldebt_invcap__Unnamed: 0"", ""edge_GES__roe__Unnamed: 0"", ""edge_GES__cash_debt__Unnamed: 0"", ""edge_GES__Unnamed: 0__capitalization_ratio""]"
fe22fca9e7d0b586,OF,GES,7,,,20,"[""leverage_ratio"", ""asset_liabilities"", ""roe"", ""asset_turnover"", ""debt_ratio"", ""debt_ratio2"", ""roa"", ""capitalization_ratio"", ""longtermdebt_invcap"", ""totaldebt_invcap"", ""cash_debt"", ""debt_ebitda"", ""rect_turn"", ""edge_GES__debt_ratio__Unnamed: 0"", ""edge_GES__asset_turnover__Unnamed: 0"", ""edge_GES__asset_liabilities__Unnamed: 0"", ""edge_GES__totaldebt_invcap__Unnamed: 0"", ""edge_GES__roe__Unnamed: 0"", ""edge_GES__cash_debt__Unnamed: 0"", ""edge_GES__Unnamed: 0__capitalization_ratio""]"
43edc450f8f1d273,F,GES,8,,,8,"[""edge_GES__debt_ratio__Unnamed: 0"", ""edge_GES__asset_turnover__Unnamed: 0"", ""edge_GES__asset_liabilities__Unnamed: 0"", ""edge_GES__totaldebt_invcap__Unnamed: 0"", ""edge_GES__roe__Unnamed: 0"", ""edge_GES__cash_debt__Unnamed: 0"", ""edge_GES__Unnamed: 0__capitalization_ratio"", ""edge_GES__roa__Unnamed: 0""]"
25c327ae203417fd,OF,GES,8,,,21,"[""leverage_ratio"", ""asset_liabilities"", ""roe"", ""asset_turnover"", ""debt_ratio"", ""debt_ratio2"", ""roa"", ""capitalization_ratio"", ""longtermdebt_invcap"", ""totaldebt_invcap"", ""cash_debt"", ""debt_ebitda"", ""rect_turn"", ""edge_GES__debt_ratio__Unnamed: 0"", ""edge_GES__asset_turnover__Unnamed: 0"", ""edge_GES__asset_liabilities__Unnamed: 0"", ""edge_GES__totaldebt_invcap__Unnamed: 0"", ""edge_GES__roe__Unnamed: 0"", ""edge_GES__cash_debt__Unnamed: 0"", ""edge_GES__Unnamed: 0__capitalization_ratio"", ""edge_GES__roa__Unnamed: 0""]"
f7599231062f6c83,F,GES,9,,,9,"[""edge_GES__debt_ratio__Unnamed: 0"", ""edge_GES__asset_turnover__Unnamed: 0"", ""edge_GES__asset_liabilities__Unnamed: 0"", ""edge_GES__totaldebt_invcap__Unnamed: 0"", ""edge_GES__roe__Unnamed: 0"", ""edge_GES__cash_debt__Unnamed: 0"", ""edge_GES__Unnamed: 0__capitalization_ratio"", ""edge_GES__roa__Unnamed: 0"", ""edge_GES__Unnamed: 0__rect_turn""]"
8a4c62cca21b06c0,OF,GES,9,,,22,"[""leverage_ratio"", ""asset_liabilities"", ""roe"", ""asset_turnover"", ""debt_ratio"", ""debt_ratio2"", ""roa"", ""capitalization_ratio"", ""longtermdebt_invcap"", ""totaldebt_invcap"", ""cash_debt"", ""debt_ebitda"", ""rect_turn"", ""edge_GES__debt_ratio__Unnamed: 0"", ""edge_GES__asset_turnover__Unnamed: 0"", ""edge_GES__asset_liabilities__Unnamed: 0"", ""edge_GES__totaldebt_invcap__Unnamed: 0"", ""edge_GES__roe__Unnamed: 0"", ""edge_GES__cash_debt__Unnamed: 0"", ""edge_GES__Unnamed: 0__capitalization_ratio"", ""edge_GES__roa__Unnamed: 0"", ""edge_GES__Unnamed: 0__rect_turn""]"
fb99ee75b910bd2b,F,GES,10,,,10,"[""edge_GES__debt_ratio__Unnamed: 0"", ""edge_GES__asset_turnover__Unnamed: 0"", ""edge_GES__asset_liabilities__Unnamed: 0"", ""edge_GES__totaldebt_invcap__Unnamed: 0"", ""edge_GES__roe__Unnamed: 0"", ""edge_GES__cash_debt__Unnamed: 0"", ""edge_GES__Unnamed: 0__capitalization_ratio"", ""edge_GES__roa__Unnamed: 0"", ""edge_GES__Unnamed: 0__rect_turn"", ""edge_GES__asset_liabilities__rect_turn""]"
d2f620708d93958d,OF,GES,10,,,23,"[""leverage_ratio"", ""asset_liabilities"", ""roe"", ""asset_turnover"", ""debt_ratio"", ""debt_ratio2"", ""roa"", ""capitalization_ratio"", ""longtermdebt_invcap"", ""totaldebt_invcap"", ""cash_debt"", ""debt_ebitda"", ""rect_turn"", ""edge_GES__debt_ratio__Unnamed: 0"", ""edge_GES__asset_turnover__Unnamed: 0"", ""edge_GES__asset_liabilities__Unnamed: 0"", ""edge_GES__totaldebt_invcap__Unnamed: 0"", ""edge_GES__roe__Unnamed: 0"", ""edge_GES__cash_debt__Unnamed: 0"", ""edge_GES__Unnamed: 0__capitalization_ratio"", ""edge_GES__roa__Unnamed: 0"", ""edge_GES__Unnamed: 0__rect_turn"", ""edge_GES__asset_liabilities__rect_turn""]"
ba66ab9dba064030,F,GES,11,,,11,"[""edge_GES__debt_ratio__Unnamed: 0"", ""edge_GES__asset_turnover__Unnamed: 0"", ""edge_GES__asset_liabilities__Unnamed: 0"", ""edge_GES__totaldebt_invcap__Unnamed: 0"", ""edge_GES__roe__Unnamed: 0"", ""edge_GES__cash_debt__Unnamed: 0"", ""edge_GES__Unnamed: 0__capitalization_ratio"", ""edge_GES__roa__Unnamed: 0"", ""edge_GES__Unnamed: 0__rect_turn"", ""edge_GES__asset_liabilities__rect_turn"", ""edge_GES__debt_ratio__asset_liabilities""]"
95374c1b82aa21e0,OF,GES,11,,,24,"[""leverage_ratio"", ""asset_liabilities"", ""roe"", ""asset_turnover"", ""debt_ratio"", ""debt_ratio2"", ""roa"", ""capitalization_ratio"", ""longtermdebt_invcap"", ""totaldebt_invcap"", ""cash_debt"", ""debt_ebitda"", ""rect_turn"", ""edge_GES__debt_ratio__Unnamed: 0"", ""edge_GES__asset_turnover__Unnamed: 0"", ""edge_GES__asset_liabilities__Unnamed: 0"", ""edge_GES__totaldebt_invcap__Unnamed: 0"", ""edge_GES__roe__Unnamed: 0"", ""edge_GES__cash_debt__Unnamed: 0"", ""edge_GES__Unnamed: 0__capitalization_ratio"", ""edge_GES__roa__Unnamed: 0"", ""edge_GES__Unnamed: 0__rect_turn"", ""edge_GES__asset_liabilities__rect_turn"", ""edge_GES__debt_ratio__asset_liabilities""]"
49e1a6ba46b8fa85,F,GES,12,,,12,"[""edge_GES__debt_ratio__Unnamed: 0"", ""edge_GES__asset_turnover__Unnamed: 0"", ""edge_GES__asset_liabilities__Unnamed: 0"", ""edge_GES__totaldebt_invcap__Unnamed: 0"", ""edge_GES__roe__Unnamed: 0"", ""edge_GES__cash_debt__Unnamed: 0"", ""edge_GES__Unnamed: 0__capitalization_ratio"", ""edge_GES__roa__Unnamed: 0"", ""edge_GES__Unnamed: 0__rect_turn"", ""edge_GES__asset_liabilities__rect_turn"", ""edge_GES__debt_ratio__asset_liabilities"", ""edge_GES__roa__asset_turnover""]"
1302497c1edad9f0,OF,GES,12,,,25,"[""leverage_ratio"", ""asset_liabilities"", ""roe"", ""asset_turnover"", ""debt_ratio"", ""debt_ratio2"", ""roa"", ""capitalization_ratio"", ""longtermdebt_invcap"", ""totaldebt_invcap"", ""cash_debt"", ""debt_ebitda"", ""rect_turn"", ""edge_GES__debt_ratio__Unnamed: 0"", ""edge_GES__asset_turnover__Unnamed: 0"", ""edge_GES__asset_liabilities__Unnamed: 0"", ""edge_GES__totaldebt_invcap__Unnamed: 0"", ""edge_GES__roe__Unnamed: 0"", ""edge_GES__cash_debt__Unnamed: 0"", ""edge_GES__Unnamed: 0__capitalization_ratio"", ""edge_GES__roa__Unnamed: 0"", ""edge_GES__Unnamed: 0__rect_turn"", ""edge_GES__asset_liabilities__rect_turn"", ""edge_GES__debt_ratio__asset_liabilities"", ""edge_GES__roa__asset_turnover""]"
78a094c542f02414,F,GES,13,,,13,"[""edge_GES__debt_ratio__Unnamed: 0"", ""edge_GES__asset_turnover__Unnamed: 0"", ""edge_GES__asset_liabilities__Unnamed: 0"", ""edge_GES__totaldebt_invcap__Unnamed: 0"", ""edge_GES__roe__Unnamed: 0"", ""edge_GES__cash_debt__Unnamed: 0"", ""edge_GES__Unnamed: 0__capitalization_ratio"", ""edge_GES__roa__Unnamed: 0"", ""edge_GES__Unnamed: 0__rect_turn"", ""edge_GES__asset_liabilities__rect_turn"", ""edge_GES__debt_ratio__asset_liabilities"", ""edge_GES__roa__asset_turnover"", ""edge_GES__debt_ratio__leverage_ratio""]"
433478ba27190529,OF,GES,13,,,26,"[""leverage_ratio"", ""asset_liabilities"", ""roe"", ""asset_turnover"", ""debt_ratio"", ""debt_ratio2"", ""roa"", ""capitalization_ratio"", ""longtermdebt_invcap"", ""totaldebt_invcap"", ""cash_debt"", ""debt_ebitda"", ""rect_turn"", ""edge_GES__debt_ratio__Unnamed: 0"", ""edge_GES__asset_turnover__Unnamed: 0"", ""edge_GES__asset_liabilities__Unnamed: 0"", ""edge_GES__totaldebt_invcap__Unnamed: 0"", ""edge_GES__roe__Unnamed: 0"", ""edge_GES__cash_debt__Unnamed: 0"", ""edge_GES__Unnamed: 0__capitalization_ratio"", ""edge_GES__roa__Unnamed: 0"", ""edge_GES__Unnamed: 0__rect_turn"", ""edge_GES__asset_liabilities__rect_turn"", ""edge_GES__debt_ratio__asset_liabilities"", ""edge_GES__roa__asset_turnover"", ""edge_GES__debt_ratio__leverage_ratio""]"
4c60acc991e29055,F,GES,14,,,14,"[""edge_GES__debt_ratio__Unnamed: 0"", ""edge_GES__asset_turnover__Unnamed: 0"", ""edge_GES__asset_liabilities__Unnamed: 0"", ""edge_GES__totaldebt_invcap__Unnamed: 0"", ""edge_GES__roe__Unnamed: 0"", ""edge_GES__cash_debt__Unnamed: 0"", ""edge_GES__Unnamed: 0__capitalization_ratio"", ""edge_GES__roa__Unnamed: 0"", ""edge_GES__Unnamed: 0__rect_turn"", ""edge_GES__asset_liabilities__rect_turn"", ""edge_GES__debt_ratio__asset_liabilities"", ""edge_GES__roa__asset_turnover"", ""edge_GES__debt_ratio__leverage_ratio"", ""edge_GES__asset_turnover__rect_turn""]"
072e0e081022d1f9,OF,GES,14,,,27,"[""leverage_ratio"", ""asset_liabilities"", ""roe"", ""asset_turnover"", ""debt_ratio"", ""debt_ratio2"", ""roa"", ""capitalization_ratio"", ""longtermdebt_invcap"", ""totaldebt_invcap"", ""cash_debt"", ""debt_ebitda"", ""rect_turn"", ""edge_GES__debt_ratio__Unnamed: 0"", ""edge_GES__asset_turnover__Unnamed: 0"", ""edge_GES__asset_liabilities__Unnamed: 0"", ""edge_GES__totaldebt_invcap__Unnamed: 0"", ""edge_GES__roe__Unnamed: 0"", ""edge_GES__cash_debt__Unnamed: 0"", ""edge_GES__Unnamed: 0__capitalization_ratio"", ""edge_GES__roa__Unnamed: 0"", ""edge_GES__Unnamed: 0__rect_turn"", ""edge_GES__asset_liabilities__rect_turn"", ""edge_GES__debt_ratio__asset_liabilities"", ""edge_GES__roa__asset_turnover"", ""edge_GES__debt_ratio__leverage_ratio"", ""edge_GES__asset_turnover__rect_turn""]"
d9bb29817c697b4d,F,GES,15,,,15,"[""edge_GES__debt_ratio__Unnamed: 0"", ""edge_GES__asset_turnover__Unnamed: 0"", ""edge_GES__asset_liabilities__Unnamed: 0"", ""edge_GES__totaldebt_invcap__Unnamed: 0"", ""edge_GES__roe__Unnamed: 0"", ""edge_GES__cash_debt__Unnamed: 0"", ""edge_GES__Unnamed: 0__capitalization_ratio"", ""edge_GES__roa__Unnamed: 0"", ""edge_GES__Unnamed: 0__rect_turn"", ""edge_GES__asset_liabilities__rect_turn"", ""edge_GES__debt_ratio__asset_liabilities"", ""edge_GES__roa__asset_turnover"", ""edge_GES__debt_ratio__leverage_ratio"", ""edge_GES__asset_turnover__rect_turn"", ""edge_GES__debt_ratio__rect_turn""]"
2321d6d97688a5d4,OF,GES,15,,,28,"[""leverage_ratio"", ""asset_liabilities"", ""roe"", ""asset_turnover"", ""debt_ratio"", ""debt_ratio2"", ""roa"", ""capitalization_ratio"", ""longtermdebt_invcap"", ""totaldebt_invcap"", ""cash_debt"", ""debt_ebitda"", ""rect_turn"", ""edge_GES__debt_ratio__Unnamed: 0"", ""edge_GES__asset_turnover__Unnamed: 0"", ""edge_GES__asset_liabilities__Unnamed: 0"", ""edge_GES__totaldebt_invcap__Unnamed: 0"", ""edge_GES__roe__Unnamed: 0"", ""edge_GES__cash_debt__Unnamed: 0"", ""edge_GES__Unnamed: 0__capitalization_ratio"", ""edge_GES__roa__Unnamed: 0"", ""edge_GES__Unnamed: 0__rect_turn"", ""edge_GES__asset_liabilities__rect_turn"", ""edge_GES__debt_ratio__asset_liabilities"", ""edge_GES__roa__asset_turnover"", ""edge_GES__debt_ratio__leverage_ratio"", ""edge_GES__asset_turnover__rect_turn"", ""edge_GES__debt_ratio__rect_turn""]"
8f4df3d46432c059,F,GES,16,,,16,"[""edge_GES__debt_ratio__Unnamed: 0"", ""edge_GES__asset_turnover__Unnamed: 0"", ""edge_GES__asset_liabilities__Unnamed: 0"", ""edge_GES__totaldebt_invcap__Unnamed: 0"", ""edge_GES__roe__Unnamed: 0"", ""edge_GES__cash_debt__Unnamed: 0"", ""edge_GES__Unnamed: 0__capitalization_ratio"", ""edge_GES__roa__Unnamed: 0"", ""edge_GES__Unnamed: 0__rect_turn"", ""edge_GES__asset_liabilities__rect_turn"", ""edge_GES__debt_ratio__asset_liabilities"", ""edge_GES__roa__asset_turnover"", ""edge_GES__debt_ratio__leverage_ratio"", ""edge_GES__asset_turnover__rect_turn"", ""edge_GES__debt_ratio__rect_turn"", ""edge_GES__asset_liabilities__leverage_ratio""]"
6207a1ec2d18dee9,OF,GES,16,,,29,"[""leverage_ratio"", ""asset_liabilities"", ""roe"", ""asset_turnover"", ""debt_ratio"", ""debt_ratio2"", ""roa"", ""capitalization_ratio"", ""longtermdebt_invcap"", ""totaldebt_invcap"", ""cash_debt"", ""debt_ebitda"", ""rect_turn"", ""edge_GES__debt_ratio__Unnamed: 0"", ""edge_GES__asset_turnover__Unnamed: 0"", ""edge_GES__asset_liabilities__Unnamed: 0"", ""edge_GES__totaldebt_invcap__Unnamed: 0"", ""edge_GES__roe__Unnamed: 0"", ""edge_GES__cash_debt__Unnamed: 0"", ""edge_GES__Unnamed: 0__capitalization_ratio"", ""edge_GES__roa__Unnamed: 0"", ""edge_GES__Unnamed: 0__rect_turn"", ""edge_GES__asset_liabilities__rect_turn"", ""edge_GES__debt_ratio__asset_liabilities"", ""edge_GES__roa__asset_turnover"", ""edge_GES__debt_ratio__leverage_ratio"", ""edge_GES__asset_turnover__rect_turn"", ""edge_GES__debt_ratio__rect_turn"", ""edge_GES__asset_liabilities__leverage_ratio""]"
1905c73901834fee,F,GES,17,,,17,"[""edge_GES__debt_ratio__Unnamed: 0"", ""edge_GES__asset_turnover__Unnamed: 0"", ""edge_GES__asset_liabilities__Unnamed: 0"", ""edge_GES__totaldebt_invcap__Unnamed: 0"", ""edge_GES__roe__Unnamed: 0"", ""edge_GES__cash_debt__Unnamed: 0"", ""edge_GES__Unnamed: 0__capitalization_ratio"", ""edge_GES__roa__Unnamed: 0"", ""edge_GES__Unnamed: 0__rect_turn"", ""edge_GES__asset_liabilities__rect_turn"", ""edge_GES__debt_ratio__asset_liabilities"", ""edge_GES__roa__asset_turnover"", ""edge_GES__debt_ratio__leverage_ratio"", ""edge_GES__asset_turnover__rect_turn"", ""edge_GES__debt_ratio__rect_turn"", ""edge_GES__asset_liabilities__leverage_ratio"", ""edge_GES__roa__rect_turn""]"
9753cd8afd270f99,OF,GES,17,,,30,"[""leverage_ratio"", ""asset_liabilities"", ""roe"", ""asset_turnover"", ""debt_ratio"", ""debt_ratio2"", ""roa"", ""capitalization_ratio"", ""longtermdebt_invcap"", ""totaldebt_invcap"", ""cash_debt"", ""debt_ebitda"", ""rect_turn"", ""edge_GES__debt_ratio__Unnamed: 0"", ""edge_GES__asset_turnover__Unnamed: 0"", ""edge_GES__asset_liabilities__Unnamed: 0"", ""edge_GES__totaldebt_invcap__Unnamed: 0"", ""edge_GES__roe__Unnamed: 0"", ""edge_GES__cash_debt__Unnamed: 0"", ""edge_GES__Unnamed: 0__capitalization_ratio"", ""edge_GES__roa__Unnamed: 0"", ""edge_GES__Unnamed: 0__rect_turn"", ""edge_GES__asset_liabilities__rect_turn"", ""edge_GES__debt_ratio__asset_liabilities"", ""edge_GES__roa__asset_turnover"", ""edge_GES__debt_ratio__leverage_ratio"", ""edge_GES__asset_turnover__rect_turn"", ""edge_GES__debt_ratio__rect_turn"", ""edge_GES__asset_liabilities__leverage_ratio"", ""edge_GES__roa__rect_turn""]"
f670c85f53fdfb10,F,GES,18,,,18,"[""edge_GES__debt_ratio__Unnamed: 0"", ""edge_GES__asset_turnover__Unnamed: 0"", ""edge_GES__asset_liabilities__Unnamed: 0"", ""edge_GES__totaldebt_invcap__Unnamed: 0"", ""edge_GES__roe__Unnamed: 0"", ""edge_GES__cash_debt__Unnamed: 0"", ""edge_GES__Unnamed: 0__capitalization_ratio"", ""edge_GES__roa__Unnamed: 0"", ""edge_GES__Unnamed: 0__rect_turn"", ""edge_GES__asset_liabilities__rect_turn"", ""edge_GES__debt_ratio__asset_liabilities"", ""edge_GES__roa__asset_turnover"", ""edge_GES__debt_ratio__leverage_ratio"", ""edge_GES__asset_turnover__rect_turn"", ""edge_GES__debt_ratio__rect_turn"", ""edge_GES__asset_liabilities__leverage_ratio"", ""edge_GES__roa__rect_turn"", ""edge_GES__debt_ratio__roa""]"
7b0f7d1ee8fbe19b,OF,GES,18,,,31,"[""leverage_ratio"", ""asset_liabilities"", ""roe"", ""asset_turnover"", ""debt_ratio"", ""debt_ratio2"", ""roa"", ""capitalization_ratio"", ""longtermdebt_invcap"", ""totaldebt_invcap"", ""cash_debt"", ""debt_ebitda"", ""rect_turn"", ""edge_GES__debt_ratio__Unnamed: 0"", ""edge_GES__asset_turnover__Unnamed: 0"", ""edge_GES__asset_liabilities__Unnamed: 0"", ""edge_GES__totaldebt_invcap__Unnamed: 0"", ""edge_GES__roe__Unnamed: 0"", ""edge_GES__cash_debt__Unnamed: 0"", ""edge_GES__Unnamed: 0__capitalization_ratio"", ""edge_GES__roa__Unnamed: 0"", ""edge_GES__Unnamed: 0__rect_turn"", ""edge_GES__asset_liabilities__rect_turn"", ""edge_GES__debt_ratio__asset_liabilities"", ""edge_GES__roa__asset_turnover"", ""edge_GES__debt_ratio__leverage_ratio"", ""edge_GES__asset_turnover__rect_turn"", ""edge_GES__debt_ratio__rect_turn"", ""edge_GES__asset_liabilities__leverage_ratio"", ""edge_GES__roa__rect_turn"", ""edge_GES__debt_ratio__roa""]"
d9e6e8243061dcd0,F,GES,19,,,19,"[""edge_GES__debt_ratio__Unnamed: 0"", ""edge_GES__asset_turnover__Unnamed: 0"", ""edge_GES__asset_liabilities__Unnamed: 0"", ""edge_GES__totaldebt_invcap__Unnamed: 0"", ""edge_GES__roe__Unnamed: 0"", ""edge_GES__cash_debt__Unnamed: 0"", ""edge_GES__Unnamed: 0__capitalization_ratio"", ""edge_GES__roa__Unnamed: 0"", ""edge_GES__Unnamed: 0__rect_turn"", ""edge_GES__asset_liabilities__rect_turn"", ""edge_GES__debt_ratio__asset_liabilities"", ""edge_GES__roa__asset_turnover"", ""edge_GES__debt_ratio__leverage_ratio"", ""edge_GES__asset_turnover__rect_turn"", ""edge_GES__debt_ratio__rect_turn"", ""edge_GES__asset_liabilities__leverage_ratio"", ""edge_GES__roa__rect_turn"", ""edge_GES__debt_ratio__roa"", ""edge_GES__debt_ratio2__totaldebt_invcap""]"
4adb012b4457ae93,OF,GES,19,,,32,"[""leverage_ratio"", ""asset_liabilities"", ""roe"", ""asset_turnover"", ""debt_ratio"", ""debt_ratio2"", ""roa"", ""capitalization_ratio"", ""longtermdebt_invcap"", ""totaldebt_invcap"", ""cash_debt"", ""debt_ebitda"", ""rect_turn"", ""edge_GES__debt_ratio__Unnamed: 0"", ""edge_GES__asset_turnover__Unnamed: 0"", ""edge_GES__asset_liabilities__Unnamed: 0"", ""edge_GES__totaldebt_invcap__Unnamed: 0"", ""edge_GES__roe__Unnamed: 0"", ""edge_GES__cash_debt__Unnamed: 0"", ""edge_GES__Unnamed: 0__capitalization_ratio"", ""edge_GES__roa__Unnamed: 0"", ""edge_GES__Unnamed: 0__rect_turn"", ""edge_GES__asset_liabilities__rect_turn"", ""edge_GES__debt_ratio__asset_liabilities"", ""edge_GES__roa__asset_turnover"", ""edge_GES__debt_ratio__leverage_ratio"", ""edge_GES__asset_turnover__rect_turn"", ""edge_GES__debt_ratio__rect_turn"", ""edge_GES__asset_liabilities__leverage_ratio"", ""edge_GES__roa__rect_turn"", ""edge_GES__debt_ratio__roa"", ""edge_GES__debt_ratio2__totaldebt_invcap""]"
d4518e3c063d6d01,F,GES,20,,,20,"[""edge_GES__debt_ratio__Unnamed: 0"", ""edge_GES__asset_turnover__Unnamed: 0"", ""edge_GES__asset_liabilities__Unnamed: 0"", ""edge_GES__totaldebt_invcap__Unnamed: 0"", ""edge_GES__roe__Unnamed: 0"", ""edge_GES__cash_debt__Unnamed: 0"", ""edge_GES__Unnamed: 0__capitalization_ratio"", ""edge_GES__roa__Unnamed: 0"", ""edge_GES__Unnamed: 0__rect_turn"", ""edge_GES__asset_liabilities__rect_turn"", ""edge_GES__debt_ratio__asset_liabilities"", ""edge_GES__roa__asset_turnover"", ""edge_GES__debt_ratio__leverage_ratio"", ""edge_GES__asset_turnover__rect_turn"", ""edge_GES__debt_ratio__rect_turn"", ""edge_GES__asset_liabilities__leverage_ratio"", ""edge_GES__roa__rect_turn"", ""edge_GES__debt_ratio__roa"", ""edge_GES__debt_ratio2__totaldebt_invcap"", ""edge_GES__debt_ratio2__longtermdebt_invcap""]"
42966801f23a3bd2,OF,GES,20,,,33,"[""leverage_ratio"", ""asset_liabilities"", ""roe"", ""asset_turnover"", ""debt_ratio"", ""debt_ratio2"", ""roa"", ""capitalization_ratio"", ""longtermdebt_invcap"", ""totaldebt_invcap"", ""cash_debt"", ""debt_ebitda"", ""rect_turn"", ""edge_GES__debt_ratio__Unnamed: 0"", ""edge_GES__asset_turnover__Unnamed: 0"", ""edge_GES__asset_liabilities__Unnamed: 0"", ""edge_GES__totaldebt_invcap__Unnamed: 0"", ""edge_GES__roe__Unnamed: 0"", ""edge_GES__cash_debt__Unnamed: 0"", ""edge_GES__Unnamed: 0__capitalization_ratio"", ""edge_GES__roa__Unnamed: 0"", ""edge_GES__Unnamed: 0__rect_turn"", ""edge_GES__asset_liabilities__rect_turn"", ""edge_GES__debt_ratio__asset_liabilities"", ""edge_GES__roa__asset_turnover"", ""edge_GES__debt_ratio__leverage_ratio"", ""edge_GES__asset_turnover__rect_turn"", ""edge_GES__debt_ratio__rect_turn"", ""edge_GES__asset_liabilities__leverage_ratio"", ""edge_GES__roa__rect_turn"", ""edge_GES__debt_ratio__roa"", ""edge_GES__debt_ratio2__totaldebt_invcap"", ""edge_GES__debt_ratio2__longtermdebt_invcap""]"
cff2e5cbc5406b39,F,GES,21,,,21,"[""edge_GES__debt_ratio__Unnamed: 0"", ""edge_GES__asset_turnover__Unnamed: 0"", ""edge_GES__asset_liabilities__Unnamed: 0"", ""edge_GES__totaldebt_invcap__Unnamed: 0"", ""edge_GES__roe__Unnamed: 0"", ""edge_GES__cash_debt__Unnamed: 0"", ""edge_GES__Unnamed: 0__capitalization_ratio"", ""edge_GES__roa__Unnamed: 0"", ""edge_GES__Unnamed: 0__rect_turn"", ""edge_GES__asset_liabilities__rect_turn"", ""edge_GES__debt_ratio__asset_liabilities"", ""edge_GES__roa__asset_turnover"", ""edge_GES__debt_ratio__leverage_ratio"", ""edge_GES__asset_turnover__rect_turn"", ""edge_GES__debt_ratio__rect_turn"", ""edge_GES__asset_liabilities__leverage_ratio"", ""edge_GES__roa__rect_turn"", ""edge_GES__debt_ratio__roa"", ""edge_GES__debt_ratio2__totaldebt_invcap"", ""edge_GES__debt_ratio2__longtermdebt_invcap"", ""edge_GES__longtermdebt_invcap__capitalization_ratio""]"
746d8023d594a28d,OF,GES,21,,,34,"[""leverage_ratio"", ""asset_liabilities"", ""roe"", ""asset_turnover"", ""debt_ratio"", ""debt_ratio2"", ""roa"", ""capitalization_ratio"", ""longtermdebt_invcap"", ""totaldebt_invcap"", ""cash_debt"", ""debt_ebitda"", ""rect_turn"", ""edge_GES__debt_ratio__Unnamed: 0"", ""edge_GES__asset_turnover__Unnamed: 0"", ""edge_GES__asset_liabilities__Unnamed: 0"", ""edge_GES__totaldebt_invcap__Unnamed: 0"", ""edge_GES__roe__Unnamed: 0"", ""edge_GES__cash_debt__Unnamed: 0"", ""edge_GES__Unnamed: 0__capitalization_ratio"", ""edge_GES__roa__Unnamed: 0"", ""edge_GES__Unnamed: 0__rect_turn"", ""edge_GES__asset_liabilities__rect_turn"", ""edge_GES__debt_ratio__asset_liabilities"", ""edge_GES__roa__asset_turnover"", ""edge_GES__debt_ratio__leverage_ratio"", ""edge_GES__asset_turnover__rect_turn"", ""edge_GES__debt_ratio__rect_turn"", ""edge_GES__asset_liabilities__leverage_ratio"", ""edge_GES__roa__rect_turn"", ""edge_GES__debt_ratio__roa"", ""edge_GES__debt_ratio2__totaldebt_invcap"", ""edge_GES__debt_ratio2__longtermdebt_invcap"", ""edge_GES__longtermdebt_invcap__capitalization_ratio""]"
ce8c1ed73cc45e37,F,GES,22,,,22,"[""edge_GES__debt_ratio__Unnamed: 0"", ""edge_GES__asset_turnover__Unnamed: 0"", ""edge_GES__asset_liabilities__Unnamed: 0"", ""edge_GES__totaldebt_invcap__Unnamed: 0"", ""edge_GES__roe__Unnamed: 0"", ""edge_GES__cash_debt__Unnamed: 0"", ""edge_GES__Unnamed: 0__capitalization_ratio"", ""edge_GES__roa__Unnamed: 0"", ""edge_GES__Unnamed: 0__rect_turn"", ""edge_GES__asset_liabilities__rect_turn"", ""edge_GES__debt_ratio__asset_liabilities"", ""edge_GES__roa__asset_turnover"", ""edge_GES__debt_ratio__leverage_ratio"", ""edge_GES__asset_turnover__rect_turn"", ""edge_GES__debt_ratio__rect_turn"", ""edge_GES__asset_liabilities__leverage_ratio"", ""edge_GES__roa__rect_turn"", ""edge_GES__debt_ratio__roa"", ""edge_GES__debt_ratio2__totaldebt_invcap"", ""edge_GES__debt_ratio2__longtermdebt_invcap"", ""edge_GES__longtermdebt_invcap__capitalization_ratio"", ""edge_GES__debt_ebitda__debt_ratio2""]"
a4be3d492352fd5a,OF,GES,22,,,35,"[""leverage_ratio"", ""asset_liabilities"", ""roe"", ""asset_turnover"", ""debt_ratio"", ""debt_ratio2"", ""roa"", ""capitalization_ratio"", ""longtermdebt_invcap"", ""totaldebt_invcap"", ""cash_debt"", ""debt_ebitda"", ""rect_turn"", ""edge_GES__debt_ratio__Unnamed: 0"", ""edge_GES__asset_turnover__Unnamed: 0"", ""edge_GES__asset_liabilities__Unnamed: 0"", ""edge_GES__totaldebt_invcap__Unnamed: 0"", ""edge_GES__roe__Unnamed: 0"", ""edge_GES__cash_debt__Unnamed: 0"", ""edge_GES__Unnamed: 0__capitalization_ratio"", ""edge_GES__roa__Unnamed: 0"", ""edge_GES__Unnamed: 0__rect_turn"", ""edge_GES__asset_liabilities__rect_turn"", ""edge_GES__debt_ratio__asset_liabilities"", ""edge_GES__roa__asset_turnover"", ""edge_GES__debt_ratio__leverage_ratio"", ""edge_GES__asset_turnover__rect_turn"", ""edge_GES__debt_ratio__rect_turn"", ""edge_GES__asset_liabilities__leverage_ratio"", ""edge_GES__roa__rect_turn"", ""edge_GES__debt_ratio__roa"", ""edge_GES__debt_ratio2__totaldebt_invcap"", ""edge_GES__debt_ratio2__longtermdebt_invcap"", ""edge_GES__longtermdebt_invcap__capitalization_ratio"", ""edge_GES__debt_ebitda__debt_ratio2""]"
9c0f8140e990569f,F,GES,23,,,23,"[""edge_GES__debt_ratio__Unnamed: 0"", ""edge_GES__asset_turnover__Unnamed: 0"", ""edge_GES__asset_liabilities__Unnamed: 0"", ""edge_GES__totaldebt_invcap__Unnamed: 0"", ""edge_GES__roe__Unnamed: 0"", ""edge_GES__cash_debt__Unnamed: 0"", ""edge_GES__Unnamed: 0__capitalization_ratio"", ""edge_GES__roa__Unnamed: 0"", ""edge_GES__Unnamed: 0__rect_turn"", ""edge_GES__asset_liabilities__rect_turn"", ""edge_GES__debt_ratio__asset_liabilities"", ""edge_GES__roa__asset_turnover"", ""edge_GES__debt_ratio__leverage_ratio"", ""edge_GES__asset_turnover__rect_turn"", ""edge_GES__debt_ratio__rect_turn"", ""edge_GES__asset_liabilities__leverage_ratio"", ""edge_GES__roa__rect_turn"", ""edge_GES__debt_ratio__roa"", ""edge_GES__debt_ratio2__totaldebt_invcap"", ""edge_GES__debt_ratio2__longtermdebt_invcap"", ""edge_GES__longtermdebt_invcap__capitalization_ratio"", ""edge_GES__debt_ebitda__debt_ratio2"", ""edge_GES__debt_ratio2__capitalization_ratio""]"
c18512a66c70cadd,OF,GES,23,,,36,"[""leverage_ratio"", ""asset_liabilities"", ""roe"", ""asset_turnover"", ""debt_ratio"", ""debt_ratio2"", ""roa"", ""capitalization_ratio"", ""longtermdebt_invcap"", ""totaldebt_invcap"", ""cash_debt"", ""debt_ebitda"", ""rect_turn"", ""edge_GES__debt_ratio__Unnamed: 0"", ""edge_GES__asset_turnover__Unnamed: 0"", ""edge_GES__asset_liabilities__Unnamed: 0"", ""edge_GES__totaldebt_invcap__Unnamed: 0"", ""edge_GES__roe__Unnamed: 0"", ""edge_GES__cash_debt__Unnamed: 0"", ""edge_GES__Unnamed: 0__capitalization_ratio"", ""edge_GES__roa__Unnamed: 0"", ""edge_GES__Unnamed: 0__rect_turn"", ""edge_GES__asset_liabilities__rect_turn"", ""edge_GES__debt_ratio__asset_liabilities"", ""edge_GES__roa__asset_turnover"", ""edge_GES__debt_ratio__leverage_ratio"", ""edge_GES__asset_turnover__rect_turn"", ""edge_GES__debt_ratio__rect_turn"", ""edge_GES__asset_liabilities__leverage_ratio"", ""edge_GES__roa__rect_turn"", ""edge_GES__debt_ratio__roa"", ""edge_GES__debt_ratio2__totaldebt_invcap"", ""edge_GES__debt_ratio2__longtermdebt_invcap"", ""edge_GES__longtermdebt_invcap__capitalization_ratio"", ""edge_GES__debt_ebitda__debt_ratio2"", ""edge_GES__debt_ratio2__capitalization_ratio""]"
c405a84875acb80f,F,GES,24,,,24,"[""edge_GES__debt_ratio__Unnamed: 0"", ""edge_GES__asset_turnover__Unnamed: 0"", ""edge_GES__asset_liabilities__Unnamed: 0"", ""edge_GES__totaldebt_invcap__Unnamed: 0"", ""edge_GES__roe__Unnamed: 0"", ""edge_GES__cash_debt__Unnamed: 0"", ""edge_GES__Unnamed: 0__capitalization_ratio"", ""edge_GES__roa__Unnamed: 0"", ""edge_GES__Unnamed: 0__rect_turn"", ""edge_GES__asset_liabilities__rect_turn"", ""edge_GES__debt_ratio__asset_liabilities"", ""edge_GES__roa__asset_turnover"", ""edge_GES__debt_ratio__leverage_ratio"", ""edge_GES__asset_turnover__rect_turn"", ""edge_GES__debt_ratio__rect_turn"", ""edge_GES__asset_liabilities__leverage_ratio"", ""edge_GES__roa__rect_turn"", ""edge_GES__debt_ratio__roa"", ""edge_GES__debt_ratio2__totaldebt_invcap"", ""edge_GES__debt_ratio2__longtermdebt_invcap"", ""edge_GES__longtermdebt_invcap__capitalization_ratio"", ""edge_GES__debt_ebitda__debt_ratio2"", ""edge_GES__debt_ratio2__capitalization_ratio"", ""edge_GES__debt_ratio2__roa""]"
a249c3e15e64a09e,OF,GES,24,,,37,"[""leverage_ratio"", ""asset_liabilities"", ""roe"", ""asset_turnover"", ""debt_ratio"", ""debt_ratio2"", ""roa"", ""capitalization_ratio"", ""longtermdebt_invcap"", ""totaldebt_invcap"", ""cash_debt"", ""debt_ebitda"", ""rect_turn"", ""edge_GES__debt_ratio__Unnamed: 0"", ""edge_GES__asset_turnover__Unnamed: 0"", ""edge_GES__asset_liabilities__Unnamed: 0"", ""edge_GES__totaldebt_invcap__Unnamed: 0"", ""edge_GES__roe__Unnamed: 0"", ""edge_GES__cash_debt__Unnamed: 0"", ""edge_GES__Unnamed: 0__capitalization_ratio"", ""edge_GES__roa__Unnamed: 0"", ""edge_GES__Unnamed: 0__rect_turn"", ""edge_GES__asset_liabilities__rect_turn"", ""edge_GES__debt_ratio__asset_liabilities"", ""edge_GES__roa__asset_turnover"", ""edge_GES__debt_ratio__leverage_ratio"", ""edge_GES__asset_turnover__rect_turn"", ""edge_GES__debt_ratio__rect_turn"", ""edge_GES__asset_liabilities__leverage_ratio"", ""edge_GES__roa__rect_turn"", ""edge_GES__debt_ratio__roa"", ""edge_GES__debt_ratio2__totaldebt_invcap"", ""edge_GES__debt_ratio2__longtermdebt_invcap"", ""edge_GES__longtermdebt_invcap__capitalization_ratio"", ""edge_GES__debt_ebitda__debt_ratio2"", ""edge_GES__debt_ratio2__capitalization_ratio"", ""edge_GES__debt_ratio2__roa""]"
eddccfec20b0e4d3,F,GES,25,,,25,"[""edge_GES__debt_ratio__Unnamed: 0"", ""edge_GES__asset_turnover__Unnamed: 0"", ""edge_GES__asset_liabilities__Unnamed: 0"", ""edge_GES__totaldebt_invcap__Unnamed: 0"", ""edge_GES__roe__Unnamed: 0"", ""edge_GES__cash_debt__Unnamed: 0"", ""edge_GES__Unnamed: 0__capitalization_ratio"", ""edge_GES__roa__Unnamed: 0"", ""edge_GES__Unnamed: 0__rect_turn"", ""edge_GES__asset_liabilities__rect_turn"", ""edge_GES__debt_ratio__asset_liabilities"", ""edge_GES__roa__asset_turnover"", ""edge_GES__debt_ratio__leverage_ratio"", ""edge_GES__asset_turnover__rect_turn"", ""edge_GES__debt_ratio__rect_turn"", ""edge_GES__asset_liabilities__leverage_ratio"", ""edge_GES__roa__rect_turn"", ""edge_GES__debt_ratio__roa"", ""edge_GES__debt_ratio2__totaldebt_invcap"", ""edge_GES__debt_ratio2__longtermdebt_invcap"", ""edge_GES__longtermdebt_invcap__capitalization_ratio"", ""edge_GES__debt_ebitda__debt_ratio2"", ""edge_GES__debt_ratio2__capitalization_ratio"", ""edge_GES__debt_ratio2__roa"", ""edge_GES__leverage_ratio__rect_turn""]"
378a061a54e6cdad,OF,GES,25,,,38,"[""leverage_ratio"", ""asset_liabilities"", ""roe"", ""asset_turnover"", ""debt_ratio"", ""debt_ratio2"", ""roa"", ""capitalization_ratio"", ""longtermdebt_invcap"", ""totaldebt_invcap"", ""cash_debt"", ""debt_ebitda"", ""rect_turn"", ""edge_GES__debt_ratio__Unnamed: 0"", ""edge_GES__asset_turnover__Unnamed: 0"", ""edge_GES__asset_liabilities__Unnamed: 0"", ""edge_GES__totaldebt_invcap__Unnamed: 0"", ""edge_GES__roe__Unnamed: 0"", ""edge_GES__cash_debt__Unnamed: 0"", ""edge_GES__Unnamed: 0__capitalization_ratio"", ""edge_GES__roa__Unnamed: 0"", ""edge_GES__Unnamed: 0__rect_turn"", ""edge_GES__asset_liabilities__rect_turn"", ""edge_GES__debt_ratio__asset_liabilities"", ""edge_GES__roa__asset_turnover"", ""edge_GES__debt_ratio__leverage_ratio"", ""edge_GES__asset_turnover__rect_turn"", ""edge_GES__debt_ratio__rect_turn"", ""edge_GES__asset_liabilities__leverage_ratio"", ""edge_GES__roa__rect_turn"", ""edge_GES__debt_ratio__roa"", ""edge_GES__debt_ratio2__totaldebt_invcap"", ""edge_GES__debt_ratio2__longtermdebt_invcap"", ""edge_GES__longtermdebt_invcap__capitalization_ratio"", ""edge_GES__debt_ebitda__debt_ratio2"", ""edge_GES__debt_ratio2__capitalization_ratio"", ""edge_GES__debt_ratio2__roa"", ""edge_GES__leverage_ratio__rect_turn""]"
057b265597392c70,F,GES,26,,,26,"[""edge_GES__debt_ratio__Unnamed: 0"", ""edge_GES__asset_turnover__Unnamed: 0"", ""edge_GES__asset_liabilities__Unnamed: 0"", ""edge_GES__totaldebt_invcap__Unnamed: 0"", ""edge_GES__roe__Unnamed: 0"", ""edge_GES__cash_debt__Unnamed: 0"", ""edge_GES__Unnamed: 0__capitalization_ratio"", ""edge_GES__roa__Unnamed: 0"", ""edge_GES__Unnamed: 0__rect_turn"", ""edge_GES__asset_liabilities__rect_turn"", ""edge_GES__debt_ratio__asset_liabilities"", ""edge_GES__roa__asset_turnover"", ""edge_GES__debt_ratio__leverage_ratio"", ""edge_GES__asset_turnover__rect_turn"", ""edge_GES__debt_ratio__rect_turn"", ""edge_GES__asset_liabilities__leverage_ratio"", ""edge_GES__roa__rect_turn"", ""edge_GES__debt_ratio__roa"", ""edge_GES__debt_ratio2__totaldebt_invcap"", ""edge_GES__debt_ratio2__longtermdebt_invcap"", ""edge_GES__longtermdebt_invcap__capitalization_ratio"", ""edge_GES__debt_ebitda__debt_ratio2"", ""edge_GES__debt_ratio2__capitalization_ratio"", ""edge_GES__debt_ratio2__roa"", ""edge_GES__leverage_ratio__rect_turn"", ""edge_GES__totaldebt_invcap__asset_turnover""]"
4c22a91750d3edba,OF,GES,26,,,39,"[""leverage_ratio"", ""asset_liabilities"", ""roe"", ""asset_turnover"", ""debt_ratio"", ""debt_ratio2"", ""roa"", ""capitalization_ratio"", ""longtermdebt_invcap"", ""totaldebt_invcap"", ""cash_debt"", ""debt_ebitda"", ""rect_turn"", ""edge_GES__debt_ratio__Unnamed: 0"", ""edge_GES__asset_turnover__Unnamed: 0"", ""edge_GES__asset_liabilities__Unnamed: 0"", ""edge_GES__totaldebt_invcap__Unnamed: 0"", ""edge_GES__roe__Unnamed: 0"", ""edge_GES__cash_debt__Unnamed: 0"", ""edge_GES__Unnamed: 0__capitalization_ratio"", ""edge_GES__roa__Unnamed: 0"", ""edge_GES__Unnamed: 0__rect_turn"", ""edge_GES__asset_liabilities__rect_turn"", ""edge_GES__debt_ratio__asset_liabilities"", ""edge_GES__roa__asset_turnover"", ""edge_GES__debt_ratio__leverage_ratio"", ""edge_GES__asset_turnover__rect_turn"", ""edge_GES__debt_ratio__rect_turn"", ""edge_GES__asset_liabilities__leverage_ratio"", ""edge_GES__roa__rect_turn"", ""edge_GES__debt_ratio__roa"", ""edge_GES__debt_ratio2__totaldebt_invcap"", ""edge_GES__debt_ratio2__longtermdebt_invcap"", ""edge_GES__longtermdebt_invcap__capitalization_ratio"", ""edge_GES__debt_ebitda__debt_ratio2"", ""edge_GES__debt_ratio2__capitalization_ratio"", ""edge_GES__debt_ratio2__roa"", ""edge_GES__leverage_ratio__rect_turn"", ""edge_GES__totaldebt_invcap__asset_turnover""]"
bc323d9b0bd76a5e,F,GES,27,,,27,"[""edge_GES__debt_ratio__Unnamed: 0"", ""edge_GES__asset_turnover__Unnamed: 0"", ""edge_GES__asset_liabilities__Unnamed: 0"", ""edge_GES__totaldebt_invcap__Unnamed: 0"", ""edge_GES__roe__Unnamed: 0"", ""edge_GES__cash_debt__Unnamed: 0"", ""edge_GES__Unnamed: 0__capitalization_ratio"", ""edge_GES__roa__Unnamed: 0"", ""edge_GES__Unnamed: 0__rect_turn"", ""edge_GES__asset_liabilities__rect_turn"", ""edge_GES__debt_ratio__asset_liabilities"", ""edge_GES__roa__asset_turnover"", ""edge_GES__debt_ratio__leverage_ratio"", ""edge_GES__asset_turnover__rect_turn"", ""edge_GES__debt_ratio__rect_turn"", ""edge_GES__asset_liabilities__leverage_ratio"", ""edge_GES__roa__rect_turn"", ""edge_GES__debt_ratio__roa"", ""edge_GES__debt_ratio2__totaldebt_invcap"", ""edge_GES__debt_ratio2__longtermdebt_invcap"", ""edge_GES__longtermdebt_invcap__capitalization_ratio"", ""edge_GES__debt_ebitda__debt_ratio2"", ""edge_GES__debt_ratio2__capitalization_ratio"", ""edge_GES__debt_ratio2__roa"", ""edge_GES__leverage_ratio__rect_turn"", ""edge_GES__totaldebt_invcap__asset_turnover"", ""edge_GES__roe__leverage_ratio""]"
eaafa0ab0b389306,OF,GES,27,,,40,"[""leverage_ratio"", ""asset_liabilities"", ""roe"", ""asset_turnover"", ""debt_ratio"", ""debt_ratio2"", ""roa"", ""capitalization_ratio"", ""longtermdebt_invcap"", ""totaldebt_invcap"", ""cash_debt"", ""debt_ebitda"", ""rect_turn"", ""edge_GES__debt_ratio__Unnamed: 0"", ""edge_GES__asset_turnover__Unnamed: 0"", ""edge_GES__asset_liabilities__Unnamed: 0"", ""edge_GES__totaldebt_invcap__Unnamed: 0"", ""edge_GES__roe__Unnamed: 0"", ""edge_GES__cash_debt__Unnamed: 0"", ""edge_GES__Unnamed: 0__capitalization_ratio"", ""edge_GES__roa__Unnamed: 0"", ""edge_GES__Unnamed: 0__rect_turn"", ""edge_GES__asset_liabilities__rect_turn"", ""edge_GES__debt_ratio__asset_liabilities"", ""edge_GES__roa__asset_turnover"", ""edge_GES__debt_ratio__leverage_ratio"", ""edge_GES__asset_turnover__rect_turn"", ""edge_GES__debt_ratio__rect_turn"", ""edge_GES__asset_liabilities__leverage_ratio"", ""edge_GES__roa__rect_turn"", ""edge_GES__debt_ratio__roa"", ""edge_GES__debt_ratio2__totaldebt_invcap"", ""edge_GES__debt_ratio2__longtermdebt_invcap"", ""edge_GES__longtermdebt_invcap__capitalization_ratio"", ""edge_GES__debt_ebitda__debt_ratio2"", ""edge_GES__debt_ratio2__capitalization_ratio"", ""edge_GES__debt_ratio2__roa"", ""edge_GES__leverage_ratio__rect_turn"", ""edge_GES__totaldebt_invcap__asset_turnover"", ""edge_GES__roe__leverage_ratio""]"
76f917bf16cdb700,F,GES,28,,,28,"[""edge_GES__debt_ratio__Unnamed: 0"", ""edge_GES__asset_turnover__Unnamed: 0"", ""edge_GES__asset_liabilities__Unnamed: 0"", ""edge_GES__totaldebt_invcap__Unnamed: 0"", ""edge_GES__roe__Unnamed: 0"", ""edge_GES__cash_debt__Unnamed: 0"", ""edge_GES__Unnamed: 0__capitalization_ratio"", ""edge_GES__roa__Unnamed: 0"", ""edge_GES__Unnamed: 0__rect_turn"", ""edge_GES__asset_liabilities__rect_turn"", ""edge_GES__debt_ratio__asset_liabilities"", ""edge_GES__roa__asset_turnover"", ""edge_GES__debt_ratio__leverage_ratio"", ""edge_GES__asset_turnover__rect_turn"", ""edge_GES__debt_ratio__rect_turn"", ""edge_GES__asset_liabilities__leverage_ratio"", ""edge_GES__roa__rect_turn"", ""edge_GES__debt_ratio__roa"", ""edge_GES__debt_ratio2__totaldebt_invcap"", ""edge_GES__debt_ratio2__longtermdebt_invcap"", ""edge_GES__longtermdebt_invcap__capitalization_ratio"", ""edge_GES__debt_ebitda__debt_ratio2"", ""edge_GES__debt_ratio2__capitalization_ratio"", ""edge_GES__debt_ratio2__roa"", ""edge_GES__leverage_ratio__rect_turn"", ""edge_GES__totaldebt_invcap__asset_turnover"", ""edge_GES__roe__leverage_ratio"", ""edge_GES__totaldebt_invcap__leverage_ratio""]"
2062f34c4a447421,OF,GES,28,,,41,"[""leverage_ratio"", ""asset_liabilities"", ""roe"", ""asset_turnover"", ""debt_ratio"", ""debt_ratio2"", ""roa"", ""capitalization_ratio"", ""longtermdebt_invcap"", ""totaldebt_invcap"", ""cash_debt"", ""debt_ebitda"", ""rect_turn"", ""edge_GES__debt_ratio__Unnamed: 0"", ""edge_GES__asset_turnover__Unnamed: 0"", ""edge_GES__asset_liabilities__Unnamed: 0"", ""edge_GES__totaldebt_invcap__Unnamed: 0"", ""edge_GES__roe__Unnamed: 0"", ""edge_GES__cash_debt__Unnamed: 0"", ""edge_GES__Unnamed: 0__capitalization_ratio"", ""edge_GES__roa__Unnamed: 0"", ""edge_GES__Unnamed: 0__rect_turn"", ""edge_GES__asset_liabilities__rect_turn"", ""edge_GES__debt_ratio__asset_liabilities"", ""edge_GES__roa__asset_turnover"", ""edge_GES__debt_ratio__leverage_ratio"", ""edge_GES__asset_turnover__rect_turn"", ""edge_GES__debt_ratio__rect_turn"", ""edge_GES__asset_liabilities__leverage_ratio"", ""edge_GES__roa__rect_turn"", ""edge_GES__debt_ratio__roa"", ""edge_GES__debt_ratio2__totaldebt_invcap"", ""edge_GES__debt_ratio2__longtermdebt_invcap"", ""edge_GES__longtermdebt_invcap__capitalization_ratio"", ""edge_GES__debt_ebitda__debt_ratio2"", ""edge_GES__debt_ratio2__capitalization_ratio"", ""edge_GES__debt_ratio2__roa"", ""edge_GES__leverage_ratio__rect_turn"", ""edge_GES__totaldebt_invcap__asset_turnover"", ""edge_GES__roe__leverage_ratio"", ""edge_GES__totaldebt_invcap__leverage_ratio""]"
1cd8ae4fe3b0cc2d,F,GES,29,,,29,"[""edge_GES__debt_ratio__Unnamed: 0"", ""edge_GES__asset_turnover__Unnamed: 0"", ""edge_GES__asset_liabilities__Unnamed: 0"", ""edge_GES__totaldebt_invcap__Unnamed: 0"", ""edge_GES__roe__Unnamed: 0"", ""edge_GES__cash_debt__Unnamed: 0"", ""edge_GES__Unnamed: 0__capitalization_ratio"", ""edge_GES__roa__Unnamed: 0"", ""edge_GES__Unnamed: 0__rect_turn"", ""edge_GES__asset_liabilities__rect_turn"", ""edge_GES__debt_ratio__asset_liabilities"", ""edge_GES__roa__asset_turnover"", ""edge_GES__debt_ratio__leverage_ratio"", ""edge_GES__asset_turnover__rect_turn"", ""edge_GES__debt_ratio__rect_turn"", ""edge_GES__asset_liabilities__leverage_ratio"", ""edge_GES__roa__rect_turn"", ""edge_GES__debt_ratio__roa"", ""edge_GES__debt_ratio2__totaldebt_invcap"", ""edge_GES__debt_ratio2__longtermdebt_invcap"", ""edge_GES__longtermdebt_invcap__capitalization_ratio"", ""edge_GES__debt_ebitda__debt_ratio2"", ""edge_GES__debt_ratio2__capitalization_ratio"", ""edge_GES__debt_ratio2__roa"", ""edge_GES__leverage_ratio__rect_turn"", ""edge_GES__totaldebt_invcap__asset_turnover"", ""edge_GES__roe__leverage_ratio"", ""edge_GES__totaldebt_invcap__leverage_ratio"", ""edge_GES__asset_liabilities__asset_turnover""]"
d55d48e5b81263c0,OF,GES,29,,,42,"[""leverage_ratio"", ""asset_liabilities"", ""roe"", ""asset_turnover"", ""debt_ratio"", ""debt_ratio2"", ""roa"", ""capitalization_ratio"", ""longtermdebt_invcap"", ""totaldebt_invcap"", ""cash_debt"", ""debt_ebitda"", ""rect_turn"", ""edge_GES__debt_ratio__Unnamed: 0"", ""edge_GES__asset_turnover__Unnamed: 0"", ""edge_GES__asset_liabilities__Unnamed: 0"", ""edge_GES__totaldebt_invcap__Unnamed: 0"", ""edge_GES__roe__Unnamed: 0"", ""edge_GES__cash_debt__Unnamed: 0"", ""edge_GES__Unnamed: 0__capitalization_ratio"", ""edge_GES__roa__Unnamed: 0"", ""edge_GES__Unnamed: 0__rect_turn"", ""edge_GES__asset_liabilities__rect_turn"", ""edge_GES__debt_ratio__asset_liabilities"", ""edge_GES__roa__asset_turnover"", ""edge_GES__debt_ratio__leverage_ratio"", ""edge_GES__asset_turnover__rect_turn"", ""edge_GES__debt_ratio__rect_turn"", ""edge_GES__asset_liabilities__leverage_ratio"", ""edge_GES__roa__rect_turn"", ""edge_GES__debt_ratio__roa"", ""edge_GES__debt_ratio2__totaldebt_invcap"", ""edge_GES__debt_ratio2__longtermdebt_invcap"", ""edge_GES__longtermdebt_invcap__capitalization_ratio"", ""edge_GES__debt_ebitda__debt_ratio2"", ""edge_GES__debt_ratio2__capitalization_ratio"", ""edge_GES__debt_ratio2__roa"", ""edge_GES__leverage_ratio__rect_turn"", ""edge_GES__totaldebt_invcap__asset_turnover"", ""edge_GES__roe__leverage_ratio"", ""edge_GES__totaldebt_invcap__leverage_ratio"", ""edge_GES__asset_liabilities__asset_turnover""]"
a363fe2138a3fd43,F,GES,30,,,30,"[""edge_GES__debt_ratio__Unnamed: 0"", ""edge_GES__asset_turnover__Unnamed: 0"", ""edge_GES__asset_liabilities__Unnamed: 0"", ""edge_GES__totaldebt_invcap__Unnamed: 0"", ""edge_GES__roe__Unnamed: 0"", ""edge_GES__cash_debt__Unnamed: 0"", ""edge_GES__Unnamed: 0__capitalization_ratio"", ""edge_GES__roa__Unnamed: 0"", ""edge_GES__Unnamed: 0__rect_turn"", ""edge_GES__asset_liabilities__rect_turn"", ""edge_GES__debt_ratio__asset_liabilities"", ""edge_GES__roa__asset_turnover"", ""edge_GES__debt_ratio__leverage_ratio"", ""edge_GES__asset_turnover__rect_turn"", ""edge_GES__debt_ratio__rect_turn"", ""edge_GES__asset_liabilities__leverage_ratio"", ""edge_GES__roa__rect_turn"", ""edge_GES__debt_ratio__roa"", ""edge_GES__debt_ratio2__totaldebt_invcap"", ""edge_GES__debt_ratio2__longtermdebt_invcap"", ""edge_GES__longtermdebt_invcap__capitalization_ratio"", ""edge_GES__debt_ebitda__debt_ratio2"", ""edge_GES__debt_ratio2__capitalization_ratio"", ""edge_GES__debt_ratio2__roa"", ""edge_GES__leverage_ratio__rect_turn"", ""edge_GES__totaldebt_invcap__asset_turnover"", ""edge_GES__roe__leverage_ratio"", ""edge_GES__totaldebt_invcap__leverage_ratio"", ""edge_GES__asset_liabilities__asset_turnover"", ""edge_GES__roa__totaldebt_invcap""]"
1e6d8751594c099c,OF,GES,30,,,43,"[""leverage_ratio"", ""asset_liabilities"", ""roe"", ""asset_turnover"", ""debt_ratio"", ""debt_ratio2"", ""roa"", ""capitalization_ratio"", ""longtermdebt_invcap"", ""totaldebt_invcap"", ""cash_debt"", ""debt_ebitda"", ""rect_turn"", ""edge_GES__debt_ratio__Unnamed: 0"", ""edge_GES__asset_turnover__Unnamed: 0"", ""edge_GES__asset_liabilities__Unnamed: 0"", ""edge_GES__totaldebt_invcap__Unnamed: 0"", ""edge_GES__roe__Unnamed: 0"", ""edge_GES__cash_debt__Unnamed: 0"", ""edge_GES__Unnamed: 0__capitalization_ratio"", ""edge_GES__roa__Unnamed: 0"", ""edge_GES__Unnamed: 0__rect_turn"", ""edge_GES__asset_liabilities__rect_turn"", ""edge_GES__debt_ratio__asset_liabilities"", ""edge_GES__roa__asset_turnover"", ""edge_GES__debt_ratio__leverage_ratio"", ""edge_GES__asset_turnover__rect_turn"", ""edge_GES__debt_ratio__rect_turn"", ""edge_GES__asset_liabilities__leverage_ratio"", ""edge_GES__roa__rect_turn"", ""edge_GES__debt_ratio__roa"", ""edge_GES__debt_ratio2__totaldebt_invcap"", ""edge_GES__debt_ratio2__longtermdebt_invcap"", ""edge_GES__longtermdebt_invcap__capitalization_ratio"", ""edge_GES__debt_ebitda__debt_ratio2"", ""edge_GES__debt_ratio2__capitalization_ratio"", ""edge_GES__debt_ratio2__roa"", ""edge_GES__leverage_ratio__rect_turn"", ""edge_GES__totaldebt_invcap__asset_turnover"", ""edge_GES__roe__leverage_ratio"", ""edge_GES__totaldebt_invcap__leverage_ratio"", ""edge_GES__asset_liabilities__asset_turnover"", ""edge_GES__roa__totaldebt_invcap""]"
155cd37405e84f5f,F,GES,31,,,31,"[""edge_GES__debt_ratio__Unnamed: 0"", ""edge_GES__asset_turnover__Unnamed: 0"", ""edge_GES__asset_liabilities__Unnamed: 0"", ""edge_GES__totaldebt_invcap__Unnamed: 0"", ""edge_GES__roe__Unnamed: 0"", ""edge_GES__cash_debt__Unnamed: 0"", ""edge_GES__Unnamed: 0__capitalization_ratio"", ""edge_GES__roa__Unnamed: 0"", ""edge_GES__Unnamed: 0__rect_turn"", ""edge_GES__asset_liabilities__rect_turn"", ""edge_GES__debt_ratio__asset_liabilities"", ""edge_GES__roa__asset_turnover"", ""edge_GES__debt_ratio__leverage_ratio"", ""edge_GES__asset_turnover__rect_turn"", ""edge_GES__debt_ratio__rect_turn"", ""edge_GES__asset_liabilities__leverage_ratio"", ""edge_GES__roa__rect_turn"", ""edge_GES__debt_ratio__roa"", ""edge_GES__debt_ratio2__totaldebt_invcap"", ""edge_GES__debt_ratio2__longtermdebt_invcap"", ""edge_GES__longtermdebt_invcap__capitalization_ratio"", ""edge_GES__debt_ebitda__debt_ratio2"", ""edge_GES__debt_ratio2__capitalization_ratio"", ""edge_GES__debt_ratio2__roa"", ""edge_GES__leverage_ratio__rect_turn"", ""edge_GES__totaldebt_invcap__asset_turnover"", ""edge_GES__roe__leverage_ratio"", ""edge_GES__totaldebt_invcap__leverage_ratio"", ""edge_GES__asset_liabilities__asset_turnover"", ""edge_GES__roa__totaldebt_invcap"", ""edge_GES__totaldebt_invcap__capitalization_ratio""]"
3f182371bc1257b4,OF,GES,31,,,44,"[""leverage_ratio"", ""asset_liabilities"", ""roe"", ""asset_turnover"", ""debt_ratio"", ""debt_ratio2"", ""roa"", ""capitalization_ratio"", ""longtermdebt_invcap"", ""totaldebt_invcap"", ""cash_debt"", ""debt_ebitda"", ""rect_turn"", ""edge_GES__debt_ratio__Unnamed: 0"", ""edge_GES__asset_turnover__Unnamed: 0"", ""edge_GES__asset_liabilities__Unnamed: 0"", ""edge_GES__totaldebt_invcap__Unnamed: 0"", ""edge_GES__roe__Unnamed: 0"", ""edge_GES__cash_debt__Unnamed: 0"", ""edge_GES__Unnamed: 0__capitalization_ratio"", ""edge_GES__roa__Unnamed: 0"", ""edge_GES__Unnamed: 0__rect_turn"", ""edge_GES__asset_liabilities__rect_turn"", ""edge_GES__debt_ratio__asset_liabilities"", ""edge_GES__roa__asset_turnover"", ""edge_GES__debt_ratio__leverage_ratio"", ""edge_GES__asset_turnover__rect_turn"", ""edge_GES__debt_ratio__rect_turn"", ""edge_GES__asset_liabilities__leverage_ratio"", ""edge_GES__roa__rect_turn"", ""edge_GES__debt_ratio__roa"", ""edge_GES__debt_ratio2__totaldebt_invcap"", ""edge_GES__debt_ratio2__longtermdebt_invcap"", ""edge_GES__longtermdebt_invcap__capitalization_ratio"", ""edge_GES__debt_ebitda__debt_ratio2"", ""edge_GES__debt_ratio2__capitalization_ratio"", ""edge_GES__debt_ratio2__roa"", ""edge_GES__leverage_ratio__rect_turn"", ""edge_GES__totaldebt_invcap__asset_turnover"", ""edge_GES__roe__leverage_ratio"", ""edge_GES__totaldebt_invcap__leverage_ratio"", ""edge_GES__asset_liabilities__asset_turnover"", ""edge_GES__roa__totaldebt_invcap"", ""edge_GES__totaldebt_invcap__capitalization_ratio""]"
1f2b7a8554385c32,F,GES,32,,,32,"[""edge_GES__debt_ratio__Unnamed: 0"", ""edge_GES__asset_turnover__Unnamed: 0"", ""edge_GES__asset_liabilities__Unnamed: 0"", ""edge_GES__totaldebt_invcap__Unnamed: 0"", ""edge_GES__roe__Unnamed: 0"", ""edge_GES__cash_debt__Unnamed: 0"", ""edge_GES__Unnamed: 0__capitalization_ratio"", ""edge_GES__roa__Unnamed: 0"", ""edge_GES__Unnamed: 0__rect_turn"", ""edge_GES__asset_liabilities__rect_turn"", ""edge_GES__debt_ratio__asset_liabilities"", ""edge_GES__roa__asset_turnover"", ""edge_GES__debt_ratio__leverage_ratio"", ""edge_GES__asset_turnover__rect_turn"", ""edge_GES__debt_ratio__rect_turn"", ""edge_GES__asset_liabilities__leverage_ratio"", ""edge_GES__roa__rect_turn"", ""edge_GES__debt_ratio__roa"", ""edge_GES__debt_ratio2__totaldebt_invcap"", ""edge_GES__debt_ratio2__longtermdebt_invcap"", ""edge_GES__longtermdebt_invcap__capitalization_ratio"", ""edge_GES__debt_ebitda__debt_ratio2"", ""edge_GES__debt_ratio2__capitalization_ratio"", ""edge_GES__debt_ratio2__roa"", ""edge_GES__leverage_ratio__rect_turn"", ""edge_GES__totaldebt_invcap__asset_turnover"", ""edge_GES__roe__leverage_ratio"", ""edge_GES__totaldebt_invcap__leverage_ratio"", ""edge_GES__asset_liabilities__asset_turnover"", ""edge_GES__roa__totaldebt_invcap"", ""edge_GES__totaldebt_invcap__capitalization_ratio"", ""edge_GES__cash_debt__debt_ratio""]"
dfebade50aacf4bb,OF,GES,32,,,45,"[""leverage_ratio"", ""asset_liabilities"", ""roe"", ""asset_turnover"", ""debt_ratio"", ""debt_ratio2"", ""roa"", ""capitalization_ratio"", ""longtermdebt_invcap"", ""totaldebt_invcap"", ""cash_debt"", ""debt_ebitda"", ""rect_turn"", ""edge_GES__debt_ratio__Unnamed: 0"", ""edge_GES__asset_turnover__Unnamed: 0"", ""edge_GES__asset_liabilities__Unnamed: 0"", ""edge_GES__totaldebt_invcap__Unnamed: 0"", ""edge_GES__roe__Unnamed: 0"", ""edge_GES__cash_debt__Unnamed: 0"", ""edge_GES__Unnamed: 0__capitalization_ratio"", ""edge_GES__roa__Unnamed: 0"", ""edge_GES__Unnamed: 0__rect_turn"", ""edge_GES__asset_liabilities__rect_turn"", ""edge_GES__debt_ratio__asset_liabilities"", ""edge_GES__roa__asset_turnover"", ""edge_GES__debt_ratio__leverage_ratio"", ""edge_GES__asset_turnover__rect_turn"", ""edge_GES__debt_ratio__rect_turn"", ""edge_GES__asset_liabilities__leverage_ratio"", ""edge_GES__roa__rect_turn"", ""edge_GES__debt_ratio__roa"", ""edge_GES__debt_ratio2__totaldebt_invcap"", ""edge_GES__debt_ratio2__longtermdebt_invcap"", ""edge_GES__longtermdebt_invcap__capitalization_ratio"", ""edge_GES__debt_ebitda__debt_ratio2"", ""edge_GES__debt_ratio2__capitalization_ratio"", ""edge_GES__debt_ratio2__roa"", ""edge_GES__leverage_ratio__rect_turn"", ""edge_GES__totaldebt_invcap__asset_turnover"", ""edge_GES__roe__leverage_ratio"", ""edge_GES__totaldebt_invcap__leverage_ratio"", ""edge_GES__asset_liabilities__asset_turnover"", ""edge_GES__roa__totaldebt_invcap"", ""edge_GES__totaldebt_invcap__capitalization_ratio"", ""edge_GES__cash_debt__debt_ratio""]"
029dcbc8c5302ec0,F,GES,33,,,33,"[""edge_GES__debt_ratio__Unnamed: 0"", ""edge_GES__asset_turnover__Unnamed: 0"", ""edge_GES__asset_liabilities__Unnamed: 0"", ""edge_GES__totaldebt_invcap__Unnamed: 0"", ""edge_GES__roe__Unnamed: 0"", ""edge_GES__cash_debt__Unnamed: 0"", ""edge_GES__Unnamed: 0__capitalization_ratio"", ""edge_GES__roa__Unnamed: 0"", ""edge_GES__Unnamed: 0__rect_turn"", ""edge_GES__asset_liabilities__rect_turn"", ""edge_GES__debt_ratio__asset_liabilities"", ""edge_GES__roa__asset_turnover"", ""edge_GES__debt_ratio__leverage_ratio"", ""edge_GES__asset_turnover__rect_turn"", ""edge_GES__debt_ratio__rect_turn"", ""edge_GES__asset_liabilities__leverage_ratio"", ""edge_GES__roa__rect_turn"", ""edge_GES__debt_ratio__roa"", ""edge_GES__debt_ratio2__totaldebt_invcap"", ""edge_GES__debt_ratio2__longtermdebt_invcap"", ""edge_GES__longtermdebt_invcap__capitalization_ratio"", ""edge_GES__debt_ebitda__debt_ratio2"", ""edge_GES__debt_ratio2__capitalization_ratio"", ""edge_GES__debt_ratio2__roa"", ""edge_GES__leverage_ratio__rect_turn"", ""edge_GES__totaldebt_invcap__asset_turnover"", ""edge_GES__roe__leverage_ratio"", ""edge_GES__totaldebt_invcap__leverage_ratio"", ""edge_GES__asset_liabilities__asset_turnover"", ""edge_GES__roa__totaldebt_invcap"", ""edge_GES__totaldebt_invcap__capitalization_ratio"", ""edge_GES__cash_debt__debt_ratio"", ""edge_GES__longtermdebt_invcap__totaldebt_invcap""]"
75ca627757af6980,OF,GES,33,,,46,"[""leverage_ratio"", ""asset_liabilities"", ""roe"", ""asset_turnover"", ""debt_ratio"", ""debt_ratio2"", ""roa"", ""capitalization_ratio"", ""longtermdebt_invcap"", ""totaldebt_invcap"", ""cash_debt"", ""debt_ebitda"", ""rect_turn"", ""edge_GES__debt_ratio__Unnamed: 0"", ""edge_GES__asset_turnover__Unnamed: 0"", ""edge_GES__asset_liabilities__Unnamed: 0"", ""edge_GES__totaldebt_invcap__Unnamed: 0"", ""edge_GES__roe__Unnamed: 0"", ""edge_GES__cash_debt__Unnamed: 0"", ""edge_GES__Unnamed: 0__capitalization_ratio"", ""edge_GES__roa__Unnamed: 0"", ""edge_GES__Unnamed: 0__rect_turn"", ""edge_GES__asset_liabilities__rect_turn"", ""edge_GES__debt_ratio__asset_liabilities"", ""edge_GES__roa__asset_turnover"", ""edge_GES__debt_ratio__leverage_ratio"", ""edge_GES__asset_turnover__rect_turn"", ""edge_GES__debt_ratio__rect_turn"", ""edge_GES__asset_liabilities__leverage_ratio"", ""edge_GES__roa__rect_turn"", ""edge_GES__debt_ratio__roa"", ""edge_GES__debt_ratio2__totaldebt_invcap"", ""edge_GES__debt_ratio2__longtermdebt_invcap"", ""edge_GES__longtermdebt_invcap__capitalization_ratio"", ""edge_GES__debt_ebitda__debt_ratio2"", ""edge_GES__debt_ratio2__capitalization_ratio"", ""edge_GES__debt_ratio2__roa"", ""edge_GES__leverage_ratio__rect_turn"", ""edge_GES__totaldebt_invcap__asset_turnover"", ""edge_GES__roe__leverage_ratio"", ""edge_GES__totaldebt_invcap__leverage_ratio"", ""edge_GES__asset_liabilities__asset_turnover"", ""edge_GES__roa__totaldebt_invcap"", ""edge_GES__totaldebt_invcap__capitalization_ratio"", ""edge_GES__cash_debt__debt_ratio"", ""edge_GES__longtermdebt_invcap__totaldebt_invcap""]"
bd572049931eefa4,F,GES,34,,,34,"[""edge_GES__debt_ratio__Unnamed: 0"", ""edge_GES__asset_turnover__Unnamed: 0"", ""edge_GES__asset_liabilities__Unnamed: 0"", ""edge_GES__totaldebt_invcap__Unnamed: 0"", ""edge_GES__roe__Unnamed: 0"", ""edge_GES__cash_debt__Unnamed: 0"", ""edge_GES__Unnamed: 0__capitalization_ratio"", ""edge_GES__roa__Unnamed: 0"", ""edge_GES__Unnamed: 0__rect_turn"", ""edge_GES__asset_liabilities__rect_turn"", ""edge_GES__debt_ratio__asset_liabilities"", ""edge_GES__roa__asset_turnover"", ""edge_GES__debt_ratio__leverage_ratio"", ""edge_GES__asset_turnover__rect_turn"", ""edge_GES__debt_ratio__rect_turn"", ""edge_GES__asset_liabilities__leverage_ratio"", ""edge_GES__roa__rect_turn"", ""edge_GES__debt_ratio__roa"", ""edge_GES__debt_ratio2__totaldebt_invcap"", ""edge_GES__debt_ratio2__longtermdebt_invcap"", ""edge_GES__longtermdebt_invcap__capitalization_ratio"", ""edge_GES__debt_ebitda__debt_ratio2"", ""edge_GES__debt_ratio2__capitalization_ratio"", ""edge_GES__debt_ratio2__roa"", ""edge_GES__leverage_ratio__rect_turn"", ""edge_GES__totaldebt_invcap__asset_turnover"", ""edge_GES__roe__leverage_ratio"", ""edge_GES__totaldebt_invcap__leverage_ratio"", ""edge_GES__asset_liabilities__asset_turnover"", ""edge_GES__roa__totaldebt_invcap"", ""edge_GES__totaldebt_invcap__capitalization_ratio"", ""edge_GES__cash_debt__debt_ratio"", ""edge_GES__longtermdebt_invcap__totaldebt_invcap"", ""edge_GES__cash_debt__debt_ratio2""]"
8e6861a5b5524618,OF,GES,34,,,47,"[""leverage_ratio"", ""asset_liabilities"", ""roe"", ""asset_turnover"", ""debt_ratio"", ""debt_ratio2"", ""roa"", ""capitalization_ratio"", ""longtermdebt_invcap"", ""totaldebt_invcap"", ""cash_debt"", ""debt_ebitda"", ""rect_turn"", ""edge_GES__debt_ratio__Unnamed: 0"", ""edge_GES__asset_turnover__Unnamed: 0"", ""edge_GES__asset_liabilities__Unnamed: 0"", ""edge_GES__totaldebt_invcap__Unnamed: 0"", ""edge_GES__roe__Unnamed: 0"", ""edge_GES__cash_debt__Unnamed: 0"", ""edge_GES__Unnamed: 0__capitalization_ratio"", ""edge_GES__roa__Unnamed: 0"", ""edge_GES__Unnamed: 0__rect_turn"", ""edge_GES__asset_liabilities__rect_turn"", ""edge_GES__debt_ratio__asset_liabilities"", ""edge_GES__roa__asset_turnover"", ""edge_GES__debt_ratio__leverage_ratio"", ""edge_GES__asset_turnover__rect_turn"", ""edge_GES__debt_ratio__rect_turn"", ""edge_GES__asset_liabilities__leverage_ratio"", ""edge_GES__roa__rect_turn"", ""edge_GES__debt_ratio__roa"", ""edge_GES__debt_ratio2__totaldebt_invcap"", ""edge_GES__debt_ratio2__longtermdebt_invcap"", ""edge_GES__longtermdebt_invcap__capitalization_ratio"", ""edge_GES__debt_ebitda__debt_ratio2"", ""edge_GES__debt_ratio2__capitalization_ratio"", ""edge_GES__debt_ratio2__roa"", ""edge_GES__leverage_ratio__rect_turn"", ""edge_GES__totaldebt_invcap__asset_turnover"", ""edge_GES__roe__leverage_ratio"", ""edge_GES__totaldebt_invcap__leverage_ratio"", ""edge_GES__asset_liabilities__asset_turnover"", ""edge_GES__roa__totaldebt_invcap"", ""edge_GES__totaldebt_invcap__capitalization_ratio"", ""edge_GES__cash_debt__debt_ratio"", ""edge_GES__longtermdebt_invcap__totaldebt_invcap"", ""edge_GES__cash_debt__debt_ratio2""]"
32d31e9f18895013,F,GES,35,,,35,"[""edge_GES__debt_ratio__Unnamed: 0"", ""edge_GES__asset_turnover__Unnamed: 0"", ""edge_GES__asset_liabilities__Unnamed: 0"", ""edge_GES__totaldebt_invcap__Unnamed: 0"", ""edge_GES__roe__Unnamed: 0"", ""edge_GES__cash_debt__Unnamed: 0"", ""edge_GES__Unnamed: 0__capitalization_ratio"", ""edge_GES__roa__Unnamed: 0"", ""edge_GES__Unnamed: 0__rect_turn"", ""edge_GES__asset_liabilities__rect_turn"", ""edge_GES__debt_ratio__asset_liabilities"", ""edge_GES__roa__asset_turnover"", ""edge_GES__debt_ratio__leverage_ratio"", ""edge_GES__asset_turnover__rect_turn"", ""edge_GES__debt_ratio__rect_turn"", ""edge_GES__asset_liabilities__leverage_ratio"", ""edge_GES__roa__rect_turn"", ""edge_GES__debt_ratio__roa"", ""edge_GES__debt_ratio2__totaldebt_invcap"", ""edge_GES__debt_ratio2__longtermdebt_invcap"", ""edge_GES__longtermdebt_invcap__capitalization_ratio"", ""edge_GES__debt_ebitda__debt_ratio2"", ""edge_GES__debt_ratio2__capitalization_ratio"", ""edge_GES__debt_ratio2__roa"", ""edge_GES__leverage_ratio__rect_turn"", ""edge_GES__totaldebt_invcap__asset_turnover"", ""edge_GES__roe__leverage_ratio"", ""edge_GES__totaldebt_invcap__leverage_ratio"", ""edge_GES__asset_liabilities__asset_turnover"", ""edge_GES__roa__totaldebt_invcap"", ""edge_GES__totaldebt_invcap__capitalization_ratio"", ""edge_GES__cash_debt__debt_ratio"", ""edge_GES__longtermdebt_invcap__totaldebt_invcap"", ""edge_GES__cash_debt__debt_ratio2"", ""edge_GES__roe__asset_turnover""]"
ae9e165a0aa4f87e,OF,GES,35,,,48,"[""leverage_ratio"", ""asset_liabilities"", ""roe"", ""asset_turnover"", ""debt_ratio"", ""debt_ratio2"", ""roa"", ""capitalization_ratio"", ""longtermdebt_invcap"", ""totaldebt_invcap"", ""cash_debt"", ""debt_ebitda"", ""rect_turn"", ""edge_GES__debt_ratio__Unnamed: 0"", ""edge_GES__asset_turnover__Unnamed: 0"", ""edge_GES__asset_liabilities__Unnamed: 0"", ""edge_GES__totaldebt_invcap__Unnamed: 0"", ""edge_GES__roe__Unnamed: 0"", ""edge_GES__cash_debt__Unnamed: 0"", ""edge_GES__Unnamed: 0__capitalization_ratio"", ""edge_GES__roa__Unnamed: 0"", ""edge_GES__Unnamed: 0__rect_turn"", ""edge_GES__asset_liabilities__rect_turn"", ""edge_GES__debt_ratio__asset_liabilities"", ""edge_GES__roa__asset_turnover"", ""edge_GES__debt_ratio__leverage_ratio"", ""edge_GES__asset_turnover__rect_turn"", ""edge_GES__debt_ratio__rect_turn"", ""edge_GES__asset_liabilities__leverage_ratio"", ""edge_GES__roa__rect_turn"", ""edge_GES__debt_ratio__roa"", ""edge_GES__debt_ratio2__totaldebt_invcap"", ""edge_GES__debt_ratio2__longtermdebt_invcap"", ""edge_GES__longtermdebt_invcap__capitalization_ratio"", ""edge_GES__debt_ebitda__debt_ratio2"", ""edge_GES__debt_ratio2__capitalization_ratio"", ""edge_GES__debt_ratio2__roa"", ""edge_GES__leverage_ratio__rect_turn"", ""edge_GES__totaldebt_invcap__asset_turnover"", ""edge_GES__roe__leverage_ratio"", ""edge_GES__totaldebt_invcap__leverage_ratio"", ""edge_GES__asset_liabilities__asset_turnover"", ""edge_GES__roa__totaldebt_invcap"", ""edge_GES__totaldebt_invcap__capitalization_ratio"", ""edge_GES__cash_debt__debt_ratio"", ""edge_GES__longtermdebt_invcap__totaldebt_invcap"", ""edge_GES__cash_debt__debt_ratio2"", ""edge_GES__roe__asset_turnover""]"
14fe7fd5d5a0f64b,F,GES,36,,,36,"[""edge_GES__debt_ratio__Unnamed: 0"", ""edge_GES__asset_turnover__Unnamed: 0"", ""edge_GES__asset_liabilities__Unnamed: 0"", ""edge_GES__totaldebt_invcap__Unnamed: 0"", ""edge_GES__roe__Unnamed: 0"", ""edge_GES__cash_debt__Unnamed: 0"", ""edge_GES__Unnamed: 0__capitalization_ratio"", ""edge_GES__roa__Unnamed: 0"", ""edge_GES__Unnamed: 0__rect_turn"", ""edge_GES__asset_liabilities__rect_turn"", ""edge_GES__debt_ratio__asset_liabilities"", ""edge_GES__roa__asset_turnover"", ""edge_GES__debt_ratio__leverage_ratio"", ""edge_GES__asset_turnover__rect_turn"", ""edge_GES__debt_ratio__rect_turn"", ""edge_GES__asset_liabilities__leverage_ratio"", ""edge_GES__roa__rect_turn"", ""edge_GES__debt_ratio__roa"", ""edge_GES__debt_ratio2__totaldebt_invcap"", ""edge_GES__debt_ratio2__longtermdebt_invcap"", ""edge_GES__longtermdebt_invcap__capitalization_ratio"", ""edge_GES__debt_ebitda__debt_ratio2"", ""edge_GES__debt_ratio2__capitalization_ratio"", ""edge_GES__debt_ratio2__roa"", ""edge_GES__leverage_ratio__rect_turn"", ""edge_GES__totaldebt_invcap__asset_turnover"", ""edge_GES__roe__leverage_ratio"", ""edge_GES__totaldebt_invcap__leverage_ratio"", ""edge_GES__asset_liabilities__asset_turnover"", ""edge_GES__roa__totaldebt_invcap"", ""edge_GES__totaldebt_invcap__capitalization_ratio"", ""edge_GES__cash_debt__debt_ratio"", ""edge_GES__longtermdebt_invcap__totaldebt_invcap"", ""edge_GES__cash_debt__debt_ratio2"", ""edge_GES__roe__asset_turnover"", ""edge_GES__debt_ebitda__roa""]"
8e9876b52e15ccfc,OF,GES,36,,,49,"[""leverage_ratio"", ""asset_liabilities"", ""roe"", ""asset_turnover"", ""debt_ratio"", ""debt_ratio2"", ""roa"", ""capitalization_ratio"", ""longtermdebt_invcap"", ""totaldebt_invcap"", ""cash_debt"", ""debt_ebitda"", ""rect_turn"", ""edge_GES__debt_ratio__Unnamed: 0"", ""edge_GES__asset_turnover__Unnamed: 0"", ""edge_GES__asset_liabilities__Unnamed: 0"", ""edge_GES__totaldebt_invcap__Unnamed: 0"", ""edge_GES__roe__Unnamed: 0"", ""edge_GES__cash_debt__Unnamed: 0"", ""edge_GES__Unnamed: 0__capitalization_ratio"", ""edge_GES__roa__Unnamed: 0"", ""edge_GES__Unnamed: 0__rect_turn"", ""edge_GES__asset_liabilities__rect_turn"", ""edge_GES__debt_ratio__asset_liabilities"", ""edge_GES__roa__asset_turnover"", ""edge_GES__debt_ratio__leverage_ratio"", ""edge_GES__asset_turnover__rect_turn"", ""edge_GES__debt_ratio__rect_turn"", ""edge_GES__asset_liabilities__leverage_ratio"", ""edge_GES__roa__rect_turn"", ""edge_GES__debt_ratio__roa"", ""edge_GES__debt_ratio2__totaldebt_invcap"", ""edge_GES__debt_ratio2__longtermdebt_invcap"", ""edge_GES__longtermdebt_invcap__capitalization_ratio"", ""edge_GES__debt_ebitda__debt_ratio2"", ""edge_GES__debt_ratio2__capitalization_ratio"", ""edge_GES__debt_ratio2__roa"", ""edge_GES__leverage_ratio__rect_turn"", ""edge_GES__totaldebt_invcap__asset_turnover"", ""edge_GES__roe__leverage_ratio"", ""edge_GES__totaldebt_invcap__leverage_ratio"", ""edge_GES__asset_liabilities__asset_turnover"", ""edge_GES__roa__totaldebt_invcap"", ""edge_GES__totaldebt_invcap__capitalization_ratio"", ""edge_GES__cash_debt__debt_ratio"", ""edge_GES__longtermdebt_invcap__totaldebt_invcap"", ""edge_GES__cash_debt__debt_ratio2"", ""edge_GES__roe__asset_turnover"", ""edge_GES__debt_ebitda__roa""]"
515e61a92cd7d788,F,GES,37,,,37,"[""edge_GES__debt_ratio__Unnamed: 0"", ""edge_GES__asset_turnover__Unnamed: 0"", ""edge_GES__asset_liabilities__Unnamed: 0"", ""edge_GES__totaldebt_invcap__Unnamed: 0"", ""edge_GES__roe__Unnamed: 0"", ""edge_GES__cash_debt__Unnamed: 0"", ""edge_GES__Unnamed: 0__capitalization_ratio"", ""edge_GES__roa__Unnamed: 0"", ""edge_GES__Unnamed: 0__rect_turn"", ""edge_GES__asset_liabilities__rect_turn"", ""edge_GES__debt_ratio__asset_liabilities"", ""edge_GES__roa__asset_turnover"", ""edge_GES__debt_ratio__leverage_ratio"", ""edge_GES__asset_turnover__rect_turn"", ""edge_GES__debt_ratio__rect_turn"", ""edge_GES__asset_liabilities__leverage_ratio"", ""edge_GES__roa__rect_turn"", ""edge_GES__debt_ratio__roa"", ""edge_GES__debt_ratio2__totaldebt_invcap"", ""edge_GES__debt_ratio2__longtermdebt_invcap"", ""edge_GES__longtermdebt_invcap__capitalization_ratio"", ""edge_GES__debt_ebitda__debt_ratio2"", ""edge_GES__debt_ratio2__capitalization_ratio"", ""edge_GES__debt_ratio2__roa"", ""edge_GES__leverage_ratio__rect_turn"", ""edge_GES__totaldebt_invcap__asset_turnover"", ""edge_GES__roe__leverage_ratio"", ""edge_GES__totaldebt_invcap__leverage_ratio"", ""edge_GES__asset_liabilities__asset_turnover"", ""edge_GES__roa__totaldebt_invcap"", ""edge_GES__totaldebt_invcap__capitalization_ratio"", ""edge_GES__cash_debt__debt_ratio"", ""edge_GES__longtermdebt_invcap__totaldebt_invcap"", ""edge_GES__cash_debt__debt_ratio2"", ""edge_GES__roe__asset_turnover"", ""edge_GES__debt_ebitda__roa"", ""edge_GES__roe__totaldebt_invcap""]"
f2cfabdd4b508fc9,OF,GES,37,,,50,"[""leverage_ratio"", ""asset_liabilities"", ""roe"", ""asset_turnover"", ""debt_ratio"", ""debt_ratio2"", ""roa"", ""capitalization_ratio"", ""longtermdebt_invcap"", ""totaldebt_invcap"", ""cash_debt"", ""debt_ebitda"", ""rect_turn"", ""edge_GES__debt_ratio__Unnamed: 0"", ""edge_GES__asset_turnover__Unnamed: 0"", ""edge_GES__asset_liabilities__Unnamed: 0"", ""edge_GES__totaldebt_invcap__Unnamed: 0"", ""edge_GES__roe__Unnamed: 0"", ""edge_GES__cash_debt__Unnamed: 0"", ""edge_GES__Unnamed: 0__capitalization_ratio"", ""edge_GES__roa__Unnamed: 0"", ""edge_GES__Unnamed: 0__rect_turn"", ""edge_GES__asset_liabilities__rect_turn"", ""edge_GES__debt_ratio__asset_liabilities"", ""edge_GES__roa__asset_turnover"", ""edge_GES__debt_ratio__leverage_ratio"", ""edge_GES__asset_turnover__rect_turn"", ""edge_GES__debt_ratio__rect_turn"", ""edge_GES__asset_liabilities__leverage_ratio"", ""edge_GES__roa__rect_turn"", ""edge_GES__debt_ratio__roa"", ""edge_GES__debt_ratio2__totaldebt_invcap"", ""edge_GES__debt_ratio2__longtermdebt_invcap"", ""edge_GES__longtermdebt_invcap__capitalization_ratio"", ""edge_GES__debt_ebitda__debt_ratio2"", ""edge_GES__debt_ratio2__capitalization_ratio"", ""edge_GES__debt_ratio2__roa"", ""edge_GES__leverage_ratio__rect_turn"", ""edge_GES__totaldebt_invcap__asset_turnover"", ""edge_GES__roe__leverage_ratio"", ""edge_GES__totaldebt_invcap__leverage_ratio"", ""edge_GES__asset_liabilities__asset_turnover"", ""edge_GES__roa__totaldebt_invcap"", ""edge_GES__totaldebt_invcap__capitalization_ratio"", ""edge_GES__cash_debt__debt_ratio"", ""edge_GES__longtermdebt_invcap__totaldebt_invcap"", ""edge_GES__cash_debt__debt_ratio2"", ""edge_GES__roe__asset_turnover"", ""edge_GES__debt_ebitda__roa"", ""edge_GES__roe__totaldebt_invcap""]"
2e9f7db8fcd98242,F,GES,38,,,38,"[""edge_GES__debt_ratio__Unnamed: 0"", ""edge_GES__asset_turnover__Unnamed: 0"", ""edge_GES__asset_liabilities__Unnamed: 0"", ""edge_GES__totaldebt_invcap__Unnamed: 0"", ""edge_GES__roe__Unnamed: 0"", ""edge_GES__cash_debt__Unnamed: 0"", ""edge_GES__Unnamed: 0__capitalization_ratio"", ""edge_GES__roa__Unnamed: 0"", ""edge_GES__Unnamed: 0__rect_turn"", ""edge_GES__asset_liabilities__rect_turn"", ""edge_GES__debt_ratio__asset_liabilities"", ""edge_GES__roa__asset_turnover"", ""edge_GES__debt_ratio__leverage_ratio"", ""edge_GES__asset_turnover__rect_turn"", ""edge_GES__debt_ratio__rect_turn"", ""edge_GES__asset_liabilities__leverage_ratio"", ""edge_GES__roa__rect_turn"", ""edge_GES__debt_ratio__roa"", ""edge_GES__debt_ratio2__totaldebt_invcap"", ""edge_GES__debt_ratio2__longtermdebt_invcap"", ""edge_GES__longtermdebt_invcap__capitalization_ratio"", ""edge_GES__debt_ebitda__debt_ratio2"", ""edge_GES__debt_ratio2__capitalization_ratio"", ""edge_GES__debt_ratio2__roa"", ""edge_GES__leverage_ratio__rect_turn"", ""edge_GES__totaldebt_invcap__asset_turnover"", ""edge_GES__roe__leverage_ratio"", ""edge_GES__totaldebt_invcap__leverage_ratio"", ""edge_GES__asset_liabilities__asset_turnover"", ""edge_GES__roa__totaldebt_invcap"", ""edge_GES__totaldebt_invcap__capitalization_ratio"", ""edge_GES__cash_debt__debt_ratio"", ""edge_GES__longtermdebt_invcap__totaldebt_invcap"", ""edge_GES__cash_debt__debt_ratio2"", ""edge_GES__roe__asset_turnover"", ""edge_GES__debt_ebitda__roa"", ""edge_GES__roe__totaldebt_invcap"", ""edge_GES__asset_turnover__leverage_ratio""]"
a179dca8acafab22,OF,GES,38,,,51,"[""leverage_ratio"", ""asset_liabilities"", ""roe"", ""asset_turnover"", ""debt_ratio"", ""debt_ratio2"", ""roa"", ""capitalization_ratio"", ""longtermdebt_invcap"", ""totaldebt_invcap"", ""cash_debt"", ""debt_ebitda"", ""rect_turn"", ""edge_GES__debt_ratio__Unnamed: 0"", ""edge_GES__asset_turnover__Unnamed: 0"", ""edge_GES__asset_liabilities__Unnamed: 0"", ""edge_GES__totaldebt_invcap__Unnamed: 0"", ""edge_GES__roe__Unnamed: 0"", ""edge_GES__cash_debt__Unnamed: 0"", ""edge_GES__Unnamed: 0__capitalization_ratio"", ""edge_GES__roa__Unnamed: 0"", ""edge_GES__Unnamed: 0__rect_turn"", ""edge_GES__asset_liabilities__rect_turn"", ""edge_GES__debt_ratio__asset_liabilities"", ""edge_GES__roa__asset_turnover"", ""edge_GES__debt_ratio__leverage_ratio"", ""edge_GES__asset_turnover__rect_turn"", ""edge_GES__debt_ratio__rect_turn"", ""edge_GES__asset_liabilities__leverage_ratio"", ""edge_GES__roa__rect_turn"", ""edge_GES__debt_ratio__roa"", ""edge_GES__debt_ratio2__totaldebt_invcap"", ""edge_GES__debt_ratio2__longtermdebt_invcap"", ""edge_GES__longtermdebt_invcap__capitalization_ratio"", ""edge_GES__debt_ebitda__debt_ratio2"", ""edge_GES__debt_ratio2__capitalization_ratio"", ""edge_GES__debt_ratio2__roa"", ""edge_GES__leverage_ratio__rect_turn"", ""edge_GES__totaldebt_invcap__asset_turnover"", ""edge_GES__roe__leverage_ratio"", ""edge_GES__totaldebt_invcap__leverage_ratio"", ""edge_GES__asset_liabilities__asset_turnover"", ""edge_GES__roa__totaldebt_invcap"", ""edge_GES__totaldebt_invcap__capitalization_ratio"", ""edge_GES__cash_debt__debt_ratio"", ""edge_GES__longtermdebt_invcap__totaldebt_invcap"", ""edge_GES__cash_debt__debt_ratio2"", ""edge_GES__roe__asset_turnover"", ""edge_GES__debt_ebitda__roa"", ""edge_GES__roe__totaldebt_invcap"", ""edge_GES__asset_turnover__leverage_ratio""]"
da02673fcefc640b,F,GES,39,,,39,"[""edge_GES__debt_ratio__Unnamed: 0"", ""edge_GES__asset_turnover__Unnamed: 0"", ""edge_GES__asset_liabilities__Unnamed: 0"", ""edge_GES__totaldebt_invcap__Unnamed: 0"", ""edge_GES__roe__Unnamed: 0"", ""edge_GES__cash_debt__Unnamed: 0"", ""edge_GES__Unnamed: 0__capitalization_ratio"", ""edge_GES__roa__Unnamed: 0"", ""edge_GES__Unnamed: 0__rect_turn"", ""edge_GES__asset_liabilities__rect_turn"", ""edge_GES__debt_ratio__asset_liabilities"", ""edge_GES__roa__asset_turnover"", ""edge_GES__debt_ratio__leverage_ratio"", ""edge_GES__asset_turnover__rect_turn"", ""edge_GES__debt_ratio__rect_turn"", ""edge_GES__asset_liabilities__leverage_ratio"", ""edge_GES__roa__rect_turn"", ""edge_GES__debt_ratio__roa"", ""edge_GES__debt_ratio2__totaldebt_invcap"", ""edge_GES__debt_ratio2__longtermdebt_invcap"", ""edge_GES__longtermdebt_invcap__capitalization_ratio"", ""edge_GES__debt_ebitda__debt_ratio2"", ""edge_GES__debt_ratio2__capitalization_ratio"", ""edge_GES__debt_ratio2__roa"", ""edge_GES__leverage_ratio__rect_turn"", ""edge_GES__totaldebt_invcap__asset_turnover"", ""edge_GES__roe__leverage_ratio"", ""edge_GES__totaldebt_invcap__leverage_ratio"", ""edge_GES__asset_liabilities__asset_turnover"", ""edge_GES__roa__totaldebt_invcap"", ""edge_GES__totaldebt_invcap__capitalization_ratio"", ""edge_GES__cash_debt__debt_ratio"", ""edge_GES__longtermdebt_invcap__totaldebt_invcap"", ""edge_GES__cash_debt__debt_ratio2"", ""edge_GES__roe__asset_turnover"", ""edge_GES__debt_ebitda__roa"", ""edge_GES__roe__totaldebt_invcap"", ""edge_GES__asset_turnover__leverage_ratio"", ""edge_GES__debt_ratio__capitalization_ratio""]"
5c325b94ddf97c43,OF,GES,39,,,52,"[""leverage_ratio"", ""asset_liabilities"", ""roe"", ""asset_turnover"", ""debt_ratio"", ""debt_ratio2"", ""roa"", ""capitalization_ratio"", ""longtermdebt_invcap"", ""totaldebt_invcap"", ""cash_debt"", ""debt_ebitda"", ""rect_turn"", ""edge_GES__debt_ratio__Unnamed: 0"", ""edge_GES__asset_turnover__Unnamed: 0"", ""edge_GES__asset_liabilities__Unnamed: 0"", ""edge_GES__totaldebt_invcap__Unnamed: 0"", ""edge_GES__roe__Unnamed: 0"", ""edge_GES__cash_debt__Unnamed: 0"", ""edge_GES__Unnamed: 0__capitalization_ratio"", ""edge_GES__roa__Unnamed: 0"", ""edge_GES__Unnamed: 0__rect_turn"", ""edge_GES__asset_liabilities__rect_turn"", ""edge_GES__debt_ratio__asset_liabilities"", ""edge_GES__roa__asset_turnover"", ""edge_GES__debt_ratio__leverage_ratio"", ""edge_GES__asset_turnover__rect_turn"", ""edge_GES__debt_ratio__rect_turn"", ""edge_GES__asset_liabilities__leverage_ratio"", ""edge_GES__roa__rect_turn"", ""edge_GES__debt_ratio__roa"", ""edge_GES__debt_ratio2__totaldebt_invcap"", ""edge_GES__debt_ratio2__longtermdebt_invcap"", ""edge_GES__longtermdebt_invcap__capitalization_ratio"", ""edge_GES__debt_ebitda__debt_ratio2"", ""edge_GES__debt_ratio2__capitalization_ratio"", ""edge_GES__debt_ratio2__roa"", ""edge_GES__leverage_ratio__rect_turn"", ""edge_GES__totaldebt_invcap__asset_turnover"", ""edge_GES__roe__leverage_ratio"", ""edge_GES__totaldebt_invcap__leverage_ratio"", ""edge_GES__asset_liabilities__asset_turnover"", ""edge_GES__roa__totaldebt_invcap"", ""edge_GES__totaldebt_invcap__capitalization_ratio"", ""edge_GES__cash_debt__debt_ratio"", ""edge_GES__longtermdebt_invcap__totaldebt_invcap"", ""edge_GES__cash_debt__debt_ratio2"", ""edge_GES__roe__asset_turnover"", ""edge_GES__debt_ebitda__roa"", ""edge_GES__roe__totaldebt_invcap"", ""edge_GES__asset_turnover__leverage_ratio"", ""edge_GES__debt_ratio__capitalization_ratio""]"
f5cdbdeeea3da737,F,GES,40,,,40,"[""edge_GES__debt_ratio__Unnamed: 0"", ""edge_GES__asset_turnover__Unnamed: 0"", ""edge_GES__asset_liabilities__Unnamed: 0"", ""edge_GES__totaldebt_invcap__Unnamed: 0"", ""edge_GES__roe__Unnamed: 0"", ""edge_GES__cash_debt__Unnamed: 0"", ""edge_GES__Unnamed: 0__capitalization_ratio"", ""edge_GES__roa__Unnamed: 0"", ""edge_GES__Unnamed: 0__rect_turn"", ""edge_GES__asset_liabilities__rect_turn"", ""edge_GES__debt_ratio__asset_liabilities"", ""edge_GES__roa__asset_turnover"", ""edge_GES__debt_ratio__leverage_ratio"", ""edge_GES__asset_turnover__rect_turn"", ""edge_GES__debt_ratio__rect_turn"", ""edge_GES__asset_liabilities__leverage_ratio"", ""edge_GES__roa__rect_turn"", ""edge_GES__debt_ratio__roa"", ""edge_GES__debt_ratio2__totaldebt_invcap"", ""edge_GES__debt_ratio2__longtermdebt_invcap"", ""edge_GES__longtermdebt_invcap__capitalization_ratio"", ""edge_GES__debt_ebitda__debt_ratio2"", ""edge_GES__debt_ratio2__capitalization_ratio"", ""edge_GES__debt_ratio2__roa"", ""edge_GES__leverage_ratio__rect_turn"", ""edge_GES__totaldebt_invcap__asset_turnover"", ""edge_GES__roe__leverage_ratio"", ""edge_GES__totaldebt_invcap__leverage_ratio"", ""edge_GES__asset_liabilities__asset_turnover"", ""edge_GES__roa__totaldebt_invcap"", ""edge_GES__totaldebt_invcap__capitalization_ratio"", ""edge_GES__cash_debt__debt_ratio"", ""edge_GES__longtermdebt_invcap__totaldebt_invcap"", ""edge_GES__cash_debt__debt_ratio2"", ""edge_GES__roe__asset_turnover"", ""edge_GES__debt_ebitda__roa"", ""edge_GES__roe__totaldebt_invcap"", ""edge_GES__asset_turnover__leverage_ratio"", ""edge_GES__debt_ratio__capitalization_ratio"", ""edge_GES__cash_debt__asset_liabilities""]"
3442576606495033,OF,GES,40,,,53,"[""leverage_ratio"", ""asset_liabilities"", ""roe"", ""asset_turnover"", ""debt_ratio"", ""debt_ratio2"", ""roa"", ""capitalization_ratio"", ""longtermdebt_invcap"", ""totaldebt_invcap"", ""cash_debt"", ""debt_ebitda"", ""rect_turn"", ""edge_GES__debt_ratio__Unnamed: 0"", ""edge_GES__asset_turnover__Unnamed: 0"", ""edge_GES__asset_liabilities__Unnamed: 0"", ""edge_GES__totaldebt_invcap__Unnamed: 0"", ""edge_GES__roe__Unnamed: 0"", ""edge_GES__cash_debt__Unnamed: 0"", ""edge_GES__Unnamed: 0__capitalization_ratio"", ""edge_GES__roa__Unnamed: 0"", ""edge_GES__Unnamed: 0__rect_turn"", ""edge_GES__asset_liabilities__rect_turn"", ""edge_GES__debt_ratio__asset_liabilities"", ""edge_GES__roa__asset_turnover"", ""edge_GES__debt_ratio__leverage_ratio"", ""edge_GES__asset_turnover__rect_turn"", ""edge_GES__debt_ratio__rect_turn"", ""edge_GES__asset_liabilities__leverage_ratio"", ""edge_GES__roa__rect_turn"", ""edge_GES__debt_ratio__roa"", ""edge_GES__debt_ratio2__totaldebt_invcap"", ""edge_GES__debt_ratio2__longtermdebt_invcap"", ""edge_GES__longtermdebt_invcap__capitalization_ratio"", ""edge_GES__debt_ebitda__debt_ratio2"", ""edge_GES__debt_ratio2__capitalization_ratio"", ""edge_GES__debt_ratio2__roa"", ""edge_GES__leverage_ratio__rect_turn"", ""edge_GES__totaldebt_invcap__asset_turnover"", ""edge_GES__roe__leverage_ratio"", ""edge_GES__totaldebt_invcap__leverage_ratio"", ""edge_GES__asset_liabilities__asset_turnover"", ""edge_GES__roa__totaldebt_invcap"", ""edge_GES__totaldebt_invcap__capitalization_ratio"", ""edge_GES__cash_debt__debt_ratio"", ""edge_GES__longtermdebt_invcap__totaldebt_invcap"", ""edge_GES__cash_debt__debt_ratio2"", ""edge_GES__roe__asset_turnover"", ""edge_GES__debt_ebitda__roa"", ""edge_GES__roe__totaldebt_invcap"", ""edge_GES__asset_turnover__leverage_ratio"", ""edge_GES__debt_ratio__capitalization_ratio"", ""edge_GES__cash_debt__asset_liabilities""]"
eea56eae392fadf6,F,GES,41,,,41,"[""edge_GES__debt_ratio__Unnamed: 0"", ""edge_GES__asset_turnover__Unnamed: 0"", ""edge_GES__asset_liabilities__Unnamed: 0"", ""edge_GES__totaldebt_invcap__Unnamed: 0"", ""edge_GES__roe__Unnamed: 0"", ""edge_GES__cash_debt__Unnamed: 0"", ""edge_GES__Unnamed: 0__capitalization_ratio"", ""edge_GES__roa__Unnamed: 0"", ""edge_GES__Unnamed: 0__rect_turn"", ""edge_GES__asset_liabilities__rect_turn"", ""edge_GES__debt_ratio__asset_liabilities"", ""edge_GES__roa__asset_turnover"", ""edge_GES__debt_ratio__leverage_ratio"", ""edge_GES__asset_turnover__rect_turn"", ""edge_GES__debt_ratio__rect_turn"", ""edge_GES__asset_liabilities__leverage_ratio"", ""edge_GES__roa__rect_turn"", ""edge_GES__debt_ratio__roa"", ""edge_GES__debt_ratio2__totaldebt_invcap"", ""edge_GES__debt_ratio2__longtermdebt_invcap"", ""edge_GES__longtermdebt_invcap__capitalization_ratio"", ""edge_GES__debt_ebitda__debt_ratio2"", ""edge_GES__debt_ratio2__capitalization_ratio"", ""edge_GES__debt_ratio2__roa"", ""edge_GES__leverage_ratio__rect_turn"", ""edge_GES__totaldebt_invcap__asset_turnover"", ""edge_GES__roe__leverage_ratio"", ""edge_GES__totaldebt_invcap__leverage_ratio"", ""edge_GES__asset_liabilities__asset_turnover"", ""edge_GES__roa__totaldebt_invcap"", ""edge_GES__totaldebt_invcap__capitalization_ratio"", ""edge_GES__cash_debt__debt_ratio"", ""edge_GES__longtermdebt_invcap__totaldebt_invcap"", ""edge_GES__cash_debt__debt_ratio2"", ""edge_GES__roe__asset_turnover"", ""edge_GES__debt_ebitda__roa"", ""edge_GES__roe__totaldebt_invcap"", ""edge_GES__asset_turnover__leverage_ratio"", ""edge_GES__debt_ratio__capitalization_ratio"", ""edge_GES__cash_debt__asset_liabilities"", ""edge_GES__leverage_ratio__capitalization_ratio""]"
31f16a2a5dca01c1,OF,GES,41,,,54,"[""leverage_ratio"", ""asset_liabilities"", ""roe"", ""asset_turnover"", ""debt_ratio"", ""debt_ratio2"", ""roa"", ""capitalization_ratio"", ""longtermdebt_invcap"", ""totaldebt_invcap"", ""cash_debt"", ""debt_ebitda"", ""rect_turn"", ""edge_GES__debt_ratio__Unnamed: 0"", ""edge_GES__asset_turnover__Unnamed: 0"", ""edge_GES__asset_liabilities__Unnamed: 0"", ""edge_GES__totaldebt_invcap__Unnamed: 0"", ""edge_GES__roe__Unnamed: 0"", ""edge_GES__cash_debt__Unnamed: 0"", ""edge_GES__Unnamed: 0__capitalization_ratio"", ""edge_GES__roa__Unnamed: 0"", ""edge_GES__Unnamed: 0__rect_turn"", ""edge_GES__asset_liabilities__rect_turn"", ""edge_GES__debt_ratio__asset_liabilities"", ""edge_GES__roa__asset_turnover"", ""edge_GES__debt_ratio__leverage_ratio"", ""edge_GES__asset_turnover__rect_turn"", ""edge_GES__debt_ratio__rect_turn"", ""edge_GES__asset_liabilities__leverage_ratio"", ""edge_GES__roa__rect_turn"", ""edge_GES__debt_ratio__roa"", ""edge_GES__debt_ratio2__totaldebt_invcap"", ""edge_GES__debt_ratio2__longtermdebt_invcap"", ""edge_GES__longtermdebt_invcap__capitalization_ratio"", ""edge_GES__debt_ebitda__debt_ratio2"", ""edge_GES__debt_ratio2__capitalization_ratio"", ""edge_GES__debt_ratio2__roa"", ""edge_GES__leverage_ratio__rect_turn"", ""edge_GES__totaldebt_invcap__asset_turnover"", ""edge_GES__roe__leverage_ratio"", ""edge_GES__totaldebt_invcap__leverage_ratio"", ""edge_GES__asset_liabilities__asset_turnover"", ""edge_GES__roa__totaldebt_invcap"", ""edge_GES__totaldebt_invcap__capitalization_ratio"", ""edge_GES__cash_debt__debt_ratio"", ""edge_GES__longtermdebt_invcap__totaldebt_invcap"", ""edge_GES__cash_debt__debt_ratio2"", ""edge_GES__roe__asset_turnover"", ""edge_GES__debt_ebitda__roa"", ""edge_GES__roe__totaldebt_invcap"", ""edge_GES__asset_turnover__leverage_ratio"", ""edge_GES__debt_ratio__capitalization_ratio"", ""edge_GES__cash_debt__asset_liabilities"", ""edge_GES__leverage_ratio__capitalization_ratio""]"
6a8f4ec178e091df,F,GES,42,,,42,"[""edge_GES__debt_ratio__Unnamed: 0"", ""edge_GES__asset_turnover__Unnamed: 0"", ""edge_GES__asset_liabilities__Unnamed: 0"", ""edge_GES__totaldebt_invcap__Unnamed: 0"", ""edge_GES__roe__Unnamed: 0"", ""edge_GES__cash_debt__Unnamed: 0"", ""edge_GES__Unnamed: 0__capitalization_ratio"", ""edge_GES__roa__Unnamed: 0"", ""edge_GES__Unnamed: 0__rect_turn"", ""edge_GES__asset_liabilities__rect_turn"", ""edge_GES__debt_ratio__asset_liabilities"", ""edge_GES__roa__asset_turnover"", ""edge_GES__debt_ratio__leverage_ratio"", ""edge_GES__asset_turnover__rect_turn"", ""edge_GES__debt_ratio__rect_turn"", ""edge_GES__asset_liabilities__leverage_ratio"", ""edge_GES__roa__rect_turn"", ""edge_GES__debt_ratio__roa"", ""edge_GES__debt_ratio2__totaldebt_invcap"", ""edge_GES__debt_ratio2__longtermdebt_invcap"", ""edge_GES__longtermdebt_invcap__capitalization_ratio"", ""edge_GES__debt_ebitda__debt_ratio2"", ""edge_GES__debt_ratio2__capitalization_ratio"", ""edge_GES__debt_ratio2__roa"", ""edge_GES__leverage_ratio__rect_turn"", ""edge_GES__totaldebt_invcap__asset_turnover"", ""edge_GES__roe__leverage_ratio"", ""edge_GES__totaldebt_invcap__leverage_ratio"", ""edge_GES__asset_liabilities__asset_turnover"", ""edge_GES__roa__totaldebt_invcap"", ""edge_GES__totaldebt_invcap__capitalization_ratio"", ""edge_GES__cash_debt__debt_ratio"", ""edge_GES__longtermdebt_invcap__totaldebt_invcap"", ""edge_GES__cash_debt__debt_ratio2"", ""edge_GES__roe__asset_turnover"", ""edge_GES__debt_ebitda__roa"", ""edge_GES__roe__totaldebt_invcap"", ""edge_GES__asset_turnover__leverage_ratio"", ""edge_GES__debt_ratio__capitalization_ratio"", ""edge_GES__cash_debt__asset_liabilities"", ""edge_GES__leverage_ratio__capitalization_ratio"", ""edge_GES__roe__rect_turn""]"
45f667b77d5d7166,OF,GES,42,,,55,"[""leverage_ratio"", ""asset_liabilities"", ""roe"", ""asset_turnover"", ""debt_ratio"", ""debt_ratio2"", ""roa"", ""capitalization_ratio"", ""longtermdebt_invcap"", ""totaldebt_invcap"", ""cash_debt"", ""debt_ebitda"", ""rect_turn"", ""edge_GES__debt_ratio__Unnamed: 0"", ""edge_GES__asset_turnover__Unnamed: 0"", ""edge_GES__asset_liabilities__Unnamed: 0"", ""edge_GES__totaldebt_invcap__Unnamed: 0"", ""edge_GES__roe__Unnamed: 0"", ""edge_GES__cash_debt__Unnamed: 0"", ""edge_GES__Unnamed: 0__capitalization_ratio"", ""edge_GES__roa__Unnamed: 0"", ""edge_GES__Unnamed: 0__rect_turn"", ""edge_GES__asset_liabilities__rect_turn"", ""edge_GES__debt_ratio__asset_liabilities"", ""edge_GES__roa__asset_turnover"", ""edge_GES__debt_ratio__leverage_ratio"", ""edge_GES__asset_turnover__rect_turn"", ""edge_GES__debt_ratio__rect_turn"", ""edge_GES__asset_liabilities__leverage_ratio"", ""edge_GES__roa__rect_turn"", ""edge_GES__debt_ratio__roa"", ""edge_GES__debt_ratio2__totaldebt_invcap"", ""edge_GES__debt_ratio2__longtermdebt_invcap"", ""edge_GES__longtermdebt_invcap__capitalization_ratio"", ""edge_GES__debt_ebitda__debt_ratio2"", ""edge_GES__debt_ratio2__capitalization_ratio"", ""edge_GES__debt_ratio2__roa"", ""edge_GES__leverage_ratio__rect_turn"", ""edge_GES__totaldebt_invcap__asset_turnover"", ""edge_GES__roe__leverage_ratio"", ""edge_GES__totaldebt_invcap__leverage_ratio"", ""edge_GES__asset_liabilities__asset_turnover"", ""edge_GES__roa__totaldebt_invcap"", ""edge_GES__totaldebt_invcap__capitalization_ratio"", ""edge_GES__cash_debt__debt_ratio"", ""edge_GES__longtermdebt_invcap__totaldebt_invcap"", ""edge_GES__cash_debt__debt_ratio2"", ""edge_GES__roe__asset_turnover"", ""edge_GES__debt_ebitda__roa"", ""edge_GES__roe__totaldebt_invcap"", ""edge_GES__asset_turnover__leverage_ratio"", ""edge_GES__debt_ratio__capitalization_ratio"", ""edge_GES__cash_debt__asset_liabilities"", ""edge_GES__leverage_ratio__capitalization_ratio"", ""edge_GES__roe__rect_turn""]"
1dc558a7e7b43671,F,GES,43,,,43,"[""edge_GES__debt_ratio__Unnamed: 0"", ""edge_GES__asset_turnover__Unnamed: 0"", ""edge_GES__asset_liabilities__Unnamed: 0"", ""edge_GES__totaldebt_invcap__Unnamed: 0"", ""edge_GES__roe__Unnamed: 0"", ""edge_GES__cash_debt__Unnamed: 0"", ""edge_GES__Unnamed: 0__capitalization_ratio"", ""edge_GES__roa__Unnamed: 0"", ""edge_GES__Unnamed: 0__rect_turn"", ""edge_GES__asset_liabilities__rect_turn"", ""edge_GES__debt_ratio__asset_liabilities"", ""edge_GES__roa__asset_turnover"", ""edge_GES__debt_ratio__leverage_ratio"", ""edge_GES__asset_turnover__rect_turn"", ""edge_GES__debt_ratio__rect_turn"", ""edge_GES__asset_liabilities__leverage_ratio"", ""edge_GES__roa__rect_turn"", ""edge_GES__debt_ratio__roa"", ""edge_GES__debt_ratio2__totaldebt_invcap"", ""edge_GES__debt_ratio2__longtermdebt_invcap"", ""edge_GES__longtermdebt_invcap__capitalization_ratio"", ""edge_GES__debt_ebitda__debt_ratio2"", ""edge_GES__debt_ratio2__capitalization_ratio"", ""edge_GES__debt_ratio2__roa"", ""edge_GES__leverage_ratio__rect_turn"", ""edge_GES__totaldebt_invcap__asset_turnover"", ""edge_GES__roe__leverage_ratio"", ""edge_GES__totaldebt_invcap__leverage_ratio"", ""edge_GES__asset_liabilities__asset_turnover"", ""edge_GES__roa__totaldebt_invcap"", ""edge_GES__totaldebt_invcap__capitalization_ratio"", ""edge_GES__cash_debt__debt_ratio"", ""edge_GES__longtermdebt_invcap__totaldebt_invcap"", ""edge_GES__cash_debt__debt_ratio2"", ""edge_GES__roe__asset_turnover"", ""edge_GES__debt_ebitda__roa"", ""edge_GES__roe__totaldebt_invcap"", ""edge_GES__asset_turnover__leverage_ratio"", ""edge_GES__debt_ratio__capitalization_ratio"", ""edge_GES__cash_debt__asset_liabilities"", ""edge_GES__leverage_ratio__capitalization_ratio"", ""edge_GES__roe__rect_turn"", ""edge_GES__cash_debt__totaldebt_invcap""]"
7efa9fb8014a90b9,OF,GES,43,,,56,"[""leverage_ratio"", ""asset_liabilities"", ""roe"", ""asset_turnover"", ""debt_ratio"", ""debt_ratio2"", ""roa"", ""capitalization_ratio"", ""longtermdebt_invcap"", ""totaldebt_invcap"", ""cash_debt"", ""debt_ebitda"", ""rect_turn"", ""edge_GES__debt_ratio__Unnamed: 0"", ""edge_GES__asset_turnover__Unnamed: 0"", ""edge_GES__asset_liabilities__Unnamed: 0"", ""edge_GES__totaldebt_invcap__Unnamed: 0"", ""edge_GES__roe__Unnamed: 0"", ""edge_GES__cash_debt__Unnamed: 0"", ""edge_GES__Unnamed: 0__capitalization_ratio"", ""edge_GES__roa__Unnamed: 0"", ""edge_GES__Unnamed: 0__rect_turn"", ""edge_GES__asset_liabilities__rect_turn"", ""edge_GES__debt_ratio__asset_liabilities"", ""edge_GES__roa__asset_turnover"", ""edge_GES__debt_ratio__leverage_ratio"", ""edge_GES__asset_turnover__rect_turn"", ""edge_GES__debt_ratio__rect_turn"", ""edge_GES__asset_liabilities__leverage_ratio"", ""edge_GES__roa__rect_turn"", ""edge_GES__debt_ratio__roa"", ""edge_GES__debt_ratio2__totaldebt_invcap"", ""edge_GES__debt_ratio2__longtermdebt_invcap"", ""edge_GES__longtermdebt_invcap__capitalization_ratio"", ""edge_GES__debt_ebitda__debt_ratio2"", ""edge_GES__debt_ratio2__capitalization_ratio"", ""edge_GES__debt_ratio2__roa"", ""edge_GES__leverage_ratio__rect_turn"", ""edge_GES__totaldebt_invcap__asset_turnover"", ""edge_GES__roe__leverage_ratio"", ""edge_GES__totaldebt_invcap__leverage_ratio"", ""edge_GES__asset_liabilities__asset_turnover"", ""edge_GES__roa__totaldebt_invcap"", ""edge_GES__totaldebt_invcap__capitalization_ratio"", ""edge_GES__cash_debt__debt_ratio"", ""edge_GES__longtermdebt_invcap__totaldebt_invcap"", ""edge_GES__cash_debt__debt_ratio2"", ""edge_GES__roe__asset_turnover"", ""edge_GES__debt_ebitda__roa"", ""edge_GES__roe__totaldebt_invcap"", ""edge_GES__asset_turnover__leverage_ratio"", ""edge_GES__debt_ratio__capitalization_ratio"", ""edge_GES__cash_debt__asset_liabilities"", ""edge_GES__leverage_ratio__capitalization_ratio"", ""edge_GES__roe__rect_turn"", ""edge_GES__cash_debt__totaldebt_invcap""]"
dce68a7f38f04fe9,F,GES,44,,,44,"[""edge_GES__debt_ratio__Unnamed: 0"", ""edge_GES__asset_turnover__Unnamed: 0"", ""edge_GES__asset_liabilities__Unnamed: 0"", ""edge_GES__totaldebt_invcap__Unnamed: 0"", ""edge_GES__roe__Unnamed: 0"", ""edge_GES__cash_debt__Unnamed: 0"", ""edge_GES__Unnamed: 0__capitalization_ratio"", ""edge_GES__roa__Unnamed: 0"", ""edge_GES__Unnamed: 0__rect_turn"", ""edge_GES__asset_liabilities__rect_turn"", ""edge_GES__debt_ratio__asset_liabilities"", ""edge_GES__roa__asset_turnover"", ""edge_GES__debt_ratio__leverage_ratio"", ""edge_GES__asset_turnover__rect_turn"", ""edge_GES__debt_ratio__rect_turn"", ""edge_GES__asset_liabilities__leverage_ratio"", ""edge_GES__roa__rect_turn"", ""edge_GES__debt_ratio__roa"", ""edge_GES__debt_ratio2__totaldebt_invcap"", ""edge_GES__debt_ratio2__longtermdebt_invcap"", ""edge_GES__longtermdebt_invcap__capitalization_ratio"", ""edge_GES__debt_ebitda__debt_ratio2"", ""edge_GES__debt_ratio2__capitalization_ratio"", ""edge_GES__debt_ratio2__roa"", ""edge_GES__leverage_ratio__rect_turn"", ""edge_GES__totaldebt_invcap__asset_turnover"", ""edge_GES__roe__leverage_ratio"", ""edge_GES__totaldebt_invcap__leverage_ratio"", ""edge_GES__asset_liabilities__asset_turnover"", ""edge_GES__roa__totaldebt_invcap"", ""edge_GES__totaldebt_invcap__capitalization_ratio"", ""edge_GES__cash_debt__debt_ratio"", ""edge_GES__longtermdebt_invcap__totaldebt_invcap"", ""edge_GES__cash_debt__debt_ratio2"", ""edge_GES__roe__asset_turnover"", ""edge_GES__debt_ebitda__roa"", ""edge_GES__roe__totaldebt_invcap"", ""edge_GES__asset_turnover__leverage_ratio"", ""edge_GES__debt_ratio__capitalization_ratio"", ""edge_GES__cash_debt__asset_liabilities"", ""edge_GES__leverage_ratio__capitalization_ratio"", ""edge_GES__roe__rect_turn"", ""edge_GES__cash_debt__totaldebt_invcap"", ""edge_GES__roa__leverage_ratio""]"
d8fd6d5d068266bd,OF,GES,44,,,57,"[""leverage_ratio"", ""asset_liabilities"", ""roe"", ""asset_turnover"", ""debt_ratio"", ""debt_ratio2"", ""roa"", ""capitalization_ratio"", ""longtermdebt_invcap"", ""totaldebt_invcap"", ""cash_debt"", ""debt_ebitda"", ""rect_turn"", ""edge_GES__debt_ratio__Unnamed: 0"", ""edge_GES__asset_turnover__Unnamed: 0"", ""edge_GES__asset_liabilities__Unnamed: 0"", ""edge_GES__totaldebt_invcap__Unnamed: 0"", ""edge_GES__roe__Unnamed: 0"", ""edge_GES__cash_debt__Unnamed: 0"", ""edge_GES__Unnamed: 0__capitalization_ratio"", ""edge_GES__roa__Unnamed: 0"", ""edge_GES__Unnamed: 0__rect_turn"", ""edge_GES__asset_liabilities__rect_turn"", ""edge_GES__debt_ratio__asset_liabilities"", ""edge_GES__roa__asset_turnover"", ""edge_GES__debt_ratio__leverage_ratio"", ""edge_GES__asset_turnover__rect_turn"", ""edge_GES__debt_ratio__rect_turn"", ""edge_GES__asset_liabilities__leverage_ratio"", ""edge_GES__roa__rect_turn"", ""edge_GES__debt_ratio__roa"", ""edge_GES__debt_ratio2__totaldebt_invcap"", ""edge_GES__debt_ratio2__longtermdebt_invcap"", ""edge_GES__longtermdebt_invcap__capitalization_ratio"", ""edge_GES__debt_ebitda__debt_ratio2"", ""edge_GES__debt_ratio2__capitalization_ratio"", ""edge_GES__debt_ratio2__roa"", ""edge_GES__leverage_ratio__rect_turn"", ""edge_GES__totaldebt_invcap__asset_turnover"", ""edge_GES__roe__leverage_ratio"", ""edge_GES__totaldebt_invcap__leverage_ratio"", ""edge_GES__asset_liabilities__asset_turnover"", ""edge_GES__roa__totaldebt_invcap"", ""edge_GES__totaldebt_invcap__capitalization_ratio"", ""edge_GES__cash_debt__debt_ratio"", ""edge_GES__longtermdebt_invcap__totaldebt_invcap"", ""edge_GES__cash_debt__debt_ratio2"", ""edge_GES__roe__asset_turnover"", ""edge_GES__debt_ebitda__roa"", ""edge_GES__roe__totaldebt_invcap"", ""edge_GES__asset_turnover__leverage_ratio"", ""edge_GES__debt_ratio__capitalization_ratio"", ""edge_GES__cash_debt__asset_liabilities"", ""edge_GES__leverage_ratio__capitalization_ratio"", ""edge_GES__roe__rect_turn"", ""edge_GES__cash_debt__totaldebt_invcap"", ""edge_GES__roa__leverage_ratio""]"
88d263b2daea1860,F,GES,45,,,45,"[""edge_GES__debt_ratio__Unnamed: 0"", ""edge_GES__asset_turnover__Unnamed: 0"", ""edge_GES__asset_liabilities__Unnamed: 0"", ""edge_GES__totaldebt_invcap__Unnamed: 0"", ""edge_GES__roe__Unnamed: 0"", ""edge_GES__cash_debt__Unnamed: 0"", ""edge_GES__Unnamed: 0__capitalization_ratio"", ""edge_GES__roa__Unnamed: 0"", ""edge_GES__Unnamed: 0__rect_turn"", ""edge_GES__asset_liabilities__rect_turn"", ""edge_GES__debt_ratio__asset_liabilities"", ""edge_GES__roa__asset_turnover"", ""edge_GES__debt_ratio__leverage_ratio"", ""edge_GES__asset_turnover__rect_turn"", ""edge_GES__debt_ratio__rect_turn"", ""edge_GES__asset_liabilities__leverage_ratio"", ""edge_GES__roa__rect_turn"", ""edge_GES__debt_ratio__roa"", ""edge_GES__debt_ratio2__totaldebt_invcap"", ""edge_GES__debt_ratio2__longtermdebt_invcap"", ""edge_GES__longtermdebt_invcap__capitalization_ratio"", ""edge_GES__debt_ebitda__debt_ratio2"", ""edge_GES__debt_ratio2__capitalization_ratio"", ""edge_GES__debt_ratio2__roa"", ""edge_GES__leverage_ratio__rect_turn"", ""edge_GES__totaldebt_invcap__asset_turnover"", ""edge_GES__roe__leverage_ratio"", ""edge_GES__totaldebt_invcap__leverage_ratio"", ""edge_GES__asset_liabilities__asset_turnover"", ""edge_GES__roa__totaldebt_invcap"", ""edge_GES__totaldebt_invcap__capitalization_ratio"", ""edge_GES__cash_debt__debt_ratio"", ""edge_GES__longtermdebt_invcap__totaldebt_invcap"", ""edge_GES__cash_debt__debt_ratio2"", ""edge_GES__roe__asset_turnover"", ""edge_GES__debt_ebitda__roa"", ""edge_GES__roe__totaldebt_invcap"", ""edge_GES__asset_turnover__leverage_ratio"", ""edge_GES__debt_ratio__capitalization_ratio"", ""edge_GES__cash_debt__asset_liabilities"", ""edge_GES__leverage_ratio__capitalization_ratio"", ""edge_GES__roe__rect_turn"", ""edge_GES__cash_debt__totaldebt_invcap"", ""edge_GES__roa__leverage_ratio"", ""edge_GES__cash_debt__rect_turn""]"
925e36b95de8c243,OF,GES,45,,,58,"[""leverage_ratio"", ""asset_liabilities"", ""roe"", ""asset_turnover"", ""debt_ratio"", ""debt_ratio2"", ""roa"", ""capitalization_ratio"", ""longtermdebt_invcap"", ""totaldebt_invcap"", ""cash_debt"", ""debt_ebitda"", ""rect_turn"", ""edge_GES__debt_ratio__Unnamed: 0"", ""edge_GES__asset_turnover__Unnamed: 0"", ""edge_GES__asset_liabilities__Unnamed: 0"", ""edge_GES__totaldebt_invcap__Unnamed: 0"", ""edge_GES__roe__Unnamed: 0"", ""edge_GES__cash_debt__Unnamed: 0"", ""edge_GES__Unnamed: 0__capitalization_ratio"", ""edge_GES__roa__Unnamed: 0"", ""edge_GES__Unnamed: 0__rect_turn"", ""edge_GES__asset_liabilities__rect_turn"", ""edge_GES__debt_ratio__asset_liabilities"", ""edge_GES__roa__asset_turnover"", ""edge_GES__debt_ratio__leverage_ratio"", ""edge_GES__asset_turnover__rect_turn"", ""edge_GES__debt_ratio__rect_turn"", ""edge_GES__asset_liabilities__leverage_ratio"", ""edge_GES__roa__rect_turn"", ""edge_GES__debt_ratio__roa"", ""edge_GES__debt_ratio2__totaldebt_invcap"", ""edge_GES__debt_ratio2__longtermdebt_invcap"", ""edge_GES__longtermdebt_invcap__capitalization_ratio"", ""edge_GES__debt_ebitda__debt_ratio2"", ""edge_GES__debt_ratio2__capitalization_ratio"", ""edge_GES__debt_ratio2__roa"", ""edge_GES__leverage_ratio__rect_turn"", ""edge_GES__totaldebt_invcap__asset_turnover"", ""edge_GES__roe__leverage_ratio"", ""edge_GES__totaldebt_invcap__leverage_ratio"", ""edge_GES__asset_liabilities__asset_turnover"", ""edge_GES__roa__totaldebt_invcap"", ""edge_GES__totaldebt_invcap__capitalization_ratio"", ""edge_GES__cash_debt__debt_ratio"", ""edge_GES__longtermdebt_invcap__totaldebt_invcap"", ""edge_GES__cash_debt__debt_ratio2"", ""edge_GES__roe__asset_turnover"", ""edge_GES__debt_ebitda__roa"", ""edge_GES__roe__totaldebt_invcap"", ""edge_GES__asset_turnover__leverage_ratio"", ""edge_GES__debt_ratio__capitalization_ratio"", ""edge_GES__cash_debt__asset_liabilities"", ""edge_GES__leverage_ratio__capitalization_ratio"", ""edge_GES__roe__rect_turn"", ""edge_GES__cash_debt__totaldebt_invcap"", ""edge_GES__roa__leverage_ratio"", ""edge_GES__cash_debt__rect_turn""]"
e4dabdb9afd5edc0,F,GES,46,,,46,"[""edge_GES__debt_ratio__Unnamed: 0"", ""edge_GES__asset_turnover__Unnamed: 0"", ""edge_GES__asset_liabilities__Unnamed: 0"", ""edge_GES__totaldebt_invcap__Unnamed: 0"", ""edge_GES__roe__Unnamed: 0"", ""edge_GES__cash_debt__Unnamed: 0"", ""edge_GES__Unnamed: 0__capitalization_ratio"", ""edge_GES__roa__Unnamed: 0"", ""edge_GES__Unnamed: 0__rect_turn"", ""edge_GES__asset_liabilities__rect_turn"", ""edge_GES__debt_ratio__asset_liabilities"", ""edge_GES__roa__asset_turnover"", ""edge_GES__debt_ratio__leverage_ratio"", ""edge_GES__asset_turnover__rect_turn"", ""edge_GES__debt_ratio__rect_turn"", ""edge_GES__asset_liabilities__leverage_ratio"", ""edge_GES__roa__rect_turn"", ""edge_GES__debt_ratio__roa"", ""edge_GES__debt_ratio2__totaldebt_invcap"", ""edge_GES__debt_ratio2__longtermdebt_invcap"", ""edge_GES__longtermdebt_invcap__capitalization_ratio"", ""edge_GES__debt_ebitda__debt_ratio2"", ""edge_GES__debt_ratio2__capitalization_ratio"", ""edge_GES__debt_ratio2__roa"", ""edge_GES__leverage_ratio__rect_turn"", ""edge_GES__totaldebt_invcap__asset_turnover"", ""edge_GES__roe__leverage_ratio"", ""edge_GES__totaldebt_invcap__leverage_ratio"", ""edge_GES__asset_liabilities__asset_turnover"", ""edge_GES__roa__totaldebt_invcap"", ""edge_GES__totaldebt_invcap__capitalization_ratio"", ""edge_GES__cash_debt__debt_ratio"", ""edge_GES__longtermdebt_invcap__totaldebt_invcap"", ""edge_GES__cash_debt__debt_ratio2"", ""edge_GES__roe__asset_turnover"", ""edge_GES__debt_ebitda__roa"", ""edge_GES__roe__totaldebt_invcap"", ""edge_GES__asset_turnover__leverage_ratio"", ""edge_GES__debt_ratio__capitalization_ratio"", ""edge_GES__cash_debt__asset_liabilities"", ""edge_GES__leverage_ratio__capitalization_ratio"", ""edge_GES__roe__rect_turn"", ""edge_GES__cash_debt__totaldebt_invcap"", ""edge_GES__roa__leverage_ratio"", ""edge_GES__cash_debt__rect_turn"", ""edge_GES__debt_ratio2__asset_liabilities""]"
a53855b45073d714,OF,GES,46,,,59,"[""leverage_ratio"", ""asset_liabilities"", ""roe"", ""asset_turnover"", ""debt_ratio"", ""debt_ratio2"", ""roa"", ""capitalization_ratio"", ""longtermdebt_invcap"", ""totaldebt_invcap"", ""cash_debt"", ""debt_ebitda"", ""rect_turn"", ""edge_GES__debt_ratio__Unnamed: 0"", ""edge_GES__asset_turnover__Unnamed: 0"", ""edge_GES__asset_liabilities__Unnamed: 0"", ""edge_GES__totaldebt_invcap__Unnamed: 0"", ""edge_GES__roe__Unnamed: 0"", ""edge_GES__cash_debt__Unnamed: 0"", ""edge_GES__Unnamed: 0__capitalization_ratio"", ""edge_GES__roa__Unnamed: 0"", ""edge_GES__Unnamed: 0__rect_turn"", ""edge_GES__asset_liabilities__rect_turn"", ""edge_GES__debt_ratio__asset_liabilities"", ""edge_GES__roa__asset_turnover"", ""edge_GES__debt_ratio__leverage_ratio"", ""edge_GES__asset_turnover__rect_turn"", ""edge_GES__debt_ratio__rect_turn"", ""edge_GES__asset_liabilities__leverage_ratio"", ""edge_GES__roa__rect_turn"", ""edge_GES__debt_ratio__roa"", ""edge_GES__debt_ratio2__totaldebt_invcap"", ""edge_GES__debt_ratio2__longtermdebt_invcap"", ""edge_GES__longtermdebt_invcap__capitalization_ratio"", ""edge_GES__debt_ebitda__debt_ratio2"", ""edge_GES__debt_ratio2__capitalization_ratio"", ""edge_GES__debt_ratio2__roa"", ""edge_GES__leverage_ratio__rect_turn"", ""edge_GES__totaldebt_invcap__asset_turnover"", ""edge_GES__roe__leverage_ratio"", ""edge_GES__totaldebt_invcap__leverage_ratio"", ""edge_GES__asset_liabilities__asset_turnover"", ""edge_GES__roa__totaldebt_invcap"", ""edge_GES__totaldebt_invcap__capitalization_ratio"", ""edge_GES__cash_debt__debt_ratio"", ""edge_GES__longtermdebt_invcap__totaldebt_invcap"", ""edge_GES__cash_debt__debt_ratio2"", ""edge_GES__roe__asset_turnover"", ""edge_GES__debt_ebitda__roa"", ""edge_GES__roe__totaldebt_invcap"", ""edge_GES__asset_turnover__leverage_ratio"", ""edge_GES__debt_ratio__capitalization_ratio"", ""edge_GES__cash_debt__asset_liabilities"", ""edge_GES__leverage_ratio__capitalization_ratio"", ""edge_GES__roe__rect_turn"", ""edge_GES__cash_debt__totaldebt_invcap"", ""edge_GES__roa__leverage_ratio"", ""edge_GES__cash_debt__rect_turn"", ""edge_GES__debt_ratio2__asset_liabilities""]"
8798536f9ca8f7a6,F,GES,47,,,47,"[""edge_GES__debt_ratio__Unnamed: 0"", ""edge_GES__asset_turnover__Unnamed: 0"", ""edge_GES__asset_liabilities__Unnamed: 0"", ""edge_GES__totaldebt_invcap__Unnamed: 0"", ""edge_GES__roe__Unnamed: 0"", ""edge_GES__cash_debt__Unnamed: 0"", ""edge_GES__Unnamed: 0__capitalization_ratio"", ""edge_GES__roa__Unnamed: 0"", ""edge_GES__Unnamed: 0__rect_turn"", ""edge_GES__asset_liabilities__rect_turn"", ""edge_GES__debt_ratio__asset_liabilities"", ""edge_GES__roa__asset_turnover"", ""edge_GES__debt_ratio__leverage_ratio"", ""edge_GES__asset_turnover__rect_turn"", ""edge_GES__debt_ratio__rect_turn"", ""edge_GES__asset_liabilities__leverage_ratio"", ""edge_GES__roa__rect_turn"", ""edge_GES__debt_ratio__roa"", ""edge_GES__debt_ratio2__totaldebt_invcap"", ""edge_GES__debt_ratio2__longtermdebt_invcap"", ""edge_GES__longtermdebt_invcap__capitalization_ratio"", ""edge_GES__debt_ebitda__debt_ratio2"", ""edge_GES__debt_ratio2__capitalization_ratio"", ""edge_GES__debt_ratio2__roa"", ""edge_GES__leverage_ratio__rect_turn"", ""edge_GES__totaldebt_invcap__asset_turnover"", ""edge_GES__roe__leverage_ratio"", ""edge_GES__totaldebt_invcap__leverage_ratio"", ""edge_GES__asset_liabilities__asset_turnover"", ""edge_GES__roa__totaldebt_invcap"", ""edge_GES__totaldebt_invcap__capitalization_ratio"", ""edge_GES__cash_debt__debt_ratio"", ""edge_GES__longtermdebt_invcap__totaldebt_invcap"", ""edge_GES__cash_debt__debt_ratio2"", ""edge_GES__roe__asset_turnover"", ""edge_GES__debt_ebitda__roa"", ""edge_GES__roe__totaldebt_invcap"", ""edge_GES__asset_turnover__leverage_ratio"", ""edge_GES__debt_ratio__capitalization_ratio"", ""edge_GES__cash_debt__asset_liabilities"", ""edge_GES__leverage_ratio__capitalization_ratio"", ""edge_GES__roe__rect_turn"", ""edge_GES__cash_debt__totaldebt_invcap"", ""edge_GES__roa__leverage_ratio"", ""edge_GES__cash_debt__rect_turn"", ""edge_GES__debt_ratio2__asset_liabilities"", ""edge_GES__asset_liabilities__capitalization_ratio""]"
66fb525f61b242ac,OF,GES,47,,,60,"[""leverage_ratio"", ""asset_liabilities"", ""roe"", ""asset_turnover"", ""debt_ratio"", ""debt_ratio2"", ""roa"", ""capitalization_ratio"", ""longtermdebt_invcap"", ""totaldebt_invcap"", ""cash_debt"", ""debt_ebitda"", ""rect_turn"", ""edge_GES__debt_ratio__Unnamed: 0"", ""edge_GES__asset_turnover__Unnamed: 0"", ""edge_GES__asset_liabilities__Unnamed: 0"", ""edge_GES__totaldebt_invcap__Unnamed: 0"", ""edge_GES__roe__Unnamed: 0"", ""edge_GES__cash_debt__Unnamed: 0"", ""edge_GES__Unnamed: 0__capitalization_ratio"", ""edge_GES__roa__Unnamed: 0"", ""edge_GES__Unnamed: 0__rect_turn"", ""edge_GES__asset_liabilities__rect_turn"", ""edge_GES__debt_ratio__asset_liabilities"", ""edge_GES__roa__asset_turnover"", ""edge_GES__debt_ratio__leverage_ratio"", ""edge_GES__asset_turnover__rect_turn"", ""edge_GES__debt_ratio__rect_turn"", ""edge_GES__asset_liabilities__leverage_ratio"", ""edge_GES__roa__rect_turn"", ""edge_GES__debt_ratio__roa"", ""edge_GES__debt_ratio2__totaldebt_invcap"", ""edge_GES__debt_ratio2__longtermdebt_invcap"", ""edge_GES__longtermdebt_invcap__capitalization_ratio"", ""edge_GES__debt_ebitda__debt_ratio2"", ""edge_GES__debt_ratio2__capitalization_ratio"", ""edge_GES__debt_ratio2__roa"", ""edge_GES__leverage_ratio__rect_turn"", ""edge_GES__totaldebt_invcap__asset_turnover"", ""edge_GES__roe__leverage_ratio"", ""edge_GES__totaldebt_invcap__leverage_ratio"", ""edge_GES__asset_liabilities__asset_turnover"", ""edge_GES__roa__totaldebt_invcap"", ""edge_GES__totaldebt_invcap__capitalization_ratio"", ""edge_GES__cash_debt__debt_ratio"", ""edge_GES__longtermdebt_invcap__totaldebt_invcap"", ""edge_GES__cash_debt__debt_ratio2"", ""edge_GES__roe__asset_turnover"", ""edge_GES__debt_ebitda__roa"", ""edge_GES__roe__totaldebt_invcap"", ""edge_GES__asset_turnover__leverage_ratio"", ""edge_GES__debt_ratio__capitalization_ratio"", ""edge_GES__cash_debt__asset_liabilities"", ""edge_GES__leverage_ratio__capitalization_ratio"", ""edge_GES__roe__rect_turn"", ""edge_GES__cash_debt__totaldebt_invcap"", ""edge_GES__roa__leverage_ratio"", ""edge_GES__cash_debt__rect_turn"", ""edge_GES__debt_ratio2__asset_liabilities"", ""edge_GES__asset_liabilities__capitalization_ratio""]"
c5d2b894b497b54f,F,GES,48,,,48,"[""edge_GES__debt_ratio__Unnamed: 0"", ""edge_GES__asset_turnover__Unnamed: 0"", ""edge_GES__asset_liabilities__Unnamed: 0"", ""edge_GES__totaldebt_invcap__Unnamed: 0"", ""edge_GES__roe__Unnamed: 0"", ""edge_GES__cash_debt__Unnamed: 0"", ""edge_GES__Unnamed: 0__capitalization_ratio"", ""edge_GES__roa__Unnamed: 0"", ""edge_GES__Unnamed: 0__rect_turn"", ""edge_GES__asset_liabilities__rect_turn"", ""edge_GES__debt_ratio__asset_liabilities"", ""edge_GES__roa__asset_turnover"", ""edge_GES__debt_ratio__leverage_ratio"", ""edge_GES__asset_turnover__rect_turn"", ""edge_GES__debt_ratio__rect_turn"", ""edge_GES__asset_liabilities__leverage_ratio"", ""edge_GES__roa__rect_turn"", ""edge_GES__debt_ratio__roa"", ""edge_GES__debt_ratio2__totaldebt_invcap"", ""edge_GES__debt_ratio2__longtermdebt_invcap"", ""edge_GES__longtermdebt_invcap__capitalization_ratio"", ""edge_GES__debt_ebitda__debt_ratio2"", ""edge_GES__debt_ratio2__capitalization_ratio"", ""edge_GES__debt_ratio2__roa"", ""edge_GES__leverage_ratio__rect_turn"", ""edge_GES__totaldebt_invcap__asset_turnover"", ""edge_GES__roe__leverage_ratio"", ""edge_GES__totaldebt_invcap__leverage_ratio"", ""edge_GES__asset_liabilities__asset_turnover"", ""edge_GES__roa__totaldebt_invcap"", ""edge_GES__totaldebt_invcap__capitalization_ratio"", ""edge_GES__cash_debt__debt_ratio"", ""edge_GES__longtermdebt_invcap__totaldebt_invcap"", ""edge_GES__cash_debt__debt_ratio2"", ""edge_GES__roe__asset_turnover"", ""edge_GES__debt_ebitda__roa"", ""edge_GES__roe__totaldebt_invcap"", ""edge_GES__asset_turnover__leverage_ratio"", ""edge_GES__debt_ratio__capitalization_ratio"", ""edge_GES__cash_debt__asset_liabilities"", ""edge_GES__leverage_ratio__capitalization_ratio"", ""edge_GES__roe__rect_turn"", ""edge_GES__cash_debt__totaldebt_invcap"", ""edge_GES__roa__leverage_ratio"", ""edge_GES__cash_debt__rect_turn"", ""edge_GES__debt_ratio2__asset_liabilities"", ""edge_GES__asset_liabilities__capitalization_ratio"", ""edge_GES__debt_ratio2__debt_ratio""]"
4052ac4dbbfc381b,OF,GES,48,,,61,"[""leverage_ratio"", ""asset_liabilities"", ""roe"", ""asset_turnover"", ""debt_ratio"", ""debt_ratio2"", ""roa"", ""capitalization_ratio"", ""longtermdebt_invcap"", ""totaldebt_invcap"", ""cash_debt"", ""debt_ebitda"", ""rect_turn"", ""edge_GES__debt_ratio__Unnamed: 0"", ""edge_GES__asset_turnover__Unnamed: 0"", ""edge_GES__asset_liabilities__Unnamed: 0"", ""edge_GES__totaldebt_invcap__Unnamed: 0"", ""edge_GES__roe__Unnamed: 0"", ""edge_GES__cash_debt__Unnamed: 0"", ""edge_GES__Unnamed: 0__capitalization_ratio"", ""edge_GES__roa__Unnamed: 0"", ""edge_GES__Unnamed: 0__rect_turn"", ""edge_GES__asset_liabilities__rect_turn"", ""edge_GES__debt_ratio__asset_liabilities"", ""edge_GES__roa__asset_turnover"", ""edge_GES__debt_ratio__leverage_ratio"", ""edge_GES__asset_turnover__rect_turn"", ""edge_GES__debt_ratio__rect_turn"", ""edge_GES__asset_liabilities__leverage_ratio"", ""edge_GES__roa__rect_turn"", ""edge_GES__debt_ratio__roa"", ""edge_GES__debt_ratio2__totaldebt_invcap"", ""edge_GES__debt_ratio2__longtermdebt_invcap"", ""edge_GES__longtermdebt_invcap__capitalization_ratio"", ""edge_GES__debt_ebitda__debt_ratio2"", ""edge_GES__debt_ratio2__capitalization_ratio"", ""edge_GES__debt_ratio2__roa"", ""edge_GES__leverage_ratio__rect_turn"", ""edge_GES__totaldebt_invcap__asset_turnover"", ""edge_GES__roe__leverage_ratio"", ""edge_GES__totaldebt_invcap__leverage_ratio"", ""edge_GES__asset_liabilities__asset_turnover"", ""edge_GES__roa__totaldebt_invcap"", ""edge_GES__totaldebt_invcap__capitalization_ratio"", ""edge_GES__cash_debt__debt_ratio"", ""edge_GES__longtermdebt_invcap__totaldebt_invcap"", ""edge_GES__cash_debt__debt_ratio2"", ""edge_GES__roe__asset_turnover"", ""edge_GES__debt_ebitda__roa"", ""edge_GES__roe__totaldebt_invcap"", ""edge_GES__asset_turnover__leverage_ratio"", ""edge_GES__debt_ratio__capitalization_ratio"", ""edge_GES__cash_debt__asset_liabilities"", ""edge_GES__leverage_ratio__capitalization_ratio"", ""edge_GES__roe__rect_turn"", ""edge_GES__cash_debt__totaldebt_invcap"", ""edge_GES__roa__leverage_ratio"", ""edge_GES__cash_debt__rect_turn"", ""edge_GES__debt_ratio2__asset_liabilities"", ""edge_GES__asset_liabilities__capitalization_ratio"", ""edge_GES__debt_ratio2__debt_ratio""]"
41ba696b478eb6ce,F,GES,49,,,49,"[""edge_GES__debt_ratio__Unnamed: 0"", ""edge_GES__asset_turnover__Unnamed: 0"", ""edge_GES__asset_liabilities__Unnamed: 0"", ""edge_GES__totaldebt_invcap__Unnamed: 0"", ""edge_GES__roe__Unnamed: 0"", ""edge_GES__cash_debt__Unnamed: 0"", ""edge_GES__Unnamed: 0__capitalization_ratio"", ""edge_GES__roa__Unnamed: 0"", ""edge_GES__Unnamed: 0__rect_turn"", ""edge_GES__asset_liabilities__rect_turn"", ""edge_GES__debt_ratio__asset_liabilities"", ""edge_GES__roa__asset_turnover"", ""edge_GES__debt_ratio__leverage_ratio"", ""edge_GES__asset_turnover__rect_turn"", ""edge_GES__debt_ratio__rect_turn"", ""edge_GES__asset_liabilities__leverage_ratio"", ""edge_GES__roa__rect_turn"", ""edge_GES__debt_ratio__roa"", ""edge_GES__debt_ratio2__totaldebt_invcap"", ""edge_GES__debt_ratio2__longtermdebt_invcap"", ""edge_GES__longtermdebt_invcap__capitalization_ratio"", ""edge_GES__debt_ebitda__debt_ratio2"", ""edge_GES__debt_ratio2__capitalization_ratio"", ""edge_GES__debt_ratio2__roa"", ""edge_GES__leverage_ratio__rect_turn"", ""edge_GES__totaldebt_invcap__asset_turnover"", ""edge_GES__roe__leverage_ratio"", ""edge_GES__totaldebt_invcap__leverage_ratio"", ""edge_GES__asset_liabilities__asset_turnover"", ""edge_GES__roa__totaldebt_invcap"", ""edge_GES__totaldebt_invcap__capitalization_ratio"", ""edge_GES__cash_debt__debt_ratio"", ""edge_GES__longtermdebt_invcap__totaldebt_invcap"", ""edge_GES__cash_debt__debt_ratio2"", ""edge_GES__roe__asset_turnover"", ""edge_GES__debt_ebitda__roa"", ""edge_GES__roe__totaldebt_invcap"", ""edge_GES__asset_turnover__leverage_ratio"", ""edge_GES__debt_ratio__capitalization_ratio"", ""edge_GES__cash_debt__asset_liabilities"", ""edge_GES__leverage_ratio__capitalization_ratio"", ""edge_GES__roe__rect_turn"", ""edge_GES__cash_debt__totaldebt_invcap"", ""edge_GES__roa__leverage_ratio"", ""edge_GES__cash_debt__rect_turn"", ""edge_GES__debt_ratio2__asset_liabilities"", ""edge_GES__asset_liabilities__capitalization_ratio"", ""edge_GES__debt_ratio2__debt_ratio"", ""edge_GES__longtermdebt_invcap__leverage_ratio""]"
88fac5a32dce767a,OF,GES,49,,,62,"[""leverage_ratio"", ""asset_liabilities"", ""roe"", ""asset_turnover"", ""debt_ratio"", ""debt_ratio2"", ""roa"", ""capitalization_ratio"", ""longtermdebt_invcap"", ""totaldebt_invcap"", ""cash_debt"", ""debt_ebitda"", ""rect_turn"", ""edge_GES__debt_ratio__Unnamed: 0"", ""edge_GES__asset_turnover__Unnamed: 0"", ""edge_GES__asset_liabilities__Unnamed: 0"", ""edge_GES__totaldebt_invcap__Unnamed: 0"", ""edge_GES__roe__Unnamed: 0"", ""edge_GES__cash_debt__Unnamed: 0"", ""edge_GES__Unnamed: 0__capitalization_ratio"", ""edge_GES__roa__Unnamed: 0"", ""edge_GES__Unnamed: 0__rect_turn"", ""edge_GES__asset_liabilities__rect_turn"", ""edge_GES__debt_ratio__asset_liabilities"", ""edge_GES__roa__asset_turnover"", ""edge_GES__debt_ratio__leverage_ratio"", ""edge_GES__asset_turnover__rect_turn"", ""edge_GES__debt_ratio__rect_turn"", ""edge_GES__asset_liabilities__leverage_ratio"", ""edge_GES__roa__rect_turn"", ""edge_GES__debt_ratio__roa"", ""edge_GES__debt_ratio2__totaldebt_invcap"", ""edge_GES__debt_ratio2__longtermdebt_invcap"", ""edge_GES__longtermdebt_invcap__capitalization_ratio"", ""edge_GES__debt_ebitda__debt_ratio2"", ""edge_GES__debt_ratio2__capitalization_ratio"", ""edge_GES__debt_ratio2__roa"", ""edge_GES__leverage_ratio__rect_turn"", ""edge_GES__totaldebt_invcap__asset_turnover"", ""edge_GES__roe__leverage_ratio"", ""edge_GES__totaldebt_invcap__leverage_ratio"", ""edge_GES__asset_liabilities__asset_turnover"", ""edge_GES__roa__totaldebt_invcap"", ""edge_GES__totaldebt_invcap__capitalization_ratio"", ""edge_GES__cash_debt__debt_ratio"", ""edge_GES__longtermdebt_invcap__totaldebt_invcap"", ""edge_GES__cash_debt__debt_ratio2"", ""edge_GES__roe__asset_turnover"", ""edge_GES__debt_ebitda__roa"", ""edge_GES__roe__totaldebt_invcap"", ""edge_GES__asset_turnover__leverage_ratio"", ""edge_GES__debt_ratio__capitalization_ratio"", ""edge_GES__cash_debt__asset_liabilities"", ""edge_GES__leverage_ratio__capitalization_ratio"", ""edge_GES__roe__rect_turn"", ""edge_GES__cash_debt__totaldebt_invcap"", ""edge_GES__roa__leverage_ratio"", ""edge_GES__cash_debt__rect_turn"", ""edge_GES__debt_ratio2__asset_liabilities"", ""edge_GES__asset_liabilities__capitalization_ratio"", ""edge_GES__debt_ratio2__debt_ratio"", ""edge_GES__longtermdebt_invcap__leverage_ratio""]"
4070bf22e13f5082,F,GES,50,,,50,"[""edge_GES__debt_ratio__Unnamed: 0"", ""edge_GES__asset_turnover__Unnamed: 0"", ""edge_GES__asset_liabilities__Unnamed: 0"", ""edge_GES__totaldebt_invcap__Unnamed: 0"", ""edge_GES__roe__Unnamed: 0"", ""edge_GES__cash_debt__Unnamed: 0"", ""edge_GES__Unnamed: 0__capitalization_ratio"", ""edge_GES__roa__Unnamed: 0"", ""edge_GES__Unnamed: 0__rect_turn"", ""edge_GES__asset_liabilities__rect_turn"", ""edge_GES__debt_ratio__asset_liabilities"", ""edge_GES__roa__asset_turnover"", ""edge_GES__debt_ratio__leverage_ratio"", ""edge_GES__asset_turnover__rect_turn"", ""edge_GES__debt_ratio__rect_turn"", ""edge_GES__asset_liabilities__leverage_ratio"", ""edge_GES__roa__rect_turn"", ""edge_GES__debt_ratio__roa"", ""edge_GES__debt_ratio2__totaldebt_invcap"", ""edge_GES__debt_ratio2__longtermdebt_invcap"", ""edge_GES__longtermdebt_invcap__capitalization_ratio"", ""edge_GES__debt_ebitda__debt_ratio2"", ""edge_GES__debt_ratio2__capitalization_ratio"", ""edge_GES__debt_ratio2__roa"", ""edge_GES__leverage_ratio__rect_turn"", ""edge_GES__totaldebt_invcap__asset_turnover"", ""edge_GES__roe__leverage_ratio"", ""edge_GES__totaldebt_invcap__leverage_ratio"", ""edge_GES__asset_liabilities__asset_turnover"", ""edge_GES__roa__totaldebt_invcap"", ""edge_GES__totaldebt_invcap__capitalization_ratio"", ""edge_GES__cash_debt__debt_ratio"", ""edge_GES__longtermdebt_invcap__totaldebt_invcap"", ""edge_GES__cash_debt__debt_ratio2"", ""edge_GES__roe__asset_turnover"", ""edge_GES__debt_ebitda__roa"", ""edge_GES__roe__totaldebt_invcap"", ""edge_GES__asset_turnover__leverage_ratio"", ""edge_GES__debt_ratio__capitalization_ratio"", ""edge_GES__cash_debt__asset_liabilities"", ""edge_GES__leverage_ratio__capitalization_ratio"", ""edge_GES__roe__rect_turn"", ""edge_GES__cash_debt__totaldebt_invcap"", ""edge_GES__roa__leverage_ratio"", ""edge_GES__cash_debt__rect_turn"", ""edge_GES__debt_ratio2__asset_liabilities"", ""edge_GES__asset_liabilities__capitalization_ratio"", ""edge_GES__debt_ratio2__debt_ratio"", ""edge_GES__longtermdebt_invcap__leverage_ratio"", ""edge_GES__debt_ratio2__leverage_ratio""]"
227d8ae25d103409,OF,GES,50,,,63,"[""leverage_ratio"", ""asset_liabilities"", ""roe"", ""asset_turnover"", ""debt_ratio"", ""debt_ratio2"", ""roa"", ""capitalization_ratio"", ""longtermdebt_invcap"", ""totaldebt_invcap"", ""cash_debt"", ""debt_ebitda"", ""rect_turn"", ""edge_GES__debt_ratio__Unnamed: 0"", ""edge_GES__asset_turnover__Unnamed: 0"", ""edge_GES__asset_liabilities__Unnamed: 0"", ""edge_GES__totaldebt_invcap__Unnamed: 0"", ""edge_GES__roe__Unnamed: 0"", ""edge_GES__cash_debt__Unnamed: 0"", ""edge_GES__Unnamed: 0__capitalization_ratio"", ""edge_GES__roa__Unnamed: 0"", ""edge_GES__Unnamed: 0__rect_turn"", ""edge_GES__asset_liabilities__rect_turn"", ""edge_GES__debt_ratio__asset_liabilities"", ""edge_GES__roa__asset_turnover"", ""edge_GES__debt_ratio__leverage_ratio"", ""edge_GES__asset_turnover__rect_turn"", ""edge_GES__debt_ratio__rect_turn"", ""edge_GES__asset_liabilities__leverage_ratio"", ""edge_GES__roa__rect_turn"", ""edge_GES__debt_ratio__roa"", ""edge_GES__debt_ratio2__totaldebt_invcap"", ""edge_GES__debt_ratio2__longtermdebt_invcap"", ""edge_GES__longtermdebt_invcap__capitalization_ratio"", ""edge_GES__debt_ebitda__debt_ratio2"", ""edge_GES__debt_ratio2__capitalization_ratio"", ""edge_GES__debt_ratio2__roa"", ""edge_GES__leverage_ratio__rect_turn"", ""edge_GES__totaldebt_invcap__asset_turnover"", ""edge_GES__roe__leverage_ratio"", ""edge_GES__totaldebt_invcap__leverage_ratio"", ""edge_GES__asset_liabilities__asset_turnover"", ""edge_GES__roa__totaldebt_invcap"", ""edge_GES__totaldebt_invcap__capitalization_ratio"", ""edge_GES__cash_debt__debt_ratio"", ""edge_GES__longtermdebt_invcap__totaldebt_invcap"", ""edge_GES__cash_debt__debt_ratio2"", ""edge_GES__roe__asset_turnover"", ""edge_GES__debt_ebitda__roa"", ""edge_GES__roe__totaldebt_invcap"", ""edge_GES__asset_turnover__leverage_ratio"", ""edge_GES__debt_ratio__capitalization_ratio"", ""edge_GES__cash_debt__asset_liabilities"", ""edge_GES__leverage_ratio__capitalization_ratio"", ""edge_GES__roe__rect_turn"", ""edge_GES__cash_debt__totaldebt_invcap"", ""edge_GES__roa__leverage_ratio"", ""edge_GES__cash_debt__rect_turn"", ""edge_GES__debt_ratio2__asset_liabilities"", ""edge_GES__asset_liabilities__capitalization_ratio"", ""edge_GES__debt_ratio2__debt_ratio"", ""edge_GES__longtermdebt_invcap__leverage_ratio"", ""edge_GES__debt_ratio2__leverage_ratio""]"
18801945960e3abc,F,GES,51,,,51,"[""edge_GES__debt_ratio__Unnamed: 0"", ""edge_GES__asset_turnover__Unnamed: 0"", ""edge_GES__asset_liabilities__Unnamed: 0"", ""edge_GES__totaldebt_invcap__Unnamed: 0"", ""edge_GES__roe__Unnamed: 0"", ""edge_GES__cash_debt__Unnamed: 0"", ""edge_GES__Unnamed: 0__capitalization_ratio"", ""edge_GES__roa__Unnamed: 0"", ""edge_GES__Unnamed: 0__rect_turn"", ""edge_GES__asset_liabilities__rect_turn"", ""edge_GES__debt_ratio__asset_liabilities"", ""edge_GES__roa__asset_turnover"", ""edge_GES__debt_ratio__leverage_ratio"", ""edge_GES__asset_turnover__rect_turn"", ""edge_GES__debt_ratio__rect_turn"", ""edge_GES__asset_liabilities__leverage_ratio"", ""edge_GES__roa__rect_turn"", ""edge_GES__debt_ratio__roa"", ""edge_GES__debt_ratio2__totaldebt_invcap"", ""edge_GES__debt_ratio2__longtermdebt_invcap"", ""edge_GES__longtermdebt_invcap__capitalization_ratio"", ""edge_GES__debt_ebitda__debt_ratio2"", ""edge_GES__debt_ratio2__capitalization_ratio"", ""edge_GES__debt_ratio2__roa"", ""edge_GES__leverage_ratio__rect_turn"", ""edge_GES__totaldebt_invcap__asset_turnover"", ""edge_GES__roe__leverage_ratio"", ""edge_GES__totaldebt_invcap__leverage_ratio"", ""edge_GES__asset_liabilities__asset_turnover"", ""edge_GES__roa__totaldebt_invcap"", ""edge_GES__totaldebt_invcap__capitalization_ratio"", ""edge_GES__cash_debt__debt_ratio"", ""edge_GES__longtermdebt_invcap__totaldebt_invcap"", ""edge_GES__cash_debt__debt_ratio2"", ""edge_GES__roe__asset_turnover"", ""edge_GES__debt_ebitda__roa"", ""edge_GES__roe__totaldebt_invcap"", ""edge_GES__asset_turnover__leverage_ratio"", ""edge_GES__debt_ratio__capitalization_ratio"", ""edge_GES__cash_debt__asset_liabilities"", ""edge_GES__leverage_ratio__capitalization_ratio"", ""edge_GES__roe__rect_turn"", ""edge_GES__cash_debt__totaldebt_invcap"", ""edge_GES__roa__leverage_ratio"", ""edge_GES__cash_debt__rect_turn"", ""edge_GES__debt_ratio2__asset_liabilities"", ""edge_GES__asset_liabilities__capitalization_ratio"", ""edge_GES__debt_ratio2__debt_ratio"", ""edge_GES__longtermdebt_invcap__leverage_ratio"", ""edge_GES__debt_ratio2__leverage_ratio"", ""edge_GES__asset_liabilities__roe""]"
366d21eaae5ccd5a,OF,GES,51,,,64,"[""leverage_ratio"", ""asset_liabilities"", ""roe"", ""asset_turnover"", ""debt_ratio"", ""debt_ratio2"", ""roa"", ""capitalization_ratio"", ""longtermdebt_invcap"", ""totaldebt_invcap"", ""cash_debt"", ""debt_ebitda"", ""rect_turn"", ""edge_GES__debt_ratio__Unnamed: 0"", ""edge_GES__asset_turnover__Unnamed: 0"", ""edge_GES__asset_liabilities__Unnamed: 0"", ""edge_GES__totaldebt_invcap__Unnamed: 0"", ""edge_GES__roe__Unnamed: 0"", ""edge_GES__cash_debt__Unnamed: 0"", ""edge_GES__Unnamed: 0__capitalization_ratio"", ""edge_GES__roa__Unnamed: 0"", ""edge_GES__Unnamed: 0__rect_turn"", ""edge_GES__asset_liabilities__rect_turn"", ""edge_GES__debt_ratio__asset_liabilities"", ""edge_GES__roa__asset_turnover"", ""edge_GES__debt_ratio__leverage_ratio"", ""edge_GES__asset_turnover__rect_turn"", ""edge_GES__debt_ratio__rect_turn"", ""edge_GES__asset_liabilities__leverage_ratio"", ""edge_GES__roa__rect_turn"", ""edge_GES__debt_ratio__roa"", ""edge_GES__debt_ratio2__totaldebt_invcap"", ""edge_GES__debt_ratio2__longtermdebt_invcap"", ""edge_GES__longtermdebt_invcap__capitalization_ratio"", ""edge_GES__debt_ebitda__debt_ratio2"", ""edge_GES__debt_ratio2__capitalization_ratio"", ""edge_GES__debt_ratio2__roa"", ""edge_GES__leverage_ratio__rect_turn"", ""edge_GES__totaldebt_invcap__asset_turnover"", ""edge_GES__roe__leverage_ratio"", ""edge_GES__totaldebt_invcap__leverage_ratio"", ""edge_GES__asset_liabilities__asset_turnover"", ""edge_GES__roa__totaldebt_invcap"", ""edge_GES__totaldebt_invcap__capitalization_ratio"", ""edge_GES__cash_debt__debt_ratio"", ""edge_GES__longtermdebt_invcap__totaldebt_invcap"", ""edge_GES__cash_debt__debt_ratio2"", ""edge_GES__roe__asset_turnover"", ""edge_GES__debt_ebitda__roa"", ""edge_GES__roe__totaldebt_invcap"", ""edge_GES__asset_turnover__leverage_ratio"", ""edge_GES__debt_ratio__capitalization_ratio"", ""edge_GES__cash_debt__asset_liabilities"", ""edge_GES__leverage_ratio__capitalization_ratio"", ""edge_GES__roe__rect_turn"", ""edge_GES__cash_debt__totaldebt_invcap"", ""edge_GES__roa__leverage_ratio"", ""edge_GES__cash_debt__rect_turn"", ""edge_GES__debt_ratio2__asset_liabilities"", ""edge_GES__asset_liabilities__capitalization_ratio"", ""edge_GES__debt_ratio2__debt_ratio"", ""edge_GES__longtermdebt_invcap__leverage_ratio"", ""edge_GES__debt_ratio2__leverage_ratio"", ""edge_GES__asset_liabilities__roe""]"
209260d8ea4adae2,F,GES,52,,,52,"[""edge_GES__debt_ratio__Unnamed: 0"", ""edge_GES__asset_turnover__Unnamed: 0"", ""edge_GES__asset_liabilities__Unnamed: 0"", ""edge_GES__totaldebt_invcap__Unnamed: 0"", ""edge_GES__roe__Unnamed: 0"", ""edge_GES__cash_debt__Unnamed: 0"", ""edge_GES__Unnamed: 0__capitalization_ratio"", ""edge_GES__roa__Unnamed: 0"", ""edge_GES__Unnamed: 0__rect_turn"", ""edge_GES__asset_liabilities__rect_turn"", ""edge_GES__debt_ratio__asset_liabilities"", ""edge_GES__roa__asset_turnover"", ""edge_GES__debt_ratio__leverage_ratio"", ""edge_GES__asset_turnover__rect_turn"", ""edge_GES__debt_ratio__rect_turn"", ""edge_GES__asset_liabilities__leverage_ratio"", ""edge_GES__roa__rect_turn"", ""edge_GES__debt_ratio__roa"", ""edge_GES__debt_ratio2__totaldebt_invcap"", ""edge_GES__debt_ratio2__longtermdebt_invcap"", ""edge_GES__longtermdebt_invcap__capitalization_ratio"", ""edge_GES__debt_ebitda__debt_ratio2"", ""edge_GES__debt_ratio2__capitalization_ratio"", ""edge_GES__debt_ratio2__roa"", ""edge_GES__leverage_ratio__rect_turn"", ""edge_GES__totaldebt_invcap__asset_turnover"", ""edge_GES__roe__leverage_ratio"", ""edge_GES__totaldebt_invcap__leverage_ratio"", ""edge_GES__asset_liabilities__asset_turnover"", ""edge_GES__roa__totaldebt_invcap"", ""edge_GES__totaldebt_invcap__capitalization_ratio"", ""edge_GES__cash_debt__debt_ratio"", ""edge_GES__longtermdebt_invcap__totaldebt_invcap"", ""edge_GES__cash_debt__debt_ratio2"", ""edge_GES__roe__asset_turnover"", ""edge_GES__debt_ebitda__roa"", ""edge_GES__roe__totaldebt_invcap"", ""edge_GES__asset_turnover__leverage_ratio"", ""edge_GES__debt_ratio__capitalization_ratio"", ""edge_GES__cash_debt__asset_liabilities"", ""edge_GES__leverage_ratio__capitalization_ratio"", ""edge_GES__roe__rect_turn"", ""edge_GES__cash_debt__totaldebt_invcap"", ""edge_GES__roa__leverage_ratio"", ""edge_GES__cash_debt__rect_turn"", ""edge_GES__debt_ratio2__asset_liabilities"", ""edge_GES__asset_liabilities__capitalization_ratio"", ""edge_GES__debt_ratio2__debt_ratio"", ""edge_GES__longtermdebt_invcap__leverage_ratio"", ""edge_GES__debt_ratio2__leverage_ratio"", ""edge_GES__asset_liabilities__roe"", ""edge_GES__debt_ratio__roe""]"
fbb1c050cd513cb6,OF,GES,52,,,65,"[""leverage_ratio"", ""asset_liabilities"", ""roe"", ""asset_turnover"", ""debt_ratio"", ""debt_ratio2"", ""roa"", ""capitalization_ratio"", ""longtermdebt_invcap"", ""totaldebt_invcap"", ""cash_debt"", ""debt_ebitda"", ""rect_turn"", ""edge_GES__debt_ratio__Unnamed: 0"", ""edge_GES__asset_turnover__Unnamed: 0"", ""edge_GES__asset_liabilities__Unnamed: 0"", ""edge_GES__totaldebt_invcap__Unnamed: 0"", ""edge_GES__roe__Unnamed: 0"", ""edge_GES__cash_debt__Unnamed: 0"", ""edge_GES__Unnamed: 0__capitalization_ratio"", ""edge_GES__roa__Unnamed: 0"", ""edge_GES__Unnamed: 0__rect_turn"", ""edge_GES__asset_liabilities__rect_turn"", ""edge_GES__debt_ratio__asset_liabilities"", ""edge_GES__roa__asset_turnover"", ""edge_GES__debt_ratio__leverage_ratio"", ""edge_GES__asset_turnover__rect_turn"", ""edge_GES__debt_ratio__rect_turn"", ""edge_GES__asset_liabilities__leverage_ratio"", ""edge_GES__roa__rect_turn"", ""edge_GES__debt_ratio__roa"", ""edge_GES__debt_ratio2__totaldebt_invcap"", ""edge_GES__debt_ratio2__longtermdebt_invcap"", ""edge_GES__longtermdebt_invcap__capitalization_ratio"", ""edge_GES__debt_ebitda__debt_ratio2"", ""edge_GES__debt_ratio2__capitalization_ratio"", ""edge_GES__debt_ratio2__roa"", ""edge_GES__leverage_ratio__rect_turn"", ""edge_GES__totaldebt_invcap__asset_turnover"", ""edge_GES__roe__leverage_ratio"", ""edge_GES__totaldebt_invcap__leverage_ratio"", ""edge_GES__asset_liabilities__asset_turnover"", ""edge_GES__roa__totaldebt_invcap"", ""edge_GES__totaldebt_invcap__capitalization_ratio"", ""edge_GES__cash_debt__debt_ratio"", ""edge_GES__longtermdebt_invcap__totaldebt_invcap"", ""edge_GES__cash_debt__debt_ratio2"", ""edge_GES__roe__asset_turnover"", ""edge_GES__debt_ebitda__roa"", ""edge_GES__roe__totaldebt_invcap"", ""edge_GES__asset_turnover__leverage_ratio"", ""edge_GES__debt_ratio__capitalization_ratio"", ""edge_GES__cash_debt__asset_liabilities"", ""edge_GES__leverage_ratio__capitalization_ratio"", ""edge_GES__roe__rect_turn"", ""edge_GES__cash_debt__totaldebt_invcap"", ""edge_GES__roa__leverage_ratio"", ""edge_GES__cash_debt__rect_turn"", ""edge_GES__debt_ratio2__asset_liabilities"", ""edge_GES__asset_liabilities__capitalization_ratio"", ""edge_GES__debt_ratio2__debt_ratio"", ""edge_GES__longtermdebt_invcap__leverage_ratio"", ""edge_GES__debt_ratio2__leverage_ratio"", ""edge_GES__asset_liabilities__roe"", ""edge_GES__debt_ratio__roe""]"
fd8e1522beb8295c,F,GES,53,,,53,"[""edge_GES__debt_ratio__Unnamed: 0"", ""edge_GES__asset_turnover__Unnamed: 0"", ""edge_GES__asset_liabilities__Unnamed: 0"", ""edge_GES__totaldebt_invcap__Unnamed: 0"", ""edge_GES__roe__Unnamed: 0"", ""edge_GES__cash_debt__Unnamed: 0"", ""edge_GES__Unnamed: 0__capitalization_ratio"", ""edge_GES__roa__Unnamed: 0"", ""edge_GES__Unnamed: 0__rect_turn"", ""edge_GES__asset_liabilities__rect_turn"", ""edge_GES__debt_ratio__asset_liabilities"", ""edge_GES__roa__asset_turnover"", ""edge_GES__debt_ratio__leverage_ratio"", ""edge_GES__asset_turnover__rect_turn"", ""edge_GES__debt_ratio__rect_turn"", ""edge_GES__asset_liabilities__leverage_ratio"", ""edge_GES__roa__rect_turn"", ""edge_GES__debt_ratio__roa"", ""edge_GES__debt_ratio2__totaldebt_invcap"", ""edge_GES__debt_ratio2__longtermdebt_invcap"", ""edge_GES__longtermdebt_invcap__capitalization_ratio"", ""edge_GES__debt_ebitda__debt_ratio2"", ""edge_GES__debt_ratio2__capitalization_ratio"", ""edge_GES__debt_ratio2__roa"", ""edge_GES__leverage_ratio__rect_turn"", ""edge_GES__totaldebt_invcap__asset_turnover"", ""edge_GES__roe__leverage_ratio"", ""edge_GES__totaldebt_invcap__leverage_ratio"", ""edge_GES__asset_liabilities__asset_turnover"", ""edge_GES__roa__totaldebt_invcap"", ""edge_GES__totaldebt_invcap__capitalization_ratio"", ""edge_GES__cash_debt__debt_ratio"", ""edge_GES__longtermdebt_invcap__totaldebt_invcap"", ""edge_GES__cash_debt__debt_ratio2"", ""edge_GES__roe__asset_turnover"", ""edge_GES__debt_ebitda__roa"", ""edge_GES__roe__totaldebt_invcap"", ""edge_GES__asset_turnover__leverage_ratio"", ""edge_GES__debt_ratio__capitalization_ratio"", ""edge_GES__cash_debt__asset_liabilities"", ""edge_GES__leverage_ratio__capitalization_ratio"", ""edge_GES__roe__rect_turn"", ""edge_GES__cash_debt__totaldebt_invcap"", ""edge_GES__roa__leverage_ratio"", ""edge_GES__cash_debt__rect_turn"", ""edge_GES__debt_ratio2__asset_liabilities"", ""edge_GES__asset_liabilities__capitalization_ratio"", ""edge_GES__debt_ratio2__debt_ratio"", ""edge_GES__longtermdebt_invcap__leverage_ratio"", ""edge_GES__debt_ratio2__leverage_ratio"", ""edge_GES__asset_liabilities__roe"", ""edge_GES__debt_ratio__roe"", ""edge_GES__debt_ebitda__roe""]"
6464793cc487207a,OF,GES,53,,,66,"[""leverage_ratio"", ""asset_liabilities"", ""roe"", ""asset_turnover"", ""debt_ratio"", ""debt_ratio2"", ""roa"", ""capitalization_ratio"", ""longtermdebt_invcap"", ""totaldebt_invcap"", ""cash_debt"", ""debt_ebitda"", ""rect_turn"", ""edge_GES__debt_ratio__Unnamed: 0"", ""edge_GES__asset_turnover__Unnamed: 0"", ""edge_GES__asset_liabilities__Unnamed: 0"", ""edge_GES__totaldebt_invcap__Unnamed: 0"", ""edge_GES__roe__Unnamed: 0"", ""edge_GES__cash_debt__Unnamed: 0"", ""edge_GES__Unnamed: 0__capitalization_ratio"", ""edge_GES__roa__Unnamed: 0"", ""edge_GES__Unnamed: 0__rect_turn"", ""edge_GES__asset_liabilities__rect_turn"", ""edge_GES__debt_ratio__asset_liabilities"", ""edge_GES__roa__asset_turnover"", ""edge_GES__debt_ratio__leverage_ratio"", ""edge_GES__asset_turnover__rect_turn"", ""edge_GES__debt_ratio__rect_turn"", ""edge_GES__asset_liabilities__leverage_ratio"", ""edge_GES__roa__rect_turn"", ""edge_GES__debt_ratio__roa"", ""edge_GES__debt_ratio2__totaldebt_invcap"", ""edge_GES__debt_ratio2__longtermdebt_invcap"", ""edge_GES__longtermdebt_invcap__capitalization_ratio"", ""edge_GES__debt_ebitda__debt_ratio2"", ""edge_GES__debt_ratio2__capitalization_ratio"", ""edge_GES__debt_ratio2__roa"", ""edge_GES__leverage_ratio__rect_turn"", ""edge_GES__totaldebt_invcap__asset_turnover"", ""edge_GES__roe__leverage_ratio"", ""edge_GES__totaldebt_invcap__leverage_ratio"", ""edge_GES__asset_liabilities__asset_turnover"", ""edge_GES__roa__totaldebt_invcap"", ""edge_GES__totaldebt_invcap__capitalization_ratio"", ""edge_GES__cash_debt__debt_ratio"", ""edge_GES__longtermdebt_invcap__totaldebt_invcap"", ""edge_GES__cash_debt__debt_ratio2"", ""edge_GES__roe__asset_turnover"", ""edge_GES__debt_ebitda__roa"", ""edge_GES__roe__totaldebt_invcap"", ""edge_GES__asset_turnover__leverage_ratio"", ""edge_GES__debt_ratio__capitalization_ratio"", ""edge_GES__cash_debt__asset_liabilities"", ""edge_GES__leverage_ratio__capitalization_ratio"", ""edge_GES__roe__rect_turn"", ""edge_GES__cash_debt__totaldebt_invcap"", ""edge_GES__roa__leverage_ratio"", ""edge_GES__cash_debt__rect_turn"", ""edge_GES__debt_ratio2__asset_liabilities"", ""edge_GES__asset_liabilities__capitalization_ratio"", ""edge_GES__debt_ratio2__debt_ratio"", ""edge_GES__longtermdebt_invcap__leverage_ratio"", ""edge_GES__debt_ratio2__leverage_ratio"", ""edge_GES__asset_liabilities__roe"", ""edge_GES__debt_ratio__roe"", ""edge_GES__debt_ebitda__roe""]"
0197fc3992679433,F,GES,54,,,54,"[""edge_GES__debt_ratio__Unnamed: 0"", ""edge_GES__asset_turnover__Unnamed: 0"", ""edge_GES__asset_liabilities__Unnamed: 0"", ""edge_GES__totaldebt_invcap__Unnamed: 0"", ""edge_GES__roe__Unnamed: 0"", ""edge_GES__cash_debt__Unnamed: 0"", ""edge_GES__Unnamed: 0__capitalization_ratio"", ""edge_GES__roa__Unnamed: 0"", ""edge_GES__Unnamed: 0__rect_turn"", ""edge_GES__asset_liabilities__rect_turn"", ""edge_GES__debt_ratio__asset_liabilities"", ""edge_GES__roa__asset_turnover"", ""edge_GES__debt_ratio__leverage_ratio"", ""edge_GES__asset_turnover__rect_turn"", ""edge_GES__debt_ratio__rect_turn"", ""edge_GES__asset_liabilities__leverage_ratio"", ""edge_GES__roa__rect_turn"", ""edge_GES__debt_ratio__roa"", ""edge_GES__debt_ratio2__totaldebt_invcap"", ""edge_GES__debt_ratio2__longtermdebt_invcap"", ""edge_GES__longtermdebt_invcap__capitalization_ratio"", ""edge_GES__debt_ebitda__debt_ratio2"", ""edge_GES__debt_ratio2__capitalization_ratio"", ""edge_GES__debt_ratio2__roa"", ""edge_GES__leverage_ratio__rect_turn"", ""edge_GES__totaldebt_invcap__asset_turnover"", ""edge_GES__roe__leverage_ratio"", ""edge_GES__totaldebt_invcap__leverage_ratio"", ""edge_GES__asset_liabilities__asset_turnover"", ""edge_GES__roa__totaldebt_invcap"", ""edge_GES__totaldebt_invcap__capitalization_ratio"", ""edge_GES__cash_debt__debt_ratio"", ""edge_GES__longtermdebt_invcap__totaldebt_invcap"", ""edge_GES__cash_debt__debt_ratio2"", ""edge_GES__roe__asset_turnover"", ""edge_GES__debt_ebitda__roa"", ""edge_GES__roe__totaldebt_invcap"", ""edge_GES__asset_turnover__leverage_ratio"", ""edge_GES__debt_ratio__capitalization_ratio"", ""edge_GES__cash_debt__asset_liabilities"", ""edge_GES__leverage_ratio__capitalization_ratio"", ""edge_GES__roe__rect_turn"", ""edge_GES__cash_debt__totaldebt_invcap"", ""edge_GES__roa__leverage_ratio"", ""edge_GES__cash_debt__rect_turn"", ""edge_GES__debt_ratio2__asset_liabilities"", ""edge_GES__asset_liabilities__capitalization_ratio"", ""edge_GES__debt_ratio2__debt_ratio"", ""edge_GES__longtermdebt_invcap__leverage_ratio"", ""edge_GES__debt_ratio2__leverage_ratio"", ""edge_GES__asset_liabilities__roe"", ""edge_GES__debt_ratio__roe"", ""edge_GES__debt_ebitda__roe"", ""edge_GES__cash_debt__longtermdebt_invcap""]"
8f9da5e9bd2a013b,OF,GES,54,,,67,"[""leverage_ratio"", ""asset_liabilities"", ""roe"", ""asset_turnover"", ""debt_ratio"", ""debt_ratio2"", ""roa"", ""capitalization_ratio"", ""longtermdebt_invcap"", ""totaldebt_invcap"", ""cash_debt"", ""debt_ebitda"", ""rect_turn"", ""edge_GES__debt_ratio__Unnamed: 0"", ""edge_GES__asset_turnover__Unnamed: 0"", ""edge_GES__asset_liabilities__Unnamed: 0"", ""edge_GES__totaldebt_invcap__Unnamed: 0"", ""edge_GES__roe__Unnamed: 0"", ""edge_GES__cash_debt__Unnamed: 0"", ""edge_GES__Unnamed: 0__capitalization_ratio"", ""edge_GES__roa__Unnamed: 0"", ""edge_GES__Unnamed: 0__rect_turn"", ""edge_GES__asset_liabilities__rect_turn"", ""edge_GES__debt_ratio__asset_liabilities"", ""edge_GES__roa__asset_turnover"", ""edge_GES__debt_ratio__leverage_ratio"", ""edge_GES__asset_turnover__rect_turn"", ""edge_GES__debt_ratio__rect_turn"", ""edge_GES__asset_liabilities__leverage_ratio"", ""edge_GES__roa__rect_turn"", ""edge_GES__debt_ratio__roa"", ""edge_GES__debt_ratio2__totaldebt_invcap"", ""edge_GES__debt_ratio2__longtermdebt_invcap"", ""edge_GES__longtermdebt_invcap__capitalization_ratio"", ""edge_GES__debt_ebitda__debt_ratio2"", ""edge_GES__debt_ratio2__capitalization_ratio"", ""edge_GES__debt_ratio2__roa"", ""edge_GES__leverage_ratio__rect_turn"", ""edge_GES__totaldebt_invcap__asset_turnover"", ""edge_GES__roe__leverage_ratio"", ""edge_GES__totaldebt_invcap__leverage_ratio"", ""edge_GES__asset_liabilities__asset_turnover"", ""edge_GES__roa__totaldebt_invcap"", ""edge_GES__totaldebt_invcap__capitalization_ratio"", ""edge_GES__cash_debt__debt_ratio"", ""edge_GES__longtermdebt_invcap__totaldebt_invcap"", ""edge_GES__cash_debt__debt_ratio2"", ""edge_GES__roe__asset_turnover"", ""edge_GES__debt_ebitda__roa"", ""edge_GES__roe__totaldebt_invcap"", ""edge_GES__asset_turnover__leverage_ratio"", ""edge_GES__debt_ratio__capitalization_ratio"", ""edge_GES__cash_debt__asset_liabilities"", ""edge_GES__leverage_ratio__capitalization_ratio"", ""edge_GES__roe__rect_turn"", ""edge_GES__cash_debt__totaldebt_invcap"", ""edge_GES__roa__leverage_ratio"", ""edge_GES__cash_debt__rect_turn"", ""edge_GES__debt_ratio2__asset_liabilities"", ""edge_GES__asset_liabilities__capitalization_ratio"", ""edge_GES__debt_ratio2__debt_ratio"", ""edge_GES__longtermdebt_invcap__leverage_ratio"", ""edge_GES__debt_ratio2__leverage_ratio"", ""edge_GES__asset_liabilities__roe"", ""edge_GES__debt_ratio__roe"", ""edge_GES__debt_ebitda__roe"", ""edge_GES__cash_debt__longtermdebt_invcap""]"
6a5b2d45b66924b5,F,GES,55,,,55,"[""edge_GES__debt_ratio__Unnamed: 0"", ""edge_GES__asset_turnover__Unnamed: 0"", ""edge_GES__asset_liabilities__Unnamed: 0"", ""edge_GES__totaldebt_invcap__Unnamed: 0"", ""edge_GES__roe__Unnamed: 0"", ""edge_GES__cash_debt__Unnamed: 0"", ""edge_GES__Unnamed: 0__capitalization_ratio"", ""edge_GES__roa__Unnamed: 0"", ""edge_GES__Unnamed: 0__rect_turn"", ""edge_GES__asset_liabilities__rect_turn"", ""edge_GES__debt_ratio__asset_liabilities"", ""edge_GES__roa__asset_turnover"", ""edge_GES__debt_ratio__leverage_ratio"", ""edge_GES__asset_turnover__rect_turn"", ""edge_GES__debt_ratio__rect_turn"", ""edge_GES__asset_liabilities__leverage_ratio"", ""edge_GES__roa__rect_turn"", ""edge_GES__debt_ratio__roa"", ""edge_GES__debt_ratio2__totaldebt_invcap"", ""edge_GES__debt_ratio2__longtermdebt_invcap"", ""edge_GES__longtermdebt_invcap__capitalization_ratio"", ""edge_GES__debt_ebitda__debt_ratio2"", ""edge_GES__debt_ratio2__capitalization_ratio"", ""edge_GES__debt_ratio2__roa"", ""edge_GES__leverage_ratio__rect_turn"", ""edge_GES__totaldebt_invcap__asset_turnover"", ""edge_GES__roe__leverage_ratio"", ""edge_GES__totaldebt_invcap__leverage_ratio"", ""edge_GES__asset_liabilities__asset_turnover"", ""edge_GES__roa__totaldebt_invcap"", ""edge_GES__totaldebt_invcap__capitalization_ratio"", ""edge_GES__cash_debt__debt_ratio"", ""edge_GES__longtermdebt_invcap__totaldebt_invcap"", ""edge_GES__cash_debt__debt_ratio2"", ""edge_GES__roe__asset_turnover"", ""edge_GES__debt_ebitda__roa"", ""edge_GES__roe__totaldebt_invcap"", ""edge_GES__asset_turnover__leverage_ratio"", ""edge_GES__debt_ratio__capitalization_ratio"", ""edge_GES__cash_debt__asset_liabilities"", ""edge_GES__leverage_ratio__capitalization_ratio"", ""edge_GES__roe__rect_turn"", ""edge_GES__cash_debt__totaldebt_invcap"", ""edge_GES__roa__leverage_ratio"", ""edge_GES__cash_debt__rect_turn"", ""edge_GES__debt_ratio2__asset_liabilities"", ""edge_GES__asset_liabilities__capitalization_ratio"", ""edge_GES__debt_ratio2__debt_ratio"", ""edge_GES__longtermdebt_invcap__leverage_ratio"", ""edge_GES__debt_ratio2__leverage_ratio"", ""edge_GES__asset_liabilities__roe"", ""edge_GES__debt_ratio__roe"", ""edge_GES__debt_ebitda__roe"", ""edge_GES__cash_debt__longtermdebt_invcap"", ""edge_GES__debt_ratio2__roe""]"
06f47ac435a4a80a,OF,GES,55,,,68,"[""leverage_ratio"", ""asset_liabilities"", ""roe"", ""asset_turnover"", ""debt_ratio"", ""debt_ratio2"", ""roa"", ""capitalization_ratio"", ""longtermdebt_invcap"", ""totaldebt_invcap"", ""cash_debt"", ""debt_ebitda"", ""rect_turn"", ""edge_GES__debt_ratio__Unnamed: 0"", ""edge_GES__asset_turnover__Unnamed: 0"", ""edge_GES__asset_liabilities__Unnamed: 0"", ""edge_GES__totaldebt_invcap__Unnamed: 0"", ""edge_GES__roe__Unnamed: 0"", ""edge_GES__cash_debt__Unnamed: 0"", ""edge_GES__Unnamed: 0__capitalization_ratio"", ""edge_GES__roa__Unnamed: 0"", ""edge_GES__Unnamed: 0__rect_turn"", ""edge_GES__asset_liabilities__rect_turn"", ""edge_GES__debt_ratio__asset_liabilities"", ""edge_GES__roa__asset_turnover"", ""edge_GES__debt_ratio__leverage_ratio"", ""edge_GES__asset_turnover__rect_turn"", ""edge_GES__debt_ratio__rect_turn"", ""edge_GES__asset_liabilities__leverage_ratio"", ""edge_GES__roa__rect_turn"", ""edge_GES__debt_ratio__roa"", ""edge_GES__debt_ratio2__totaldebt_invcap"", ""edge_GES__debt_ratio2__longtermdebt_invcap"", ""edge_GES__longtermdebt_invcap__capitalization_ratio"", ""edge_GES__debt_ebitda__debt_ratio2"", ""edge_GES__debt_ratio2__capitalization_ratio"", ""edge_GES__debt_ratio2__roa"", ""edge_GES__leverage_ratio__rect_turn"", ""edge_GES__totaldebt_invcap__asset_turnover"", ""edge_GES__roe__leverage_ratio"", ""edge_GES__totaldebt_invcap__leverage_ratio"", ""edge_GES__asset_liabilities__asset_turnover"", ""edge_GES__roa__totaldebt_invcap"", ""edge_GES__totaldebt_invcap__capitalization_ratio"", ""edge_GES__cash_debt__debt_ratio"", ""edge_GES__longtermdebt_invcap__totaldebt_invcap"", ""edge_GES__cash_debt__debt_ratio2"", ""edge_GES__roe__asset_turnover"", ""edge_GES__debt_ebitda__roa"", ""edge_GES__roe__totaldebt_invcap"", ""edge_GES__asset_turnover__leverage_ratio"", ""edge_GES__debt_ratio__capitalization_ratio"", ""edge_GES__cash_debt__asset_liabilities"", ""edge_GES__leverage_ratio__capitalization_ratio"", ""edge_GES__roe__rect_turn"", ""edge_GES__cash_debt__totaldebt_invcap"", ""edge_GES__roa__leverage_ratio"", ""edge_GES__cash_debt__rect_turn"", ""edge_GES__debt_ratio2__asset_liabilities"", ""edge_GES__asset_liabilities__capitalization_ratio"", ""edge_GES__debt_ratio2__debt_ratio"", ""edge_GES__longtermdebt_invcap__leverage_ratio"", ""edge_GES__debt_ratio2__leverage_ratio"", ""edge_GES__asset_liabilities__roe"", ""edge_GES__debt_ratio__roe"", ""edge_GES__debt_ebitda__roe"", ""edge_GES__cash_debt__longtermdebt_invcap"", ""edge_GES__debt_ratio2__roe""]"
c41138891d316a39,OFR,GES,5,0,5042,5,"[""edge_GES__Unnamed: 0__capitalization_ratio"", ""edge_GES__asset_liabilities__Unnamed: 0"", ""edge_GES__asset_liabilities__leverage_ratio"", ""asset_turnover"", ""edge_GES__totaldebt_invcap__capitalization_ratio""]"
75a04d61d68ba7cc,OFR,GES,5,1,5043,5,"[""edge_GES__debt_ratio2__longtermdebt_invcap"", ""debt_ratio"", ""edge_GES__debt_ratio2__asset_liabilities"", ""edge_GES__leverage_ratio__rect_turn"", ""edge_GES__debt_ebitda__roe""]"
afb12683f0cd22cd,OFR,GES,5,2,5044,5,"[""edge_GES__cash_debt__asset_liabilities"", ""capitalization_ratio"", ""edge_GES__leverage_ratio__capitalization_ratio"", ""edge_GES__debt_ebitda__debt_ratio2"", ""edge_GES__Unnamed: 0__rect_turn""]"
a1ce2a13fdab3e77,OFR,GES,5,3,5045,5,"[""debt_ratio"", ""edge_GES__debt_ebitda__roe"", ""edge_GES__roe__Unnamed: 0"", ""edge_GES__asset_turnover__Unnamed: 0"", ""debt_ebitda""]"
009c8550c6892a7f,OFR,GES,5,4,5046,5,"[""cash_debt"", ""edge_GES__longtermdebt_invcap__leverage_ratio"", ""edge_GES__debt_ebitda__roa"", ""edge_GES__longtermdebt_invcap__capitalization_ratio"", ""edge_GES__roa__asset_turnover""]"
78a6353b3e35f56e,OFR,GES,10,0,10042,10,"[""edge_GES__debt_ratio__roe"", ""edge_GES__leverage_ratio__rect_turn"", ""edge_GES__roa__rect_turn"", ""edge_GES__Unnamed: 0__rect_turn"", ""edge_GES__roa__leverage_ratio"", ""edge_GES__cash_debt__rect_turn"", ""edge_GES__roe__leverage_ratio"", ""edge_GES__cash_debt__debt_ratio"", ""edge_GES__roa__Unnamed: 0"", ""edge_GES__cash_debt__Unnamed: 0""]"
6dc467cea9312d4c,OFR,GES,10,1,10043,10,"[""asset_liabilities"", ""edge_GES__cash_debt__longtermdebt_invcap"", ""edge_GES__debt_ebitda__debt_ratio2"", ""edge_GES__debt_ebitda__roa"", ""edge_GES__debt_ebitda__roe"", ""edge_GES__debt_ratio__rect_turn"", ""edge_GES__totaldebt_invcap__asset_turnover"", ""edge_GES__asset_liabilities__rect_turn"", ""edge_GES__cash_debt__debt_ratio2"", ""debt_ratio""]"
eb6881242eca60b4,OFR,GES,10,2,10044,10,"[""longtermdebt_invcap"", ""edge_GES__debt_ratio__asset_liabilities"", ""edge_GES__roa__Unnamed: 0"", ""totaldebt_invcap"", ""edge_GES__longtermdebt_invcap__leverage_ratio"", ""edge_GES__cash_debt__longtermdebt_invcap"", ""edge_GES__roa__totaldebt_invcap"", ""edge_GES__debt_ratio2__roa"", ""rect_turn"", ""edge_GES__Unnamed: 0__rect_turn""]"
1360ab7114b14a05,OFR,GES,10,3,10045,10,"[""edge_GES__leverage_ratio__capitalization_ratio"", ""edge_GES__asset_liabilities__asset_turnover"", ""totaldebt_invcap"", ""roe"", ""edge_GES__cash_debt__asset_liabilities"", ""edge_GES__debt_ebitda__roe"", ""edge_GES__asset_liabilities__Unnamed: 0"", ""edge_GES__cash_debt__Unnamed: 0"", ""edge_GES__totaldebt_invcap__Unnamed: 0"", ""edge_GES__debt_ratio2__asset_liabilities""]"
5d20c9bd9fe95972,OFR,GES,10,4,10046,10,"[""debt_ratio"", ""edge_GES__roe__totaldebt_invcap"", ""edge_GES__debt_ratio2__debt_ratio"", ""edge_GES__longtermdebt_invcap__leverage_ratio"", ""edge_GES__asset_liabilities__roe"", ""roe"", ""edge_GES__debt_ratio__roa"", ""edge_GES__cash_debt__rect_turn"", ""edge_GES__debt_ratio2__totaldebt_invcap"", ""asset_turnover""]"
d639a4f777a7d76c,OFR,GES,20,0,20042,20,"[""leverage_ratio"", ""edge_GES__debt_ratio2__debt_ratio"", ""edge_GES__debt_ratio__roa"", ""debt_ratio2"", ""edge_GES__cash_debt__debt_ratio2"", ""edge_GES__debt_ratio2__totaldebt_invcap"", ""edge_GES__debt_ratio__roe"", ""rect_turn"", ""edge_GES__totaldebt_invcap__leverage_ratio"", ""edge_GES__asset_liabilities__roe"", ""edge_GES__debt_ratio__leverage_ratio"", ""edge_GES__roa__asset_turnover"", ""edge_GES__debt_ratio2__leverage_ratio"", ""edge_GES__Unnamed: 0__rect_turn"", ""asset_turnover"", ""edge_GES__roe__rect_turn"", ""edge_GES__totaldebt_invcap__asset_turnover"", ""edge_GES__asset_turnover__rect_turn"", ""edge_GES__roe__leverage_ratio"", ""edge_GES__Unnamed: 0__capitalization_ratio""]"
1385bd14b96a2642,OFR,GES,20,1,20043,20,"[""edge_GES__asset_liabilities__leverage_ratio"", ""edge_GES__asset_turnover__Unnamed: 0"", ""edge_GES__cash_debt__longtermdebt_invcap"", ""edge_GES__debt_ratio2__totaldebt_invcap"", ""edge_GES__debt_ratio__roe"", ""edge_GES__debt_ratio2__leverage_ratio"", ""edge_GES__asset_turnover__leverage_ratio"", ""edge_GES__debt_ratio__asset_liabilities"", ""edge_GES__totaldebt_invcap__leverage_ratio"", ""rect_turn"", ""debt_ratio"", ""edge_GES__roa__totaldebt_invcap"", ""edge_GES__cash_debt__rect_turn"", ""edge_GES__totaldebt_invcap__capitalization_ratio"", ""edge_GES__longtermdebt_invcap__totaldebt_invcap"", ""edge_GES__roe__leverage_ratio"", ""edge_GES__debt_ratio__Unnamed: 0"", ""edge_GES__asset_liabilities__rect_turn"", ""edge_GES__debt_ratio2__longtermdebt_invcap"", ""longtermdebt_invcap""]"
a062dc5013c63eaa,OFR,GES,20,2,20044,20,"[""edge_GES__cash_debt__asset_liabilities"", ""edge_GES__roa__asset_turnover"", ""edge_GES__debt_ratio2__debt_ratio"", ""debt_ebitda"", ""debt_ratio2"", ""edge_GES__cash_debt__longtermdebt_invcap"", ""edge_GES__debt_ebitda__roe"", ""edge_GES__totaldebt_invcap__leverage_ratio"", ""edge_GES__debt_ratio2__roe"", ""edge_GES__cash_debt__rect_turn"", ""edge_GES__cash_debt__totaldebt_invcap"", ""edge_GES__cash_debt__debt_ratio2"", ""edge_GES__debt_ratio__capitalization_ratio"", ""edge_GES__totaldebt_invcap__Unnamed: 0"", ""edge_GES__asset_liabilities__leverage_ratio"", ""edge_GES__debt_ratio2__totaldebt_invcap"", ""edge_GES__longtermdebt_invcap__totaldebt_invcap"", ""edge_GES__Unnamed: 0__rect_turn"", ""edge_GES__roa__Unnamed: 0"", ""edge_GES__longtermdebt_invcap__capitalization_ratio""]"
95fddbfa081506ef,OFR,GES,20,3,20045,20,"[""edge_GES__cash_debt__debt_ratio"", ""edge_GES__cash_debt__Unnamed: 0"", ""edge_GES__debt_ebitda__roe"", ""cash_debt"", ""edge_GES__asset_liabilities__asset_turnover"", ""debt_ebitda"", ""debt_ratio2"", ""edge_GES__roe__totaldebt_invcap"", ""edge_GES__roe__leverage_ratio"", ""edge_GES__roa__Unnamed: 0"", ""edge_GES__asset_turnover__leverage_ratio"", ""edge_GES__longtermdebt_invcap__capitalization_ratio"", ""edge_GES__roe__rect_turn"", ""edge_GES__roa__asset_turnover"", ""edge_GES__asset_turnover__Unnamed: 0"", ""edge_GES__Unnamed: 0__capitalization_ratio"", ""edge_GES__debt_ratio2__longtermdebt_invcap"", ""edge_GES__asset_turnover__rect_turn"", ""edge_GES__leverage_ratio__rect_turn"", ""edge_GES__debt_ratio2__leverage_ratio""]"
36d266f0188e3934,OFR,GES,20,4,20046,20,"[""asset_liabilities"", ""rect_turn"", ""edge_GES__roa__rect_turn"", ""edge_GES__cash_debt__debt_ratio"", ""edge_GES__roe__leverage_ratio"", ""edge_GES__debt_ebitda__roe"", ""edge_GES__debt_ratio__capitalization_ratio"", ""debt_ebitda"", ""edge_GES__debt_ratio2__debt_ratio"", ""edge_GES__asset_turnover__Unnamed: 0"", ""edge_GES__roe__asset_turnover"", ""edge_GES__debt_ratio__roa"", ""edge_GES__debt_ratio2__roa"", ""edge_GES__debt_ebitda__roa"", ""edge_GES__cash_debt__longtermdebt_invcap"", ""edge_GES__asset_turnover__leverage_ratio"", ""debt_ratio"", ""edge_GES__cash_debt__Unnamed: 0"", ""cash_debt"", ""edge_GES__totaldebt_invcap__asset_turnover""]"
683c9ed86fdc162c,OFR,GES,30,0,30042,30,"[""edge_GES__asset_liabilities__capitalization_ratio"", ""edge_GES__debt_ratio__capitalization_ratio"", ""debt_ratio2"", ""edge_GES__longtermdebt_invcap__leverage_ratio"", ""edge_GES__asset_liabilities__asset_turnover"", ""edge_GES__debt_ratio2__roe"", ""edge_GES__roe__Unnamed: 0"", ""edge_GES__debt_ratio2__leverage_ratio"", ""edge_GES__debt_ebitda__debt_ratio2"", ""edge_GES__debt_ratio__leverage_ratio"", ""asset_liabilities"", ""edge_GES__asset_liabilities__roe"", ""edge_GES__roe__totaldebt_invcap"", ""edge_GES__debt_ratio__roe"", ""edge_GES__cash_debt__rect_turn"", ""edge_GES__asset_turnover__rect_turn"", ""edge_GES__leverage_ratio__capitalization_ratio"", ""edge_GES__Unnamed: 0__rect_turn"", ""edge_GES__debt_ratio2__capitalization_ratio"", ""edge_GES__debt_ratio2__debt_ratio"", ""edge_GES__longtermdebt_invcap__capitalization_ratio"", ""edge_GES__cash_debt__longtermdebt_invcap"", ""edge_GES__leverage_ratio__rect_turn"", ""edge_GES__Unnamed: 0__capitalization_ratio"", ""edge_GES__debt_ratio__roa"", ""asset_turnover"", ""edge_GES__asset_liabilities__rect_turn"", ""longtermdebt_invcap"", ""debt_ratio"", ""capitalization_ratio""]"
a870dd8d0ec847e4,OFR,GES,30,1,30043,30,"[""edge_GES__cash_debt__asset_liabilities"", ""edge_GES__longtermdebt_invcap__leverage_ratio"", ""edge_GES__debt_ratio__capitalization_ratio"", ""edge_GES__debt_ratio2__roe"", ""edge_GES__asset_turnover__leverage_ratio"", ""debt_ebitda"", ""edge_GES__asset_turnover__Unnamed: 0"", ""edge_GES__debt_ebitda__debt_ratio2"", ""edge_GES__debt_ratio2__asset_liabilities"", ""capitalization_ratio"", ""edge_GES__debt_ratio__Unnamed: 0"", ""edge_GES__longtermdebt_invcap__capitalization_ratio"", ""edge_GES__totaldebt_invcap__leverage_ratio"", ""edge_GES__debt_ratio2__roa"", ""edge_GES__cash_debt__longtermdebt_invcap"", ""edge_GES__asset_turnover__rect_turn"", ""roe"", ""edge_GES__asset_liabilities__rect_turn"", ""edge_GES__debt_ratio__leverage_ratio"", ""edge_GES__Unnamed: 0__capitalization_ratio"", ""asset_turnover"", ""debt_ratio2"", ""edge_GES__roe__totaldebt_invcap"", ""leverage_ratio"", ""edge_GES__cash_debt__debt_ratio"", ""edge_GES__debt_ratio2__leverage_ratio"", ""edge_GES__debt_ratio__rect_turn"", ""edge_GES__roa__rect_turn"", ""edge_GES__cash_debt__Unnamed: 0"", ""edge_GES__debt_ratio2__debt_ratio""]"
368b77a3c97bf302,OFR,GES,30,2,30044,30,"[""edge_GES__debt_ratio__capitalization_ratio"", ""edge_GES__cash_debt__debt_ratio"", ""edge_GES__debt_ratio2__capitalization_ratio"", ""edge_GES__longtermdebt_invcap__leverage_ratio"", ""cash_debt"", ""edge_GES__debt_ratio__roa"", ""edge_GES__debt_ebitda__roe"", ""edge_GES__roa__Unnamed: 0"", ""edge_GES__debt_ratio2__totaldebt_invcap"", ""edge_GES__asset_turnover__rect_turn"", ""edge_GES__debt_ratio2__asset_liabilities"", ""edge_GES__cash_debt__totaldebt_invcap"", ""longtermdebt_invcap"", ""edge_GES__roe__leverage_ratio"", ""edge_GES__totaldebt_invcap__capitalization_ratio"", ""edge_GES__roa__totaldebt_invcap"", ""edge_GES__cash_debt__rect_turn"", ""edge_GES__debt_ratio2__leverage_ratio"", ""edge_GES__roa__rect_turn"", ""edge_GES__roa__asset_turnover"", ""debt_ratio"", ""edge_GES__asset_turnover__Unnamed: 0"", ""edge_GES__debt_ratio2__roe"", ""asset_liabilities"", ""edge_GES__leverage_ratio__rect_turn"", ""edge_GES__roe__totaldebt_invcap"", ""edge_GES__longtermdebt_invcap__capitalization_ratio"", ""edge_GES__debt_ratio2__roa"", ""edge_GES__longtermdebt_invcap__totaldebt_invcap"", ""edge_GES__asset_liabilities__leverage_ratio""]"
211e1c25039dcd88,OFR,GES,30,3,30045,30,"[""edge_GES__asset_liabilities__Unnamed: 0"", ""edge_GES__debt_ebitda__debt_ratio2"", ""edge_GES__roe__leverage_ratio"", ""edge_GES__debt_ratio2__longtermdebt_invcap"", ""edge_GES__cash_debt__asset_liabilities"", ""debt_ratio2"", ""edge_GES__cash_debt__Unnamed: 0"", ""edge_GES__debt_ratio2__roa"", ""edge_GES__roe__Unnamed: 0"", ""edge_GES__Unnamed: 0__capitalization_ratio"", ""edge_GES__asset_liabilities__rect_turn"", ""edge_GES__roa__rect_turn"", ""edge_GES__roe__rect_turn"", ""edge_GES__debt_ratio__Unnamed: 0"", ""edge_GES__roa__Unnamed: 0"", ""edge_GES__asset_liabilities__leverage_ratio"", ""capitalization_ratio"", ""edge_GES__totaldebt_invcap__leverage_ratio"", ""edge_GES__asset_liabilities__asset_turnover"", ""edge_GES__debt_ratio2__capitalization_ratio"", ""edge_GES__leverage_ratio__capitalization_ratio"", ""edge_GES__debt_ratio2__roe"", ""edge_GES__roa__totaldebt_invcap"", ""asset_turnover"", ""edge_GES__roe__asset_turnover"", ""edge_GES__debt_ratio2__leverage_ratio"", ""roa"", ""edge_GES__roe__totaldebt_invcap"", ""edge_GES__longtermdebt_invcap__capitalization_ratio"", ""edge_GES__asset_turnover__rect_turn""]"
a594c0b7088add38,OFR,GES,30,4,30046,30,"[""edge_GES__leverage_ratio__rect_turn"", ""edge_GES__debt_ratio2__leverage_ratio"", ""rect_turn"", ""edge_GES__longtermdebt_invcap__leverage_ratio"", ""edge_GES__roe__leverage_ratio"", ""edge_GES__debt_ratio2__debt_ratio"", ""roa"", ""edge_GES__roe__rect_turn"", ""edge_GES__debt_ratio2__totaldebt_invcap"", ""edge_GES__longtermdebt_invcap__capitalization_ratio"", ""edge_GES__debt_ratio2__longtermdebt_invcap"", ""edge_GES__cash_debt__Unnamed: 0"", ""edge_GES__debt_ratio2__roa"", ""edge_GES__roe__Unnamed: 0"", ""debt_ebitda"", ""edge_GES__cash_debt__asset_liabilities"", ""edge_GES__debt_ratio__roe"", ""edge_GES__debt_ratio__asset_liabilities"", ""edge_GES__roa__leverage_ratio"", ""edge_GES__asset_turnover__rect_turn"", ""edge_GES__roa__asset_turnover"", ""edge_GES__asset_liabilities__asset_turnover"", ""debt_ratio"", ""edge_GES__debt_ratio2__roe"", ""edge_GES__debt_ratio__leverage_ratio"", ""debt_ratio2"", ""edge_GES__asset_turnover__leverage_ratio"", ""asset_turnover"", ""edge_GES__asset_turnover__Unnamed: 0"", ""edge_GES__asset_liabilities__capitalization_ratio""]"
30d904ad106d0584,OFR,GES,40,0,40042,40,"[""edge_GES__longtermdebt_invcap__capitalization_ratio"", ""edge_GES__asset_liabilities__leverage_ratio"", ""roe"", ""edge_GES__debt_ratio__capitalization_ratio"", ""edge_GES__debt_ratio__Unnamed: 0"", ""edge_GES__roa__rect_turn"", ""edge_GES__cash_debt__totaldebt_invcap"", ""edge_GES__asset_liabilities__roe"", ""edge_GES__debt_ratio__roe"", ""edge_GES__debt_ratio2__roa"", ""edge_GES__cash_debt__Unnamed: 0"", ""cash_debt"", ""leverage_ratio"", ""edge_GES__debt_ratio__rect_turn"", ""roa"", ""edge_GES__totaldebt_invcap__Unnamed: 0"", ""edge_GES__totaldebt_invcap__asset_turnover"", ""asset_turnover"", ""edge_GES__debt_ratio2__asset_liabilities"", ""edge_GES__debt_ebitda__roe"", ""longtermdebt_invcap"", ""edge_GES__cash_debt__debt_ratio2"", ""edge_GES__asset_liabilities__rect_turn"", ""edge_GES__longtermdebt_invcap__totaldebt_invcap"", ""edge_GES__roe__rect_turn"", ""edge_GES__debt_ratio2__debt_ratio"", ""edge_GES__debt_ebitda__roa"", ""debt_ratio"", ""edge_GES__debt_ratio2__longtermdebt_invcap"", ""edge_GES__cash_debt__longtermdebt_invcap"", ""edge_GES__cash_debt__asset_liabilities"", ""edge_GES__Unnamed: 0__capitalization_ratio"", ""edge_GES__cash_debt__rect_turn"", ""edge_GES__asset_liabilities__Unnamed: 0"", ""edge_GES__debt_ratio__roa"", ""edge_GES__asset_liabilities__asset_turnover"", ""edge_GES__roa__Unnamed: 0"", ""totaldebt_invcap"", ""edge_GES__totaldebt_invcap__capitalization_ratio"", ""edge_GES__asset_turnover__rect_turn""]"
0ecdb2ce3d072236,OFR,GES,40,1,40043,40,"[""edge_GES__debt_ebitda__debt_ratio2"", ""edge_GES__totaldebt_invcap__capitalization_ratio"", ""edge_GES__roe__rect_turn"", ""edge_GES__roa__leverage_ratio"", ""edge_GES__debt_ratio2__capitalization_ratio"", ""edge_GES__leverage_ratio__capitalization_ratio"", ""edge_GES__asset_turnover__Unnamed: 0"", ""leverage_ratio"", ""edge_GES__cash_debt__totaldebt_invcap"", ""edge_GES__debt_ratio2__debt_ratio"", ""edge_GES__asset_liabilities__Unnamed: 0"", ""roe"", ""edge_GES__debt_ratio__roa"", ""edge_GES__roa__Unnamed: 0"", ""edge_GES__debt_ratio__asset_liabilities"", ""edge_GES__asset_turnover__rect_turn"", ""edge_GES__roe__asset_turnover"", ""edge_GES__asset_liabilities__rect_turn"", ""edge_GES__debt_ratio__leverage_ratio"", ""edge_GES__longtermdebt_invcap__capitalization_ratio"", ""edge_GES__roe__totaldebt_invcap"", ""edge_GES__Unnamed: 0__rect_turn"", ""edge_GES__totaldebt_invcap__leverage_ratio"", ""edge_GES__cash_debt__longtermdebt_invcap"", ""edge_GES__debt_ebitda__roe"", ""edge_GES__debt_ratio2__asset_liabilities"", ""roa"", ""edge_GES__totaldebt_invcap__Unnamed: 0"", ""edge_GES__debt_ratio__roe"", ""edge_GES__cash_debt__debt_ratio"", ""cash_debt"", ""debt_ratio2"", ""edge_GES__cash_debt__Unnamed: 0"", ""capitalization_ratio"", ""edge_GES__leverage_ratio__rect_turn"", ""edge_GES__totaldebt_invcap__asset_turnover"", ""edge_GES__asset_liabilities__roe"", ""edge_GES__cash_debt__debt_ratio2"", ""edge_GES__asset_liabilities__leverage_ratio"", ""edge_GES__debt_ratio2__roe""]"
9388060bf98a579f,OFR,GES,40,2,40044,40,"[""capitalization_ratio"", ""edge_GES__debt_ratio__roe"", ""cash_debt"", ""edge_GES__leverage_ratio__capitalization_ratio"", ""edge_GES__roe__leverage_ratio"", ""edge_GES__roe__rect_turn"", ""edge_GES__debt_ebitda__roe"", ""edge_GES__debt_ratio__roa"", ""debt_ratio"", ""edge_GES__roa__Unnamed: 0"", ""asset_turnover"", ""edge_GES__asset_liabilities__roe"", ""edge_GES__debt_ratio2__debt_ratio"", ""edge_GES__debt_ratio2__longtermdebt_invcap"", ""edge_GES__longtermdebt_invcap__totaldebt_invcap"", ""totaldebt_invcap"", ""edge_GES__Unnamed: 0__rect_turn"", ""edge_GES__cash_debt__asset_liabilities"", ""edge_GES__leverage_ratio__rect_turn"", ""edge_GES__longtermdebt_invcap__capitalization_ratio"", ""edge_GES__totaldebt_invcap__asset_turnover"", ""edge_GES__debt_ratio__asset_liabilities"", ""edge_GES__roe__asset_turnover"", ""edge_GES__asset_liabilities__capitalization_ratio"", ""edge_GES__debt_ratio__leverage_ratio"", ""edge_GES__debt_ratio2__capitalization_ratio"", ""edge_GES__asset_liabilities__Unnamed: 0"", ""edge_GES__totaldebt_invcap__capitalization_ratio"", ""edge_GES__roa__totaldebt_invcap"", ""edge_GES__debt_ebitda__roa"", ""edge_GES__debt_ebitda__debt_ratio2"", ""edge_GES__debt_ratio__capitalization_ratio"", ""debt_ratio2"", ""edge_GES__roa__asset_turnover"", ""roa"", ""edge_GES__cash_debt__Unnamed: 0"", ""edge_GES__totaldebt_invcap__Unnamed: 0"", ""rect_turn"", ""asset_liabilities"", ""edge_GES__debt_ratio__Unnamed: 0""]"
446368296c981f02,OFR,GES,40,3,40045,40,"[""edge_GES__debt_ratio__rect_turn"", ""cash_debt"", ""edge_GES__totaldebt_invcap__leverage_ratio"", ""totaldebt_invcap"", ""edge_GES__roe__asset_turnover"", ""asset_turnover"", ""edge_GES__debt_ratio2__debt_ratio"", ""edge_GES__debt_ratio2__roe"", ""edge_GES__cash_debt__asset_liabilities"", ""rect_turn"", ""edge_GES__asset_liabilities__asset_turnover"", ""edge_GES__asset_liabilities__Unnamed: 0"", ""edge_GES__debt_ratio__capitalization_ratio"", ""edge_GES__debt_ratio2__leverage_ratio"", ""edge_GES__longtermdebt_invcap__totaldebt_invcap"", ""edge_GES__totaldebt_invcap__asset_turnover"", ""edge_GES__debt_ratio2__roa"", ""edge_GES__roa__Unnamed: 0"", ""edge_GES__cash_debt__totaldebt_invcap"", ""edge_GES__debt_ratio2__totaldebt_invcap"", ""edge_GES__totaldebt_invcap__capitalization_ratio"", ""edge_GES__debt_ebitda__debt_ratio2"", ""edge_GES__longtermdebt_invcap__leverage_ratio"", ""edge_GES__asset_turnover__leverage_ratio"", ""edge_GES__roe__totaldebt_invcap"", ""roe"", ""edge_GES__roa__asset_turnover"", ""edge_GES__debt_ebitda__roe"", ""roa"", ""edge_GES__Unnamed: 0__rect_turn"", ""edge_GES__roa__leverage_ratio"", ""edge_GES__debt_ratio__roa"", ""edge_GES__asset_turnover__Unnamed: 0"", ""edge_GES__debt_ratio__roe"", ""edge_GES__longtermdebt_invcap__capitalization_ratio"", ""edge_GES__debt_ratio__asset_liabilities"", ""debt_ebitda"", ""edge_GES__cash_debt__debt_ratio"", ""edge_GES__roa__totaldebt_invcap"", ""leverage_ratio""]"
3477d346f1961a1b,OFR,GES,40,4,40046,40,"[""edge_GES__cash_debt__debt_ratio2"", ""edge_GES__longtermdebt_invcap__totaldebt_invcap"", ""edge_GES__debt_ratio2__debt_ratio"", ""edge_GES__roa__asset_turnover"", ""leverage_ratio"", ""edge_GES__asset_turnover__Unnamed: 0"", ""edge_GES__debt_ratio__asset_liabilities"", ""edge_GES__Unnamed: 0__capitalization_ratio"", ""edge_GES__cash_debt__longtermdebt_invcap"", ""edge_GES__longtermdebt_invcap__capitalization_ratio"", ""edge_GES__debt_ratio__roe"", ""debt_ratio2"", ""capitalization_ratio"", ""edge_GES__cash_debt__asset_liabilities"", ""asset_turnover"", ""edge_GES__asset_liabilities__Unnamed: 0"", ""edge_GES__cash_debt__debt_ratio"", ""edge_GES__roa__Unnamed: 0"", ""edge_GES__debt_ratio__capitalization_ratio"", ""edge_GES__leverage_ratio__rect_turn"", ""edge_GES__totaldebt_invcap__Unnamed: 0"", ""debt_ratio"", ""edge_GES__totaldebt_invcap__leverage_ratio"", ""edge_GES__Unnamed: 0__rect_turn"", ""edge_GES__debt_ratio2__totaldebt_invcap"", ""edge_GES__totaldebt_invcap__asset_turnover"", ""edge_GES__asset_liabilities__asset_turnover"", ""edge_GES__debt_ratio2__roa"", ""edge_GES__cash_debt__rect_turn"", ""edge_GES__debt_ebitda__debt_ratio2"", ""edge_GES__debt_ratio2__asset_liabilities"", ""edge_GES__roa__leverage_ratio"", ""roe"", ""debt_ebitda"", ""edge_GES__asset_turnover__leverage_ratio"", ""edge_GES__debt_ratio2__leverage_ratio"", ""edge_GES__roe__asset_turnover"", ""rect_turn"", ""roa"", ""edge_GES__cash_debt__Unnamed: 0""]"
b3aad1c78148538b,OFR,GES,ALL,0,68042,68,"[""asset_turnover"", ""roe"", ""edge_GES__debt_ratio2__asset_liabilities"", ""edge_GES__debt_ratio__Unnamed: 0"", ""edge_GES__longtermdebt_invcap__totaldebt_invcap"", ""edge_GES__debt_ebitda__debt_ratio2"", ""edge_GES__asset_turnover__rect_turn"", ""edge_GES__asset_liabilities__leverage_ratio"", ""edge_GES__asset_liabilities__roe"", ""edge_GES__cash_debt__debt_ratio"", ""edge_GES__cash_debt__asset_liabilities"", ""edge_GES__debt_ebitda__roe"", ""edge_GES__asset_liabilities__Unnamed: 0"", ""edge_GES__asset_turnover__leverage_ratio"", ""totaldebt_invcap"", ""edge_GES__roe__rect_turn"", ""debt_ratio2"", ""edge_GES__asset_liabilities__asset_turnover"", ""edge_GES__roa__asset_turnover"", ""edge_GES__leverage_ratio__rect_turn"", ""rect_turn"", ""edge_GES__longtermdebt_invcap__leverage_ratio"", ""edge_GES__debt_ratio__roe"", ""edge_GES__totaldebt_invcap__asset_turnover"", ""edge_GES__cash_debt__rect_turn"", ""edge_GES__asset_liabilities__rect_turn"", ""edge_GES__totaldebt_invcap__capitalization_ratio"", ""edge_GES__roa__Unnamed: 0"", ""edge_GES__longtermdebt_invcap__capitalization_ratio"", ""edge_GES__debt_ratio__capitalization_ratio"", ""debt_ratio"", ""edge_GES__roa__leverage_ratio"", ""edge_GES__debt_ratio__rect_turn"", ""edge_GES__debt_ratio__roa"", ""roa"", ""edge_GES__leverage_ratio__capitalization_ratio"", ""leverage_ratio"", ""debt_ebitda"", ""asset_liabilities"", ""edge_GES__asset_liabilities__capitalization_ratio"", ""edge_GES__roe__leverage_ratio"", ""edge_GES__debt_ratio2__totaldebt_invcap"", ""edge_GES__debt_ratio2__capitalization_ratio"", ""edge_GES__roa__rect_turn"", ""edge_GES__roe__totaldebt_invcap"", ""edge_GES__debt_ratio2__longtermdebt_invcap"", ""edge_GES__Unnamed: 0__capitalization_ratio"", ""edge_GES__cash_debt__debt_ratio2"", ""edge_GES__cash_debt__Unnamed: 0"", ""capitalization_ratio"", ""edge_GES__Unnamed: 0__rect_turn"", ""edge_GES__debt_ratio__leverage_ratio"", ""edge_GES__debt_ratio2__debt_ratio"", ""edge_GES__cash_debt__longtermdebt_invcap"", ""edge_GES__roa__totaldebt_invcap"", ""cash_debt"", ""edge_GES__totaldebt_invcap__Unnamed: 0"", ""edge_GES__cash_debt__totaldebt_invcap"", ""edge_GES__debt_ratio2__leverage_ratio"", ""edge_GES__roe__Unnamed: 0"", ""edge_GES__debt_ratio2__roa"", ""edge_GES__totaldebt_invcap__leverage_ratio"", ""longtermdebt_invcap"", ""edge_GES__roe__asset_turnover"", ""edge_GES__debt_ebitda__roa"", ""edge_GES__debt_ratio2__roe"", ""edge_GES__debt_ratio__asset_liabilities"", ""edge_GES__asset_turnover__Unnamed: 0""]"
f33a3c330ad3eea2,OFR,GES,ALL,1,68043,68,"[""edge_GES__debt_ratio__capitalization_ratio"", ""edge_GES__debt_ratio__roa"", ""edge_GES__totaldebt_invcap__asset_turnover"", ""roa"", ""edge_GES__leverage_ratio__rect_turn"", ""edge_GES__totaldebt_invcap__leverage_ratio"", ""edge_GES__asset_turnover__leverage_ratio"", ""edge_GES__roe__totaldebt_invcap"", ""debt_ebitda"", ""edge_GES__debt_ratio2__capitalization_ratio"", ""leverage_ratio"", ""edge_GES__debt_ratio__asset_liabilities"", ""edge_GES__cash_debt__Unnamed: 0"", ""edge_GES__asset_liabilities__roe"", ""edge_GES__asset_liabilities__asset_turnover"", ""edge_GES__longtermdebt_invcap__leverage_ratio"", ""edge_GES__roa__Unnamed: 0"", ""edge_GES__debt_ratio2__longtermdebt_invcap"", ""edge_GES__longtermdebt_invcap__totaldebt_invcap"", ""asset_turnover"", ""edge_GES__debt_ebitda__roa"", ""edge_GES__debt_ebitda__debt_ratio2"", ""edge_GES__debt_ratio2__leverage_ratio"", ""edge_GES__debt_ratio__roe"", ""edge_GES__roa__asset_turnover"", ""edge_GES__debt_ratio2__debt_ratio"", ""edge_GES__debt_ratio__rect_turn"", ""edge_GES__cash_debt__totaldebt_invcap"", ""edge_GES__longtermdebt_invcap__capitalization_ratio"", ""edge_GES__totaldebt_invcap__capitalization_ratio"", ""edge_GES__Unnamed: 0__capitalization_ratio"", ""edge_GES__asset_turnover__Unnamed: 0"", ""edge_GES__roe__rect_turn"", ""edge_GES__roa__leverage_ratio"", ""edge_GES__asset_liabilities__Unnamed: 0"", ""edge_GES__totaldebt_invcap__Unnamed: 0"", ""roe"", ""edge_GES__asset_liabilities__leverage_ratio"", ""cash_debt"", ""debt_ratio2"", ""edge_GES__Unnamed: 0__rect_turn"", ""edge_GES__debt_ratio__leverage_ratio"", ""edge_GES__cash_debt__rect_turn"", ""edge_GES__debt_ratio2__asset_liabilities"", ""edge_GES__cash_debt__longtermdebt_invcap"", ""edge_GES__debt_ratio2__roa"", ""edge_GES__roe__Unnamed: 0"", ""edge_GES__asset_liabilities__rect_turn"", ""edge_GES__debt_ebitda__roe"", ""asset_liabilities"", ""edge_GES__debt_ratio2__roe"", ""longtermdebt_invcap"", ""edge_GES__asset_liabilities__capitalization_ratio"", ""edge_GES__roe__asset_turnover"", ""edge_GES__cash_debt__debt_ratio"", ""edge_GES__roa__totaldebt_invcap"", ""edge_GES__debt_ratio2__totaldebt_invcap"", ""edge_GES__roe__leverage_ratio"", ""edge_GES__roa__rect_turn"", ""totaldebt_invcap"", ""rect_turn"", ""capitalization_ratio"", ""edge_GES__leverage_ratio__capitalization_ratio"", ""edge_GES__cash_debt__asset_liabilities"", ""edge_GES__cash_debt__debt_ratio2"", ""edge_GES__asset_turnover__rect_turn"", ""debt_ratio"", ""edge_GES__debt_ratio__Unnamed: 0""]"
59f896aca859c5f2,OFR,GES,ALL,2,68044,68,"[""cash_debt"", ""edge_GES__leverage_ratio__capitalization_ratio"", ""edge_GES__roa__totaldebt_invcap"", ""edge_GES__totaldebt_invcap__leverage_ratio"", ""edge_GES__cash_debt__asset_liabilities"", ""edge_GES__debt_ebitda__roe"", ""edge_GES__debt_ratio2__longtermdebt_invcap"", ""edge_GES__roe__rect_turn"", ""edge_GES__asset_liabilities__roe"", ""edge_GES__roa__rect_turn"", ""edge_GES__asset_liabilities__Unnamed: 0"", ""totaldebt_invcap"", ""edge_GES__roa__leverage_ratio"", ""edge_GES__cash_debt__rect_turn"", ""edge_GES__longtermdebt_invcap__capitalization_ratio"", ""edge_GES__debt_ratio2__capitalization_ratio"", ""edge_GES__cash_debt__longtermdebt_invcap"", ""edge_GES__roa__asset_turnover"", ""edge_GES__asset_turnover__Unnamed: 0"", ""edge_GES__debt_ratio2__leverage_ratio"", ""debt_ebitda"", ""asset_liabilities"", ""edge_GES__cash_debt__totaldebt_invcap"", ""edge_GES__debt_ratio2__roe"", ""edge_GES__asset_liabilities__rect_turn"", ""debt_ratio2"", ""edge_GES__asset_liabilities__leverage_ratio"", ""edge_GES__roa__Unnamed: 0"", ""edge_GES__debt_ebitda__roa"", ""edge_GES__debt_ratio__leverage_ratio"", ""debt_ratio"", ""edge_GES__longtermdebt_invcap__leverage_ratio"", ""rect_turn"", ""edge_GES__debt_ebitda__debt_ratio2"", ""leverage_ratio"", ""roe"", ""asset_turnover"", ""edge_GES__leverage_ratio__rect_turn"", ""edge_GES__Unnamed: 0__capitalization_ratio"", ""longtermdebt_invcap"", ""edge_GES__Unnamed: 0__rect_turn"", ""edge_GES__roe__asset_turnover"", ""edge_GES__roe__totaldebt_invcap"", ""edge_GES__asset_liabilities__asset_turnover"", ""roa"", ""edge_GES__debt_ratio__Unnamed: 0"", ""edge_GES__debt_ratio2__totaldebt_invcap"", ""edge_GES__debt_ratio__roa"", ""edge_GES__longtermdebt_invcap__totaldebt_invcap"", ""edge_GES__roe__leverage_ratio"", ""edge_GES__asset_turnover__leverage_ratio"", ""edge_GES__totaldebt_invcap__capitalization_ratio"", ""edge_GES__debt_ratio__asset_liabilities"", ""edge_GES__debt_ratio__roe"", ""edge_GES__totaldebt_invcap__Unnamed: 0"", ""edge_GES__debt_ratio__capitalization_ratio"", ""edge_GES__debt_ratio2__debt_ratio"", ""edge_GES__debt_ratio2__roa"", ""edge_GES__totaldebt_invcap__asset_turnover"", ""edge_GES__asset_liabilities__capitalization_ratio"", ""edge_GES__roe__Unnamed: 0"", ""edge_GES__cash_debt__debt_ratio2"", ""edge_GES__cash_debt__debt_ratio"", ""edge_GES__asset_turnover__rect_turn"", ""capitalization_ratio"", ""edge_GES__debt_ratio__rect_turn"", ""edge_GES__cash_debt__Unnamed: 0"", ""edge_GES__debt_ratio2__asset_liabilities""]"
d0e5747afd029410,OFR,GES,ALL,3,68045,68,"[""edge_GES__roe__asset_turnover"", ""edge_GES__debt_ratio2__asset_liabilities"", ""edge_GES__debt_ratio2__totaldebt_invcap"", ""edge_GES__debt_ratio2__longtermdebt_invcap"", ""edge_GES__roe__leverage_ratio"", ""edge_GES__asset_turnover__Unnamed: 0"", ""edge_GES__cash_debt__longtermdebt_invcap"", ""edge_GES__totaldebt_invcap__capitalization_ratio"", ""edge_GES__roa__totaldebt_invcap"", ""edge_GES__longtermdebt_invcap__capitalization_ratio"", ""edge_GES__leverage_ratio__capitalization_ratio"", ""edge_GES__totaldebt_invcap__asset_turnover"", ""edge_GES__asset_liabilities__capitalization_ratio"", ""debt_ratio2"", ""edge_GES__longtermdebt_invcap__totaldebt_invcap"", ""edge_GES__debt_ratio__capitalization_ratio"", ""edge_GES__cash_debt__debt_ratio2"", ""edge_GES__debt_ebitda__roe"", ""edge_GES__debt_ratio__asset_liabilities"", ""edge_GES__longtermdebt_invcap__leverage_ratio"", ""roe"", ""edge_GES__cash_debt__asset_liabilities"", ""edge_GES__debt_ebitda__debt_ratio2"", ""edge_GES__roe__totaldebt_invcap"", ""edge_GES__debt_ratio__leverage_ratio"", ""longtermdebt_invcap"", ""capitalization_ratio"", ""edge_GES__leverage_ratio__rect_turn"", ""totaldebt_invcap"", ""edge_GES__roa__rect_turn"", ""edge_GES__roe__rect_turn"", ""edge_GES__roe__Unnamed: 0"", ""edge_GES__totaldebt_invcap__leverage_ratio"", ""edge_GES__roa__asset_turnover"", ""edge_GES__asset_liabilities__rect_turn"", ""edge_GES__debt_ratio__roa"", ""edge_GES__debt_ratio2__roe"", ""edge_GES__debt_ratio2__roa"", ""edge_GES__debt_ebitda__roa"", ""cash_debt"", ""asset_turnover"", ""edge_GES__cash_debt__debt_ratio"", ""edge_GES__asset_liabilities__roe"", ""edge_GES__Unnamed: 0__rect_turn"", ""edge_GES__debt_ratio__Unnamed: 0"", ""edge_GES__asset_turnover__leverage_ratio"", ""edge_GES__debt_ratio2__leverage_ratio"", ""edge_GES__asset_turnover__rect_turn"", ""edge_GES__totaldebt_invcap__Unnamed: 0"", ""debt_ebitda"", ""edge_GES__asset_liabilities__asset_turnover"", ""edge_GES__Unnamed: 0__capitalization_ratio"", ""edge_GES__cash_debt__rect_turn"", ""edge_GES__roa__leverage_ratio"", ""edge_GES__asset_liabilities__Unnamed: 0"", ""edge_GES__cash_debt__Unnamed: 0"", ""rect_turn"", ""edge_GES__debt_ratio2__capitalization_ratio"", ""asset_liabilities"", ""edge_GES__asset_liabilities__leverage_ratio"", ""edge_GES__debt_ratio__rect_turn"", ""roa"", ""edge_GES__debt_ratio2__debt_ratio"", ""edge_GES__cash_debt__totaldebt_invcap"", ""debt_ratio"", ""leverage_ratio"", ""edge_GES__roa__Unnamed: 0"", ""edge_GES__debt_ratio__roe""]"
584c4f6f3f0b6a09,OFR,GES,ALL,4,68046,68,"[""edge_GES__cash_debt__totaldebt_invcap"", ""edge_GES__asset_liabilities__asset_turnover"", ""edge_GES__roa__rect_turn"", ""debt_ebitda"", ""edge_GES__asset_turnover__Unnamed: 0"", ""roe"", ""edge_GES__asset_turnover__rect_turn"", ""edge_GES__asset_liabilities__rect_turn"", ""edge_GES__cash_debt__Unnamed: 0"", ""edge_GES__totaldebt_invcap__capitalization_ratio"", ""longtermdebt_invcap"", ""edge_GES__roa__leverage_ratio"", ""edge_GES__longtermdebt_invcap__leverage_ratio"", ""edge_GES__Unnamed: 0__capitalization_ratio"", ""edge_GES__leverage_ratio__rect_turn"", ""rect_turn"", ""capitalization_ratio"", ""edge_GES__cash_debt__rect_turn"", ""edge_GES__leverage_ratio__capitalization_ratio"", ""edge_GES__asset_liabilities__leverage_ratio"", ""edge_GES__debt_ratio2__roe"", ""debt_ratio2"", ""edge_GES__longtermdebt_invcap__capitalization_ratio"", ""roa"", ""edge_GES__Unnamed: 0__rect_turn"", ""edge_GES__totaldebt_invcap__asset_turnover"", ""edge_GES__debt_ebitda__roe"", ""edge_GES__roe__Unnamed: 0"", ""edge_GES__debt_ratio2__roa"", ""edge_GES__totaldebt_invcap__leverage_ratio"", ""edge_GES__roe__asset_turnover"", ""edge_GES__longtermdebt_invcap__totaldebt_invcap"", ""totaldebt_invcap"", ""edge_GES__cash_debt__longtermdebt_invcap"", ""edge_GES__debt_ratio__asset_liabilities"", ""edge_GES__debt_ebitda__roa"", ""edge_GES__debt_ratio2__leverage_ratio"", ""edge_GES__debt_ratio__roa"", ""edge_GES__debt_ratio2__capitalization_ratio"", ""edge_GES__cash_debt__asset_liabilities"", ""leverage_ratio"", ""edge_GES__asset_liabilities__Unnamed: 0"", ""edge_GES__debt_ratio__leverage_ratio"", ""edge_GES__asset_liabilities__capitalization_ratio"", ""edge_GES__debt_ratio__capitalization_ratio"", ""edge_GES__roe__leverage_ratio"", ""edge_GES__totaldebt_invcap__Unnamed: 0"", ""edge_GES__roe__totaldebt_invcap"", ""edge_GES__debt_ratio2__debt_ratio"", ""edge_GES__debt_ratio__rect_turn"", ""debt_ratio"", ""edge_GES__debt_ratio__roe"", ""asset_turnover"", ""edge_GES__debt_ratio2__totaldebt_invcap"", ""edge_GES__roa__asset_turnover"", ""edge_GES__asset_liabilities__roe"", ""edge_GES__asset_turnover__leverage_ratio"", ""edge_GES__debt_ratio2__longtermdebt_invcap"", ""edge_GES__debt_ratio2__asset_liabilities"", ""edge_GES__cash_debt__debt_ratio2"", ""edge_GES__debt_ebitda__debt_ratio2"", ""asset_liabilities"", ""cash_debt"", ""edge_GES__roa__Unnamed: 0"", ""edge_GES__roe__rect_turn"", ""edge_GES__cash_debt__debt_ratio"", ""edge_GES__debt_ratio__Unnamed: 0"", ""edge_GES__roa__totaldebt_invcap""]"
5d44aec594d57af8,F,GOLEM,1,,,1,"[""edge_GOLEM__debt_ratio__asset_liabilities""]"
1764f1430f80689c,OF,GOLEM,1,,,14,"[""leverage_ratio"", ""asset_liabilities"", ""roe"", ""asset_turnover"", ""debt_ratio"", ""debt_ratio2"", ""roa"", ""capitalization_ratio"", ""longtermdebt_invcap"", ""totaldebt_invcap"", ""cash_debt"", ""debt_ebitda"", ""rect_turn"", ""edge_GOLEM__debt_ratio__asset_liabilities""]"
140b79aa06813104,F,GOLEM,2,,,2,"[""edge_GOLEM__debt_ratio__asset_liabilities"", ""edge_GOLEM__debt_ratio__rect_turn""]"
a6c4d708f5adb6d5,OF,GOLEM,2,,,15,"[""leverage_ratio"", ""asset_liabilities"", ""roe"", ""asset_turnover"", ""debt_ratio"", ""debt_ratio2"", ""roa"", ""capitalization_ratio"", ""longtermdebt_invcap"", ""totaldebt_invcap"", ""cash_debt"", ""debt_ebitda"", ""rect_turn"", ""edge_GOLEM__debt_ratio__asset_liabilities"", ""edge_GOLEM__debt_ratio__rect_turn""]"
5932bb55e9f26353,F,GOLEM,3,,,3,"[""edge_GOLEM__debt_ratio__asset_liabilities"", ""edge_GOLEM__debt_ratio__rect_turn"", ""edge_GOLEM__roa__asset_turnover""]"
72486b97342b5a81,OF,GOLEM,3,,,16,"[""leverage_ratio"", ""asset_liabilities"", ""roe"", ""asset_turnover"", ""debt_ratio"", ""debt_ratio2"", ""roa"", ""capitalization_ratio"", ""longtermdebt_invcap"", ""totaldebt_invcap"", ""cash_debt"", ""debt_ebitda"", ""rect_turn"", ""edge_GOLEM__debt_ratio__asset_liabilities"", ""edge_GOLEM__debt_ratio__rect_turn"", ""edge_GOLEM__roa__asset_turnover""]"
fe6d7575b1d442f2,F,GOLEM,4,,,4,"[""edge_GOLEM__debt_ratio__asset_liabilities"", ""edge_GOLEM__debt_ratio__rect_turn"", ""edge_GOLEM__roa__asset_turnover"", ""edge_GOLEM__roa__rect_turn""]"
283d566f7c427ce1,OF,GOLEM,4,,,17,"[""leverage_ratio"", ""asset_liabilities"", ""roe"", ""asset_turnover"", ""debt_ratio"", ""debt_ratio2"", ""roa"", ""capitalization_ratio"", ""longtermdebt_invcap"", ""totaldebt_invcap"", ""cash_debt"", ""debt_ebitda"", ""rect_turn"", ""edge_GOLEM__debt_ratio__asset_liabilities"", ""edge_GOLEM__debt_ratio__rect_turn"", ""edge_GOLEM__roa__asset_turnover"", ""edge_GOLEM__roa__rect_turn""]"
d91dafb8999ed110,F,GOLEM,5,,,5,"[""edge_GOLEM__debt_ratio__asset_liabilities"", ""edge_GOLEM__debt_ratio__rect_turn"", ""edge_GOLEM__roa__asset_turnover"", ""edge_GOLEM__roa__rect_turn"", ""edge_GOLEM__rect_turn__asset_turnover""]"
648fe30c933c651d,OF,GOLEM,5,,,18,"[""leverage_ratio"", ""asset_liabilities"", ""roe"", ""asset_turnover"", ""debt_ratio"", ""debt_ratio2"", ""roa"", ""capitalization_ratio"", ""longtermdebt_invcap"", ""totaldebt_invcap"", ""cash_debt"", ""debt_ebitda"", ""rect_turn"", ""edge_GOLEM__debt_ratio__asset_liabilities"", ""edge_GOLEM__debt_ratio__rect_turn"", ""edge_GOLEM__roa__asset_turnover"", ""edge_GOLEM__roa__rect_turn"", ""edge_GOLEM__rect_turn__asset_turnover""]"
b5a36bb5b1ae7ab4,F,GOLEM,6,,,6,"[""edge_GOLEM__debt_ratio__asset_liabilities"", ""edge_GOLEM__debt_ratio__rect_turn"", ""edge_GOLEM__roa__asset_turnover"", ""edge_GOLEM__roa__rect_turn"", ""edge_GOLEM__rect_turn__asset_turnover"", ""edge_GOLEM__roa__roe""]"
47ac225f8366a49b,OF,GOLEM,6,,,19,"[""leverage_ratio"", ""asset_liabilities"", ""roe"", ""asset_turnover"", ""debt_ratio"", ""debt_ratio2"", ""roa"", ""capitalization_ratio"", ""longtermdebt_invcap"", ""totaldebt_invcap"", ""cash_debt"", ""debt_ebitda"", ""rect_turn"", ""edge_GOLEM__debt_ratio__asset_liabilities"", ""edge_GOLEM__debt_ratio__rect_turn"", ""edge_GOLEM__roa__asset_turnover"", ""edge_GOLEM__roa__rect_turn"", ""edge_GOLEM__rect_turn__asset_turnover"", ""edge_GOLEM__roa__roe""]"
6e8b26da04cb79b4,F,GOLEM,7,,,7,"[""edge_GOLEM__debt_ratio__asset_liabilities"", ""edge_GOLEM__debt_ratio__rect_turn"", ""edge_GOLEM__roa__asset_turnover"", ""edge_GOLEM__roa__rect_turn"", ""edge_GOLEM__rect_turn__asset_turnover"", ""edge_GOLEM__roa__roe"", ""edge_GOLEM__rect_turn__asset_liabilities""]"
8df3c6eaed0221da,OF,GOLEM,7,,,20,"[""leverage_ratio"", ""asset_liabilities"", ""roe"", ""asset_turnover"", ""debt_ratio"", ""debt_ratio2"", ""roa"", ""capitalization_ratio"", ""longtermdebt_invcap"", ""totaldebt_invcap"", ""cash_debt"", ""debt_ebitda"", ""rect_turn"", ""edge_GOLEM__debt_ratio__asset_liabilities"", ""edge_GOLEM__debt_ratio__rect_turn"", ""edge_GOLEM__roa__asset_turnover"", ""edge_GOLEM__roa__rect_turn"", ""edge_GOLEM__rect_turn__asset_turnover"", ""edge_GOLEM__roa__roe"", ""edge_GOLEM__rect_turn__asset_liabilities""]"
688de5612780ce0a,F,GOLEM,8,,,8,"[""edge_GOLEM__debt_ratio__asset_liabilities"", ""edge_GOLEM__debt_ratio__rect_turn"", ""edge_GOLEM__roa__asset_turnover"", ""edge_GOLEM__roa__rect_turn"", ""edge_GOLEM__rect_turn__asset_turnover"", ""edge_GOLEM__roa__roe"", ""edge_GOLEM__rect_turn__asset_liabilities"", ""edge_GOLEM__debt_ratio__leverage_ratio""]"
ec85353a21c9d2f4,OF,GOLEM,8,,,21,"[""leverage_ratio"", ""asset_liabilities"", ""roe"", ""asset_turnover"", ""debt_ratio"", ""debt_ratio2"", ""roa"", ""capitalization_ratio"", ""longtermdebt_invcap"", ""totaldebt_invcap"", ""cash_debt"", ""debt_ebitda"", ""rect_turn"", ""edge_GOLEM__debt_ratio__asset_liabilities"", ""edge_GOLEM__debt_ratio__rect_turn"", ""edge_GOLEM__roa__asset_turnover"", ""edge_GOLEM__roa__rect_turn"", ""edge_GOLEM__rect_turn__asset_turnover"", ""edge_GOLEM__roa__roe"", ""edge_GOLEM__rect_turn__asset_liabilities"", ""edge_GOLEM__debt_ratio__leverage_ratio""]"
0dab5d0cf7d47bc3,F,GOLEM,9,,,9,"[""edge_GOLEM__debt_ratio__asset_liabilities"", ""edge_GOLEM__debt_ratio__rect_turn"", ""edge_GOLEM__roa__asset_turnover"", ""edge_GOLEM__roa__rect_turn"", ""edge_GOLEM__rect_turn__asset_turnover"", ""edge_GOLEM__roa__roe"", ""edge_GOLEM__rect_turn__asset_liabilities"", ""edge_GOLEM__debt_ratio__leverage_ratio"", ""edge_GOLEM__debt_ratio2__totaldebt_invcap""]"
0c4c0616521c3b2a,OF,GOLEM,9,,,22,"[""leverage_ratio"", ""asset_liabilities"", ""roe"", ""asset_turnover"", ""debt_ratio"", ""debt_ratio2"", ""roa"", ""capitalization_ratio"", ""longtermdebt_invcap"", ""totaldebt_invcap"", ""cash_debt"", ""debt_ebitda"", ""rect_turn"", ""edge_GOLEM__debt_ratio__asset_liabilities"", ""edge_GOLEM__debt_ratio__rect_turn"", ""edge_GOLEM__roa__asset_turnover"", ""edge_GOLEM__roa__rect_turn"", ""edge_GOLEM__rect_turn__asset_turnover"", ""edge_GOLEM__roa__roe"", ""edge_GOLEM__rect_turn__asset_liabilities"", ""edge_GOLEM__debt_ratio__leverage_ratio"", ""edge_GOLEM__debt_ratio2__totaldebt_invcap""]"
7f59bd501c3dbaab,F,GOLEM,10,,,10,"[""edge_GOLEM__debt_ratio__asset_liabilities"", ""edge_GOLEM__debt_ratio__rect_turn"", ""edge_GOLEM__roa__asset_turnover"", ""edge_GOLEM__roa__rect_turn"", ""edge_GOLEM__rect_turn__asset_turnover"", ""edge_GOLEM__roa__roe"", ""edge_GOLEM__rect_turn__asset_liabilities"", ""edge_GOLEM__debt_ratio__leverage_ratio"", ""edge_GOLEM__debt_ratio2__totaldebt_invcap"", ""edge_GOLEM__capitalization_ratio__longtermdebt_invcap""]"
7d9a63074f68ccad,OF,GOLEM,10,,,23,"[""leverage_ratio"", ""asset_liabilities"", ""roe"", ""asset_turnover"", ""debt_ratio"", ""debt_ratio2"", ""roa"", ""capitalization_ratio"", ""longtermdebt_invcap"", ""totaldebt_invcap"", ""cash_debt"", ""debt_ebitda"", ""rect_turn"", ""edge_GOLEM__debt_ratio__asset_liabilities"", ""edge_GOLEM__debt_ratio__rect_turn"", ""edge_GOLEM__roa__asset_turnover"", ""edge_GOLEM__roa__rect_turn"", ""edge_GOLEM__rect_turn__asset_turnover"", ""edge_GOLEM__roa__roe"", ""edge_GOLEM__rect_turn__asset_liabilities"", ""edge_GOLEM__debt_ratio__leverage_ratio"", ""edge_GOLEM__debt_ratio2__totaldebt_invcap"", ""edge_GOLEM__capitalization_ratio__longtermdebt_invcap""]"
0511ae592ab833b7,F,GOLEM,11,,,11,"[""edge_GOLEM__debt_ratio__asset_liabilities"", ""edge_GOLEM__debt_ratio__rect_turn"", ""edge_GOLEM__roa__asset_turnover"", ""edge_GOLEM__roa__rect_turn"", ""edge_GOLEM__rect_turn__asset_turnover"", ""edge_GOLEM__roa__roe"", ""edge_GOLEM__rect_turn__asset_liabilities"", ""edge_GOLEM__debt_ratio__leverage_ratio"", ""edge_GOLEM__debt_ratio2__totaldebt_invcap"", ""edge_GOLEM__capitalization_ratio__longtermdebt_invcap"", ""edge_GOLEM__debt_ratio2__capitalization_ratio""]"
18138564e117358f,OF,GOLEM,11,,,24,"[""leverage_ratio"", ""asset_liabilities"", ""roe"", ""asset_turnover"", ""debt_ratio"", ""debt_ratio2"", ""roa"", ""capitalization_ratio"", ""longtermdebt_invcap"", ""totaldebt_invcap"", ""cash_debt"", ""debt_ebitda"", ""rect_turn"", ""edge_GOLEM__debt_ratio__asset_liabilities"", ""edge_GOLEM__debt_ratio__rect_turn"", ""edge_GOLEM__roa__asset_turnover"", ""edge_GOLEM__roa__rect_turn"", ""edge_GOLEM__rect_turn__asset_turnover"", ""edge_GOLEM__roa__roe"", ""edge_GOLEM__rect_turn__asset_liabilities"", ""edge_GOLEM__debt_ratio__leverage_ratio"", ""edge_GOLEM__debt_ratio2__totaldebt_invcap"", ""edge_GOLEM__capitalization_ratio__longtermdebt_invcap"", ""edge_GOLEM__debt_ratio2__capitalization_ratio""]"
96fce1d1ba2fa699,F,GOLEM,12,,,12,"[""edge_GOLEM__debt_ratio__asset_liabilities"", ""edge_GOLEM__debt_ratio__rect_turn"", ""edge_GOLEM__roa__asset_turnover"", ""edge_GOLEM__roa__rect_turn"", ""edge_GOLEM__rect_turn__asset_turnover"", ""edge_GOLEM__roa__roe"", ""edge_GOLEM__rect_turn__asset_liabilities"", ""edge_GOLEM__debt_ratio__leverage_ratio"", ""edge_GOLEM__debt_ratio2__totaldebt_invcap"", ""edge_GOLEM__capitalization_ratio__longtermdebt_invcap"", ""edge_GOLEM__debt_ratio2__capitalization_ratio"", ""edge_GOLEM__capitalization_ratio__totaldebt_invcap""]"
215b222793dcdbfb,OF,GOLEM,12,,,25,"[""leverage_ratio"", ""asset_liabilities"", ""roe"", ""asset_turnover"", ""debt_ratio"", ""debt_ratio2"", ""roa"", ""capitalization_ratio"", ""longtermdebt_invcap"", ""totaldebt_invcap"", ""cash_debt"", ""debt_ebitda"", ""rect_turn"", ""edge_GOLEM__debt_ratio__asset_liabilities"", ""edge_GOLEM__debt_ratio__rect_turn"", ""edge_GOLEM__roa__asset_turnover"", ""edge_GOLEM__roa__rect_turn"", ""edge_GOLEM__rect_turn__asset_turnover"", ""edge_GOLEM__roa__roe"", ""edge_GOLEM__rect_turn__asset_liabilities"", ""edge_GOLEM__debt_ratio__leverage_ratio"", ""edge_GOLEM__debt_ratio2__totaldebt_invcap"", ""edge_GOLEM__capitalization_ratio__longtermdebt_invcap"", ""edge_GOLEM__debt_ratio2__capitalization_ratio"", ""edge_GOLEM__capitalization_ratio__totaldebt_invcap""]"
da2acca4fb88b2aa,F,GOLEM,13,,,13,"[""edge_GOLEM__debt_ratio__asset_liabilities"", ""edge_GOLEM__debt_ratio__rect_turn"", ""edge_GOLEM__roa__asset_turnover"", ""edge_GOLEM__roa__rect_turn"", ""edge_GOLEM__rect_turn__asset_turnover"", ""edge_GOLEM__roa__roe"", ""edge_GOLEM__rect_turn__asset_liabilities"", ""edge_GOLEM__debt_ratio__leverage_ratio"", ""edge_GOLEM__debt_ratio2__totaldebt_invcap"", ""edge_GOLEM__capitalization_ratio__longtermdebt_invcap"", ""edge_GOLEM__debt_ratio2__capitalization_ratio"", ""edge_GOLEM__capitalization_ratio__totaldebt_invcap"", ""edge_GOLEM__roa__debt_ratio""]"
472fc3f159d772f3,OF,GOLEM,13,,,26,"[""leverage_ratio"", ""asset_liabilities"", ""roe"", ""asset_turnover"", ""debt_ratio"", ""debt_ratio2"", ""roa"", ""capitalization_ratio"", ""longtermdebt_invcap"", ""totaldebt_invcap"", ""cash_debt"", ""debt_ebitda"", ""rect_turn"", ""edge_GOLEM__debt_ratio__asset_liabilities"", ""edge_GOLEM__debt_ratio__rect_turn"", ""edge_GOLEM__roa__asset_turnover"", ""edge_GOLEM__roa__rect_turn"", ""edge_GOLEM__rect_turn__asset_turnover"", ""edge_GOLEM__roa__roe"", ""edge_GOLEM__rect_turn__asset_liabilities"", ""edge_GOLEM__debt_ratio__leverage_ratio"", ""edge_GOLEM__debt_ratio2__totaldebt_invcap"", ""edge_GOLEM__capitalization_ratio__longtermdebt_invcap"", ""edge_GOLEM__debt_ratio2__capitalization_ratio"", ""edge_GOLEM__capitalization_ratio__totaldebt_invcap"", ""edge_GOLEM__roa__debt_ratio""]"
40021117058bf5f8,F,GOLEM,14,,,14,"[""edge_GOLEM__debt_ratio__asset_liabilities"", ""edge_GOLEM__debt_ratio__rect_turn"", ""edge_GOLEM__roa__asset_turnover"", ""edge_GOLEM__roa__rect_turn"", ""edge_GOLEM__rect_turn__asset_turnover"", ""edge_GOLEM__roa__roe"", ""edge_GOLEM__rect_turn__asset_liabilities"", ""edge_GOLEM__debt_ratio__leverage_ratio"", ""edge_GOLEM__debt_ratio2__totaldebt_invcap"", ""edge_GOLEM__capitalization_ratio__longtermdebt_invcap"", ""edge_GOLEM__debt_ratio2__capitalization_ratio"", ""edge_GOLEM__capitalization_ratio__totaldebt_invcap"", ""edge_GOLEM__roa__debt_ratio"", ""edge_GOLEM__leverage_ratio__totaldebt_invcap""]"
4bae1f31c7f9b591,OF,GOLEM,14,,,27,"[""leverage_ratio"", ""asset_liabilities"", ""roe"", ""asset_turnover"", ""debt_ratio"", ""debt_ratio2"", ""roa"", ""capitalization_ratio"", ""longtermdebt_invcap"", ""totaldebt_invcap"", ""cash_debt"", ""debt_ebitda"", ""rect_turn"", ""edge_GOLEM__debt_ratio__asset_liabilities"", ""edge_GOLEM__debt_ratio__rect_turn"", ""edge_GOLEM__roa__asset_turnover"", ""edge_GOLEM__roa__rect_turn"", ""edge_GOLEM__rect_turn__asset_turnover"", ""edge_GOLEM__roa__roe"", ""edge_GOLEM__rect_turn__asset_liabilities"", ""edge_GOLEM__debt_ratio__leverage_ratio"", ""edge_GOLEM__debt_ratio2__totaldebt_invcap"", ""edge_GOLEM__capitalization_ratio__longtermdebt_invcap"", ""edge_GOLEM__debt_ratio2__capitalization_ratio"", ""edge_GOLEM__capitalization_ratio__totaldebt_invcap"", ""edge_GOLEM__roa__debt_ratio"", ""edge_GOLEM__leverage_ratio__totaldebt_invcap""]"
06292a569571a05e,F,GOLEM,15,,,15,"[""edge_GOLEM__debt_ratio__asset_liabilities"", ""edge_GOLEM__debt_ratio__rect_turn"", ""edge_GOLEM__roa__asset_turnover"", ""edge_GOLEM__roa__rect_turn"", ""edge_GOLEM__rect_turn__asset_turnover"", ""edge_GOLEM__roa__roe"", ""edge_GOLEM__rect_turn__asset_liabilities"", ""edge_GOLEM__debt_ratio__leverage_ratio"", ""edge_GOLEM__debt_ratio2__totaldebt_invcap"", ""edge_GOLEM__capitalization_ratio__longtermdebt_invcap"", ""edge_GOLEM__debt_ratio2__capitalization_ratio"", ""edge_GOLEM__capitalization_ratio__totaldebt_invcap"", ""edge_GOLEM__roa__debt_ratio"", ""edge_GOLEM__leverage_ratio__totaldebt_invcap"", ""edge_GOLEM__longtermdebt_invcap__totaldebt_invcap""]"
6c0c6915847c8118,OF,GOLEM,15,,,28,"[""leverage_ratio"", ""asset_liabilities"", ""roe"", ""asset_turnover"", ""debt_ratio"", ""debt_ratio2"", ""roa"", ""capitalization_ratio"", ""longtermdebt_invcap"", ""totaldebt_invcap"", ""cash_debt"", ""debt_ebitda"", ""rect_turn"", ""edge_GOLEM__debt_ratio__asset_liabilities"", ""edge_GOLEM__debt_ratio__rect_turn"", ""edge_GOLEM__roa__asset_turnover"", ""edge_GOLEM__roa__rect_turn"", ""edge_GOLEM__rect_turn__asset_turnover"", ""edge_GOLEM__roa__roe"", ""edge_GOLEM__rect_turn__asset_liabilities"", ""edge_GOLEM__debt_ratio__leverage_ratio"", ""edge_GOLEM__debt_ratio2__totaldebt_invcap"", ""edge_GOLEM__capitalization_ratio__longtermdebt_invcap"", ""edge_GOLEM__debt_ratio2__capitalization_ratio"", ""edge_GOLEM__capitalization_ratio__totaldebt_invcap"", ""edge_GOLEM__roa__debt_ratio"", ""edge_GOLEM__leverage_ratio__totaldebt_invcap"", ""edge_GOLEM__longtermdebt_invcap__totaldebt_invcap""]"
b7b5c4109c72032c,F,GOLEM,16,,,16,"[""edge_GOLEM__debt_ratio__asset_liabilities"", ""edge_GOLEM__debt_ratio__rect_turn"", ""edge_GOLEM__roa__asset_turnover"", ""edge_GOLEM__roa__rect_turn"", ""edge_GOLEM__rect_turn__asset_turnover"", ""edge_GOLEM__roa__roe"", ""edge_GOLEM__rect_turn__asset_liabilities"", ""edge_GOLEM__debt_ratio__leverage_ratio"", ""edge_GOLEM__debt_ratio2__totaldebt_invcap"", ""edge_GOLEM__capitalization_ratio__longtermdebt_invcap"", ""edge_GOLEM__debt_ratio2__capitalization_ratio"", ""edge_GOLEM__capitalization_ratio__totaldebt_invcap"", ""edge_GOLEM__roa__debt_ratio"", ""edge_GOLEM__leverage_ratio__totaldebt_invcap"", ""edge_GOLEM__longtermdebt_invcap__totaldebt_invcap"", ""edge_GOLEM__debt_ratio2__debt_ebitda""]"
b3a50edf227de16f,OF,GOLEM,16,,,29,"[""leverage_ratio"", ""asset_liabilities"", ""roe"", ""asset_turnover"", ""debt_ratio"", ""debt_ratio2"", ""roa"", ""capitalization_ratio"", ""longtermdebt_invcap"", ""totaldebt_invcap"", ""cash_debt"", ""debt_ebitda"", ""rect_turn"", ""edge_GOLEM__debt_ratio__asset_liabilities"", ""edge_GOLEM__debt_ratio__rect_turn"", ""edge_GOLEM__roa__asset_turnover"", ""edge_GOLEM__roa__rect_turn"", ""edge_GOLEM__rect_turn__asset_turnover"", ""edge_GOLEM__roa__roe"", ""edge_GOLEM__rect_turn__asset_liabilities"", ""edge_GOLEM__debt_ratio__leverage_ratio"", ""edge_GOLEM__debt_ratio2__totaldebt_invcap"", ""edge_GOLEM__capitalization_ratio__longtermdebt_invcap"", ""edge_GOLEM__debt_ratio2__capitalization_ratio"", ""edge_GOLEM__capitalization_ratio__totaldebt_invcap"", ""edge_GOLEM__roa__debt_ratio"", ""edge_GOLEM__leverage_ratio__totaldebt_invcap"", ""edge_GOLEM__longtermdebt_invcap__totaldebt_invcap"", ""edge_GOLEM__debt_ratio2__debt_ebitda""]"
3a806dc9661ea3e8,F,GOLEM,17,,,17,"[""edge_GOLEM__debt_ratio__asset_liabilities"", ""edge_GOLEM__debt_ratio__rect_turn"", ""edge_GOLEM__roa__asset_turnover"", ""edge_GOLEM__roa__rect_turn"", ""edge_GOLEM__rect_turn__asset_turnover"", ""edge_GOLEM__roa__roe"", ""edge_GOLEM__rect_turn__asset_liabilities"", ""edge_GOLEM__debt_ratio__leverage_ratio"", ""edge_GOLEM__debt_ratio2__totaldebt_invcap"", ""edge_GOLEM__capitalization_ratio__longtermdebt_invcap"", ""edge_GOLEM__debt_ratio2__capitalization_ratio"", ""edge_GOLEM__capitalization_ratio__totaldebt_invcap"", ""edge_GOLEM__roa__debt_ratio"", ""edge_GOLEM__leverage_ratio__totaldebt_invcap"", ""edge_GOLEM__longtermdebt_invcap__totaldebt_invcap"", ""edge_GOLEM__debt_ratio2__debt_ebitda"", ""edge_GOLEM__debt_ratio2__rect_turn""]"
77593e6cf28cc0b7,OF,GOLEM,17,,,30,"[""leverage_ratio"", ""asset_liabilities"", ""roe"", ""asset_turnover"", ""debt_ratio"", ""debt_ratio2"", ""roa"", ""capitalization_ratio"", ""longtermdebt_invcap"", ""totaldebt_invcap"", ""cash_debt"", ""debt_ebitda"", ""rect_turn"", ""edge_GOLEM__debt_ratio__asset_liabilities"", ""edge_GOLEM__debt_ratio__rect_turn"", ""edge_GOLEM__roa__asset_turnover"", ""edge_GOLEM__roa__rect_turn"", ""edge_GOLEM__rect_turn__asset_turnover"", ""edge_GOLEM__roa__roe"", ""edge_GOLEM__rect_turn__asset_liabilities"", ""edge_GOLEM__debt_ratio__leverage_ratio"", ""edge_GOLEM__debt_ratio2__totaldebt_invcap"", ""edge_GOLEM__capitalization_ratio__longtermdebt_invcap"", ""edge_GOLEM__debt_ratio2__capitalization_ratio"", ""edge_GOLEM__capitalization_ratio__totaldebt_invcap"", ""edge_GOLEM__roa__debt_ratio"", ""edge_GOLEM__leverage_ratio__totaldebt_invcap"", ""edge_GOLEM__longtermdebt_invcap__totaldebt_invcap"", ""edge_GOLEM__debt_ratio2__debt_ebitda"", ""edge_GOLEM__debt_ratio2__rect_turn""]"
823207e695be1ff0,F,GOLEM,18,,,18,"[""edge_GOLEM__debt_ratio__asset_liabilities"", ""edge_GOLEM__debt_ratio__rect_turn"", ""edge_GOLEM__roa__asset_turnover"", ""edge_GOLEM__roa__rect_turn"", ""edge_GOLEM__rect_turn__asset_turnover"", ""edge_GOLEM__roa__roe"", ""edge_GOLEM__rect_turn__asset_liabilities"", ""edge_GOLEM__debt_ratio__leverage_ratio"", ""edge_GOLEM__debt_ratio2__totaldebt_invcap"", ""edge_GOLEM__capitalization_ratio__longtermdebt_invcap"", ""edge_GOLEM__debt_ratio2__capitalization_ratio"", ""edge_GOLEM__capitalization_ratio__totaldebt_invcap"", ""edge_GOLEM__roa__debt_ratio"", ""edge_GOLEM__leverage_ratio__totaldebt_invcap"", ""edge_GOLEM__longtermdebt_invcap__totaldebt_invcap"", ""edge_GOLEM__debt_ratio2__debt_ebitda"", ""edge_GOLEM__debt_ratio2__rect_turn"", ""edge_GOLEM__rect_turn__leverage_ratio""]"
aecda8e9d3172999,OF,GOLEM,18,,,31,"[""leverage_ratio"", ""asset_liabilities"", ""roe"", ""asset_turnover"", ""debt_ratio"", ""debt_ratio2"", ""roa"", ""capitalization_ratio"", ""longtermdebt_invcap"", ""totaldebt_invcap"", ""cash_debt"", ""debt_ebitda"", ""rect_turn"", ""edge_GOLEM__debt_ratio__asset_liabilities"", ""edge_GOLEM__debt_ratio__rect_turn"", ""edge_GOLEM__roa__asset_turnover"", ""edge_GOLEM__roa__rect_turn"", ""edge_GOLEM__rect_turn__asset_turnover"", ""edge_GOLEM__roa__roe"", ""edge_GOLEM__rect_turn__asset_liabilities"", ""edge_GOLEM__debt_ratio__leverage_ratio"", ""edge_GOLEM__debt_ratio2__totaldebt_invcap"", ""edge_GOLEM__capitalization_ratio__longtermdebt_invcap"", ""edge_GOLEM__debt_ratio2__capitalization_ratio"", ""edge_GOLEM__capitalization_ratio__totaldebt_invcap"", ""edge_GOLEM__roa__debt_ratio"", ""edge_GOLEM__leverage_ratio__totaldebt_invcap"", ""edge_GOLEM__longtermdebt_invcap__totaldebt_invcap"", ""edge_GOLEM__debt_ratio2__debt_ebitda"", ""edge_GOLEM__debt_ratio2__rect_turn"", ""edge_GOLEM__rect_turn__leverage_ratio""]"
1d74dd8a956d56e1,F,GOLEM,19,,,19,"[""edge_GOLEM__debt_ratio__asset_liabilities"", ""edge_GOLEM__debt_ratio__rect_turn"", ""edge_GOLEM__roa__asset_turnover"", ""edge_GOLEM__roa__rect_turn"", ""edge_GOLEM__rect_turn__asset_turnover"", ""edge_GOLEM__roa__roe"", ""edge_GOLEM__rect_turn__asset_liabilities"", ""edge_GOLEM__debt_ratio__leverage_ratio"", ""edge_GOLEM__debt_ratio2__totaldebt_invcap"", ""edge_GOLEM__capitalization_ratio__longtermdebt_invcap"", ""edge_GOLEM__debt_ratio2__capitalization_ratio"", ""edge_GOLEM__capitalization_ratio__totaldebt_invcap"", ""edge_GOLEM__roa__debt_ratio"", ""edge_GOLEM__leverage_ratio__totaldebt_invcap"", ""edge_GOLEM__longtermdebt_invcap__totaldebt_invcap"", ""edge_GOLEM__debt_ratio2__debt_ebitda"", ""edge_GOLEM__debt_ratio2__rect_turn"", ""edge_GOLEM__rect_turn__leverage_ratio"", ""edge_GOLEM__leverage_ratio__asset_liabilities""]"
d201257e9537b66f,OF,GOLEM,19,,,32,"[""leverage_ratio"", ""asset_liabilities"", ""roe"", ""asset_turnover"", ""debt_ratio"", ""debt_ratio2"", ""roa"", ""capitalization_ratio"", ""longtermdebt_invcap"", ""totaldebt_invcap"", ""cash_debt"", ""debt_ebitda"", ""rect_turn"", ""edge_GOLEM__debt_ratio__asset_liabilities"", ""edge_GOLEM__debt_ratio__rect_turn"", ""edge_GOLEM__roa__asset_turnover"", ""edge_GOLEM__roa__rect_turn"", ""edge_GOLEM__rect_turn__asset_turnover"", ""edge_GOLEM__roa__roe"", ""edge_GOLEM__rect_turn__asset_liabilities"", ""edge_GOLEM__debt_ratio__leverage_ratio"", ""edge_GOLEM__debt_ratio2__totaldebt_invcap"", ""edge_GOLEM__capitalization_ratio__longtermdebt_invcap"", ""edge_GOLEM__debt_ratio2__capitalization_ratio"", ""edge_GOLEM__capitalization_ratio__totaldebt_invcap"", ""edge_GOLEM__roa__debt_ratio"", ""edge_GOLEM__leverage_ratio__totaldebt_invcap"", ""edge_GOLEM__longtermdebt_invcap__totaldebt_invcap"", ""edge_GOLEM__debt_ratio2__debt_ebitda"", ""edge_GOLEM__debt_ratio2__rect_turn"", ""edge_GOLEM__rect_turn__leverage_ratio"", ""edge_GOLEM__leverage_ratio__asset_liabilities""]"
1049748cd586d498,F,GOLEM,20,,,20,"[""edge_GOLEM__debt_ratio__asset_liabilities"", ""edge_GOLEM__debt_ratio__rect_turn"", ""edge_GOLEM__roa__asset_turnover"", ""edge_GOLEM__roa__rect_turn"", ""edge_GOLEM__rect_turn__asset_turnover"", ""edge_GOLEM__roa__roe"", ""edge_GOLEM__rect_turn__asset_liabilities"", ""edge_GOLEM__debt_ratio__leverage_ratio"", ""edge_GOLEM__debt_ratio2__totaldebt_invcap"", ""edge_GOLEM__capitalization_ratio__longtermdebt_invcap"", ""edge_GOLEM__debt_ratio2__capitalization_ratio"", ""edge_GOLEM__capitalization_ratio__totaldebt_invcap"", ""edge_GOLEM__roa__debt_ratio"", ""edge_GOLEM__leverage_ratio__totaldebt_invcap"", ""edge_GOLEM__longtermdebt_invcap__totaldebt_invcap"", ""edge_GOLEM__debt_ratio2__debt_ebitda"", ""edge_GOLEM__debt_ratio2__rect_turn"", ""edge_GOLEM__rect_turn__leverage_ratio"", ""edge_GOLEM__leverage_ratio__asset_liabilities"", ""edge_GOLEM__debt_ratio2__roa""]"
00037b2451cb07a3,OF,GOLEM,20,,,33,"[""leverage_ratio"", ""asset_liabilities"", ""roe"", ""asset_turnover"", ""debt_ratio"", ""debt_ratio2"", ""roa"", ""capitalization_ratio"", ""longtermdebt_invcap"", ""totaldebt_invcap"", ""cash_debt"", ""debt_ebitda"", ""rect_turn"", ""edge_GOLEM__debt_ratio__asset_liabilities"", ""edge_GOLEM__debt_ratio__rect_turn"", ""edge_GOLEM__roa__asset_turnover"", ""edge_GOLEM__roa__rect_turn"", ""edge_GOLEM__rect_turn__asset_turnover"", ""edge_GOLEM__roa__roe"", ""edge_GOLEM__rect_turn__asset_liabilities"", ""edge_GOLEM__debt_ratio__leverage_ratio"", ""edge_GOLEM__debt_ratio2__totaldebt_invcap"", ""edge_GOLEM__capitalization_ratio__longtermdebt_invcap"", ""edge_GOLEM__debt_ratio2__capitalization_ratio"", ""edge_GOLEM__capitalization_ratio__totaldebt_invcap"", ""edge_GOLEM__roa__debt_ratio"", ""edge_GOLEM__leverage_ratio__totaldebt_invcap"", ""edge_GOLEM__longtermdebt_invcap__totaldebt_invcap"", ""edge_GOLEM__debt_ratio2__debt_ebitda"", ""edge_GOLEM__debt_ratio2__rect_turn"", ""edge_GOLEM__rect_turn__leverage_ratio"", ""edge_GOLEM__leverage_ratio__asset_liabilities"", ""edge_GOLEM__debt_ratio2__roa""]"
d9428be70001da5d,F,GOLEM,21,,,21,"[""edge_GOLEM__debt_ratio__asset_liabilities"", ""edge_GOLEM__debt_ratio__rect_turn"", ""edge_GOLEM__roa__asset_turnover"", ""edge_GOLEM__roa__rect_turn"", ""edge_GOLEM__rect_turn__asset_turnover"", ""edge_GOLEM__roa__roe"", ""edge_GOLEM__rect_turn__asset_liabilities"", ""edge_GOLEM__debt_ratio__leverage_ratio"", ""edge_GOLEM__debt_ratio2__totaldebt_invcap"", ""edge_GOLEM__capitalization_ratio__longtermdebt_invcap"", ""edge_GOLEM__debt_ratio2__capitalization_ratio"", ""edge_GOLEM__capitalization_ratio__totaldebt_invcap"", ""edge_GOLEM__roa__debt_ratio"", ""edge_GOLEM__leverage_ratio__totaldebt_invcap"", ""edge_GOLEM__longtermdebt_invcap__totaldebt_invcap"", ""edge_GOLEM__debt_ratio2__debt_ebitda"", ""edge_GOLEM__debt_ratio2__rect_turn"", ""edge_GOLEM__rect_turn__leverage_ratio"", ""edge_GOLEM__leverage_ratio__asset_liabilities"", ""edge_GOLEM__debt_ratio2__roa"", ""edge_GOLEM__leverage_ratio__asset_turnover""]"
5929e7ecaee6ba5d,OF,GOLEM,21,,,34,"[""leverage_ratio"", ""asset_liabilities"", ""roe"", ""asset_turnover"", ""debt_ratio"", ""debt_ratio2"", ""roa"", ""capitalization_ratio"", ""longtermdebt_invcap"", ""totaldebt_invcap"", ""cash_debt"", ""debt_ebitda"", ""rect_turn"", ""edge_GOLEM__debt_ratio__asset_liabilities"", ""edge_GOLEM__debt_ratio__rect_turn"", ""edge_GOLEM__roa__asset_turnover"", ""edge_GOLEM__roa__rect_turn"", ""edge_GOLEM__rect_turn__asset_turnover"", ""edge_GOLEM__roa__roe"", ""edge_GOLEM__rect_turn__asset_liabilities"", ""edge_GOLEM__debt_ratio__leverage_ratio"", ""edge_GOLEM__debt_ratio2__totaldebt_invcap"", ""edge_GOLEM__capitalization_ratio__longtermdebt_invcap"", ""edge_GOLEM__debt_ratio2__capitalization_ratio"", ""edge_GOLEM__capitalization_ratio__totaldebt_invcap"", ""edge_GOLEM__roa__debt_ratio"", ""edge_GOLEM__leverage_ratio__totaldebt_invcap"", ""edge_GOLEM__longtermdebt_invcap__totaldebt_invcap"", ""edge_GOLEM__debt_ratio2__debt_ebitda"", ""edge_GOLEM__debt_ratio2__rect_turn"", ""edge_GOLEM__rect_turn__leverage_ratio"", ""edge_GOLEM__leverage_ratio__asset_liabilities"", ""edge_GOLEM__debt_ratio2__roa"", ""edge_GOLEM__leverage_ratio__asset_turnover""]"
9147b30f4345a55a,F,GOLEM,22,,,22,"[""edge_GOLEM__debt_ratio__asset_liabilities"", ""edge_GOLEM__debt_ratio__rect_turn"", ""edge_GOLEM__roa__asset_turnover"", ""edge_GOLEM__roa__rect_turn"", ""edge_GOLEM__rect_turn__asset_turnover"", ""edge_GOLEM__roa__roe"", ""edge_GOLEM__rect_turn__asset_liabilities"", ""edge_GOLEM__debt_ratio__leverage_ratio"", ""edge_GOLEM__debt_ratio2__totaldebt_invcap"", ""edge_GOLEM__capitalization_ratio__longtermdebt_invcap"", ""edge_GOLEM__debt_ratio2__capitalization_ratio"", ""edge_GOLEM__capitalization_ratio__totaldebt_invcap"", ""edge_GOLEM__roa__debt_ratio"", ""edge_GOLEM__leverage_ratio__totaldebt_invcap"", ""edge_GOLEM__longtermdebt_invcap__totaldebt_invcap"", ""edge_GOLEM__debt_ratio2__debt_ebitda"", ""edge_GOLEM__debt_ratio2__rect_turn"", ""edge_GOLEM__rect_turn__leverage_ratio"", ""edge_GOLEM__leverage_ratio__asset_liabilities"", ""edge_GOLEM__debt_ratio2__roa"", ""edge_GOLEM__leverage_ratio__asset_turnover"", ""edge_GOLEM__roa__totaldebt_invcap""]"
b2b3bca1258ab915,OF,GOLEM,22,,,35,"[""leverage_ratio"", ""asset_liabilities"", ""roe"", ""asset_turnover"", ""debt_ratio"", ""debt_ratio2"", ""roa"", ""capitalization_ratio"", ""longtermdebt_invcap"", ""totaldebt_invcap"", ""cash_debt"", ""debt_ebitda"", ""rect_turn"", ""edge_GOLEM__debt_ratio__asset_liabilities"", ""edge_GOLEM__debt_ratio__rect_turn"", ""edge_GOLEM__roa__asset_turnover"", ""edge_GOLEM__roa__rect_turn"", ""edge_GOLEM__rect_turn__asset_turnover"", ""edge_GOLEM__roa__roe"", ""edge_GOLEM__rect_turn__asset_liabilities"", ""edge_GOLEM__debt_ratio__leverage_ratio"", ""edge_GOLEM__debt_ratio2__totaldebt_invcap"", ""edge_GOLEM__capitalization_ratio__longtermdebt_invcap"", ""edge_GOLEM__debt_ratio2__capitalization_ratio"", ""edge_GOLEM__capitalization_ratio__totaldebt_invcap"", ""edge_GOLEM__roa__debt_ratio"", ""edge_GOLEM__leverage_ratio__totaldebt_invcap"", ""edge_GOLEM__longtermdebt_invcap__totaldebt_invcap"", ""edge_GOLEM__debt_ratio2__debt_ebitda"", ""edge_GOLEM__debt_ratio2__rect_turn"", ""edge_GOLEM__rect_turn__leverage_ratio"", ""edge_GOLEM__leverage_ratio__asset_liabilities"", ""edge_GOLEM__debt_ratio2__roa"", ""edge_GOLEM__leverage_ratio__asset_turnover"", ""edge_GOLEM__roa__totaldebt_invcap""]"
d48478f1798435b8,F,GOLEM,23,,,23,"[""edge_GOLEM__debt_ratio__asset_liabilities"", ""edge_GOLEM__debt_ratio__rect_turn"", ""edge_GOLEM__roa__asset_turnover"", ""edge_GOLEM__roa__rect_turn"", ""edge_GOLEM__rect_turn__asset_turnover"", ""edge_GOLEM__roa__roe"", ""edge_GOLEM__rect_turn__asset_liabilities"", ""edge_GOLEM__debt_ratio__leverage_ratio"", ""edge_GOLEM__debt_ratio2__totaldebt_invcap"", ""edge_GOLEM__capitalization_ratio__longtermdebt_invcap"", ""edge_GOLEM__debt_ratio2__capitalization_ratio"", ""edge_GOLEM__capitalization_ratio__totaldebt_invcap"", ""edge_GOLEM__roa__debt_ratio"", ""edge_GOLEM__leverage_ratio__totaldebt_invcap"", ""edge_GOLEM__longtermdebt_invcap__totaldebt_invcap"", ""edge_GOLEM__debt_ratio2__debt_ebitda"", ""edge_GOLEM__debt_ratio2__rect_turn"", ""edge_GOLEM__rect_turn__leverage_ratio"", ""edge_GOLEM__leverage_ratio__asset_liabilities"", ""edge_GOLEM__debt_ratio2__roa"", ""edge_GOLEM__leverage_ratio__asset_turnover"", ""edge_GOLEM__roa__totaldebt_invcap"", ""edge_GOLEM__rect_turn__roe""]"
552939458212efbd,OF,GOLEM,23,,,36,"[""leverage_ratio"", ""asset_liabilities"", ""roe"", ""asset_turnover"", ""debt_ratio"", ""debt_ratio2"", ""roa"", ""capitalization_ratio"", ""longtermdebt_invcap"", ""totaldebt_invcap"", ""cash_debt"", ""debt_ebitda"", ""rect_turn"", ""edge_GOLEM__debt_ratio__asset_liabilities"", ""edge_GOLEM__debt_ratio__rect_turn"", ""edge_GOLEM__roa__asset_turnover"", ""edge_GOLEM__roa__rect_turn"", ""edge_GOLEM__rect_turn__asset_turnover"", ""edge_GOLEM__roa__roe"", ""edge_GOLEM__rect_turn__asset_liabilities"", ""edge_GOLEM__debt_ratio__leverage_ratio"", ""edge_GOLEM__debt_ratio2__totaldebt_invcap"", ""edge_GOLEM__capitalization_ratio__longtermdebt_invcap"", ""edge_GOLEM__debt_ratio2__capitalization_ratio"", ""edge_GOLEM__capitalization_ratio__totaldebt_invcap"", ""edge_GOLEM__roa__debt_ratio"", ""edge_GOLEM__leverage_ratio__totaldebt_invcap"", ""edge_GOLEM__longtermdebt_invcap__totaldebt_invcap"", ""edge_GOLEM__debt_ratio2__debt_ebitda"", ""edge_GOLEM__debt_ratio2__rect_turn"", ""edge_GOLEM__rect_turn__leverage_ratio"", ""edge_GOLEM__leverage_ratio__asset_liabilities"", ""edge_GOLEM__debt_ratio2__roa"", ""edge_GOLEM__leverage_ratio__asset_turnover"", ""edge_GOLEM__roa__totaldebt_invcap"", ""edge_GOLEM__rect_turn__roe""]"
6f2d862936d8ad71,F,GOLEM,24,,,24,"[""edge_GOLEM__debt_ratio__asset_liabilities"", ""edge_GOLEM__debt_ratio__rect_turn"", ""edge_GOLEM__roa__asset_turnover"", ""edge_GOLEM__roa__rect_turn"", ""edge_GOLEM__rect_turn__asset_turnover"", ""edge_GOLEM__roa__roe"", ""edge_GOLEM__rect_turn__asset_liabilities"", ""edge_GOLEM__debt_ratio__leverage_ratio"", ""edge_GOLEM__debt_ratio2__totaldebt_invcap"", ""edge_GOLEM__capitalization_ratio__longtermdebt_invcap"", ""edge_GOLEM__debt_ratio2__capitalization_ratio"", ""edge_GOLEM__capitalization_ratio__totaldebt_invcap"", ""edge_GOLEM__roa__debt_ratio"", ""edge_GOLEM__leverage_ratio__totaldebt_invcap"", ""edge_GOLEM__longtermdebt_invcap__totaldebt_invcap"", ""edge_GOLEM__debt_ratio2__debt_ebitda"", ""edge_GOLEM__debt_ratio2__rect_turn"", ""edge_GOLEM__rect_turn__leverage_ratio"", ""edge_GOLEM__leverage_ratio__asset_liabilities"", ""edge_GOLEM__debt_ratio2__roa"", ""edge_GOLEM__leverage_ratio__asset_turnover"", ""edge_GOLEM__roa__totaldebt_invcap"", ""edge_GOLEM__rect_turn__roe"", ""edge_GOLEM__roa__capitalization_ratio""]"
b2e53f58cc65415c,OF,GOLEM,24,,,37,"[""leverage_ratio"", ""asset_liabilities"", ""roe"", ""asset_turnover"", ""debt_ratio"", ""debt_ratio2"", ""roa"", ""capitalization_ratio"", ""longtermdebt_invcap"", ""totaldebt_invcap"", ""cash_debt"", ""debt_ebitda"", ""rect_turn"", ""edge_GOLEM__debt_ratio__asset_liabilities"", ""edge_GOLEM__debt_ratio__rect_turn"", ""edge_GOLEM__roa__asset_turnover"", ""edge_GOLEM__roa__rect_turn"", ""edge_GOLEM__rect_turn__asset_turnover"", ""edge_GOLEM__roa__roe"", ""edge_GOLEM__rect_turn__asset_liabilities"", ""edge_GOLEM__debt_ratio__leverage_ratio"", ""edge_GOLEM__debt_ratio2__totaldebt_invcap"", ""edge_GOLEM__capitalization_ratio__longtermdebt_invcap"", ""edge_GOLEM__debt_ratio2__capitalization_ratio"", ""edge_GOLEM__capitalization_ratio__totaldebt_invcap"", ""edge_GOLEM__roa__debt_ratio"", ""edge_GOLEM__leverage_ratio__totaldebt_invcap"", ""edge_GOLEM__longtermdebt_invcap__totaldebt_invcap"", ""edge_GOLEM__debt_ratio2__debt_ebitda"", ""edge_GOLEM__debt_ratio2__rect_turn"", ""edge_GOLEM__rect_turn__leverage_ratio"", ""edge_GOLEM__leverage_ratio__asset_liabilities"", ""edge_GOLEM__debt_ratio2__roa"", ""edge_GOLEM__leverage_ratio__asset_turnover"", ""edge_GOLEM__roa__totaldebt_invcap"", ""edge_GOLEM__rect_turn__roe"", ""edge_GOLEM__roa__capitalization_ratio""]"
710761342f601788,F,GOLEM,25,,,25,"[""edge_GOLEM__debt_ratio__asset_liabilities"", ""edge_GOLEM__debt_ratio__rect_turn"", ""edge_GOLEM__roa__asset_turnover"", ""edge_GOLEM__roa__rect_turn"", ""edge_GOLEM__rect_turn__asset_turnover"", ""edge_GOLEM__roa__roe"", ""edge_GOLEM__rect_turn__asset_liabilities"", ""edge_GOLEM__debt_ratio__leverage_ratio"", ""edge_GOLEM__debt_ratio2__totaldebt_invcap"", ""edge_GOLEM__capitalization_ratio__longtermdebt_invcap"", ""edge_GOLEM__debt_ratio2__capitalization_ratio"", ""edge_GOLEM__capitalization_ratio__totaldebt_invcap"", ""edge_GOLEM__roa__debt_ratio"", ""edge_GOLEM__leverage_ratio__totaldebt_invcap"", ""edge_GOLEM__longtermdebt_invcap__totaldebt_invcap"", ""edge_GOLEM__debt_ratio2__debt_ebitda"", ""edge_GOLEM__debt_ratio2__rect_turn"", ""edge_GOLEM__rect_turn__leverage_ratio"", ""edge_GOLEM__leverage_ratio__asset_liabilities"", ""edge_GOLEM__debt_ratio2__roa"", ""edge_GOLEM__leverage_ratio__asset_turnover"", ""edge_GOLEM__roa__totaldebt_invcap"", ""edge_GOLEM__rect_turn__roe"", ""edge_GOLEM__roa__capitalization_ratio"", ""edge_GOLEM__roe__totaldebt_invcap""]"
eb121959e2431b20,OF,GOLEM,25,,,38,"[""leverage_ratio"", ""asset_liabilities"", ""roe"", ""asset_turnover"", ""debt_ratio"", ""debt_ratio2"", ""roa"", ""capitalization_ratio"", ""longtermdebt_invcap"", ""totaldebt_invcap"", ""cash_debt"", ""debt_ebitda"", ""rect_turn"", ""edge_GOLEM__debt_ratio__asset_liabilities"", ""edge_GOLEM__debt_ratio__rect_turn"", ""edge_GOLEM__roa__asset_turnover"", ""edge_GOLEM__roa__rect_turn"", ""edge_GOLEM__rect_turn__asset_turnover"", ""edge_GOLEM__roa__roe"", ""edge_GOLEM__rect_turn__asset_liabilities"", ""edge_GOLEM__debt_ratio__leverage_ratio"", ""edge_GOLEM__debt_ratio2__totaldebt_invcap"", ""edge_GOLEM__capitalization_ratio__longtermdebt_invcap"", ""edge_GOLEM__debt_ratio2__capitalization_ratio"", ""edge_GOLEM__capitalization_ratio__totaldebt_invcap"", ""edge_GOLEM__roa__debt_ratio"", ""edge_GOLEM__leverage_ratio__totaldebt_invcap"", ""edge_GOLEM__longtermdebt_invcap__totaldebt_invcap"", ""edge_GOLEM__debt_ratio2__debt_ebitda"", ""edge_GOLEM__debt_ratio2__rect_turn"", ""edge_GOLEM__rect_turn__leverage_ratio"", ""edge_GOLEM__leverage_ratio__asset_liabilities"", ""edge_GOLEM__debt_ratio2__roa"", ""edge_GOLEM__leverage_ratio__asset_turnover"", ""edge_GOLEM__roa__totaldebt_invcap"", ""edge_GOLEM__rect_turn__roe"", ""edge_GOLEM__roa__capitalization_ratio"", ""edge_GOLEM__roe__totaldebt_invcap""]"
9dd66c347bd7a388,F,GOLEM,26,,,26,"[""edge_GOLEM__debt_ratio__asset_liabilities"", ""edge_GOLEM__debt_ratio__rect_turn"", ""edge_GOLEM__roa__asset_turnover"", ""edge_GOLEM__roa__rect_turn"", ""edge_GOLEM__rect_turn__asset_turnover"", ""edge_GOLEM__roa__roe"", ""edge_GOLEM__rect_turn__asset_liabilities"", ""edge_GOLEM__debt_ratio__leverage_ratio"", ""edge_GOLEM__debt_ratio2__totaldebt_invcap"", ""edge_GOLEM__capitalization_ratio__longtermdebt_invcap"", ""edge_GOLEM__debt_ratio2__capitalization_ratio"", ""edge_GOLEM__capitalization_ratio__totaldebt_invcap"", ""edge_GOLEM__roa__debt_ratio"", ""edge_GOLEM__leverage_ratio__totaldebt_invcap"", ""edge_GOLEM__longtermdebt_invcap__totaldebt_invcap"", ""edge_GOLEM__debt_ratio2__debt_ebitda"", ""edge_GOLEM__debt_ratio2__rect_turn"", ""edge_GOLEM__rect_turn__leverage_ratio"", ""edge_GOLEM__leverage_ratio__asset_liabilities"", ""edge_GOLEM__debt_ratio2__roa"", ""edge_GOLEM__leverage_ratio__asset_turnover"", ""edge_GOLEM__roa__totaldebt_invcap"", ""edge_GOLEM__rect_turn__roe"", ""edge_GOLEM__roa__capitalization_ratio"", ""edge_GOLEM__roe__totaldebt_invcap"", ""edge_GOLEM__capitalization_ratio__debt_ratio""]"
0ffa48359963fc99,OF,GOLEM,26,,,39,"[""leverage_ratio"", ""asset_liabilities"", ""roe"", ""asset_turnover"", ""debt_ratio"", ""debt_ratio2"", ""roa"", ""capitalization_ratio"", ""longtermdebt_invcap"", ""totaldebt_invcap"", ""cash_debt"", ""debt_ebitda"", ""rect_turn"", ""edge_GOLEM__debt_ratio__asset_liabilities"", ""edge_GOLEM__debt_ratio__rect_turn"", ""edge_GOLEM__roa__asset_turnover"", ""edge_GOLEM__roa__rect_turn"", ""edge_GOLEM__rect_turn__asset_turnover"", ""edge_GOLEM__roa__roe"", ""edge_GOLEM__rect_turn__asset_liabilities"", ""edge_GOLEM__debt_ratio__leverage_ratio"", ""edge_GOLEM__debt_ratio2__totaldebt_invcap"", ""edge_GOLEM__capitalization_ratio__longtermdebt_invcap"", ""edge_GOLEM__debt_ratio2__capitalization_ratio"", ""edge_GOLEM__capitalization_ratio__totaldebt_invcap"", ""edge_GOLEM__roa__debt_ratio"", ""edge_GOLEM__leverage_ratio__totaldebt_invcap"", ""edge_GOLEM__longtermdebt_invcap__totaldebt_invcap"", ""edge_GOLEM__debt_ratio2__debt_ebitda"", ""edge_GOLEM__debt_ratio2__rect_turn"", ""edge_GOLEM__rect_turn__leverage_ratio"", ""edge_GOLEM__leverage_ratio__asset_liabilities"", ""edge_GOLEM__debt_ratio2__roa"", ""edge_GOLEM__leverage_ratio__asset_turnover"", ""edge_GOLEM__roa__totaldebt_invcap"", ""edge_GOLEM__rect_turn__roe"", ""edge_GOLEM__roa__capitalization_ratio"", ""edge_GOLEM__roe__totaldebt_invcap"", ""edge_GOLEM__capitalization_ratio__debt_ratio""]"
0c8b526083c42711,OFR,GOLEM,5,0,5042,5,"[""cash_debt"", ""longtermdebt_invcap"", ""edge_GOLEM__roa__rect_turn"", ""roe"", ""edge_GOLEM__capitalization_ratio__totaldebt_invcap""]"
aca97e0c8e295b6b,OFR,GOLEM,5,1,5043,5,"[""edge_GOLEM__roa__roe"", ""roe"", ""edge_GOLEM__debt_ratio2__roa"", ""edge_GOLEM__debt_ratio__leverage_ratio"", ""edge_GOLEM__roe__totaldebt_invcap""]"
77cdf6301e26d050,OFR,GOLEM,5,2,5044,5,"[""edge_GOLEM__debt_ratio2__rect_turn"", ""debt_ratio"", ""edge_GOLEM__rect_turn__leverage_ratio"", ""edge_GOLEM__rect_turn__asset_liabilities"", ""debt_ebitda""]"
f60ba5f9f5507569,OFR,GOLEM,5,3,5045,5,"[""roe"", ""edge_GOLEM__roa__capitalization_ratio"", ""totaldebt_invcap"", ""longtermdebt_invcap"", ""roa""]"
5142bfb5fccb8993,OFR,GOLEM,5,4,5046,5,"[""debt_ratio2"", ""edge_GOLEM__roa__totaldebt_invcap"", ""edge_GOLEM__longtermdebt_invcap__totaldebt_invcap"", ""edge_GOLEM__rect_turn__asset_liabilities"", ""edge_GOLEM__debt_ratio__asset_liabilities""]"
adf1eb73cd2fc71d,OFR,GOLEM,10,0,10042,10,"[""edge_GOLEM__rect_turn__roe"", ""edge_GOLEM__rect_turn__asset_liabilities"", ""edge_GOLEM__roa__asset_turnover"", ""rect_turn"", ""edge_GOLEM__rect_turn__leverage_ratio"", ""edge_GOLEM__leverage_ratio__asset_liabilities"", ""edge_GOLEM__debt_ratio__leverage_ratio"", ""edge_GOLEM__debt_ratio2__capitalization_ratio"", ""debt_ebitda"", ""cash_debt""]"
2712b5a02d4f84ed,OFR,GOLEM,10,1,10043,10,"[""asset_liabilities"", ""edge_GOLEM__longtermdebt_invcap__totaldebt_invcap"", ""edge_GOLEM__roa__roe"", ""edge_GOLEM__roa__debt_ratio"", ""edge_GOLEM__roa__capitalization_ratio"", ""edge_GOLEM__debt_ratio__rect_turn"", ""edge_GOLEM__debt_ratio2__totaldebt_invcap"", ""rect_turn"", ""edge_GOLEM__capitalization_ratio__totaldebt_invcap"", ""roe""]"
974ae32b7cdd9c13,OFR,GOLEM,10,2,10044,10,"[""debt_ratio"", ""edge_GOLEM__debt_ratio__asset_liabilities"", ""debt_ebitda"", ""debt_ratio2"", ""edge_GOLEM__leverage_ratio__asset_turnover"", ""edge_GOLEM__rect_turn__roe"", ""edge_GOLEM__capitalization_ratio__longtermdebt_invcap"", ""edge_GOLEM__roa__roe"", ""roa"", ""rect_turn""]"
69ccb1bb215e2366,OFR,GOLEM,10,3,10045,10,"[""edge_GOLEM__debt_ratio2__rect_turn"", ""edge_GOLEM__debt_ratio2__totaldebt_invcap"", ""debt_ratio2"", ""asset_liabilities"", ""edge_GOLEM__roe__totaldebt_invcap"", ""totaldebt_invcap"", ""edge_GOLEM__rect_turn__roe"", ""cash_debt"", ""longtermdebt_invcap"", ""edge_GOLEM__rect_turn__leverage_ratio""]"
e94cdaef7ad416ba,OFR,GOLEM,10,4,10046,10,"[""roe"", ""edge_GOLEM__longtermdebt_invcap__totaldebt_invcap"", ""edge_GOLEM__rect_turn__roe"", ""edge_GOLEM__debt_ratio2__roa"", ""edge_GOLEM__roa__totaldebt_invcap"", ""edge_GOLEM__leverage_ratio__asset_turnover"", ""edge_GOLEM__roa__asset_turnover"", ""edge_GOLEM__capitalization_ratio__debt_ratio"", ""edge_GOLEM__roa__rect_turn"", ""asset_liabilities""]"
1a6f4b8259eeee98,OFR,GOLEM,20,0,20042,20,"[""leverage_ratio"", ""edge_GOLEM__capitalization_ratio__totaldebt_invcap"", ""edge_GOLEM__debt_ratio__rect_turn"", ""roe"", ""edge_GOLEM__capitalization_ratio__longtermdebt_invcap"", ""edge_GOLEM__roa__debt_ratio"", ""edge_GOLEM__rect_turn__roe"", ""debt_ratio2"", ""edge_GOLEM__rect_turn__asset_turnover"", ""edge_GOLEM__capitalization_ratio__debt_ratio"", ""edge_GOLEM__debt_ratio__asset_liabilities"", ""rect_turn"", ""edge_GOLEM__leverage_ratio__asset_turnover"", ""cash_debt"", ""edge_GOLEM__roa__totaldebt_invcap"", ""edge_GOLEM__leverage_ratio__asset_liabilities"", ""edge_GOLEM__roa__rect_turn"", ""debt_ebitda"", ""edge_GOLEM__debt_ratio__leverage_ratio"", ""edge_GOLEM__roa__capitalization_ratio""]"
31fe7d76b8c78dd8,OFR,GOLEM,20,1,20043,20,"[""rect_turn"", ""edge_GOLEM__roa__debt_ratio"", ""edge_GOLEM__roe__totaldebt_invcap"", ""edge_GOLEM__roa__rect_turn"", ""edge_GOLEM__rect_turn__roe"", ""edge_GOLEM__capitalization_ratio__longtermdebt_invcap"", ""edge_GOLEM__debt_ratio2__debt_ebitda"", ""debt_ebitda"", ""edge_GOLEM__rect_turn__asset_liabilities"", ""edge_GOLEM__leverage_ratio__asset_liabilities"", ""roe"", ""edge_GOLEM__debt_ratio2__rect_turn"", ""capitalization_ratio"", ""edge_GOLEM__debt_ratio2__totaldebt_invcap"", ""edge_GOLEM__roa__roe"", ""edge_GOLEM__debt_ratio2__roa"", ""roa"", ""totaldebt_invcap"", ""edge_GOLEM__rect_turn__asset_turnover"", ""asset_turnover""]"
f3dc95c834e99bbb,OFR,GOLEM,20,2,20044,20,"[""edge_GOLEM__longtermdebt_invcap__totaldebt_invcap"", ""edge_GOLEM__rect_turn__roe"", ""edge_GOLEM__capitalization_ratio__totaldebt_invcap"", ""debt_ratio2"", ""roe"", ""edge_GOLEM__debt_ratio2__rect_turn"", ""roa"", ""edge_GOLEM__roa__roe"", ""edge_GOLEM__capitalization_ratio__debt_ratio"", ""edge_GOLEM__debt_ratio2__debt_ebitda"", ""edge_GOLEM__capitalization_ratio__longtermdebt_invcap"", ""edge_GOLEM__debt_ratio2__totaldebt_invcap"", ""edge_GOLEM__leverage_ratio__asset_turnover"", ""totaldebt_invcap"", ""debt_ebitda"", ""edge_GOLEM__debt_ratio__asset_liabilities"", ""edge_GOLEM__rect_turn__asset_liabilities"", ""edge_GOLEM__debt_ratio2__roa"", ""cash_debt"", ""edge_GOLEM__roa__asset_turnover""]"
f04d2aa5d1002b1c,OFR,GOLEM,20,3,20045,20,"[""edge_GOLEM__roa__roe"", ""edge_GOLEM__leverage_ratio__asset_liabilities"", ""cash_debt"", ""debt_ratio"", ""edge_GOLEM__debt_ratio__leverage_ratio"", ""edge_GOLEM__rect_turn__roe"", ""roe"", ""edge_GOLEM__debt_ratio2__capitalization_ratio"", ""edge_GOLEM__rect_turn__asset_liabilities"", ""totaldebt_invcap"", ""edge_GOLEM__debt_ratio2__rect_turn"", ""edge_GOLEM__debt_ratio2__roa"", ""edge_GOLEM__longtermdebt_invcap__totaldebt_invcap"", ""edge_GOLEM__roe__totaldebt_invcap"", ""roa"", ""edge_GOLEM__roa__debt_ratio"", ""edge_GOLEM__rect_turn__asset_turnover"", ""edge_GOLEM__debt_ratio__asset_liabilities"", ""edge_GOLEM__roa__rect_turn"", ""edge_GOLEM__leverage_ratio__asset_turnover""]"
dcec269e0c0cd404,OFR,GOLEM,20,4,20046,20,"[""leverage_ratio"", ""edge_GOLEM__longtermdebt_invcap__totaldebt_invcap"", ""debt_ebitda"", ""edge_GOLEM__capitalization_ratio__longtermdebt_invcap"", ""edge_GOLEM__roa__roe"", ""edge_GOLEM__roa__capitalization_ratio"", ""debt_ratio2"", ""debt_ratio"", ""edge_GOLEM__leverage_ratio__asset_liabilities"", ""roa"", ""edge_GOLEM__roa__debt_ratio"", ""edge_GOLEM__roa__asset_turnover"", ""edge_GOLEM__rect_turn__asset_turnover"", ""edge_GOLEM__leverage_ratio__totaldebt_invcap"", ""edge_GOLEM__roe__totaldebt_invcap"", ""edge_GOLEM__debt_ratio2__debt_ebitda"", ""roe"", ""totaldebt_invcap"", ""edge_GOLEM__rect_turn__leverage_ratio"", ""edge_GOLEM__roa__rect_turn""]"
0d37bdc5c0a41b53,OFR,GOLEM,30,0,30042,30,"[""edge_GOLEM__roa__capitalization_ratio"", ""edge_GOLEM__debt_ratio2__capitalization_ratio"", ""roe"", ""edge_GOLEM__debt_ratio2__roa"", ""edge_GOLEM__roa__asset_turnover"", ""edge_GOLEM__capitalization_ratio__debt_ratio"", ""debt_ratio"", ""edge_GOLEM__leverage_ratio__asset_turnover"", ""edge_GOLEM__debt_ratio__rect_turn"", ""edge_GOLEM__debt_ratio2__rect_turn"", ""leverage_ratio"", ""edge_GOLEM__debt_ratio__asset_liabilities"", ""edge_GOLEM__rect_turn__leverage_ratio"", ""edge_GOLEM__rect_turn__asset_turnover"", ""edge_GOLEM__debt_ratio2__debt_ebitda"", ""debt_ebitda"", ""cash_debt"", ""debt_ratio2"", ""edge_GOLEM__roa__rect_turn"", ""edge_GOLEM__leverage_ratio__asset_liabilities"", ""totaldebt_invcap"", ""edge_GOLEM__roe__totaldebt_invcap"", ""edge_GOLEM__debt_ratio__leverage_ratio"", ""roa"", ""rect_turn"", ""edge_GOLEM__capitalization_ratio__longtermdebt_invcap"", ""capitalization_ratio"", ""asset_turnover"", ""asset_liabilities"", ""edge_GOLEM__roa__debt_ratio""]"
1248088e4ccb9d57,OFR,GOLEM,30,1,30043,30,"[""edge_GOLEM__debt_ratio2__capitalization_ratio"", ""edge_GOLEM__debt_ratio2__roa"", ""rect_turn"", ""edge_GOLEM__capitalization_ratio__debt_ratio"", ""edge_GOLEM__debt_ratio2__totaldebt_invcap"", ""edge_GOLEM__roa__capitalization_ratio"", ""debt_ratio"", ""edge_GOLEM__debt_ratio__rect_turn"", ""edge_GOLEM__debt_ratio2__rect_turn"", ""roe"", ""debt_ratio2"", ""edge_GOLEM__longtermdebt_invcap__totaldebt_invcap"", ""edge_GOLEM__leverage_ratio__totaldebt_invcap"", ""debt_ebitda"", ""edge_GOLEM__roe__totaldebt_invcap"", ""totaldebt_invcap"", ""asset_liabilities"", ""edge_GOLEM__capitalization_ratio__totaldebt_invcap"", ""capitalization_ratio"", ""edge_GOLEM__roa__rect_turn"", ""leverage_ratio"", ""edge_GOLEM__roa__debt_ratio"", ""roa"", ""edge_GOLEM__rect_turn__asset_liabilities"", ""edge_GOLEM__roa__totaldebt_invcap"", ""edge_GOLEM__capitalization_ratio__longtermdebt_invcap"", ""cash_debt"", ""edge_GOLEM__roa__asset_turnover"", ""edge_GOLEM__debt_ratio2__debt_ebitda"", ""edge_GOLEM__leverage_ratio__asset_liabilities""]"
3610efdb0d63d746,OFR,GOLEM,30,2,30044,30,"[""edge_GOLEM__longtermdebt_invcap__totaldebt_invcap"", ""rect_turn"", ""totaldebt_invcap"", ""edge_GOLEM__debt_ratio2__roa"", ""debt_ratio"", ""debt_ebitda"", ""edge_GOLEM__roa__capitalization_ratio"", ""edge_GOLEM__roa__rect_turn"", ""edge_GOLEM__roe__totaldebt_invcap"", ""edge_GOLEM__leverage_ratio__asset_liabilities"", ""edge_GOLEM__debt_ratio2__rect_turn"", ""edge_GOLEM__leverage_ratio__totaldebt_invcap"", ""asset_turnover"", ""edge_GOLEM__rect_turn__roe"", ""edge_GOLEM__debt_ratio__rect_turn"", ""edge_GOLEM__debt_ratio__asset_liabilities"", ""edge_GOLEM__debt_ratio2__debt_ebitda"", ""edge_GOLEM__leverage_ratio__asset_turnover"", ""edge_GOLEM__roa__debt_ratio"", ""edge_GOLEM__debt_ratio2__totaldebt_invcap"", ""asset_liabilities"", ""edge_GOLEM__rect_turn__leverage_ratio"", ""edge_GOLEM__capitalization_ratio__debt_ratio"", ""leverage_ratio"", ""edge_GOLEM__roa__totaldebt_invcap"", ""edge_GOLEM__debt_ratio__leverage_ratio"", ""cash_debt"", ""edge_GOLEM__debt_ratio2__capitalization_ratio"", ""edge_GOLEM__rect_turn__asset_turnover"", ""capitalization_ratio""]"
f6db519c961958d0,OFR,GOLEM,30,3,30045,30,"[""edge_GOLEM__capitalization_ratio__totaldebt_invcap"", ""edge_GOLEM__rect_turn__leverage_ratio"", ""edge_GOLEM__debt_ratio2__roa"", ""edge_GOLEM__roe__totaldebt_invcap"", ""edge_GOLEM__debt_ratio2__capitalization_ratio"", ""roe"", ""roa"", ""edge_GOLEM__debt_ratio__rect_turn"", ""edge_GOLEM__rect_turn__roe"", ""cash_debt"", ""edge_GOLEM__roa__rect_turn"", ""edge_GOLEM__debt_ratio2__debt_ebitda"", ""edge_GOLEM__roa__debt_ratio"", ""debt_ratio"", ""totaldebt_invcap"", ""edge_GOLEM__roa__capitalization_ratio"", ""asset_turnover"", ""edge_GOLEM__debt_ratio2__totaldebt_invcap"", ""rect_turn"", ""edge_GOLEM__longtermdebt_invcap__totaldebt_invcap"", ""edge_GOLEM__debt_ratio2__rect_turn"", ""edge_GOLEM__capitalization_ratio__debt_ratio"", ""edge_GOLEM__rect_turn__asset_turnover"", ""edge_GOLEM__roa__asset_turnover"", ""edge_GOLEM__roa__roe"", ""edge_GOLEM__capitalization_ratio__longtermdebt_invcap"", ""asset_liabilities"", ""edge_GOLEM__debt_ratio__leverage_ratio"", ""longtermdebt_invcap"", ""capitalization_ratio""]"
c0ec35ae159daee3,OFR,GOLEM,30,4,30046,30,"[""edge_GOLEM__roa__rect_turn"", ""edge_GOLEM__leverage_ratio__asset_turnover"", ""asset_turnover"", ""edge_GOLEM__debt_ratio2__roa"", ""edge_GOLEM__rect_turn__asset_turnover"", ""edge_GOLEM__roa__capitalization_ratio"", ""roe"", ""edge_GOLEM__leverage_ratio__totaldebt_invcap"", ""edge_GOLEM__roa__asset_turnover"", ""edge_GOLEM__capitalization_ratio__totaldebt_invcap"", ""edge_GOLEM__leverage_ratio__asset_liabilities"", ""capitalization_ratio"", ""edge_GOLEM__debt_ratio__asset_liabilities"", ""edge_GOLEM__rect_turn__asset_liabilities"", ""rect_turn"", ""edge_GOLEM__roa__totaldebt_invcap"", ""edge_GOLEM__rect_turn__roe"", ""debt_ebitda"", ""edge_GOLEM__longtermdebt_invcap__totaldebt_invcap"", ""cash_debt"", ""roa"", ""edge_GOLEM__roa__roe"", ""edge_GOLEM__roe__totaldebt_invcap"", ""edge_GOLEM__debt_ratio__rect_turn"", ""edge_GOLEM__debt_ratio2__debt_ebitda"", ""asset_liabilities"", ""edge_GOLEM__debt_ratio2__capitalization_ratio"", ""edge_GOLEM__debt_ratio__leverage_ratio"", ""edge_GOLEM__debt_ratio2__rect_turn"", ""edge_GOLEM__rect_turn__leverage_ratio""]"
c808eb418a730801,OFR,GOLEM,40,0,39042,39,"[""totaldebt_invcap"", ""edge_GOLEM__capitalization_ratio__debt_ratio"", ""roe"", ""edge_GOLEM__roa__capitalization_ratio"", ""edge_GOLEM__roa__totaldebt_invcap"", ""edge_GOLEM__debt_ratio__leverage_ratio"", ""asset_liabilities"", ""edge_GOLEM__debt_ratio__asset_liabilities"", ""edge_GOLEM__rect_turn__asset_turnover"", ""edge_GOLEM__leverage_ratio__asset_turnover"", ""edge_GOLEM__debt_ratio2__roa"", ""edge_GOLEM__debt_ratio2__totaldebt_invcap"", ""edge_GOLEM__rect_turn__asset_liabilities"", ""edge_GOLEM__capitalization_ratio__totaldebt_invcap"", ""edge_GOLEM__longtermdebt_invcap__totaldebt_invcap"", ""asset_turnover"", ""capitalization_ratio"", ""rect_turn"", ""edge_GOLEM__debt_ratio__rect_turn"", ""edge_GOLEM__debt_ratio2__rect_turn"", ""debt_ratio"", ""edge_GOLEM__rect_turn__roe"", ""edge_GOLEM__capitalization_ratio__longtermdebt_invcap"", ""edge_GOLEM__roe__totaldebt_invcap"", ""edge_GOLEM__roa__debt_ratio"", ""debt_ebitda"", ""edge_GOLEM__leverage_ratio__asset_liabilities"", ""edge_GOLEM__debt_ratio2__debt_ebitda"", ""edge_GOLEM__leverage_ratio__totaldebt_invcap"", ""edge_GOLEM__roa__rect_turn"", ""roa"", ""debt_ratio2"", ""edge_GOLEM__rect_turn__leverage_ratio"", ""cash_debt"", ""leverage_ratio"", ""edge_GOLEM__debt_ratio2__capitalization_ratio"", ""edge_GOLEM__roa__roe"", ""longtermdebt_invcap"", ""edge_GOLEM__roa__asset_turnover""]"
ae26530276a38e21,OFR,GOLEM,40,1,39043,39,"[""edge_GOLEM__capitalization_ratio__longtermdebt_invcap"", ""edge_GOLEM__roa__capitalization_ratio"", ""edge_GOLEM__debt_ratio__rect_turn"", ""edge_GOLEM__debt_ratio2__rect_turn"", ""edge_GOLEM__roe__totaldebt_invcap"", ""edge_GOLEM__longtermdebt_invcap__totaldebt_invcap"", ""edge_GOLEM__debt_ratio__leverage_ratio"", ""cash_debt"", ""capitalization_ratio"", ""leverage_ratio"", ""edge_GOLEM__rect_turn__roe"", ""edge_GOLEM__roa__rect_turn"", ""asset_liabilities"", ""rect_turn"", ""edge_GOLEM__leverage_ratio__totaldebt_invcap"", ""edge_GOLEM__roa__asset_turnover"", ""edge_GOLEM__roa__totaldebt_invcap"", ""edge_GOLEM__debt_ratio2__roa"", ""edge_GOLEM__capitalization_ratio__debt_ratio"", ""debt_ebitda"", ""edge_GOLEM__debt_ratio2__capitalization_ratio"", ""edge_GOLEM__rect_turn__leverage_ratio"", ""edge_GOLEM__rect_turn__asset_turnover"", ""edge_GOLEM__rect_turn__asset_liabilities"", ""debt_ratio"", ""edge_GOLEM__debt_ratio__asset_liabilities"", ""longtermdebt_invcap"", ""edge_GOLEM__leverage_ratio__asset_liabilities"", ""roe"", ""edge_GOLEM__roa__roe"", ""edge_GOLEM__debt_ratio2__totaldebt_invcap"", ""debt_ratio2"", ""edge_GOLEM__roa__debt_ratio"", ""asset_turnover"", ""totaldebt_invcap"", ""edge_GOLEM__debt_ratio2__debt_ebitda"", ""edge_GOLEM__leverage_ratio__asset_turnover"", ""roa"", ""edge_GOLEM__capitalization_ratio__totaldebt_invcap""]"
9c633845ff42fd7e,OFR,GOLEM,40,2,39044,39,"[""edge_GOLEM__rect_turn__asset_liabilities"", ""leverage_ratio"", ""edge_GOLEM__rect_turn__asset_turnover"", ""longtermdebt_invcap"", ""edge_GOLEM__roa__rect_turn"", ""edge_GOLEM__debt_ratio2__capitalization_ratio"", ""totaldebt_invcap"", ""edge_GOLEM__roa__roe"", ""edge_GOLEM__debt_ratio2__totaldebt_invcap"", ""edge_GOLEM__roa__capitalization_ratio"", ""edge_GOLEM__capitalization_ratio__debt_ratio"", ""edge_GOLEM__debt_ratio2__debt_ebitda"", ""asset_turnover"", ""rect_turn"", ""edge_GOLEM__debt_ratio2__roa"", ""edge_GOLEM__rect_turn__leverage_ratio"", ""edge_GOLEM__leverage_ratio__totaldebt_invcap"", ""debt_ratio"", ""edge_GOLEM__leverage_ratio__asset_liabilities"", ""edge_GOLEM__capitalization_ratio__totaldebt_invcap"", ""edge_GOLEM__debt_ratio2__rect_turn"", ""edge_GOLEM__debt_ratio__rect_turn"", ""edge_GOLEM__roe__totaldebt_invcap"", ""edge_GOLEM__capitalization_ratio__longtermdebt_invcap"", ""edge_GOLEM__roa__debt_ratio"", ""edge_GOLEM__longtermdebt_invcap__totaldebt_invcap"", ""edge_GOLEM__debt_ratio__asset_liabilities"", ""capitalization_ratio"", ""asset_liabilities"", ""edge_GOLEM__rect_turn__roe"", ""edge_GOLEM__leverage_ratio__asset_turnover"", ""debt_ratio2"", ""cash_debt"", ""edge_GOLEM__roa__asset_turnover"", ""roa"", ""edge_GOLEM__debt_ratio__leverage_ratio"", ""edge_GOLEM__roa__totaldebt_invcap"", ""roe"", ""debt_ebitda""]"
5715129bd36a85dd,OFR,GOLEM,40,3,39045,39,"[""edge_GOLEM__roa__debt_ratio"", ""edge_GOLEM__roa__capitalization_ratio"", ""asset_liabilities"", ""edge_GOLEM__rect_turn__asset_turnover"", ""edge_GOLEM__capitalization_ratio__totaldebt_invcap"", ""edge_GOLEM__longtermdebt_invcap__totaldebt_invcap"", ""edge_GOLEM__leverage_ratio__asset_turnover"", ""edge_GOLEM__debt_ratio__leverage_ratio"", ""edge_GOLEM__leverage_ratio__asset_liabilities"", ""edge_GOLEM__debt_ratio2__rect_turn"", ""edge_GOLEM__roe__totaldebt_invcap"", ""edge_GOLEM__roa__roe"", ""cash_debt"", ""roa"", ""edge_GOLEM__debt_ratio__asset_liabilities"", ""edge_GOLEM__roa__totaldebt_invcap"", ""rect_turn"", ""edge_GOLEM__debt_ratio2__debt_ebitda"", ""debt_ratio"", ""edge_GOLEM__roa__asset_turnover"", ""edge_GOLEM__debt_ratio__rect_turn"", ""debt_ratio2"", ""debt_ebitda"", ""longtermdebt_invcap"", ""edge_GOLEM__capitalization_ratio__debt_ratio"", ""edge_GOLEM__roa__rect_turn"", ""edge_GOLEM__capitalization_ratio__longtermdebt_invcap"", ""edge_GOLEM__rect_turn__asset_liabilities"", ""capitalization_ratio"", ""asset_turnover"", ""edge_GOLEM__debt_ratio2__totaldebt_invcap"", ""edge_GOLEM__debt_ratio2__capitalization_ratio"", ""roe"", ""edge_GOLEM__rect_turn__leverage_ratio"", ""totaldebt_invcap"", ""edge_GOLEM__rect_turn__roe"", ""leverage_ratio"", ""edge_GOLEM__leverage_ratio__totaldebt_invcap"", ""edge_GOLEM__debt_ratio2__roa""]"
98409814f39fad16,OFR,GOLEM,40,4,39046,39,"[""edge_GOLEM__roa__totaldebt_invcap"", ""edge_GOLEM__roa__capitalization_ratio"", ""leverage_ratio"", ""edge_GOLEM__debt_ratio2__totaldebt_invcap"", ""asset_liabilities"", ""edge_GOLEM__rect_turn__roe"", ""edge_GOLEM__rect_turn__leverage_ratio"", ""edge_GOLEM__leverage_ratio__asset_liabilities"", ""debt_ebitda"", ""edge_GOLEM__debt_ratio2__debt_ebitda"", ""edge_GOLEM__rect_turn__asset_liabilities"", ""debt_ratio2"", ""edge_GOLEM__leverage_ratio__asset_turnover"", ""asset_turnover"", ""edge_GOLEM__leverage_ratio__totaldebt_invcap"", ""edge_GOLEM__rect_turn__asset_turnover"", ""edge_GOLEM__roa__rect_turn"", ""edge_GOLEM__roa__roe"", ""longtermdebt_invcap"", ""edge_GOLEM__debt_ratio2__roa"", ""edge_GOLEM__debt_ratio2__capitalization_ratio"", ""edge_GOLEM__capitalization_ratio__totaldebt_invcap"", ""totaldebt_invcap"", ""edge_GOLEM__debt_ratio2__rect_turn"", ""edge_GOLEM__debt_ratio__leverage_ratio"", ""edge_GOLEM__capitalization_ratio__debt_ratio"", ""roa"", ""debt_ratio"", ""edge_GOLEM__roe__totaldebt_invcap"", ""edge_GOLEM__roa__debt_ratio"", ""cash_debt"", ""edge_GOLEM__debt_ratio__asset_liabilities"", ""rect_turn"", ""roe"", ""capitalization_ratio"", ""edge_GOLEM__longtermdebt_invcap__totaldebt_invcap"", ""edge_GOLEM__roa__asset_turnover"", ""edge_GOLEM__debt_ratio__rect_turn"", ""edge_GOLEM__capitalization_ratio__longtermdebt_invcap""]"
ab64c693b4ea0586,OFR,GOLEM,ALL,0,39042,39,"[""totaldebt_invcap"", ""edge_GOLEM__capitalization_ratio__debt_ratio"", ""roe"", ""edge_GOLEM__roa__capitalization_ratio"", ""edge_GOLEM__roa__totaldebt_invcap"", ""edge_GOLEM__debt_ratio__leverage_ratio"", ""asset_liabilities"", ""edge_GOLEM__debt_ratio__asset_liabilities"", ""edge_GOLEM__rect_turn__asset_turnover"", ""edge_GOLEM__leverage_ratio__asset_turnover"", ""edge_GOLEM__debt_ratio2__roa"", ""edge_GOLEM__debt_ratio2__totaldebt_invcap"", ""edge_GOLEM__rect_turn__asset_liabilities"", ""edge_GOLEM__capitalization_ratio__totaldebt_invcap"", ""edge_GOLEM__longtermdebt_invcap__totaldebt_invcap"", ""asset_turnover"", ""capitalization_ratio"", ""rect_turn"", ""edge_GOLEM__debt_ratio__rect_turn"", ""edge_GOLEM__debt_ratio2__rect_turn"", ""debt_ratio"", ""edge_GOLEM__rect_turn__roe"", ""edge_GOLEM__capitalization_ratio__longtermdebt_invcap"", ""edge_GOLEM__roe__totaldebt_invcap"", ""edge_GOLEM__roa__debt_ratio"", ""debt_ebitda"", ""edge_GOLEM__leverage_ratio__asset_liabilities"", ""edge_GOLEM__debt_ratio2__debt_ebitda"", ""edge_GOLEM__leverage_ratio__totaldebt_invcap"", ""edge_GOLEM__roa__rect_turn"", ""roa"", ""debt_ratio2"", ""edge_GOLEM__rect_turn__leverage_ratio"", ""cash_debt"", ""leverage_ratio"", ""edge_GOLEM__debt_ratio2__capitalization_ratio"", ""edge_GOLEM__roa__roe"", ""longtermdebt_invcap"", ""edge_GOLEM__roa__asset_turnover""]"
ebd1c0ed3bae0083,OFR,GOLEM,ALL,1,39043,39,"[""edge_GOLEM__capitalization_ratio__longtermdebt_invcap"", ""edge_GOLEM__roa__capitalization_ratio"", ""edge_GOLEM__debt_ratio__rect_turn"", ""edge_GOLEM__debt_ratio2__rect_turn"", ""edge_GOLEM__roe__totaldebt_invcap"", ""edge_GOLEM__longtermdebt_invcap__totaldebt_invcap"", ""edge_GOLEM__debt_ratio__leverage_ratio"", ""cash_debt"", ""capitalization_ratio"", ""leverage_ratio"", ""edge_GOLEM__rect_turn__roe"", ""edge_GOLEM__roa__rect_turn"", ""asset_liabilities"", ""rect_turn"", ""edge_GOLEM__leverage_ratio__totaldebt_invcap"", ""edge_GOLEM__roa__asset_turnover"", ""edge_GOLEM__roa__totaldebt_invcap"", ""edge_GOLEM__debt_ratio2__roa"", ""edge_GOLEM__capitalization_ratio__debt_ratio"", ""debt_ebitda"", ""edge_GOLEM__debt_ratio2__capitalization_ratio"", ""edge_GOLEM__rect_turn__leverage_ratio"", ""edge_GOLEM__rect_turn__asset_turnover"", ""edge_GOLEM__rect_turn__asset_liabilities"", ""debt_ratio"", ""edge_GOLEM__debt_ratio__asset_liabilities"", ""longtermdebt_invcap"", ""edge_GOLEM__leverage_ratio__asset_liabilities"", ""roe"", ""edge_GOLEM__roa__roe"", ""edge_GOLEM__debt_ratio2__totaldebt_invcap"", ""debt_ratio2"", ""edge_GOLEM__roa__debt_ratio"", ""asset_turnover"", ""totaldebt_invcap"", ""edge_GOLEM__debt_ratio2__debt_ebitda"", ""edge_GOLEM__leverage_ratio__asset_turnover"", ""roa"", ""edge_GOLEM__capitalization_ratio__totaldebt_invcap""]"
1d9e210d3ae0f951,OFR,GOLEM,ALL,2,39044,39,"[""edge_GOLEM__rect_turn__asset_liabilities"", ""leverage_ratio"", ""edge_GOLEM__rect_turn__asset_turnover"", ""longtermdebt_invcap"", ""edge_GOLEM__roa__rect_turn"", ""edge_GOLEM__debt_ratio2__capitalization_ratio"", ""totaldebt_invcap"", ""edge_GOLEM__roa__roe"", ""edge_GOLEM__debt_ratio2__totaldebt_invcap"", ""edge_GOLEM__roa__capitalization_ratio"", ""edge_GOLEM__capitalization_ratio__debt_ratio"", ""edge_GOLEM__debt_ratio2__debt_ebitda"", ""asset_turnover"", ""rect_turn"", ""edge_GOLEM__debt_ratio2__roa"", ""edge_GOLEM__rect_turn__leverage_ratio"", ""edge_GOLEM__leverage_ratio__totaldebt_invcap"", ""debt_ratio"", ""edge_GOLEM__leverage_ratio__asset_liabilities"", ""edge_GOLEM__capitalization_ratio__totaldebt_invcap"", ""edge_GOLEM__debt_ratio2__rect_turn"", ""edge_GOLEM__debt_ratio__rect_turn"", ""edge_GOLEM__roe__totaldebt_invcap"", ""edge_GOLEM__capitalization_ratio__longtermdebt_invcap"", ""edge_GOLEM__roa__debt_ratio"", ""edge_GOLEM__longtermdebt_invcap__totaldebt_invcap"", ""edge_GOLEM__debt_ratio__asset_liabilities"", ""capitalization_ratio"", ""asset_liabilities"", ""edge_GOLEM__rect_turn__roe"", ""edge_GOLEM__leverage_ratio__asset_turnover"", ""debt_ratio2"", ""cash_debt"", ""edge_GOLEM__roa__asset_turnover"", ""roa"", ""edge_GOLEM__debt_ratio__leverage_ratio"", ""edge_GOLEM__roa__totaldebt_invcap"", ""roe"", ""debt_ebitda""]"
3c798bd22a6eecaf,OFR,GOLEM,ALL,3,39045,39,"[""edge_GOLEM__roa__debt_ratio"", ""edge_GOLEM__roa__capitalization_ratio"", ""asset_liabilities"", ""edge_GOLEM__rect_turn__asset_turnover"", ""edge_GOLEM__capitalization_ratio__totaldebt_invcap"", ""edge_GOLEM__longtermdebt_invcap__totaldebt_invcap"", ""edge_GOLEM__leverage_ratio__asset_turnover"", ""edge_GOLEM__debt_ratio__leverage_ratio"", ""edge_GOLEM__leverage_ratio__asset_liabilities"", ""edge_GOLEM__debt_ratio2__rect_turn"", ""edge_GOLEM__roe__totaldebt_invcap"", ""edge_GOLEM__roa__roe"", ""cash_debt"", ""roa"", ""edge_GOLEM__debt_ratio__asset_liabilities"", ""edge_GOLEM__roa__totaldebt_invcap"", ""rect_turn"", ""edge_GOLEM__debt_ratio2__debt_ebitda"", ""debt_ratio"", ""edge_GOLEM__roa__asset_turnover"", ""edge_GOLEM__debt_ratio__rect_turn"", ""debt_ratio2"", ""debt_ebitda"", ""longtermdebt_invcap"", ""edge_GOLEM__capitalization_ratio__debt_ratio"", ""edge_GOLEM__roa__rect_turn"", ""edge_GOLEM__capitalization_ratio__longtermdebt_invcap"", ""edge_GOLEM__rect_turn__asset_liabilities"", ""capitalization_ratio"", ""asset_turnover"", ""edge_GOLEM__debt_ratio2__totaldebt_invcap"", ""edge_GOLEM__debt_ratio2__capitalization_ratio"", ""roe"", ""edge_GOLEM__rect_turn__leverage_ratio"", ""totaldebt_invcap"", ""edge_GOLEM__rect_turn__roe"", ""leverage_ratio"", ""edge_GOLEM__leverage_ratio__totaldebt_invcap"", ""edge_GOLEM__debt_ratio2__roa""]"
4aa3b5ac497009ba,OFR,GOLEM,ALL,4,39046,39,"[""edge_GOLEM__roa__totaldebt_invcap"", ""edge_GOLEM__roa__capitalization_ratio"", ""leverage_ratio"", ""edge_GOLEM__debt_ratio2__totaldebt_invcap"", ""asset_liabilities"", ""edge_GOLEM__rect_turn__roe"", ""edge_GOLEM__rect_turn__leverage_ratio"", ""edge_GOLEM__leverage_ratio__asset_liabilities"", ""debt_ebitda"", ""edge_GOLEM__debt_ratio2__debt_ebitda"", ""edge_GOLEM__rect_turn__asset_liabilities"", ""debt_ratio2"", ""edge_GOLEM__leverage_ratio__asset_turnover"", ""asset_turnover"", ""edge_GOLEM__leverage_ratio__totaldebt_invcap"", ""edge_GOLEM__rect_turn__asset_turnover"", ""edge_GOLEM__roa__rect_turn"", ""edge_GOLEM__roa__roe"", ""longtermdebt_invcap"", ""edge_GOLEM__debt_ratio2__roa"", ""edge_GOLEM__debt_ratio2__capitalization_ratio"", ""edge_GOLEM__capitalization_ratio__totaldebt_invcap"", ""totaldebt_invcap"", ""edge_GOLEM__debt_ratio2__rect_turn"", ""edge_GOLEM__debt_ratio__leverage_ratio"", ""edge_GOLEM__capitalization_ratio__debt_ratio"", ""roa"", ""debt_ratio"", ""edge_GOLEM__roe__totaldebt_invcap"", ""edge_GOLEM__roa__debt_ratio"", ""cash_debt"", ""edge_GOLEM__debt_ratio__asset_liabilities"", ""rect_turn"", ""roe"", ""capitalization_ratio"", ""edge_GOLEM__longtermdebt_invcap__totaldebt_invcap"", ""edge_GOLEM__roa__asset_turnover"", ""edge_GOLEM__debt_ratio__rect_turn"", ""edge_GOLEM__capitalization_ratio__longtermdebt_invcap""]"
