SET,DAG,MODEL,K_EDGE,N_FEAT,FEATURE_KEY,AUROC,AUPRC,F1,Brier,ECE
O,GES,XGBoost,0,13,d142655db65fda0d,0.9375230692402892,0.450339126175833,0.4148936170212766,0.0162821875704335,0.0108621952748553
O,GES,Logit,0,13,d142655db65fda0d,0.9244957335475606,0.2553444590095533,0.2589928057553957,0.0189134076914027,0.0113688048014908
O,GES,LightGBM,0,13,d142655db65fda0d,0.9237032372929196,0.4538263234172769,0.4477611940298507,0.0167719742735991,0.0155227687095695
O,GES,RF,0,13,d142655db65fda0d,0.9200085401422876,0.439903871727626,0.4460431654676259,0.0159308045848476,0.0054268940452893
O,GES,FFMLP,0,13,d142655db65fda0d,0.8708013982673644,0.3033915809554852,0.3694267515923566,0.0197598383084843,0.0083113094744383
O,GOLEM,XGBoost,0,13,d142655db65fda0d,0.9375230692402892,0.450339126175833,0.4148936170212766,0.0162821875704335,0.0108621952748553
O,GOLEM,Logit,0,13,d142655db65fda0d,0.9244957335475606,0.2553444590095533,0.2589928057553957,0.0189134076914027,0.0113688048014908
O,GOLEM,LightGBM,0,13,d142655db65fda0d,0.9237032372929196,0.4538263234172769,0.4477611940298507,0.0167719742735991,0.0155227687095695
O,GOLEM,RF,0,13,d142655db65fda0d,0.9200085401422876,0.439903871727626,0.4460431654676259,0.0159308045848476,0.0054268940452893
O,GOLEM,FFMLP,0,13,d142655db65fda0d,0.8708013982673644,0.3033915809554852,0.3694267515923566,0.0197598383084843,0.0083113094744383
O,NOTEARS,XGBoost,0,13,d142655db65fda0d,0.9375230692402892,0.450339126175833,0.4148936170212766,0.0162821875704335,0.0108621952748553
O,NOTEARS,Logit,0,13,d142655db65fda0d,0.9244957335475606,0.2553444590095533,0.2589928057553957,0.0189134076914027,0.0113688048014908
O,NOTEARS,LightGBM,0,13,d142655db65fda0d,0.9237032372929196,0.4538263234172769,0.4477611940298507,0.0167719742735991,0.0155227687095695
O,NOTEARS,RF,0,13,d142655db65fda0d,0.9200085401422876,0.439903871727626,0.4460431654676259,0.0159308045848476,0.0054268940452893
O,NOTEARS,FFMLP,0,13,d142655db65fda0d,0.8708013982673644,0.3033915809554852,0.3694267515923566,0.0197598383084843,0.0083113094744383
O,PC,XGBoost,0,13,d142655db65fda0d,0.9375230692402892,0.450339126175833,0.4148936170212766,0.0162821875704335,0.0108621952748553
O,PC,Logit,0,13,d142655db65fda0d,0.9244957335475606,0.2553444590095533,0.2589928057553957,0.0189134076914027,0.0113688048014908
O,PC,LightGBM,0,13,d142655db65fda0d,0.9237032372929196,0.4538263234172769,0.4477611940298507,0.0167719742735991,0.0155227687095695
O,PC,RF,0,13,d142655db65fda0d,0.9200085401422876,0.439903871727626,0.4460431654676259,0.0159308045848476,0.0054268940452893
O,PC,FFMLP,0,13,d142655db65fda0d,0.8708013982673644,0.3033915809554852,0.3694267515923566,0.0197598383084843,0.0083113094744383
F,GES,Logit,1,1,25770b1c892373be,0.5972924853985279,0.030253653731505,0.0472212132219397,0.0215938916440334,0.000390717534267
F,GES,LightGBM,1,1,25770b1c892373be,0.5785295032966397,0.03157074786231,0.0519480519480519,0.0218727735890265,0.0039733654930735
F,GES,XGBoost,1,1,25770b1c892373be,0.561552351795963,0.0300240748197618,0.064516129032258,0.0218137911343492,0.0028712891822283
F,GES,RF,1,1,25770b1c892373be,0.4931081775481106,0.0234809534601432,0.0272727272727272,0.0328367279843444,0.0412256080514397
F,GES,FFMLP,1,1,25770b1c892373be,0.4712204442321471,0.0222430778527882,0.0432166301969365,0.0354887391373303,0.0611914761347796
F,GES,Logit,2,2,9d9eab942f1f166b,0.811349704351854,0.0707828561518955,0.1221374045801526,0.0210515863811704,0.0014483244996577
F,GES,XGBoost,2,2,9d9eab942f1f166b,0.7874065469599265,0.0736539040864354,0.1203007518796992,0.021463755298143,0.0099493512117791
F,GES,LightGBM,2,2,9d9eab942f1f166b,0.782195612682835,0.0691233298346741,0.1178637200736648,0.0247933017272002,0.0223436097619658
F,GES,RF,2,2,9d9eab942f1f166b,0.738483473377192,0.0724171358967717,0.08,0.0226907419625384,0.0195594073245736
F,GES,FFMLP,2,2,9d9eab942f1f166b,0.6824894514767932,0.0347618970400196,0.0731301939058171,0.0321481035398384,0.0516726083523414
F,GES,XGBoost,3,3,ad18df09e7b8d856,0.8170491637174226,0.0959997595034602,0.0994475138121546,0.0215883199765221,0.0114257456768623
F,GES,Logit,3,3,ad18df09e7b8d856,0.8118997474144357,0.072357758140942,0.149812734082397,0.0210773103948435,0.0024183943070986
F,GES,LightGBM,3,3,ad18df09e7b8d856,0.7686508022667564,0.0540563110468606,0.1029411764705882,0.0255722529498718,0.0257809772146431
F,GES,RF,3,3,ad18df09e7b8d856,0.7679650577907087,0.0793969419826367,0.1243523316062176,0.0217082996924797,0.0134587643276488
F,GES,FFMLP,3,3,ad18df09e7b8d856,0.5940157486013707,0.0283173367660413,0.0432166301969365,0.0236031643789074,0.0255577528035541
F,GES,XGBoost,4,4,8df5ed0143bd747f,0.8370642175275564,0.1243112198023734,0.160919540229885,0.0214643755390666,0.0115827948720966
F,GES,LightGBM,4,4,8df5ed0143bd747f,0.8345564554067062,0.0988547113290224,0.1420765027322404,0.0229068265037742,0.0216713640316059
F,GES,RF,4,4,8df5ed0143bd747f,0.821324662917689,0.1225658046972615,0.2018348623853211,0.0210235515795359,0.0094341627061783
F,GES,Logit,4,4,8df5ed0143bd747f,0.8111796252469765,0.1032157509357386,0.1568627450980392,0.0207853154100653,0.0039971747339727
F,GES,FFMLP,4,4,8df5ed0143bd747f,0.7269687561065636,0.0544655883672137,0.1018675721561969,0.0241384604705166,0.0263367585602471
F,GES,XGBoost,5,5,821abd27e1f12548,0.868883484957046,0.1960427173909419,0.2834645669291338,0.0206829042053554,0.0115925536301171
F,GES,RF,5,5,821abd27e1f12548,0.8575225626216789,0.1878063509382835,0.2647058823529412,0.0197006374056471,0.0088124126362873
F,GES,LightGBM,5,5,821abd27e1f12548,0.8569345231633265,0.193188157863612,0.2635658914728682,0.0215855208823324,0.0194656559357887
F,GES,Logit,5,5,821abd27e1f12548,0.8264903633902918,0.1181337163889209,0.2234042553191489,0.0205395753642239,0.0036695783299417
F,GES,FFMLP,5,5,821abd27e1f12548,0.7584442466219394,0.0562483668207167,0.0949494949494949,0.0279809202245431,0.0367537574683229
F,GES,XGBoost,6,6,f164a6e87137e02a,0.8985532419972353,0.2408358826483287,0.3428571428571428,0.0197212656035287,0.010920292788063
F,GES,LightGBM,6,6,f164a6e87137e02a,0.8922566964124166,0.2649936101843713,0.320754716981132,0.0203684905085236,0.0190967073344253
F,GES,RF,6,6,f164a6e87137e02a,0.8843679209095976,0.2455345768011169,0.3235294117647059,0.0188202460162147,0.0040352250489236
F,GES,Logit,6,6,f164a6e87137e02a,0.8287846219539556,0.1201481864894742,0.231578947368421,0.0205148582383727,0.0053446261158828
F,GES,FFMLP,6,6,f164a6e87137e02a,0.4604041369028233,0.0222267348431826,0.0432166301969365,0.0224792353660621,0.0231320623143428
F,GES,XGBoost,7,7,bbf28dc05048d5c1,0.9047882696079496,0.2519404331852174,0.3398058252427184,0.0194095385637071,0.0105810258075384
F,GES,LightGBM,7,7,bbf28dc05048d5c1,0.893903206895803,0.2332836473982216,0.2971428571428571,0.0208316019190654,0.0193177138232528
F,GES,RF,7,7,bbf28dc05048d5c1,0.8900999486143981,0.2643856815460244,0.3386243386243386,0.0184922728543472,0.0045362035225048
F,GES,Logit,7,7,bbf28dc05048d5c1,0.8391739221689067,0.1215148696738834,0.1830985915492957,0.0205106350657793,0.0038049057016771
F,GES,FFMLP,7,7,bbf28dc05048d5c1,0.7818988789253895,0.0702014245428955,0.1117318435754189,0.026128014612136,0.0264235978120344
F,GES,XGBoost,8,8,43edc450f8f1d273,0.9028884498194266,0.2730643607841775,0.3333333333333333,0.0190205256063877,0.0111641143270301
F,GES,LightGBM,8,8,43edc450f8f1d273,0.9009126372393628,0.2582630250123466,0.3253588516746411,0.0203538251498675,0.0193643853458915
F,GES,RF,8,8,43edc450f8f1d273,0.8954719152354691,0.2791331632569205,0.3495145631067961,0.0182727246295778,0.0065306122448979
F,GES,Logit,8,8,43edc450f8f1d273,0.8505040855172213,0.1294531284037757,0.1565217391304348,0.02050389239614,0.0051776810165192
F,GES,FFMLP,8,8,43edc450f8f1d273,0.7915119670553155,0.0797745041782061,0.1210526315789473,0.0299408071618052,0.0446748432823344
F,GES,XGBoost,9,9,f7599231062f6c83,0.9181991879627418,0.3331840776141561,0.3663366336633663,0.0182641870215133,0.0107142775204175
F,GES,LightGBM,9,9,f7599231062f6c83,0.9026894210796768,0.3140120490659382,0.358974358974359,0.0194460601981948,0.0181757189291252
F,GES,RF,9,9,f7599231062f6c83,0.8867888341258295,0.3114443114844509,0.3431952662721893,0.0179839150125803,0.0042963377131674
F,GES,Logit,9,9,f7599231062f6c83,0.8555666529155901,0.133046383037798,0.1428571428571428,0.0204105571797757,0.0042257862219021
F,GES,FFMLP,9,9,f7599231062f6c83,0.7977361385529526,0.0826532087271695,0.1273516642547033,0.0244302563173319,0.0242346620870879
F,GES,XGBoost,10,10,fb99ee75b910bd2b,0.9227298058203242,0.3238558879393917,0.3539094650205761,0.0183166229827733,0.0114421837348444
F,GES,LightGBM,10,10,fb99ee75b910bd2b,0.9064564923174908,0.3260508638336267,0.4071856287425149,0.0193046420958035,0.0188622036396041
F,GES,RF,10,10,fb99ee75b910bd2b,0.8964688682863987,0.3123134775061725,0.3444444444444444,0.0179293765725468,0.0045529773553256
F,GES,Logit,10,10,fb99ee75b910bd2b,0.8556498831158491,0.1329505872210655,0.1428571428571428,0.0204160962630944,0.0042252280320846
F,GES,FFMLP,10,10,fb99ee75b910bd2b,0.8133092327623019,0.136515831835474,0.1666666666666666,0.0278720364684877,0.0286049516551323
F,GES,XGBoost,11,11,ba66ab9dba064030,0.9226321008026286,0.3362534271227665,0.4017857142857143,0.0179160642133161,0.0100599268775095
F,GES,LightGBM,11,11,ba66ab9dba064030,0.9007606516562808,0.332209421983046,0.3867403314917127,0.0192843101988862,0.0186278227586834
F,GES,RF,11,11,ba66ab9dba064030,0.8949363469903235,0.3197468898102863,0.3375527426160337,0.0177765155157953,0.0052921442549622
F,GES,Logit,11,11,ba66ab9dba064030,0.854926142244031,0.1282238610247579,0.1428571428571428,0.0206548974003215,0.0044412351128682
F,GES,FFMLP,11,11,ba66ab9dba064030,0.7449320045450927,0.0967474127652294,0.1568627450980392,0.0229803560673582,0.0227654025429609
F,GES,XGBoost,12,12,49e1a6ba46b8fa85,0.9254800211332336,0.3370800672028874,0.4134615384615384,0.0179954827150576,0.0105400162092614
F,GES,LightGBM,12,12,49e1a6ba46b8fa85,0.9164404976442234,0.3470021079137707,0.3949044585987261,0.0194610219084582,0.0194050037822788
F,GES,RF,12,12,49e1a6ba46b8fa85,0.897570763763742,0.3184095505065276,0.3426294820717131,0.0177799396142018,0.0039893765725468
F,GES,Logit,12,12,49e1a6ba46b8fa85,0.8547162573912037,0.1302605020881042,0.135593220338983,0.0205180809969017,0.0061962420502097
F,GES,FFMLP,12,12,49e1a6ba46b8fa85,0.7835833858045465,0.066297622269578,0.1130171543895055,0.0264998939692921,0.0308364237591505
F,GES,XGBoost,13,13,78a094c542f02414,0.9279335026886976,0.3416173790536935,0.4105263157894737,0.0179576207227626,0.0125118968375641
F,GES,LightGBM,13,13,78a094c542f02414,0.9171606198116828,0.3417531419295283,0.4111111111111111,0.0192886654739208,0.0188111403910141
F,GES,RF,13,13,78a094c542f02414,0.898860831867758,0.3005841674859059,0.3568075117370892,0.0178887179200447,0.0042996924797316
F,GES,Logit,13,13,78a094c542f02414,0.8407010154084431,0.116945260058063,0.125,0.0211816593860149,0.008316201840454
F,GES,FFMLP,13,13,78a094c542f02414,0.7784954874756642,0.0621107062782094,0.1171366594360086,0.0272892999640016,0.0340009197324039
F,GES,XGBoost,14,14,4c60acc991e29055,0.9422310036114668,0.3975671837982434,0.4605263157894737,0.0168498334315773,0.0115326624069449
F,GES,LightGBM,14,14,4c60acc991e29055,0.9418799892886353,0.4117187811113659,0.417910447761194,0.0183359262249286,0.0177910919350659
F,GES,RF,14,14,4c60acc991e29055,0.9234318344659878,0.3795316091168091,0.4133333333333333,0.0168863416270617,0.0034783337992731
F,GES,Logit,14,14,4c60acc991e29055,0.8383778072099066,0.1143379986282741,0.1948717948717948,0.0214380490142658,0.0076203047481085
F,GES,FFMLP,14,14,4c60acc991e29055,0.7858631695507741,0.0732616627598548,0.1201298701298701,0.0266589958781911,0.0334093303130385
F,GES,XGBoost,15,15,d9bb29817c697b4d,0.9451947224815628,0.4025961790098951,0.4186046511627907,0.0168914589048079,0.0123558002989478
F,GES,LightGBM,15,15,d9bb29817c697b4d,0.941286521773744,0.4116592520153322,0.4341085271317829,0.0184256709035813,0.0179843809623899
F,GES,RF,15,15,d9bb29817c697b4d,0.9145533433209574,0.36360813875079,0.4017467248908297,0.01693414481409,0.0029717640480849
F,GES,Logit,15,15,d9bb29817c697b4d,0.8215110261921822,0.1051435615348083,0.1627906976744186,0.0215040023229159,0.0049805601740264
F,GES,FFMLP,15,15,d9bb29817c697b4d,0.7254036664712566,0.0699103331075658,0.1229508196721311,0.0230899258096933,0.0232530584932662
F,GES,XGBoost,16,16,8f4df3d46432c059,0.9447894275933444,0.4014985015993019,0.4596273291925465,0.0168950383073438,0.0113956806590212
F,GES,LightGBM,16,16,8f4df3d46432c059,0.9390863495234169,0.3999277700644779,0.4274809160305343,0.0187860565724089,0.0185481956263239
F,GES,RF,16,16,8f4df3d46432c059,0.9291276751271976,0.3632725753171192,0.422360248447205,0.0168686955549343,0.0040553536483086
F,GES,Logit,16,16,8f4df3d46432c059,0.8439614680359844,0.1147976864094178,0.1391304347826087,0.0214624055731596,0.0083183837316484
F,GES,FFMLP,16,16,8f4df3d46432c059,0.7728828770147137,0.054771817307399,0.1005199306759098,0.032173900456454,0.0487159232639957
F,GES,XGBoost,17,17,1905c73901834fee,0.9416809605488852,0.4027846750083838,0.4581005586592179,0.0167147242261217,0.0099097091333848
F,GES,LightGBM,17,17,1905c73901834fee,0.9402769032575576,0.4089134527698004,0.4563758389261745,0.0188251818742044,0.018647177192446
F,GES,RF,17,17,1905c73901834fee,0.920468115595892,0.3596441923073835,0.3917525773195876,0.0170661381045568,0.003797595750629
F,GES,Logit,17,17,1905c73901834fee,0.8162639048714999,0.0990538843322862,0.1646090534979424,0.0216446781615052,0.0043398767388563
F,GES,FFMLP,17,17,1905c73901834fee,0.7857763206461559,0.0665834015625883,0.1049107142857142,0.0256963442902626,0.028748005078176
F,GES,XGBoost,18,18,f670c85f53fdfb10,0.9405121190408988,0.4115781382695737,0.4317180616740088,0.0166059445918755,0.0112848256723494
F,GES,LightGBM,18,18,f670c85f53fdfb10,0.9398752270736984,0.4002647001482055,0.4755244755244755,0.0188536692124221,0.0190303511978114
F,GES,RF,18,18,f670c85f53fdfb10,0.9294931642674656,0.3593495371175886,0.3804878048780488,0.0170343304445065,0.003190383002516
F,GES,Logit,18,18,f670c85f53fdfb10,0.843787770226748,0.1155076805596955,0.1652892561983471,0.0212183613639958,0.0033239368983635
F,GES,FFMLP,18,18,f670c85f53fdfb10,0.7658625905580766,0.0587874726429525,0.097622027534418,0.0292462016734988,0.0393080173244115
F,GES,XGBoost,19,19,d9e6e8243061dcd0,0.9373529901354118,0.3763154419808207,0.4216867469879518,0.0173757420113385,0.0121200203951286
F,GES,RF,19,19,d9e6e8243061dcd0,0.9338591310767091,0.3584720249828715,0.3829787234042553,0.0171259703662286,0.0038138104556891
F,GES,LightGBM,19,19,d9e6e8243061dcd0,0.9322614731021706,0.4038480423431974,0.4444444444444444,0.0184850797331474,0.0182708160092048
F,GES,Logit,19,19,d9e6e8243061dcd0,0.8447792952211391,0.1122794396124047,0.1379310344827586,0.0216657170257447,0.007442289500907
F,GES,FFMLP,19,19,d9e6e8243061dcd0,0.8002475193781619,0.0720846514651872,0.135593220338983,0.0289661819882812,0.0380943434566534
F,GES,XGBoost,20,20,d4518e3c063d6d01,0.9378053281802984,0.3860097423025126,0.425531914893617,0.0172963006564125,0.0119038139552457
F,GES,LightGBM,20,20,d4518e3c063d6d01,0.9338971274724795,0.4205969529072294,0.4520547945205479,0.0183069680961241,0.0176483459639277
F,GES,RF,20,20,d4518e3c063d6d01,0.9209114068798808,0.3457386567393227,0.379746835443038,0.0173013989376572,0.0040570310315907
F,GES,Logit,20,20,d4518e3c063d6d01,0.8476561651866167,0.1196572582260961,0.1512605042016806,0.0210841916485642,0.0046020089528643
F,GES,FFMLP,20,20,d4518e3c063d6d01,0.766872209074263,0.0618498743509885,0.1125319693094629,0.0263014901991901,0.0305382277125787
F,GES,XGBoost,21,21,cff2e5cbc5406b39,0.93743983904003,0.3943026497481902,0.4431818181818182,0.0171066817819536,0.0133886019953651
F,GES,LightGBM,21,21,cff2e5cbc5406b39,0.93628547234948,0.3965762506154637,0.4352941176470588,0.0187241215162975,0.0186351734568904
F,GES,RF,21,21,cff2e5cbc5406b39,0.923999971050365,0.3308612315845277,0.3940886699507389,0.0173615431926195,0.0033391109868604
F,GES,Logit,21,21,cff2e5cbc5406b39,0.8048324178011305,0.0995337159065267,0.1529411764705882,0.0214437182944457,0.0075498330207069
F,GES,FFMLP,21,21,cff2e5cbc5406b39,0.7889607804821562,0.0649865150993666,0.1215189873417721,0.0269673824845428,0.0330294096159733
F,GES,XGBoost,22,22,ce8c1ed73cc45e37,0.9366618176028256,0.3893400091530274,0.4096385542168674,0.0171780167908422,0.0109761536264178
F,GES,LightGBM,22,22,ce8c1ed73cc45e37,0.9336438181673434,0.389926384392341,0.4404761904761904,0.0187227397653082,0.0187695464273935
F,GES,RF,22,22,ce8c1ed73cc45e37,0.921615244877724,0.3221038813818294,0.371859296482412,0.0176196734693877,0.0040743639921722
F,GES,FFMLP,22,22,ce8c1ed73cc45e37,0.7945516787169522,0.0702398549588746,0.1083123425692695,0.0302745830232104,0.0447040059036677
F,GES,Logit,22,22,ce8c1ed73cc45e37,0.7851213351571603,0.084914757596986,0.1032258064516129,0.0222132859806124,0.0075481721951735
F,GES,XGBoost,23,23,9c0f8140e990569f,0.9399150328216488,0.3964947708755982,0.4431818181818182,0.0170627927128556,0.0121627631150696
F,GES,LightGBM,23,23,9c0f8140e990569f,0.9326957176252616,0.3836440260322193,0.4444444444444444,0.0188701056966495,0.0186694790235662
F,GES,RF,23,23,9c0f8140e990569f,0.9283822220292248,0.3133219875803846,0.3888888888888889,0.0176826804584847,0.0048146491473301
F,GES,Logit,23,23,9c0f8140e990569f,0.8364345629690746,0.1141595890991303,0.1828571428571428,0.0214219842311245,0.0059440673714653
F,GES,FFMLP,23,23,9c0f8140e990569f,0.7468209682205382,0.0610304899018679,0.1160949868073878,0.0241188539516603,0.0244713168897709
F,GES,XGBoost,24,24,c405a84875acb80f,0.9404650758842305,0.3895916087650284,0.423841059602649,0.0174645084057913,0.0136663940742191
F,GES,LightGBM,24,24,c405a84875acb80f,0.9373783210659256,0.3921301004324402,0.4472049689440994,0.0190386717482747,0.0188660640493748
F,GES,RF,24,24,c405a84875acb80f,0.9207738961142352,0.3097628131982162,0.3435582822085889,0.0177146558568632,0.0044098406485882
F,GES,Logit,24,24,c405a84875acb80f,0.8349508941818471,0.109924973071365,0.1322314049586777,0.0216497443416997,0.0111392674896897
F,GES,FFMLP,24,24,c405a84875acb80f,0.7295163239753639,0.0567249278264111,0.1017811704834605,0.0235671528935319,0.0259157038403912
F,GES,XGBoost,25,25,eddccfec20b0e4d3,0.9404795507016668,0.3884151197636603,0.4113475177304964,0.0173273157260221,0.0123286054232453
F,GES,LightGBM,25,25,eddccfec20b0e4d3,0.9384566949649348,0.3834728366916175,0.425,0.018677374654886,0.01851418317856
F,GES,RF,25,25,eddccfec20b0e4d3,0.9318543688617728,0.3241946286626623,0.3493975903614458,0.0175496706737489,0.0039110986860497
F,GES,Logit,25,25,eddccfec20b0e4d3,0.8344804626151653,0.1101877072430553,0.1322314049586777,0.0215860795521544,0.0043185501695193
F,GES,FFMLP,25,25,eddccfec20b0e4d3,0.7876508095041651,0.1537104207643723,0.2464454976303317,0.023329961872485,0.0231255428849409
F,GES,XGBoost,26,26,057b265597392c70,0.9369115082036028,0.4198503338803724,0.4642857142857143,0.0164943819573823,0.0112437784323155
F,GES,LightGBM,26,26,057b265597392c70,0.933191480122457,0.4120963327613445,0.4606060606060606,0.0179720775170223,0.0175553716861957
F,GES,RF,26,26,057b265597392c70,0.9194005978099602,0.3527439697509164,0.3947368421052631,0.0171794576460721,0.0042348336594911
F,GES,Logit,26,26,057b265597392c70,0.8372921959021792,0.1084259474792682,0.1186440677966101,0.0217133556734698,0.0052668759572177
F,GES,FFMLP,26,26,057b265597392c70,0.7387838258389967,0.0636796558568045,0.1050119331742243,0.0252139340447189,0.0282668910125467
F,GES,XGBoost,27,27,bc323d9b0bd76a5e,0.9406641046239804,0.4407568134530518,0.4540540540540541,0.0164133061853449,0.0129813823192454
F,GES,RF,27,27,bc323d9b0bd76a5e,0.9348524654232798,0.3634453312203848,0.3904761904761905,0.0169567134470226,0.0055247414034106
F,GES,LightGBM,27,27,bc323d9b0bd76a5e,0.931642674656766,0.4111353366188914,0.4216867469879518,0.0177640046061718,0.0169356490655631
F,GES,Logit,27,27,bc323d9b0bd76a5e,0.8373935196242338,0.1189731143724775,0.1441441441441441,0.0211367781115435,0.0066869211986619
F,GES,FFMLP,27,27,bc323d9b0bd76a5e,0.7975135882348683,0.1155192089574693,0.1951219512195122,0.0232295576051247,0.0210654562602675
F,GES,XGBoost,28,28,76f917bf16cdb700,0.9380948245290256,0.4432278711671936,0.4468085106382978,0.0164062911314412,0.0111969942329198
F,GES,LightGBM,28,28,76f917bf16cdb700,0.9301192001215886,0.4194785776335841,0.4353741496598639,0.0175066991897233,0.0171457314210669
F,GES,RF,28,28,76f917bf16cdb700,0.9262869922053109,0.3630445413098454,0.3809523809523809,0.0169469600223651,0.0033586804584847
F,GES,Logit,28,28,76f917bf16cdb700,0.785468730775633,0.0886327874425455,0.0857142857142857,0.021622097289756,0.0073772863528707
F,GES,FFMLP,28,28,76f917bf16cdb700,0.7487461189395749,0.0645354854622545,0.1071895424836601,0.028751211768968,0.0367230125592262
F,GES,XGBoost,29,29,1cd8ae4fe3b0cc2d,0.9346281057530162,0.4407113553714466,0.4482758620689655,0.0162298658821694,0.0113910087177294
F,GES,LightGBM,29,29,1cd8ae4fe3b0cc2d,0.9309261711936658,0.4093516737770799,0.430379746835443,0.0176035925250353,0.0174030896334035
F,GES,RF,29,29,1cd8ae4fe3b0cc2d,0.9162215660304984,0.3651682992171235,0.4065934065934066,0.0169343248532289,0.0050276768241543
F,GES,Logit,29,29,1cd8ae4fe3b0cc2d,0.8384501812970883,0.1129653714443615,0.1549295774647887,0.0212756152840933,0.0063250705170414
F,GES,FFMLP,29,29,1cd8ae4fe3b0cc2d,0.7718949707246818,0.0622697211350195,0.1021897810218978,0.0284978417117813,0.0383697811395413
F,GES,XGBoost,30,30,a363fe2138a3fd43,0.9375158318315712,0.4526307802552643,0.4878048780487805,0.016133660029229,0.0122307406117171
F,GES,LightGBM,30,30,a363fe2138a3fd43,0.9302928979308248,0.412707417169947,0.4148148148148148,0.0175517502893124,0.0171447691421032
F,GES,RF,30,30,a363fe2138a3fd43,0.9232074747957242,0.3680146332888218,0.4,0.0169751031590718,0.0025563321218898
F,GES,Logit,30,30,a363fe2138a3fd43,0.8339810814136106,0.1084623848241924,0.1475409836065573,0.0220455175609001,0.0122983911641159
F,GES,FFMLP,30,30,a363fe2138a3fd43,0.8035405403449349,0.0739218477132597,0.127891156462585,0.0291395303501152,0.0388126704042013
F,GES,XGBoost,31,31,155cd37405e84f5f,0.9428172337176396,0.4496691633080667,0.4470588235294118,0.0162645146537885,0.0119724055072086
F,GES,RF,31,31,155cd37405e84f5f,0.932028066671009,0.3713496557143756,0.4064171122994652,0.0167599709253564,0.002860497623707
F,GES,LightGBM,31,31,155cd37405e84f5f,0.926576488554038,0.4106815003746338,0.45,0.0170357443701107,0.0176043075187741
F,GES,Logit,31,31,155cd37405e84f5f,0.7876001476431378,0.0879934188905984,0.0839160839160839,0.0217712131151598,0.0082054497735069
F,GES,FFMLP,31,31,155cd37405e84f5f,0.7536693662201186,0.0666796119124321,0.1226053639846743,0.025371321963123,0.027806188100035
F,GES,XGBoost,32,32,1f2b7a8554385c32,0.9397702846472848,0.4511744399011665,0.467065868263473,0.0163493678743062,0.0117159716043957
F,GES,LightGBM,32,32,1f2b7a8554385c32,0.9301264375303068,0.4102557601525333,0.4347826086956521,0.0174274732282689,0.0168496547852318
F,GES,RF,32,32,1f2b7a8554385c32,0.9163807890222984,0.3695543981179977,0.3919597989949748,0.0168949633771316,0.0033609169695275
F,GES,Logit,32,32,1f2b7a8554385c32,0.8134015097234586,0.1028064973838896,0.1258741258741259,0.0215188227228627,0.0062477837270303
F,GES,FFMLP,32,32,1f2b7a8554385c32,0.7649108713116355,0.0651400750719841,0.1034047919293821,0.0289415618385509,0.0413929638493184
F,GES,XGBoost,33,33,029dcbc8c5302ec0,0.9397558098298484,0.4536709032530124,0.4512820512820513,0.0163351552235829,0.0114800034498086
F,GES,RF,33,33,029dcbc8c5302ec0,0.9280330170585724,0.3630460365847712,0.4090909090909091,0.0169571752865529,0.0031624266144814
F,GES,LightGBM,33,33,029dcbc8c5302ec0,0.9271554812514928,0.4209497418266177,0.4415584415584415,0.0174819804173873,0.0171039842714362
F,GES,Logit,33,33,029dcbc8c5302ec0,0.8358302393411063,0.1109065724729157,0.134453781512605,0.0215712552976563,0.0115732672426643
F,GES,FFMLP,33,33,029dcbc8c5302ec0,0.7735125315731955,0.0645998713182539,0.1350844277673546,0.0261158051806192,0.0274625807028885
F,GES,XGBoost,34,34,bd572049931eefa4,0.9386014431392984,0.4682038158478704,0.4645161290322581,0.0159842847939323,0.011534340235985
F,GES,LightGBM,34,34,bd572049931eefa4,0.9299491210167112,0.4295848317738652,0.4743589743589743,0.0173278499719428,0.0166404907683138
F,GES,RF,34,34,bd572049931eefa4,0.9297247613464474,0.3699346322528863,0.4023668639053254,0.0168709712049203,0.0015286552977355
F,GES,Logit,34,34,bd572049931eefa4,0.8510432724667261,0.1184705391629012,0.1927710843373494,0.0210820842171218,0.0044156258171319
F,GES,FFMLP,34,34,bd572049931eefa4,0.7882478957234151,0.0814748563688197,0.1159420289855072,0.0250730268049928,0.0269721805920987
F,GES,XGBoost,35,35,32d31e9f18895013,0.937356608839771,0.4729900557797848,0.4578313253012048,0.0157640116263069,0.0129051768405298
F,GES,RF,35,35,32d31e9f18895013,0.9286988586606452,0.3914566462081219,0.4375,0.0164377187587363,0.002134749790327
F,GES,LightGBM,35,35,32d31e9f18895013,0.9209349284582148,0.4280459617436762,0.4427480916030534,0.0177544048099923,0.0181675191222238
F,GES,Logit,35,35,32d31e9f18895013,0.8390545049250567,0.1045690777905892,0.1343283582089552,0.0220037890284308,0.0073241552362231
F,GES,FFMLP,35,35,32d31e9f18895013,0.7952500886582567,0.1649157679694619,0.1458333333333333,0.0250565612235215,0.0293618854836175
F,GES,XGBoost,36,36,14fe7fd5d5a0f64b,0.941793140384017,0.4719541081042533,0.4257425742574257,0.0158329876265877,0.0118131866330488
F,GES,RF,36,36,14fe7fd5d5a0f64b,0.9250819636537334,0.4014695437734284,0.4204545454545454,0.0164115526977914,0.0033396701146211
F,GES,LightGBM,36,36,14fe7fd5d5a0f64b,0.9227225684116058,0.4372189570963292,0.4328358208955223,0.0174680777510611,0.017203276263575
F,GES,Logit,36,36,14fe7fd5d5a0f64b,0.8423656194136252,0.1159998682098586,0.1818181818181818,0.0213657597772185,0.005140220815973
F,GES,FFMLP,36,36,14fe7fd5d5a0f64b,0.7686417555058587,0.0652012985105094,0.1182795698924731,0.0282905813153587,0.0363087691710353
F,GES,XGBoost,37,37,515e61a92cd7d788,0.93787770226748,0.4636332350540689,0.4508670520231214,0.0160347096958501,0.0133192335684524
F,GES,RF,37,37,515e61a92cd7d788,0.9223552699191582,0.3987744396272683,0.4125560538116592,0.0163741079116578,0.0048655297735532
F,GES,LightGBM,37,37,515e61a92cd7d788,0.9207431371271828,0.4422031974963252,0.4539007092198581,0.0171547712199825,0.0165996766053528
F,GES,Logit,37,37,515e61a92cd7d788,0.8511047904408305,0.1152795353788495,0.1927710843373494,0.021180935076739,0.0041498457409836
F,GES,FFMLP,37,37,515e61a92cd7d788,0.7563146391066143,0.0695173543661664,0.1363636363636363,0.0243072319756243,0.023779021001293
F,GES,XGBoost,38,38,2e9f7db8fcd98242,0.9348886524668708,0.4638654363863211,0.4578313253012048,0.0159592803191338,0.0123344845741753
F,GES,LightGBM,38,38,2e9f7db8fcd98242,0.9229107410382786,0.4416456325685718,0.4571428571428571,0.0172853692106806,0.0176822262798492
F,GES,RF,38,38,2e9f7db8fcd98242,0.9178952167965782,0.3988709257574011,0.4095238095238095,0.0163729147330164,0.0036360078277886
F,GES,Logit,38,38,2e9f7db8fcd98242,0.835938800471879,0.118673467258949,0.1910828025477707,0.0208192320609953,0.0081135390392198
F,GES,FFMLP,38,38,2e9f7db8fcd98242,0.7968278437588207,0.0755172755365195,0.1410488245931284,0.0284493309095803,0.0419038347415636
F,GES,XGBoost,39,39,da02673fcefc640b,0.9367703787335984,0.4499898261013842,0.4583333333333333,0.0163012808547444,0.0116383682072411
F,GES,LightGBM,39,39,da02673fcefc640b,0.9225995324633968,0.4322107961222591,0.4645161290322581,0.0176438954717298,0.01793986115662
F,GES,RF,39,39,da02673fcefc640b,0.919416881979576,0.3916547139088278,0.4216216216216216,0.0165010343863572,0.0026044171093094
F,GES,Logit,39,39,da02673fcefc640b,0.8286652047101055,0.1085412663979728,0.1343283582089552,0.0213913857480917,0.0052302151617579
F,GES,FFMLP,39,39,da02673fcefc640b,0.7952500886582569,0.0901610141280254,0.1503267973856209,0.0272032497971895,0.035536176401123
F,GES,XGBoost,40,40,f5cdbdeeea3da737,0.936158817696912,0.4573481496208723,0.4128440366972477,0.01622482229076,0.0116481891001903
F,GES,LightGBM,40,40,f5cdbdeeea3da737,0.92609158216992,0.4354640464232536,0.4551724137931034,0.0174719923978162,0.0174650749540168
F,GES,RF,40,40,f5cdbdeeea3da737,0.921901122522092,0.3936839676378125,0.4125560538116592,0.0164249247973161,0.0025378809057869
F,GES,Logit,40,40,f5cdbdeeea3da737,0.8501277402638758,0.1248407885896185,0.1475409836065573,0.0208561235403524,0.0055322714292353
F,GES,FFMLP,40,40,f5cdbdeeea3da737,0.7930101106599794,0.0727783565807861,0.1422222222222222,0.029041392712621,0.0400288963400354
F,GES,XGBoost,41,41,eea56eae392fadf6,0.9403854643883304,0.4575767925867407,0.4533333333333333,0.0161411367846394,0.0123341430685758
F,GES,LightGBM,41,41,eea56eae392fadf6,0.9276150567050974,0.4357859881975762,0.4645161290322581,0.017309193086398,0.0167876744260179
F,GES,RF,41,41,eea56eae392fadf6,0.9241754782117813,0.4045617768162992,0.4057971014492754,0.0163601532010064,0.0034783337992731
F,GES,Logit,41,41,eea56eae392fadf6,0.8491253591564075,0.1151349412970093,0.1818181818181818,0.0212734162741912,0.0038907532140817
F,GES,FFMLP,41,41,eea56eae392fadf6,0.812862322773954,0.0830390826328751,0.1436265709156194,0.0281540954951017,0.037986228506005
F,GES,XGBoost,42,42,6a8f4ec178e091df,0.9377655224323485,0.4622964690134529,0.4545454545454545,0.0161572269052107,0.0115773601381059
F,GES,LightGBM,42,42,6a8f4ec178e091df,0.9257079995078562,0.4448273920221799,0.4430379746835443,0.0171032983028329,0.0170088296733006
F,GES,RF,42,42,6a8f4ec178e091df,0.918624385724935,0.3961658601107791,0.4338624338624338,0.0164349477215543,0.0030360637405647
F,GES,Logit,42,42,6a8f4ec178e091df,0.8229946949794096,0.0959932995729834,0.1360544217687075,0.0221023645755748,0.0061173678909144
F,GES,FFMLP,42,42,6a8f4ec178e091df,0.7901187658770654,0.1164981983008952,0.1872659176029962,0.0297494181309928,0.0418848770609146
F,GES,XGBoost,43,43,1dc558a7e7b43671,0.9361407241751164,0.4775168888716365,0.4539007092198581,0.0157309672696327,0.0102438801853467
F,GES,LightGBM,43,43,1dc558a7e7b43671,0.9268189417460972,0.4515951173308736,0.475,0.0171489276718346,0.0167669233694095
F,GES,RF,43,43,1dc558a7e7b43671,0.9194675438406033,0.4056080323445313,0.4533333333333333,0.01620614481409,0.003622588761532
F,GES,Logit,43,43,1dc558a7e7b43671,0.846961373949671,0.1160165538393284,0.1871345029239766,0.0212465374912938,0.0039087715035509
F,GES,FFMLP,43,43,1dc558a7e7b43671,0.7881719029318742,0.0796363177152135,0.1506024096385542,0.032249104838991,0.0461951420294328
F,GES,XGBoost,44,44,dce68a7f38f04fe9,0.9382612849295436,0.4712670426484949,0.4459459459459459,0.0158383022336869,0.011283585638277
F,GES,RF,44,44,dce68a7f38f04fe9,0.929547444832852,0.4025680006327728,0.4057971014492754,0.0163453799273133,0.0025641599105395
F,GES,LightGBM,44,44,dce68a7f38f04fe9,0.9226791439592968,0.4589775451164689,0.490566037735849,0.0168167956273835,0.0159634298366876
F,GES,FFMLP,44,44,dce68a7f38f04fe9,0.7876146224605742,0.0682164087748283,0.1084840055632823,0.027151280438423,0.0322893152842941
F,GES,Logit,44,44,dce68a7f38f04fe9,0.7851285725658784,0.0846550220269774,0.1153846153846153,0.0223327215205648,0.005170329645874
F,GES,XGBoost,45,45,88d263b2daea1860,0.9375628749882392,0.4713113945816056,0.4545454545454545,0.015900322160961,0.0118180168472357
F,GES,RF,45,45,88d263b2daea1860,0.9338573217245298,0.4015080180869022,0.3923444976076555,0.0163047939614201,0.0058574224210232
F,GES,LightGBM,45,45,88d263b2daea1860,0.91896273458251,0.4615375271837509,0.490566037735849,0.0168350797179563,0.0164212036695979
F,GES,Logit,45,45,88d263b2daea1860,0.8437009213221299,0.1116146651608808,0.1797752808988764,0.0216131118193027,0.0042780035814061
F,GES,FFMLP,45,45,88d263b2daea1860,0.7594032032770988,0.0631520903759512,0.1072902338376891,0.0262436043627254,0.0298973255166416
F,GES,XGBoost,46,46,e4dabdb9afd5edc0,0.9347330481794298,0.4738094005003819,0.4148148148148148,0.015999967506241,0.0128572785991629
F,GES,RF,46,46,e4dabdb9afd5edc0,0.9318905559053636,0.4109842564353131,0.3870967741935484,0.0162146905227844,0.0038015096449538
F,GES,LightGBM,46,46,e4dabdb9afd5edc0,0.9242605177642196,0.4630607334396617,0.4968152866242038,0.017184245666807,0.0168801198576144
F,GES,Logit,46,46,e4dabdb9afd5edc0,0.8289800319893464,0.1295244875547682,0.1308411214953271,0.0207493534987089,0.0029513431562417
F,GES,FFMLP,46,46,e4dabdb9afd5edc0,0.8014887349733302,0.0974686103675703,0.1795665634674922,0.0273317016535063,0.0361262330214415
F,GES,XGBoost,47,47,8798536f9ca8f7a6,0.9369078894992436,0.4686595896436297,0.4642857142857143,0.0161756049861363,0.0119736670160513
F,GES,RF,47,47,8798536f9ca8f7a6,0.9282266177417836,0.401662145507159,0.437956204379562,0.016341072407045,0.0045009784735812
F,GES,LightGBM,47,47,8798536f9ca8f7a6,0.9202039501776784,0.4556326231002382,0.4968152866242038,0.0170552050065472,0.0169983058078423
F,GES,Logit,47,47,8798536f9ca8f7a6,0.8494220929138531,0.116573415788579,0.1538461538461538,0.0213038543078101,0.009406414924079
F,GES,FFMLP,47,47,8798536f9ca8f7a6,0.8013837925469165,0.0883008804034651,0.1383647798742138,0.0257789546010131,0.0286752840335855
F,GES,XGBoost,48,48,c5d2b894b497b54f,0.9391623423149577,0.4675768317198504,0.4278606965174129,0.0162796860031692,0.012587968624169
F,GES,RF,48,48,c5d2b894b497b54f,0.924808751474622,0.4035966610025288,0.3942307692307692,0.0162882415431926,0.0032876712328767
F,GES,LightGBM,48,48,c5d2b894b497b54f,0.9240108271634424,0.4608732689433334,0.4810126582278481,0.0167619845998291,0.0170497383284885
F,GES,Logit,48,48,c5d2b894b497b54f,0.8275795934023783,0.107626242982631,0.1313868613138686,0.021706912130247,0.0043253359559036
F,GES,FFMLP,48,48,c5d2b894b497b54f,0.7791721851908142,0.064402191543898,0.0992063492063492,0.0287551908619568,0.0375806220372587
F,GES,XGBoost,49,49,41ba696b478eb6ce,0.9385652560957076,0.4571929830435446,0.4141414141414141,0.0163722795050186,0.0121075791130527
F,GES,LightGBM,49,49,41ba696b478eb6ce,0.9261675749614608,0.4566130925558974,0.4705882352941176,0.0170015971445372,0.0167937354740139
F,GES,RF,49,49,41ba696b478eb6ce,0.9188089396472487,0.4011437281414143,0.3961352657004831,0.016358044171093,0.0022225328487559
F,GES,Logit,49,49,41ba696b478eb6ce,0.8483183880843304,0.1138815574767689,0.1463414634146341,0.0214027179666983,0.008139342383406
F,GES,FFMLP,49,49,41ba696b478eb6ce,0.7815894797026872,0.0733899677478177,0.1048158640226629,0.0275673827512457,0.0351209382596614
F,GES,XGBoost,50,50,4070bf22e13f5082,0.936158817696912,0.4603721666579436,0.4225352112676056,0.0162885041002274,0.0126423699562788
F,GES,RF,50,50,4070bf22e13f5082,0.9280076861280588,0.4094385490662324,0.4461538461538462,0.0162076399217221,0.0047950796757058
F,GES,LightGBM,50,50,4070bf22e13f5082,0.9267574237719928,0.4566680076614325,0.4810126582278481,0.0171703983004984,0.0171068017656978
F,GES,Logit,50,50,4070bf22e13f5082,0.8444644679418979,0.1177199594135598,0.1818181818181818,0.0212263571777793,0.0037386405373928
F,GES,FFMLP,50,50,4070bf22e13f5082,0.7743954954368137,0.0626299437284995,0.1073825503355704,0.0285156550048371,0.0390879318330552
F,GES,XGBoost,51,51,18801945960e3abc,0.9378632274500438,0.467452857680295,0.4166666666666667,0.016207229078762,0.0128293748687757
F,GES,RF,51,51,18801945960e3abc,0.9293827937845136,0.414475129610076,0.3776824034334764,0.0161785004193458,0.0032284036902432
F,GES,LightGBM,51,51,18801945960e3abc,0.9263629849968518,0.4614046300759921,0.4743589743589743,0.0171247516823986,0.0165620165558073
F,GES,Logit,51,51,18801945960e3abc,0.8445947412988254,0.1173956302317908,0.1322314049586777,0.0212950786703592,0.0079579383630904
F,GES,FFMLP,51,51,18801945960e3abc,0.7917869885866065,0.0743638389486188,0.127027027027027,0.0268336426448508,0.0313568256264523
F,GES,XGBoost,52,52,209260d8ea4adae2,0.9339912137858162,0.4566450680355843,0.4528301886792453,0.0163370548111276,0.0123819194037362
F,GES,LightGBM,52,52,209260d8ea4adae2,0.9273834596261156,0.4627615234820724,0.4774193548387097,0.0174215914074681,0.0171452455196561
F,GES,RF,52,52,209260d8ea4adae2,0.9239655933589538,0.4048869158875949,0.3963133640552995,0.0162615342465753,0.0040743639921722
F,GES,Logit,52,52,209260d8ea4adae2,0.8460386043381027,0.1136952361914499,0.1797752808988764,0.0216135685341917,0.0052483972475913
F,GES,FFMLP,52,52,209260d8ea4adae2,0.7829501125417057,0.0681841846033328,0.1084198385236447,0.0268139515870721,0.0340364992407405
F,GES,XGBoost,53,53,fd8e1522beb8295c,0.9358005659653618,0.4567009359533008,0.4307692307692308,0.01626819499592,0.0124376882312218
F,GES,LightGBM,53,53,fd8e1522beb8295c,0.9301481497564612,0.4538155806968815,0.4545454545454545,0.0170886672089687,0.0166478653321888
F,GES,RF,53,53,fd8e1522beb8295c,0.9297356174595248,0.3990472395257711,0.3876651982378855,0.0163813698630137,0.0032585965893206
F,GES,Logit,53,53,fd8e1522beb8295c,0.8480578413704757,0.1133955000379,0.1612903225806451,0.0213826607538712,0.0095719477912397
F,GES,FFMLP,53,53,fd8e1522beb8295c,0.7626202314523308,0.0710055749227067,0.1294964028776978,0.0277307584647998,0.0315567640262753
F,GES,XGBoost,54,54,0197fc3992679433,0.9350478754586709,0.4527389080340533,0.4555555555555555,0.0164531253410804,0.0131594753386892
F,GES,RF,54,54,0197fc3992679433,0.933032257130657,0.406260385439764,0.4492753623188406,0.0162547777467151,0.0045731059547106
F,GES,LightGBM,54,54,0197fc3992679433,0.928794754326161,0.4607189403077512,0.4625,0.0170515957152788,0.0164024225164626
F,GES,Logit,54,54,0197fc3992679433,0.8331777290458925,0.1157526374796648,0.1296296296296296,0.0208315951829501,0.0030620896546697
F,GES,FFMLP,54,54,0197fc3992679433,0.7574237719926757,0.073151802916968,0.1123595505617977,0.0267412669028303,0.0348478001062017
F,GES,XGBoost,55,55,6a5b2d45b66924b5,0.9373855584746438,0.4615712328102022,0.4404761904761904,0.0162963295935256,0.0125732684888358
F,GES,LightGBM,55,55,6a5b2d45b66924b5,0.92672847413712,0.4598580116380943,0.4487179487179487,0.0172371556936242,0.0170221558704494
F,GES,RF,55,55,6a5b2d45b66924b5,0.9259812116869676,0.4032696424979302,0.3911111111111111,0.0163227889292703,0.0047447581772435
F,GES,Logit,55,55,6a5b2d45b66924b5,0.8095403521723082,0.0980985235646677,0.1185185185185185,0.0216041672735625,0.0080325182662719
F,GES,FFMLP,55,55,6a5b2d45b66924b5,0.7822227529655282,0.0674624574600246,0.1085526315789473,0.0283746814732762,0.0400859330548299
F,GOLEM,XGBoost,1,1,5d44aec594d57af8,0.5675033111144885,0.0303401566559339,0.0477611940298507,0.0217173575304623,0.0027283964304241
F,GOLEM,LightGBM,1,1,5d44aec594d57af8,0.5568227051986305,0.0269920304122553,0.0399113082039911,0.0218993210048681,0.0035745612631619
F,GOLEM,RF,1,1,5d44aec594d57af8,0.5039624812732049,0.0216726611517248,0.0,0.0341066480290746,0.0427352530053117
F,GOLEM,Logit,1,1,5d44aec594d57af8,0.4218757915915785,0.0210496100421798,0.0432166301969365,0.0216102995770103,0.000780811125751
F,GOLEM,FFMLP,1,1,5d44aec594d57af8,0.4033661187948266,0.0177748746205172,0.0101522842639593,0.0216761645563304,0.0007702270207673
F,GOLEM,LightGBM,2,2,140b79aa06813104,0.7274229035036295,0.043862279193891,0.0912863070539419,0.0267496955593633,0.0265132314614505
F,GOLEM,XGBoost,2,2,140b79aa06813104,0.7064886987862866,0.0493640221992428,0.0876494023904382,0.0218763455281591,0.0089269186429177
F,GOLEM,RF,2,2,140b79aa06813104,0.680320038213518,0.0396593799042233,0.0904761904761904,0.0239240749231199,0.0219904948280682
F,GOLEM,Logit,2,2,140b79aa06813104,0.4260192080827381,0.0214898670964054,0.0432166301969365,0.0216310653135919,0.0008684049556623
F,GOLEM,FFMLP,2,2,140b79aa06813104,0.4217473275868307,0.0193115130700286,0.0432166301969365,0.0216449514865358,0.0039560934213667
F,GOLEM,XGBoost,3,3,5932bb55e9f26353,0.8014579759862779,0.0816675056930824,0.140495867768595,0.021605534048872,0.010737280820897
F,GOLEM,RF,3,3,5932bb55e9f26353,0.750275021531291,0.070703120374417,0.1285714285714285,0.0215144232597148,0.0097864131954151
F,GOLEM,LightGBM,3,3,5932bb55e9f26353,0.7480422809417316,0.0676770286710409,0.1208053691275167,0.0225166816723578,0.017724537351699
F,GOLEM,Logit,3,3,5932bb55e9f26353,0.4239456904849787,0.0205441975498013,0.0432521215439364,0.021636394220973,0.0009116733596394
F,GOLEM,FFMLP,3,3,5932bb55e9f26353,0.4075276288077817,0.018242385387945,0.043046357615894,0.0217344618848367,0.0065925013376017
F,GOLEM,XGBoost,4,4,fe6d7575b1d442f2,0.8353326674917313,0.1404150164301106,0.178988326848249,0.0209588330532032,0.010817056952676
F,GOLEM,LightGBM,4,4,fe6d7575b1d442f2,0.8147277648710656,0.1228527359791612,0.1904761904761904,0.0216912592109004,0.0186872227393061
F,GOLEM,RF,4,4,fe6d7575b1d442f2,0.8129310781567767,0.1266576433816768,0.15625,0.0207766508247134,0.0087134470226446
F,GOLEM,FFMLP,4,4,fe6d7575b1d442f2,0.4439860752256262,0.0181800965316757,0.0432166301969365,0.0216622593504717,0.0038034237956647
F,GOLEM,Logit,4,4,fe6d7575b1d442f2,0.4222629929580013,0.0207167628546442,0.0432639649507119,0.0216512326631192,0.0010031041206159
F,GOLEM,XGBoost,5,5,d91dafb8999ed110,0.8916885598280392,0.2017342991271055,0.2723404255319149,0.0203405589673213,0.0095629980908704
F,GOLEM,RF,5,5,d91dafb8999ed110,0.8733598222492419,0.2072768356757284,0.2442748091603053,0.0197006866088901,0.0083953033268101
F,GOLEM,LightGBM,5,5,d91dafb8999ed110,0.8586606451426131,0.1556907430035604,0.2068965517241379,0.0227720392297098,0.0210118570128135
F,GOLEM,FFMLP,5,5,d91dafb8999ed110,0.4664292796607102,0.0197853158817817,0.0435643564356435,0.0217025137481146,0.0070327846018343
F,GOLEM,Logit,5,5,d91dafb8999ed110,0.3577740625746358,0.0187927395486302,0.0433470507544581,0.0216663280289602,0.0010363009633189
F,GOLEM,XGBoost,6,6,b5a36bb5b1ae7ab4,0.9032159425639243,0.2782143541542752,0.3255813953488372,0.0186257669123897,0.0103733603735026
F,GOLEM,LightGBM,6,6,b5a36bb5b1ae7ab4,0.8905595240680027,0.256268272619276,0.3103448275862069,0.0196204875893261,0.0183945327043277
F,GOLEM,RF,6,6,b5a36bb5b1ae7ab4,0.8881965101215161,0.2809678884208388,0.3246073298429319,0.0183463461000838,0.0055767402851551
F,GOLEM,FFMLP,6,6,b5a36bb5b1ae7ab4,0.4221218634879967,0.0191790165288663,0.0446247464503042,0.0216791025301186,0.005993035590437
F,GOLEM,Logit,6,6,b5a36bb5b1ae7ab4,0.381335446656679,0.018232128366823,0.0434782608695652,0.0216907413602761,0.0011722122919997
F,GOLEM,XGBoost,7,7,6e8b26da04cb79b4,0.9033425972164928,0.2734046939866505,0.3173076923076923,0.0185388513567158,0.009376982023363
F,GOLEM,LightGBM,7,7,6e8b26da04cb79b4,0.8926402790744801,0.2495110393845435,0.3580246913580246,0.0200449705099343,0.0180882440474029
F,GOLEM,RF,7,7,6e8b26da04cb79b4,0.8859149170231091,0.2718698080669635,0.3463687150837989,0.0183541973720995,0.0032065977075761
F,GOLEM,FFMLP,7,7,6e8b26da04cb79b4,0.5540779179422599,0.023573169694829,0.0449775112443778,0.0216418578866401,0.0027040990987552
F,GOLEM,Logit,7,7,6e8b26da04cb79b4,0.3827177917218519,0.0184724114267028,0.0434662998624484,0.0216891974189979,0.0011625168154659
F,GOLEM,XGBoost,8,8,688de5612780ce0a,0.9060602441901702,0.2754122018247453,0.3170731707317073,0.0184987309416652,0.0090067469959348
F,GOLEM,LightGBM,8,8,688de5612780ce0a,0.8949453937512214,0.2407716057585621,0.3297872340425531,0.0202872071883477,0.0195622409803986
F,GOLEM,RF,8,8,688de5612780ce0a,0.8847605503325591,0.2517929201181377,0.351063829787234,0.0185251618674867,0.0062521666200726
F,GOLEM,FFMLP,8,8,688de5612780ce0a,0.6364939097205636,0.0383394185808072,0.0481927710843373,0.0215890990938838,0.002379519385326
F,GOLEM,Logit,8,8,688de5612780ce0a,0.5379276403876356,0.0231867731917857,0.0439684329199549,0.0217999330548214,0.001645390758532
F,GOLEM,XGBoost,9,9,0dab5d0cf7d47bc3,0.8969573933748761,0.323622642592323,0.3878787878787879,0.0180325856025165,0.0103042225377112
F,GOLEM,LightGBM,9,9,0dab5d0cf7d47bc3,0.888793596340766,0.2907183250231563,0.3612903225806451,0.0203913207197791,0.0196565625457296
F,GOLEM,RF,9,9,0dab5d0cf7d47bc3,0.8845506654797316,0.2728436645360324,0.351063829787234,0.0183266267822197,0.0045289348616158
F,GOLEM,FFMLP,9,9,0dab5d0cf7d47bc3,0.7270809359416954,0.0464414391419844,0.0927960927960928,0.0214478694746188,0.0033604490357485
F,GOLEM,Logit,9,9,0dab5d0cf7d47bc3,0.6105514181702384,0.0299392123495438,0.0441051738761662,0.0218379307003431,0.0020319209928891
F,GOLEM,XGBoost,10,10,7f59bd501c3dbaab,0.8999211122449717,0.3038042559304057,0.3243243243243243,0.0182131382646341,0.0099923575898699
F,GOLEM,LightGBM,10,10,7f59bd501c3dbaab,0.8953724008655941,0.2772471720790154,0.3409090909090909,0.0200993416522616,0.0189136910349142
F,GOLEM,RF,10,10,7f59bd501c3dbaab,0.8852056509687272,0.2635157371307373,0.3609756097560975,0.0183984713447022,0.0036740285155157
F,GOLEM,FFMLP,10,10,7f59bd501c3dbaab,0.7297479210543457,0.0555138904294629,0.0983606557377049,0.0215139843639145,0.0037124546956576
F,GOLEM,Logit,10,10,7f59bd501c3dbaab,0.5891757315210862,0.0271376584030231,0.0442427680090754,0.0218506503105398,0.0020677218191973
F,GOLEM,XGBoost,11,11,0511ae592ab833b7,0.9012998386057856,0.2965237573051674,0.3888888888888889,0.0182660251951341,0.0111521224829511
F,GOLEM,RF,11,11,0511ae592ab833b7,0.8940407176614484,0.2725527609297781,0.3715846994535519,0.0183164327648867,0.004862175006989
F,GOLEM,LightGBM,11,11,0511ae592ab833b7,0.8937910270606714,0.2835237878114288,0.3255813953488372,0.0203945961606653,0.019689961466676
F,GOLEM,FFMLP,11,11,0511ae592ab833b7,0.7347887762265599,0.0605507058333531,0.1104815864022662,0.0212998036158008,0.0036843821650065
F,GOLEM,Logit,11,11,0511ae592ab833b7,0.5832302002590992,0.0272005982455939,0.0498886414253897,0.02190958011796,0.0025342127793643
F,GOLEM,RF,12,12,96fce1d1ba2fa699,0.9008330257434628,0.2762059561209857,0.3378378378378378,0.0182370623427453,0.0034604417109309
F,GOLEM,XGBoost,12,12,96fce1d1ba2fa699,0.8919382504288165,0.3207488500546906,0.375,0.0179654264528517,0.0109673296318795
F,GOLEM,LightGBM,12,12,96fce1d1ba2fa699,0.89080921466878,0.3159548478236264,0.4129032258064516,0.0197054620110639,0.0187315067090431
F,GOLEM,FFMLP,12,12,96fce1d1ba2fa699,0.7441648392209653,0.0664778741409566,0.10062893081761,0.0213218090839011,0.0036767704075429
F,GOLEM,Logit,12,12,96fce1d1ba2fa699,0.7037185805994023,0.0473945041349588,0.0827067669172932,0.0216849793474772,0.003367884778887
F,GOLEM,RF,13,13,da2acca4fb88b2aa,0.8957125590753486,0.2725845198724527,0.3515151515151515,0.0183133038859379,0.0045703103159071
F,GOLEM,XGBoost,13,13,da2acca4fb88b2aa,0.8922530777080573,0.3028658538461488,0.3516483516483517,0.0181965780262116,0.0124009053674176
F,GOLEM,LightGBM,13,13,da2acca4fb88b2aa,0.8909322506169891,0.3065956662143432,0.3357664233576642,0.0198252862899342,0.0186861151527812
F,GOLEM,FFMLP,13,13,da2acca4fb88b2aa,0.743915148620188,0.0683559439688672,0.0919540229885057,0.0214917946305258,0.0016599280719596
F,GOLEM,Logit,13,13,da2acca4fb88b2aa,0.7042505301401886,0.0490284393365232,0.0794223826714801,0.0221190433492395,0.0039199932977282
F,GOLEM,RF,14,14,40021117058bf5f8,0.9007190365561515,0.2686625893780116,0.3571428571428571,0.0183261403410679,0.0037478333799273
F,GOLEM,XGBoost,14,14,40021117058bf5f8,0.8873931577537979,0.320207720922863,0.3636363636363636,0.018003950857674,0.0117694940054797
F,GOLEM,LightGBM,14,14,40021117058bf5f8,0.880738360437429,0.3089344780753877,0.3825136612021858,0.0194336837007361,0.0184072370912499
F,GOLEM,FFMLP,14,14,40021117058bf5f8,0.7414508109516468,0.062077186116118,0.0909090909090909,0.0212595540140775,0.0013329547949433
F,GOLEM,Logit,14,14,40021117058bf5f8,0.7058898032148568,0.0489372936205707,0.12133072407045,0.022064879839391,0.003961667513707
F,GOLEM,RF,15,15,06292a569571a05e,0.8913646857879005,0.2704666699646832,0.3157894736842105,0.0182967212748112,0.004687168017892
F,GOLEM,LightGBM,15,15,06292a569571a05e,0.8857068415224614,0.3067529379683223,0.3798882681564245,0.0195113540169546,0.0188297010773583
F,GOLEM,XGBoost,15,15,06292a569571a05e,0.8825766622518473,0.3182739360355059,0.3624161073825503,0.0180258680998328,0.0111288078506689
F,GOLEM,FFMLP,15,15,06292a569571a05e,0.742684789138097,0.0644690272862856,0.1188811188811188,0.021246476468404,0.0027395027710725
F,GOLEM,Logit,15,15,06292a569571a05e,0.7070948317664344,0.0491732607576937,0.0855263157894736,0.022063698158075,0.0041733592298348
F,GOLEM,RF,16,16,b7b5c4109c72032c,0.8871796541966115,0.2612636573210348,0.3132530120481928,0.0185298741962538,0.0041755661168577
F,GOLEM,LightGBM,16,16,b7b5c4109c72032c,0.8844547698142157,0.3124461335437294,0.4,0.0195193578715568,0.018794181851391
F,GOLEM,XGBoost,16,16,b7b5c4109c72032c,0.8842665971875431,0.2948438767457573,0.3534883720930232,0.0185475615930307,0.0121783219441367
F,GOLEM,FFMLP,16,16,b7b5c4109c72032c,0.7376149843310101,0.0643652842927045,0.0888888888888888,0.0211692594872586,0.0010640641295829
F,GOLEM,Logit,16,16,b7b5c4109c72032c,0.7079597021082571,0.0490018363175102,0.0794701986754966,0.0220454620386428,0.0042043233479871
F,GOLEM,RF,17,17,3a806dc9661ea3e8,0.8978602601124692,0.2605424920821962,0.3026315789473684,0.0185870226446743,0.0048124126362873
F,GOLEM,LightGBM,17,17,3a806dc9661ea3e8,0.8773621092703967,0.3352829050614986,0.4022988505747126,0.01877823708372,0.0175730383603498
F,GOLEM,XGBoost,17,17,3a806dc9661ea3e8,0.8772933538875741,0.312963523263046,0.37,0.0180302053730529,0.011769458953565
F,GOLEM,FFMLP,17,17,3a806dc9661ea3e8,0.752281593098407,0.0784051090939301,0.1438848920863309,0.0211350620830119,0.0036694809923566
F,GOLEM,Logit,17,17,3a806dc9661ea3e8,0.7105506944293666,0.0498992320702433,0.0794701986754966,0.0220089720321574,0.0040199396935191
F,GOLEM,RF,18,18,823207e695be1ff0,0.8875487620412388,0.2665428399244051,0.32,0.0184147922840369,0.0042079955269779
F,GOLEM,LightGBM,18,18,823207e695be1ff0,0.8824717198254338,0.3349641911759126,0.367816091954023,0.0188871397349829,0.0178920812306895
F,GOLEM,XGBoost,18,18,823207e695be1ff0,0.8785237133696652,0.3117073114681538,0.3444444444444444,0.0181825445540313,0.0126282667362609
F,GOLEM,FFMLP,18,18,823207e695be1ff0,0.7404484298441786,0.0649631027618162,0.1126760563380281,0.0211952326335951,0.0016267952457932
F,GOLEM,Logit,18,18,823207e695be1ff0,0.7112997662316984,0.0502699985183051,0.0805369127516778,0.0219983049491637,0.0039122756914256
F,GOLEM,RF,19,19,1d74dd8a956d56e1,0.8942397464011985,0.2659250630859855,0.323943661971831,0.0184199083030472,0.0032893486161587
F,GOLEM,LightGBM,19,19,1d74dd8a956d56e1,0.8798843462086835,0.3368190616976854,0.3720930232558139,0.0188347799056764,0.0179961292768995
F,GOLEM,XGBoost,19,19,1d74dd8a956d56e1,0.8781835551599104,0.3192753016729167,0.3604651162790697,0.0181288219344851,0.0119337624234171
F,GOLEM,FFMLP,19,19,1d74dd8a956d56e1,0.740900767889065,0.0636437659970727,0.0948616600790513,0.0212412002151139,0.0010058232639083
F,GOLEM,Logit,19,19,1d74dd8a956d56e1,0.7109885576568165,0.0504536828533649,0.0794701986754966,0.0220220717061212,0.0035175986108877
F,GOLEM,RF,20,20,1049748cd586d498,0.8828679679527542,0.2619468634973178,0.3178807947019867,0.018465544310875,0.0048314229801509
F,GOLEM,XGBoost,20,20,1049748cd586d498,0.8808794899074336,0.3221714513460249,0.3695652173913043,0.0178486151080749,0.0124330257138756
F,GOLEM,LightGBM,20,20,1049748cd586d498,0.8796418930166243,0.3205452466943983,0.3431952662721893,0.0192756476738618,0.0185760724810595
F,GOLEM,FFMLP,20,20,1049748cd586d498,0.7543478732874481,0.0747441464352977,0.0958904109589041,0.0211248870498497,0.0020181458731886
F,GOLEM,Logit,20,20,1049748cd586d498,0.7162791034298079,0.052207627591423,0.0849673202614379,0.0220381514603033,0.0032521676376405
F,GOLEM,RF,21,21,d9428be70001da5d,0.8927108438094824,0.2798236833770038,0.3265306122448979,0.0181850824713447,0.0029085826111266
F,GOLEM,XGBoost,21,21,d9428be70001da5d,0.8854173451737342,0.3343662694221554,0.3771428571428571,0.0177070961475293,0.0105740061419817
F,GOLEM,LightGBM,21,21,d9428be70001da5d,0.8824065831469701,0.3422293377508821,0.3875,0.0189387705467623,0.0183080210345708
F,GOLEM,FFMLP,21,21,d9428be70001da5d,0.7588531602145168,0.0733339804746324,0.1052631578947368,0.0214810559079997,0.0023196040115561
F,GOLEM,Logit,21,21,d9428be70001da5d,0.7331422657431733,0.0587118059972537,0.1282565130260521,0.0220430257141643,0.0037514011742578
F,GOLEM,RF,22,22,9147b30f4345a55a,0.9045168667810176,0.2735998674587018,0.3270440251572327,0.0182987520268381,0.0038507128878948
F,GOLEM,XGBoost,22,22,9147b30f4345a55a,0.8828335902613428,0.3194238120006216,0.3692307692307692,0.0181317411773852,0.0132816190122391
F,GOLEM,LightGBM,22,22,9147b30f4345a55a,0.8788530154663424,0.3416042593651414,0.3809523809523809,0.018876290536666,0.0183849284394542
F,GOLEM,FFMLP,22,22,9147b30f4345a55a,0.7557483118744165,0.0727241158158963,0.1333333333333333,0.0219056308976816,0.0047272370629864
F,GOLEM,Logit,22,22,9147b30f4345a55a,0.7338008699365279,0.0593267958077856,0.132,0.022096085143885,0.0038873489352403
F,GOLEM,RF,23,23,d48478f1798435b8,0.8996515187702194,0.3002546414924824,0.3646408839779005,0.0177770970086664,0.0031596309756779
F,GOLEM,XGBoost,23,23,d48478f1798435b8,0.8941999406532486,0.3362038825576718,0.3930635838150289,0.0177938336471694,0.0120230875497302
F,GOLEM,LightGBM,23,23,d48478f1798435b8,0.8900311932315753,0.3483772208336437,0.3851851851851852,0.0192001117027865,0.0191706649018292
F,GOLEM,FFMLP,23,23,d48478f1798435b8,0.7490718023318932,0.070898119594774,0.1529051987767584,0.021197739586317,0.0021419705443452
F,GOLEM,Logit,23,23,d48478f1798435b8,0.7364461428230238,0.06057440756762,0.1298174442190669,0.0220451891176102,0.0042023992902847
F,GOLEM,RF,24,24,6f2d862936d8ad71,0.896638947391276,0.3053955585945206,0.3646408839779005,0.0177694324853228,0.0023701425775789
F,GOLEM,XGBoost,24,24,6f2d862936d8ad71,0.8903785888500482,0.341099280173361,0.4102564102564102,0.0176593550777999,0.0117148558179196
F,GOLEM,LightGBM,24,24,6f2d862936d8ad71,0.8829747197313473,0.3379426225397924,0.3884892086330935,0.0191004047556252,0.0185288769308952
F,GOLEM,FFMLP,24,24,6f2d862936d8ad71,0.7636515621946719,0.085115192885733,0.125,0.0216290176436473,0.003729434789106
F,GOLEM,Logit,24,24,6f2d862936d8ad71,0.7362615889007099,0.0606491805536001,0.1295546558704453,0.0220446787406783,0.004187498966484
F,GOLEM,RF,25,25,710761342f601788,0.9005453387469151,0.3269724373675504,0.4,0.01755516354487,0.0048694436678781
F,GOLEM,LightGBM,25,25,710761342f601788,0.8888334020887162,0.3542625541279021,0.4060150375939849,0.0188709341589802,0.0177066633100092
F,GOLEM,XGBoost,25,25,710761342f601788,0.8886958913230707,0.3583848079432251,0.4069767441860465,0.0173049282636772,0.0122253021919464
F,GOLEM,FFMLP,25,25,710761342f601788,0.7698684962835906,0.0874712911668527,0.1619433198380566,0.0211564657066511,0.0039035689074265
F,GOLEM,Logit,25,25,710761342f601788,0.7404411924354604,0.0628231289943493,0.1482965931863727,0.0219757709437842,0.0035119140089427
F,GOLEM,RF,26,26,9dd66c347bd7a388,0.90291559010212,0.3341915834351071,0.4081632653061224,0.0174680827509085,0.0049197651663405
F,GOLEM,LightGBM,26,26,9dd66c347bd7a388,0.8897380781784889,0.3581984231819608,0.4052287581699346,0.0189495040080471,0.0185630135447579
F,GOLEM,XGBoost,26,26,9dd66c347bd7a388,0.8851966042078294,0.3336694428345911,0.3715846994535519,0.0179073753281466,0.0124001222909192
F,GOLEM,FFMLP,26,26,9dd66c347bd7a388,0.7799574440367371,0.096669745794313,0.1290322580645161,0.0212997898717743,0.0038979456556644
F,GOLEM,Logit,26,26,9dd66c347bd7a388,0.740976760680606,0.0628947613168685,0.1482965931863727,0.0219719533211278,0.0036380572333597
F,NOTEARS,XGBoost,1,1,b93202c111b3750e,0.5675033111144885,0.0303401566559339,0.0477611940298507,0.0217173575304623,0.0027283964304241
F,NOTEARS,LightGBM,1,1,b93202c111b3750e,0.5568227051986305,0.0269920304122553,0.0399113082039911,0.0218993210048681,0.0035745612631619
F,NOTEARS,RF,1,1,b93202c111b3750e,0.5039624812732049,0.0216726611517248,0.0,0.0341066480290746,0.0427352530053117
F,NOTEARS,Logit,1,1,b93202c111b3750e,0.4218757915915785,0.0210496100421798,0.0432166301969365,0.0216103080568002,0.0007808467101937
F,NOTEARS,FFMLP,1,1,b93202c111b3750e,0.407124143271743,0.0195510174008539,0.0104712041884816,0.0216748999300793,0.0007439264712601
F,NOTEARS,LightGBM,2,2,4f5cf972f16a40f0,0.698339376569613,0.0501114306489601,0.1034482758620689,0.0258596758368897,0.0242463079471585
F,NOTEARS,XGBoost,2,2,4f5cf972f16a40f0,0.6871503426913028,0.0501431385946543,0.1019607843137254,0.0217849839849229,0.0050873609503425
F,NOTEARS,RF,2,2,4f5cf972f16a40f0,0.6247928291754421,0.0408598477007603,0.0719424460431654,0.0234683198210791,0.0223511322337154
F,NOTEARS,FFMLP,2,2,4f5cf972f16a40f0,0.4650161756084852,0.0252480373456869,0.0432166301969365,0.0216551483052586,0.0041629244266965
F,NOTEARS,Logit,2,2,4f5cf972f16a40f0,0.4250385392014243,0.0212279458392897,0.0432166301969365,0.021632125559774,0.0008614226283816
F,NOTEARS,XGBoost,3,3,94e03e7799b97478,0.7683522591571315,0.0755214662546332,0.1266968325791855,0.0219628001461495,0.0108213942575557
F,NOTEARS,LightGBM,3,3,94e03e7799b97478,0.7125825969269962,0.0501549760548632,0.0567375886524822,0.0235353535104029,0.0220056822323843
F,NOTEARS,RF,3,3,94e03e7799b97478,0.666740850106028,0.0510147226780839,0.0777777777777777,0.0224420497623706,0.013412915851272
F,NOTEARS,Logit,3,3,94e03e7799b97478,0.426493258353779,0.0210460693081517,0.0432166301969365,0.0216558783695787,0.0010345849097733
F,NOTEARS,FFMLP,3,3,94e03e7799b97478,0.397073191914367,0.0173052071893736,0.0432166301969365,0.0217255751688957,0.0034553178205673
F,NOTEARS,XGBoost,4,4,3ca6494e3892385b,0.832864711118831,0.1620986900746791,0.1826923076923076,0.0204575158769923,0.0094401709748932
F,NOTEARS,RF,4,4,3ca6494e3892385b,0.7949678297182476,0.1191596377651651,0.2027972027972027,0.0208304109589041,0.0085988258317025
F,NOTEARS,LightGBM,4,4,3ca6494e3892385b,0.7933303659957589,0.1241971593286192,0.2105263157894736,0.0220493050884798,0.0187448064119357
F,NOTEARS,Logit,4,4,3ca6494e3892385b,0.4134984910002822,0.0203461530784786,0.0432521215439364,0.0216508009950192,0.0009215309038607
F,NOTEARS,FFMLP,4,4,3ca6494e3892385b,0.4075384849208589,0.0185349839170285,0.0430608088449228,0.0217393517559316,0.0059357294497757
F,NOTEARS,XGBoost,5,5,83b3c7441236a113,0.8563139153657425,0.2708064274666837,0.3272727272727272,0.0186164334701296,0.0085859261160242
F,NOTEARS,LightGBM,5,5,83b3c7441236a113,0.8389513718508226,0.2024639352144071,0.2522522522522522,0.0201905101392459,0.0187935177374453
F,NOTEARS,RF,5,5,83b3c7441236a113,0.8336771102474472,0.2018152950646745,0.2844827586206896,0.0194038613363153,0.0057036622868325
F,NOTEARS,Logit,5,5,83b3c7441236a113,0.4318670343270295,0.0197627858973326,0.0433470507544581,0.0216702531670591,0.0011425095493723
F,NOTEARS,FFMLP,5,5,83b3c7441236a113,0.4104117361819774,0.0179541274313858,0.0444964871194379,0.0217060329526075,0.0049247304964388
F,NOTEARS,XGBoost,6,6,d6b4cf265d20ee9e,0.8699473840386188,0.2725461368613737,0.3172413793103448,0.0185168480270046,0.0097101203271135
F,NOTEARS,RF,6,6,d6b4cf265d20ee9e,0.8657569243907911,0.2367419900033143,0.2847682119205298,0.0188852647469946,0.0058876153201006
F,NOTEARS,LightGBM,6,6,d6b4cf265d20ee9e,0.8430965976941616,0.2334233467455424,0.2876712328767123,0.0202055682034341,0.0184049647552539
F,NOTEARS,FFMLP,6,6,d6b4cf265d20ee9e,0.5238110746828205,0.0245989169227066,0.0402684563758389,0.0217118164406445,0.0018243256780332
F,NOTEARS,Logit,6,6,d6b4cf265d20ee9e,0.5211404708658112,0.0227072528933598,0.0432166301969365,0.0216647552341072,0.0010750421997591
F,NOTEARS,XGBoost,7,7,832d03dd04676ff3,0.8679390031193231,0.2648052452469798,0.319672131147541,0.0188190181114986,0.0103973807603785
F,NOTEARS,LightGBM,7,7,832d03dd04676ff3,0.8635097089837955,0.2222811901204211,0.2882882882882883,0.0207368823013512,0.0197552692552612
F,NOTEARS,RF,7,7,832d03dd04676ff3,0.8559701384516287,0.2238982930396035,0.3018867924528302,0.0192118412077159,0.0056902432205759
F,NOTEARS,FFMLP,7,7,832d03dd04676ff3,0.6881436770378734,0.0370103773600127,0.0664556962025316,0.021603315431213,0.0024420452091466
F,NOTEARS,Logit,7,7,832d03dd04676ff3,0.6650852928617438,0.0313944555817076,0.047504509921828,0.0217026717701674,0.0015247074050718
F,NOTEARS,LightGBM,8,8,889ef10cf013e726,0.8707615925194142,0.2287328721341907,0.3033175355450237,0.0205685113156518,0.0198331469158497
F,NOTEARS,XGBoost,8,8,889ef10cf013e726,0.8702477365004234,0.2527616177206707,0.32,0.0190279794156265,0.0099627381739505
F,NOTEARS,RF,8,8,889ef10cf013e726,0.85437248047709,0.2368663269854043,0.3008849557522124,0.0190083332401453,0.0059032708974
F,NOTEARS,FFMLP,8,8,889ef10cf013e726,0.7056328752053616,0.0455346644946647,0.0681818181818181,0.0214954787389919,0.0035788266455323
F,NOTEARS,Logit,8,8,889ef10cf013e726,0.5276288077816618,0.0223765391086651,0.0467791411042944,0.021704122086404,0.0014066214527024
F,NOTEARS,LightGBM,9,9,3a0b62d5c326a42b,0.8764176274326739,0.2245971558520961,0.3039215686274509,0.0207553598797225,0.0200368212669438
F,NOTEARS,XGBoost,9,9,3a0b62d5c326a42b,0.8741631746169601,0.2606941866278933,0.2613636363636363,0.0188132001357756,0.0100484828854972
F,NOTEARS,RF,9,9,3a0b62d5c326a42b,0.8688093015176847,0.2146193309517674,0.2967032967032967,0.0192389007548224,0.0039927313391109
F,NOTEARS,FFMLP,9,9,3a0b62d5c326a42b,0.7114770827452939,0.0453363252247603,0.0546448087431694,0.0218919229046279,0.0028808040641766
F,NOTEARS,Logit,9,9,3a0b62d5c326a42b,0.5826548262660037,0.0268221642562836,0.0506838294448913,0.0218048899665858,0.0018474867292811
F,NOTEARS,XGBoost,10,10,bb4d1078957f8842,0.8741704120256784,0.2436295416580063,0.3417085427135678,0.0191622614706282,0.0113119840796912
F,NOTEARS,LightGBM,10,10,bb4d1078957f8842,0.8701391753696507,0.2064446636512214,0.2962962962962963,0.0211839865141175,0.0202140109359302
F,NOTEARS,RF,10,10,bb4d1078957f8842,0.8637793024585477,0.2218910255515952,0.3111111111111111,0.0192808979591836,0.0043337992731339
F,NOTEARS,FFMLP,10,10,bb4d1078957f8842,0.718377951958081,0.0552397718365527,0.0842105263157894,0.0215447874297707,0.0031556685293457
F,NOTEARS,Logit,10,10,bb4d1078957f8842,0.5785258845922806,0.026806119097587,0.0496233938856889,0.0218346255806596,0.0023668732316337
F,NOTEARS,LightGBM,11,11,6194646071f9a87d,0.8837020793075248,0.2224414709031817,0.3085106382978723,0.0209241243929132,0.019775057503753
F,NOTEARS,XGBoost,11,11,6194646071f9a87d,0.8790737564322469,0.2597785496801774,0.3164556962025316,0.0189182257919,0.0097147100067418
F,NOTEARS,RF,11,11,6194646071f9a87d,0.8712157399164803,0.2174071886076969,0.2873563218390804,0.0192284294101202,0.0049018730779983
F,NOTEARS,FFMLP,11,11,6194646071f9a87d,0.739905624190315,0.0543654617093648,0.1168091168091168,0.0214330285978069,0.0041966996045545
F,NOTEARS,Logit,11,11,6194646071f9a87d,0.5761918202806667,0.0271974245696149,0.0492524186455584,0.0219057789454164,0.002387706629636
F,NOTEARS,LightGBM,12,12,c6222f4b42894a80,0.8729219590217918,0.240383147657962,0.2994652406417112,0.0204609869778265,0.0196162053442298
F,NOTEARS,XGBoost,12,12,c6222f4b42894a80,0.8671175572298094,0.2594427637274251,0.3552631578947368,0.018671226567017,0.0100464558914649
F,NOTEARS,RF,12,12,c6222f4b42894a80,0.8607233066272951,0.2072965962079474,0.2840909090909091,0.0193906155996645,0.0035023762929829
F,NOTEARS,FFMLP,12,12,c6222f4b42894a80,0.741378436864465,0.0636365910109356,0.132258064516129,0.0215483062766793,0.0020191798136075
F,NOTEARS,Logit,12,12,c6222f4b42894a80,0.6109530943540974,0.0301586903075067,0.0557156580211335,0.021917574426853,0.0027328551457256
F,NOTEARS,LightGBM,13,13,cd8173b70fdabb94,0.88093377047282,0.2417790881804768,0.3333333333333333,0.0206311750159331,0.0199125549219246
F,NOTEARS,XGBoost,13,13,cd8173b70fdabb94,0.8630537522345499,0.2619257955924708,0.328042328042328,0.0186552315473732,0.0104213187528051
F,NOTEARS,RF,13,13,cd8173b70fdabb94,0.8546022682038923,0.1981827652978489,0.2469135802469135,0.0195025328487559,0.0042538440033547
F,NOTEARS,FFMLP,13,13,cd8173b70fdabb94,0.7402855881480195,0.0688487043579786,0.1566265060240964,0.0211799329411783,0.0015296194814864
F,NOTEARS,Logit,13,13,cd8173b70fdabb94,0.707199774192848,0.0481868986721156,0.0758620689655172,0.0215423046011773,0.0030565187364449
F,NOTEARS,LightGBM,14,14,eac0305927b7d64a,0.8804343892712653,0.2444611428358531,0.3297872340425531,0.0204630845412566,0.0196337311758501
F,NOTEARS,XGBoost,14,14,eac0305927b7d64a,0.8671754564995551,0.2711622849728333,0.3225806451612903,0.0185396174240373,0.0100795292103627
F,NOTEARS,RF,14,14,eac0305927b7d64a,0.8513273407589148,0.194166876449042,0.2545454545454545,0.0195053419066256,0.0031244059267542
F,NOTEARS,FFMLP,14,14,eac0305927b7d64a,0.750334730153216,0.0641505418456535,0.1420959147424511,0.02124116210218,0.0052835873219056
F,NOTEARS,Logit,14,14,eac0305927b7d64a,0.7099174211665256,0.0488717485570239,0.08,0.0215116100388031,0.0026342980068237
F,NOTEARS,LightGBM,15,15,5f565b9fb64a7d79,0.8731137503528236,0.2451295578456286,0.3093922651933701,0.0203768315266654,0.0193896530143011
F,NOTEARS,XGBoost,15,15,5f565b9fb64a7d79,0.8594386665798177,0.2684943569447379,0.3440860215053763,0.0185826604728317,0.010541495728039
F,NOTEARS,RF,15,15,5f565b9fb64a7d79,0.8576166489350154,0.1953804891119308,0.237410071942446,0.0195428795079675,0.004043611965334
F,NOTEARS,FFMLP,15,15,5f565b9fb64a7d79,0.7513081616258115,0.0615038310963538,0.1273516642547033,0.0212915647441213,0.0016514937606084
F,NOTEARS,Logit,15,15,5f565b9fb64a7d79,0.70981971614883,0.0487948050305093,0.0808080808080808,0.0215050403672068,0.0026190579773515
F,NOTEARS,LightGBM,16,16,3c4bcc168e185389,0.8761317497883057,0.2603654008579734,0.3204419889502762,0.0205204866761847,0.0204458933051333
F,NOTEARS,RF,16,16,3c4bcc168e185389,0.8620947955793907,0.1891597941979232,0.2402826855123674,0.0196323768521107,0.0042286832541235
F,NOTEARS,XGBoost,16,16,3c4bcc168e185389,0.862026040196568,0.2606747890091824,0.2746478873239437,0.0187274720579807,0.0116875351751355
F,NOTEARS,FFMLP,16,16,3c4bcc168e185389,0.7503202553357795,0.0668490011488377,0.1337579617834395,0.0212280003560416,0.0020949509695718
F,NOTEARS,Logit,16,16,3c4bcc168e185389,0.7099717017319119,0.0489636314034891,0.0816326530612244,0.0215030130644473,0.0025633764955482
F,NOTEARS,LightGBM,17,17,ef876b4a9df5a116,0.8663395357926048,0.2557604986060138,0.3333333333333333,0.0200887373529014,0.0195265018712264
F,NOTEARS,XGBoost,17,17,ef876b4a9df5a116,0.8610707022457679,0.238072384003792,0.3025210084033613,0.0190090741872645,0.0108637036138618
F,NOTEARS,RF,17,17,ef876b4a9df5a116,0.8429681336894138,0.1786872453703229,0.2476190476190476,0.0197610847078557,0.0035079675705898
F,NOTEARS,FFMLP,17,17,ef876b4a9df5a116,0.7473094933090156,0.064172180341021,0.1248185776487663,0.0217746528554149,0.0027977847602236
F,NOTEARS,Logit,17,17,ef876b4a9df5a116,0.7108872339347619,0.0482036259435703,0.0888888888888888,0.0214993638573603,0.0028133821998095
F,NOTEARS,LightGBM,18,18,af2b0246c2f22fab,0.8647653993964001,0.2515555355124231,0.2971428571428571,0.0200473511235072,0.019484306260561
F,NOTEARS,XGBoost,18,18,af2b0246c2f22fab,0.8562903937874085,0.2489906430235092,0.2992125984251969,0.018986203553978,0.0113725841652288
F,NOTEARS,RF,18,18,af2b0246c2f22fab,0.8449692771999914,0.1977764862113381,0.238095238095238,0.0195195213866368,0.0042627900475258
F,NOTEARS,FFMLP,18,18,af2b0246c2f22fab,0.7492925432977976,0.0685242512838423,0.150313152400835,0.0212185747201145,0.001448167401538
F,NOTEARS,Logit,18,18,af2b0246c2f22fab,0.7087341048411027,0.0475271062148776,0.0828025477707006,0.0215199400753377,0.0030298129234524
F,PC,XGBoost,1,1,2acb74dbd7bd057e,0.5359970616120604,0.0254940940304241,0.0503833515881708,0.0218632773594238,0.0033599525327651
F,PC,LightGBM,1,1,2acb74dbd7bd057e,0.5343849288200853,0.025357648109314,0.0108695652173913,0.022065405924793,0.0050426586890668
F,PC,RF,1,1,2acb74dbd7bd057e,0.5050444738765731,0.0219133111991108,0.024390243902439,0.0326093553256919,0.0412446183953033
F,PC,Logit,1,1,2acb74dbd7bd057e,0.4570930224142548,0.0246702953592727,0.0432166301969365,0.0215954642570938,0.0005181973129107
F,PC,FFMLP,1,1,2acb74dbd7bd057e,0.4495824015169609,0.0224936375306799,0.0432166301969365,0.0216360432385082,0.0025370185879736
F,PC,LightGBM,2,2,a5b5b295620f8bed,0.698339376569613,0.0501114306489601,0.1034482758620689,0.0258596758368897,0.0242463079471585
F,PC,XGBoost,2,2,a5b5b295620f8bed,0.680774185610584,0.051208470088186,0.0992063492063492,0.0217449477163723,0.0062214049799922
F,PC,RF,2,2,a5b5b295620f8bed,0.6214220060649485,0.0386964663876906,0.0779220779220779,0.0236344500978473,0.0232144254962258
F,PC,Logit,2,2,a5b5b295620f8bed,0.4250421579057834,0.0212301947211959,0.0432166301969365,0.0216327563665192,0.0008648080574054
F,PC,FFMLP,2,2,a5b5b295620f8bed,0.4035723849432949,0.0174549854849864,0.0432166301969365,0.0217953981886138,0.0062836527533835
F,PC,XGBoost,3,3,5cf90b5edf72667f,0.773968488322441,0.0778219053035976,0.0821917808219178,0.0216549565626449,0.0084478530305343
F,PC,LightGBM,3,3,5cf90b5edf72667f,0.7421329367233356,0.0528212729021622,0.1152737752161383,0.0251624880964509,0.0232623972645158
F,PC,RF,3,3,5cf90b5edf72667f,0.7001071136490291,0.0532592599641632,0.0959595959595959,0.0223353681856304,0.0167844562482527
F,PC,Logit,3,3,5cf90b5edf72667f,0.4187709432514782,0.0212884317673305,0.0432166301969365,0.0216287719326957,0.0008420555443712
F,PC,FFMLP,3,3,5cf90b5edf72667f,0.3632654464395568,0.0160867049381738,0.0432166301969365,0.0217357948662057,0.0050419457407805
F,PC,XGBoost,4,4,950d85bca05dd77f,0.8127410961779244,0.1069745825576363,0.1818181818181818,0.0213777909849792,0.0096679911158535
F,PC,RF,4,4,950d85bca05dd77f,0.7861219069124491,0.0858295927883216,0.1701030927835051,0.0214074598825831,0.0080128599384959
F,PC,LightGBM,4,4,950d85bca05dd77f,0.7477763061713385,0.0799290708614913,0.1333333333333333,0.0226685994115564,0.0202147873106966
F,PC,Logit,4,4,950d85bca05dd77f,0.4165201091401234,0.0203524722238144,0.0432166301969365,0.0216335068788727,0.0009063802823811
F,PC,FFMLP,4,4,950d85bca05dd77f,0.3946341851763394,0.0187707223572657,0.0432166301969365,0.0218702923203673,0.0122286015806466
F,PC,XGBoost,5,5,b3389ea9a2d038ca,0.8919310130200983,0.2044815622341521,0.2589928057553957,0.0199616164449034,0.0097624806513833
F,PC,RF,5,5,b3389ea9a2d038ca,0.8641411728944568,0.2055361658893416,0.3052208835341365,0.0193776997483925,0.0060408163265306
F,PC,LightGBM,5,5,b3389ea9a2d038ca,0.8545027538340173,0.1896988909458848,0.2672064777327935,0.0212444456951227,0.019456224863726
F,PC,FFMLP,5,5,b3389ea9a2d038ca,0.478969899617141,0.0196019876263295,0.0441603718768158,0.021714400803294,0.0031832212742094
F,PC,Logit,5,5,b3389ea9a2d038ca,0.4268913158332791,0.0206951273813976,0.0432166301969365,0.0216346040924016,0.0009081953016404
F,PC,XGBoost,6,6,46c7802b88378834,0.9055246759450246,0.2642615183305282,0.3122362869198312,0.0185739153863348,0.0090923003662561
F,PC,RF,6,6,46c7802b88378834,0.8953832569786713,0.2545208385873759,0.3664921465968586,0.0185004965054514,0.0048336594911937
F,PC,LightGBM,6,6,46c7802b88378834,0.8948404513248076,0.2190823439577085,0.3315508021390374,0.0212659783194398,0.0193217954656594
F,PC,Logit,6,6,46c7802b88378834,0.4517590521889542,0.0199587434317354,0.0433114035087719,0.0216502557874814,0.0009889492497469
F,PC,FFMLP,6,6,46c7802b88378834,0.3936354227732302,0.0195901233329855,0.0445878556761513,0.0216730442121803,0.0050987088737755
F,PC,XGBoost,7,7,42ad0f30d99576ea,0.9047249422816654,0.2670619242025094,0.3119266055045872,0.0187097439284014,0.0094159184056804
F,PC,LightGBM,7,7,42ad0f30d99576ea,0.8949490124555803,0.2263701610993707,0.3285024154589372,0.0209318372788282,0.0193912981323467
F,PC,RF,7,7,42ad0f30d99576ea,0.8927524589096121,0.235115313361631,0.3542857142857142,0.0186877987140061,0.0058003913894324
F,PC,FFMLP,7,7,42ad0f30d99576ea,0.5947955793907549,0.0338523500207696,0.0432166301969365,0.021714162449667,0.0006322826037268
F,PC,Logit,7,7,42ad0f30d99576ea,0.5440468694588589,0.0237385751871954,0.0439560439560439,0.0217101733364608,0.0013549192855522
F,PC,LightGBM,8,8,c2f13db4fa9587a8,0.9037207518220176,0.2257583494178736,0.3,0.020548998377481,0.0203352817637567
F,PC,XGBoost,8,8,c2f13db4fa9587a8,0.903337169159954,0.2322474896371313,0.2962962962962963,0.0194583651662853,0.0124466551185541
F,PC,RF,8,8,c2f13db4fa9587a8,0.8997709360140695,0.2585219264099069,0.313953488372093,0.0184229186469108,0.003735532569192
F,PC,FFMLP,8,8,c2f13db4fa9587a8,0.6675966736869531,0.045132696182427,0.0566037735849056,0.0215823056872968,0.0033557374636479
F,PC,Logit,8,8,c2f13db4fa9587a8,0.546902027198182,0.0247501425444326,0.0432166301969365,0.0217059205017275,0.0013484776620429
F,PC,LightGBM,9,9,f1dae46cde9d5ed0,0.9039523489009996,0.2669575047227251,0.3529411764705882,0.0203426455212951,0.0196317065004294
F,PC,XGBoost,9,9,f1dae46cde9d5ed0,0.8991069037641762,0.277492304084608,0.3568075117370892,0.0188355612206712,0.01165144699075
F,PC,RF,9,9,f1dae46cde9d5ed0,0.8970062458837238,0.2678938537828093,0.3687150837988827,0.0183040726866088,0.0040631814369583
F,PC,FFMLP,9,9,f1dae46cde9d5ed0,0.6878216123499143,0.0429365484559066,0.0661157024793388,0.0218102534255788,0.0031210817537237
F,PC,Logit,9,9,f1dae46cde9d5ed0,0.5918789036773274,0.0275095925291716,0.0441426146010186,0.0217768415665646,0.0018520410758469
F,PC,XGBoost,10,10,dcdfcb1839ed0107,0.8989657742941717,0.2911629673421124,0.3595505617977528,0.0184338517170202,0.0105990237557178
F,PC,RF,10,10,dcdfcb1839ed0107,0.8947499837158304,0.2708903371493291,0.3653846153846153,0.0182808744758177,0.0061805982667039
F,PC,LightGBM,10,10,dcdfcb1839ed0107,0.893385732172453,0.2697712773529851,0.35,0.02027606312763,0.0192437654870438
F,PC,FFMLP,10,10,dcdfcb1839ed0107,0.7236105984613268,0.0559425797724789,0.0947368421052631,0.0214057718855604,0.0039131037718029
F,PC,Logit,10,10,dcdfcb1839ed0107,0.5756019714701348,0.0261143840522127,0.0503823661718398,0.0217545354096831,0.0017599798119673
F,PC,XGBoost,11,11,b2d9e3ac65acdcce,0.9054287802795088,0.3029673156481099,0.3846153846153846,0.0180537524969267,0.0099442223321801
F,PC,LightGBM,11,11,b2d9e3ac65acdcce,0.8955171490399577,0.2959485322303528,0.3756906077348066,0.0196871004655779,0.0189260182418491
F,PC,RF,11,11,b2d9e3ac65acdcce,0.8931342322194962,0.2668774023293251,0.3544303797468354,0.0183115202683813,0.0033419066256639
F,PC,FFMLP,11,11,b2d9e3ac65acdcce,0.7042650049576249,0.0553121886906315,0.0951008645533141,0.0215322035082212,0.0033142628762136
F,PC,Logit,11,11,b2d9e3ac65acdcce,0.5767454820476077,0.0261994167376621,0.0502242152466367,0.0217948647879054,0.0018675692560268
F,PC,RF,12,12,3a4f3db67c20c422,0.9091234774301408,0.2622352501822222,0.3604651162790697,0.0184030584288509,0.0055034945485043
F,PC,XGBoost,12,12,3a4f3db67c20c422,0.902349262869922,0.2961032443367382,0.358974358974359,0.0184414985795075,0.0119236931614869
F,PC,LightGBM,12,12,3a4f3db67c20c422,0.8873678268232841,0.2835434599639579,0.3658536585365853,0.0201514365240412,0.0195694913311812
F,PC,FFMLP,12,12,3a4f3db67c20c422,0.7129716076455985,0.0587057506294471,0.0957446808510638,0.0212907983851574,0.0027951557988023
F,PC,Logit,12,12,3a4f3db67c20c422,0.5781893450868851,0.0261413062921565,0.0506787330316742,0.0217774723772754,0.0018889248883115
F,PC,XGBoost,13,13,78129d8c0793f97e,0.9057942694197768,0.3055932150645695,0.3478260869565217,0.0183662017258097,0.0122496259413338
F,PC,RF,13,13,78129d8c0793f97e,0.8981931809135058,0.279091266146484,0.348993288590604,0.0182617724350014,0.0052602739726027
F,PC,LightGBM,13,13,78129d8c0793f97e,0.8858190213575932,0.3141306565116607,0.4,0.019318653899769,0.0186896585763091
F,PC,FFMLP,13,13,78129d8c0793f97e,0.7300193238812775,0.0619731248359987,0.1295774647887324,0.0213269457750549,0.0044185535631801
F,PC,Logit,13,13,78129d8c0793f97e,0.5795753088564171,0.0262830416822958,0.0508166969147005,0.0217778855713809,0.0019189731689327
F,PC,XGBoost,14,14,2640d16d5eb10fde,0.9213148924159194,0.3455257896862427,0.3915343915343915,0.0176889457490387,0.0111060548745051
F,PC,RF,14,14,2640d16d5eb10fde,0.9176238139696464,0.2803397684150917,0.3834196891191709,0.0182528543472183,0.0039849035504612
F,PC,LightGBM,14,14,2640d16d5eb10fde,0.9049909170520588,0.3473248022170105,0.4055944055944055,0.0186934853536057,0.0186296400044797
F,PC,FFMLP,14,14,2640d16d5eb10fde,0.7104747016378254,0.0492063767940622,0.1072902338376891,0.0216381800324193,0.0042481753925163
F,PC,Logit,14,14,2640d16d5eb10fde,0.5798648052051444,0.0264843822418456,0.049438202247191,0.0220208184309342,0.0019538730486482
F,PC,XGBoost,15,15,db530282923044dc,0.9185574396942918,0.3454813854878412,0.3357664233576642,0.0177725213025636,0.0124419768423421
F,PC,RF,15,15,db530282923044dc,0.909597527701182,0.2859498047599275,0.3333333333333333,0.0182221403410679,0.0052295219457646
F,PC,LightGBM,15,15,db530282923044dc,0.9010175796657764,0.3649476537337129,0.4429530201342282,0.0183168601105918,0.0179118331060354
F,PC,FFMLP,15,15,db530282923044dc,0.7109523706132257,0.0537062256717588,0.1030927835051546,0.0214458040507247,0.0026462868591294
F,PC,Logit,15,15,db530282923044dc,0.5828357614839583,0.0268193348913107,0.0494826810616284,0.022044032279201,0.0021323750989446
F,PC,XGBoost,16,16,fe0a618a4400ef48,0.9153367928147006,0.3499509901323088,0.3166666666666666,0.0177191254402011,0.0123630183249522
F,PC,RF,16,16,fe0a618a4400ef48,0.9094003083136114,0.2764331913678645,0.3522727272727273,0.0183894693877551,0.0060201285993849
F,PC,LightGBM,16,16,fe0a618a4400ef48,0.9001997524806218,0.3729167177659513,0.4625850340136054,0.0182193109577849,0.017428801158837
F,PC,FFMLP,16,16,fe0a618a4400ef48,0.721153498201504,0.059210745646978,0.1291759465478842,0.0215007896556324,0.0040761274450945
F,PC,Logit,16,16,fe0a618a4400ef48,0.5898560479405953,0.0279334556593913,0.0510483135824977,0.0221222505716857,0.0027916563548579
F,PC,XGBoost,17,17,8e947346f7ed3fe0,0.9257478052558062,0.3714062827008166,0.4,0.0172585138196514,0.0113662028292583
F,PC,RF,17,17,8e947346f7ed3fe0,0.9078659776653568,0.2824161183984902,0.3205128205128205,0.0182424232597148,0.0043326810176125
F,PC,LightGBM,17,17,8e947346f7ed3fe0,0.9017557953550313,0.3712184142359708,0.4137931034482758,0.0183004667607056,0.0176831657249919
F,PC,FFMLP,17,17,8e947346f7ed3fe0,0.728731065129441,0.0606405046638361,0.1191489361702127,0.0219245740429738,0.0028547317264531
F,PC,Logit,17,17,8e947346f7ed3fe0,0.647849403999392,0.0353458979616924,0.0600545950864422,0.0222017760511584,0.0030974627988881
F,PC,XGBoost,18,18,c83c26238669a20a,0.920981971614883,0.3505762139342279,0.3560209424083769,0.0174876695769811,0.0118831699291753
F,PC,LightGBM,18,18,c83c26238669a20a,0.9082405135665228,0.3848164684153948,0.4320987654320987,0.0185178374961058,0.0186448444407297
F,PC,RF,18,18,c83c26238669a20a,0.9008800689001312,0.2906850811543026,0.3043478260869565,0.0180812636287391,0.0057892088342186
F,PC,FFMLP,18,18,c83c26238669a20a,0.7169268515100853,0.0618094501227345,0.136150234741784,0.0213679349242735,0.003699022679292
F,PC,Logit,18,18,c83c26238669a20a,0.6485297204189012,0.0351842988441052,0.0602189781021897,0.0223177234115131,0.0033652362056037
F,PC,XGBoost,19,19,9795ed9fa640803b,0.924944452888088,0.3536807300618494,0.3712574850299401,0.0175675590861025,0.012734044102982
F,PC,LightGBM,19,19,9795ed9fa640803b,0.9107229447568592,0.3884162344168822,0.4431137724550898,0.0185391790815434,0.0178381335106806
F,PC,RF,19,19,9795ed9fa640803b,0.9066953268051906,0.293349182822113,0.3287671232876712,0.01817156052558,0.0043030472462957
F,PC,FFMLP,19,19,9795ed9fa640803b,0.7337393519624233,0.0594759529171901,0.117829457364341,0.0216317725457898,0.0052312405856504
F,PC,Logit,19,19,9795ed9fa640803b,0.6486636124801876,0.0352498104740724,0.0597701149425287,0.0223137309008611,0.0033181575229723
F,PC,XGBoost,20,20,6a70cabfe5104abc,0.919313748905342,0.3945017909550939,0.4042553191489361,0.0168315249629409,0.0113032306957159
F,PC,RF,20,20,6a70cabfe5104abc,0.9185628677508304,0.3680932593963087,0.3689320388349514,0.0169397237908862,0.0039273133911098
F,PC,LightGBM,20,20,6a70cabfe5104abc,0.9065361038133908,0.4179111329390951,0.4294478527607362,0.0177279803052548,0.0172665818282907
F,PC,FFMLP,20,20,6a70cabfe5104abc,0.757829066880894,0.0724897246036278,0.1432098765432098,0.0214590524180348,0.0045852495228774
F,PC,Logit,20,20,6a70cabfe5104abc,0.657402783507393,0.0368235927021216,0.0603808639108221,0.0223759037960585,0.0035108836502145
F,PC,RF,21,21,ac0713d3eecfcacd,0.9214180254901536,0.3735858583891246,0.4024390243902439,0.0168466737489516,0.0026849315068493
F,PC,XGBoost,21,21,ac0713d3eecfcacd,0.9104515419299274,0.391586828819831,0.4,0.01694328730676,0.0131110267821456
F,PC,LightGBM,21,21,ac0713d3eecfcacd,0.9071259526239224,0.4216572341800201,0.4431137724550898,0.017596580274729,0.0166424736374694
F,PC,FFMLP,21,21,ac0713d3eecfcacd,0.7405714657923876,0.0622008363559097,0.0946745562130177,0.0213958038925112,0.0027037745985799
F,PC,Logit,21,21,ac0713d3eecfcacd,0.6847855193926365,0.0409348595513169,0.0578778135048231,0.0224048722760236,0.003558449497017
F,PC,XGBoost,22,22,53a85c01fe6d0b7e,0.9122717502225502,0.3894325271299061,0.4,0.0170516169710526,0.0111787490932563
F,PC,RF,22,22,53a85c01fe6d0b7e,0.9117597035557388,0.3727560253114409,0.4177215189873418,0.0168556935979871,0.00342745317305
F,PC,LightGBM,22,22,53a85c01fe6d0b7e,0.9080161538962588,0.4242496923180013,0.4320987654320987,0.0174730508131209,0.0172477760211935
F,PC,FFMLP,22,22,53a85c01fe6d0b7e,0.7482250255118656,0.0707104494465878,0.0952380952380952,0.0216850693463772,0.0046339492337777
F,PC,Logit,22,22,53a85c01fe6d0b7e,0.6831607211354047,0.0408100640017521,0.0685358255451713,0.0223946022252554,0.0035059701571263
F,PC,XGBoost,23,23,cdc2001fb0e0a04f,0.9137011384443914,0.409733721974481,0.3896103896103896,0.0166668666283269,0.011877821917537
F,PC,RF,23,23,cdc2001fb0e0a04f,0.9126100990801254,0.3807485629109727,0.4023668639053254,0.0167845803746156,0.003587922840369
F,PC,LightGBM,23,23,cdc2001fb0e0a04f,0.9083309811755,0.413449183583201,0.3969465648854962,0.01777751196481,0.0171008610330353
F,PC,FFMLP,23,23,cdc2001fb0e0a04f,0.7608144979771443,0.0747141778917802,0.1413721413721413,0.0214641798174031,0.0041001730369128
F,PC,Logit,23,23,cdc2001fb0e0a04f,0.6908757988289872,0.0429017439285679,0.0635532017332691,0.0223878522381926,0.0035379393054518
F,PC,RF,24,24,f013b14af9b65489,0.9196141013671464,0.388980059286143,0.425,0.0166881274811294,0.0041151803187028
F,PC,XGBoost,24,24,f013b14af9b65489,0.913523821930796,0.4011285480278559,0.4,0.0168422996317655,0.0122178533151725
F,PC,LightGBM,24,24,f013b14af9b65489,0.9079546359221544,0.4148535457690646,0.4052287581699346,0.0178723605945554,0.0175259523030255
F,PC,FFMLP,24,24,f013b14af9b65489,0.7482069319900703,0.0670673662511168,0.146788990825688,0.0215599396515581,0.0045378220486039
F,PC,Logit,24,24,f013b14af9b65489,0.6902823313140963,0.0426339611443572,0.0681114551083591,0.0223561858363853,0.0034632514250875
OF,GES,XGBoost,1,14,16b953091c540601,0.9381165367551804,0.4309674779583063,0.4520547945205479,0.0165076544665078,0.0117575261569515
OF,GES,RF,1,14,16b953091c540601,0.9348108503231504,0.4399381689313487,0.4285714285714285,0.0160081889851831,0.0054408722393066
OF,GES,Logit,1,14,16b953091c540601,0.9227877050900696,0.2636607418340949,0.2372881355932203,0.0188097044969475,0.0107716327068528
OF,GES,LightGBM,1,14,16b953091c540601,0.9221146260792784,0.4410457863924857,0.4316546762589928,0.0168590861146406,0.0164579972230917
OF,GES,FFMLP,1,14,16b953091c540601,0.447865326298572,0.0270676910696016,0.0401459854014598,0.0370500451961637,0.0623260289271796
OF,GES,XGBoost,2,15,fa5d69983c5113e1,0.9353807962597072,0.4360977443796374,0.4191616766467065,0.0164901075353412,0.0116477832515787
OF,GES,LightGBM,2,15,fa5d69983c5113e1,0.927915409166902,0.4550244510814833,0.4216867469879518,0.0164758523693384,0.0162244238821512
OF,GES,RF,2,15,fa5d69983c5113e1,0.9211574787762988,0.4331525836719501,0.4081632653061224,0.016122826949958,0.003210511601901
OF,GES,Logit,2,15,fa5d69983c5113e1,0.9211158636761694,0.2533498043652697,0.2900763358778626,0.0189601409088751,0.0100803336069973
OF,GES,FFMLP,2,15,fa5d69983c5113e1,0.686062922031396,0.0390256837340578,0.0691144708423326,0.0246253988404203,0.0284905269996387
OF,GES,XGBoost,3,16,d87bf0d52db26acb,0.9343567029260844,0.4315089248945716,0.4520547945205479,0.0163948018241063,0.0117255353179664
OF,GES,RF,3,16,d87bf0d52db26acb,0.9270722510512336,0.4360986392308777,0.4,0.0160253665082471,0.0045591277606933
OF,GES,LightGBM,3,16,d87bf0d52db26acb,0.9262869922053109,0.4433574544752188,0.4311377245508982,0.0165703205737135,0.0163330054140637
OF,GES,Logit,3,16,d87bf0d52db26acb,0.9209204536407783,0.2332779552207635,0.21875,0.019006491481726,0.0110788934528251
OF,GES,FFMLP,3,16,d87bf0d52db26acb,0.707558025924398,0.0424021668787565,0.0807665982203969,0.0303941940057391,0.0450139337604376
OF,GES,XGBoost,4,17,fc86c7082b9edfd8,0.9368536089338572,0.4693502856100547,0.4594594594594595,0.0157917431858009,0.0122775710996283
OF,GES,LightGBM,4,17,fc86c7082b9edfd8,0.9285378263166656,0.4411598656830321,0.4025974025974026,0.0167474561201352,0.0164417651722684
OF,GES,RF,4,17,fc86c7082b9edfd8,0.9235367768924014,0.4218375797572555,0.4054054054054054,0.0162607235113223,0.0073670673748951
OF,GES,Logit,4,17,fc86c7082b9edfd8,0.9202907990822964,0.2343494786037848,0.2148760330578512,0.0189661217044714,0.0098532294059856
OF,GES,FFMLP,4,17,fc86c7082b9edfd8,0.7457968748869155,0.0492937182276396,0.0902845927379784,0.0302660822531404,0.0461824792616906
OF,GES,XGBoost,5,18,6ee7a7e6bfc42901,0.9409499822683488,0.4592311285773691,0.3891891891891892,0.0160102127278314,0.0120067126644233
OF,GES,RF,5,18,6ee7a7e6bfc42901,0.9315829660348408,0.4220434762369701,0.3982683982683982,0.0162385227844562,0.0052664243779703
OF,GES,LightGBM,5,18,6ee7a7e6bfc42901,0.9285740133602564,0.4357385010186931,0.4171779141104294,0.0168323802687546,0.016631093245082
OF,GES,Logit,5,18,6ee7a7e6bfc42901,0.9177721808483692,0.2345849942943496,0.2686567164179104,0.0189858580021386,0.0104505435304116
OF,GES,FFMLP,5,18,6ee7a7e6bfc42901,0.7818771666992349,0.0793696280295277,0.1306715063520871,0.0279945649138016,0.0368271121576372
OF,GES,XGBoost,6,19,48def4bbab241936,0.9411851980516897,0.4675114643431519,0.4444444444444444,0.0160970565189374,0.0110540573615638
OF,GES,LightGBM,6,19,48def4bbab241936,0.925458308907079,0.4457316905311492,0.453125,0.0170519040423999,0.0166447454701976
OF,GES,RF,6,19,48def4bbab241936,0.9207358997184648,0.4183245480725848,0.3809523809523809,0.0161950752026838,0.0036499860218059
OF,GES,Logit,6,19,48def4bbab241936,0.9200411084815192,0.2361914310892151,0.238095238095238,0.0189861173493889,0.0100416829872798
OF,GES,FFMLP,6,19,48def4bbab241936,0.782550245710026,0.1208724882199472,0.1866666666666666,0.0253213038935351,0.0297821179387202
OF,GES,XGBoost,7,20,fe22fca9e7d0b586,0.9389488387577712,0.4514387759059266,0.4347826086956521,0.01639180159148,0.0119327098635114
OF,GES,RF,7,20,fe22fca9e7d0b586,0.929683146246318,0.4117363351005836,0.4122137404580153,0.0163111903830025,0.0045546547386077
OF,GES,Logit,7,20,fe22fca9e7d0b586,0.9182751807542828,0.2342381429124314,0.1153846153846153,0.0189287777747649,0.0095838821424072
OF,GES,LightGBM,7,20,fe22fca9e7d0b586,0.916979684593728,0.4324078827249417,0.4067796610169492,0.0172743553840147,0.0165719234549895
OF,GES,FFMLP,7,20,fe22fca9e7d0b586,0.7866737593272105,0.0647604117172968,0.1054018445322793,0.028132950712139,0.0385258145979768
OF,GES,XGBoost,8,21,25c327ae203417fd,0.9359923572963936,0.4607155624513097,0.4680851063829787,0.0163375797020276,0.0120595655027023
OF,GES,RF,8,21,25c327ae203417fd,0.9233540323222672,0.4156745912711386,0.3805309734513274,0.0162493072407045,0.003888733575622
OF,GES,LightGBM,8,21,25c327ae203417fd,0.9210036838410376,0.4351819606374573,0.4393939393939394,0.0175227601156451,0.0179159256798204
OF,GES,Logit,8,21,25c327ae203417fd,0.9125467717538412,0.2166721689510969,0.2352941176470588,0.0192210849404637,0.0097135520607593
OF,GES,FFMLP,8,21,25c327ae203417fd,0.7834892994912102,0.0719638752831619,0.1282051282051282,0.0255262773299046,0.0292175139108116
OF,GES,XGBoost,9,22,8a4c62cca21b06c0,0.9349574078496936,0.4601289081625094,0.4496124031007752,0.0164920499368961,0.0128177566020828
OF,GES,RF,9,22,8a4c62cca21b06c0,0.9307325705104544,0.416896895950529,0.4245810055865922,0.0162614772155437,0.0032015655577299
OF,GES,LightGBM,9,22,8a4c62cca21b06c0,0.9233015611090604,0.440776546738347,0.4296296296296296,0.0176918824861452,0.0178130637239385
OF,GES,Logit,9,22,8a4c62cca21b06c0,0.9109834914707138,0.2057875804581172,0.2,0.0194736213128735,0.01196094419546
OF,GES,FFMLP,9,22,8a4c62cca21b06c0,0.7552308371510664,0.0521871393607409,0.082313681868743,0.0279374915418378,0.0372261198142245
OF,GES,XGBoost,10,23,d2f620708d93958d,0.9370707311954029,0.4622025185711018,0.4285714285714285,0.0162787627924513,0.0111709834541995
OF,GES,RF,10,23,d2f620708d93958d,0.9337089548458072,0.4199497958829262,0.4210526315789473,0.0162109600223651,0.0037948001118255
OF,GES,LightGBM,10,23,d2f620708d93958d,0.928704286717184,0.443732917509288,0.4444444444444444,0.0176645556147832,0.0170996823279776
OF,GES,Logit,10,23,d2f620708d93958d,0.912058246665364,0.2146505593930558,0.0970873786407767,0.0192966269242352,0.0093617897142902
OF,GES,FFMLP,10,23,d2f620708d93958d,0.8112501899819787,0.1137426883152869,0.1435406698564593,0.0297486628047646,0.043617300340723
OF,GES,XGBoost,11,24,95374c1b82aa21e0,0.9373891771790028,0.4638368163716728,0.4353741496598639,0.0161572928088316,0.011753498291743
OF,GES,LightGBM,11,24,95374c1b82aa21e0,0.9234065035354742,0.4396753680425689,0.4743589743589743,0.0176501538246806,0.0177519938076499
OF,GES,RF,11,24,95374c1b82aa21e0,0.9177577060309328,0.4110076217284942,0.4195121951219512,0.0163568420464076,0.0030494828068213
OF,GES,Logit,11,24,95374c1b82aa21e0,0.9055120104797676,0.1939161410379329,0.2641509433962264,0.0195831899914763,0.0075107629974566
OF,GES,FFMLP,11,24,95374c1b82aa21e0,0.7665049105818154,0.1503563611149498,0.1757575757575757,0.0224753219202727,0.0226357893955544
OF,GES,XGBoost,12,25,1302497c1edad9f0,0.9365460190633346,0.4691516263220652,0.4507042253521127,0.0162436930540931,0.0120452735015874
OF,GES,LightGBM,12,25,1302497c1edad9f0,0.925179668671429,0.4337581701667941,0.4090909090909091,0.0180175860111909,0.0183983689398968
OF,GES,RF,12,25,1302497c1edad9f0,0.9212895614854058,0.4176543565908303,0.4248704663212435,0.0162001822756499,0.0035074084428291
OF,GES,Logit,12,25,1302497c1edad9f0,0.8932084156588576,0.1746970827558838,0.2841530054644808,0.0199612789929116,0.0034808661854721
OF,GES,FFMLP,12,25,1302497c1edad9f0,0.7513081616258116,0.0585544900211199,0.0954907161803713,0.0240723311075389,0.0252758919331433
OF,GES,XGBoost,13,26,433478ba27190529,0.9397919968734396,0.4760552998937771,0.4428571428571428,0.0161665516002006,0.0119793957564328
OF,GES,RF,13,26,433478ba27190529,0.9313694624776544,0.4144811035435533,0.4301075268817204,0.0163356007827788,0.0033184232597148
OF,GES,LightGBM,13,26,433478ba27190529,0.9290553010400155,0.4438713774771928,0.457516339869281,0.0177027856817425,0.0178072827860699
OF,GES,Logit,13,26,433478ba27190529,0.9101909952160728,0.1918189250710728,0.2420382165605095,0.020337191293053,0.0110877827886971
OF,GES,FFMLP,13,26,433478ba27190529,0.7753797830224867,0.0920297208391312,0.1359223300970873,0.0237580278112648,0.0232090811806358
OF,GES,XGBoost,14,27,072e0e081022d1f9,0.9402624284401212,0.4613357877339019,0.4295302013422818,0.0162484087982271,0.0121845721246594
OF,GES,LightGBM,14,27,072e0e081022d1f9,0.9323302284849933,0.4486406651225,0.4461538461538462,0.0177704462176796,0.0180588657002181
OF,GES,RF,14,27,072e0e081022d1f9,0.9268460820287904,0.4182346814893558,0.4,0.016251717081353,0.0030651383841207
OF,GES,Logit,14,27,072e0e081022d1f9,0.9063985930477452,0.1864804627629482,0.2205882352941176,0.0203112559211242,0.0074980482804038
OF,GES,FFMLP,14,27,072e0e081022d1f9,0.7441793140384017,0.0832027953646489,0.1411192214111922,0.0242096018276457,0.0250764710758103
OF,GES,XGBoost,15,28,2321d6d97688a5d4,0.942346802150958,0.4548226536406722,0.4525547445255474,0.0164570412345772,0.0125297070367624
OF,GES,LightGBM,15,28,2321d6d97688a5d4,0.9341106310296662,0.4488543339032019,0.4936708860759494,0.0175116695850894,0.0181438446428072
OF,GES,RF,15,28,2321d6d97688a5d4,0.9301065346563316,0.4142119745003765,0.4027777777777778,0.0163292770478054,0.0047503494548504
OF,GES,Logit,15,28,2321d6d97688a5d4,0.8956546598056032,0.166680703142678,0.2583732057416268,0.0205077528250449,0.0046365443145471
OF,GES,FFMLP,15,28,2321d6d97688a5d4,0.7685621440099587,0.107227394521593,0.1183611532625189,0.0231465055469278,0.0227243110964786
OF,GES,XGBoost,16,29,6207a1ec2d18dee9,0.9390501624798258,0.4631075406757469,0.4594594594594595,0.0162994181855467,0.0112277609831191
OF,GES,LightGBM,16,29,6207a1ec2d18dee9,0.9317548544918978,0.4356874795687863,0.4585987261146497,0.0177434348979561,0.0175950790224429
OF,GES,RF,16,29,6207a1ec2d18dee9,0.9291222470706588,0.4182457277056868,0.3972602739726027,0.0162529616997483,0.004455689124965
OF,GES,Logit,16,29,6207a1ec2d18dee9,0.8851567984598794,0.1558313815258918,0.1652892561983471,0.0205239318347773,0.0040485239274106
OF,GES,FFMLP,16,29,6207a1ec2d18dee9,0.7721265678036636,0.0676389842363904,0.1098626716604244,0.0267316419676915,0.033292642331622
OF,GES,XGBoost,17,30,9753cd8afd270f99,0.9395676372031758,0.4564572641975113,0.4662576687116564,0.016329737944073,0.011601673439145
OF,GES,LightGBM,17,30,9753cd8afd270f99,0.9361769112187072,0.4550024143945464,0.490566037735849,0.0172767903361047,0.0170527569617151
OF,GES,RF,17,30,9753cd8afd270f99,0.927421456021886,0.3953870711191154,0.3952095808383233,0.0165051216102879,0.0033340788370142
OF,GES,Logit,17,30,9753cd8afd270f99,0.891916538202662,0.1637816436537948,0.2051282051282051,0.020885667774796,0.0079777448722713
OF,GES,FFMLP,17,30,9753cd8afd270f99,0.7938749810018022,0.07481370542572,0.1212121212121212,0.0281767714293181,0.0386879542775593
OF,GES,XGBoost,18,31,7b0f7d1ee8fbe19b,0.9392889969675255,0.4539704161369287,0.4647887323943662,0.0162698584051419,0.0127698423261245
OF,GES,RF,18,31,7b0f7d1ee8fbe19b,0.9348940805234094,0.4086282918349759,0.4134078212290503,0.0163276432764886,0.0043953033268101
OF,GES,LightGBM,18,31,7b0f7d1ee8fbe19b,0.9346823863184024,0.4445101562457264,0.4689655172413793,0.0177447810053116,0.0177040294825383
OF,GES,Logit,18,31,7b0f7d1ee8fbe19b,0.9038474064745856,0.2067292619318071,0.3461538461538461,0.0195204610153274,0.0091294563849746
OF,GES,FFMLP,18,31,7b0f7d1ee8fbe19b,0.7875042519776219,0.0786759243443195,0.1223922114047287,0.0282731809251652,0.0299024722005923
OF,GES,XGBoost,19,32,4adb012b4457ae93,0.9353916523727844,0.4509497698006655,0.4761904761904761,0.0162349866939659,0.0114794783080702
OF,GES,LightGBM,19,32,4adb012b4457ae93,0.9293267038669474,0.4478963924017879,0.4931506849315068,0.0175258579748792,0.0168824742876322
OF,GES,RF,19,32,4adb012b4457ae93,0.9276512437486882,0.4020398482204667,0.3973509933774834,0.0165339591836734,0.0044668716801789
OF,GES,Logit,19,32,4adb012b4457ae93,0.8588415803605677,0.1234310436315595,0.1551724137931034,0.0214354051043764,0.0059299529927033
OF,GES,FFMLP,19,32,4adb012b4457ae93,0.7686019497579087,0.0589141037533787,0.09284332688588,0.0290242776758393,0.0406315476394854
OF,GES,XGBoost,20,33,42966801f23a3bd2,0.9392709034457304,0.4637701490501192,0.4832214765100671,0.0160259102691448,0.0117239850824623
OF,GES,LightGBM,20,33,42966801f23a3bd2,0.9306330561405792,0.4449644331080012,0.4871794871794871,0.0177575279513888,0.0180429735897507
OF,GES,RF,20,33,42966801f23a3bd2,0.9196213387758648,0.4036892300631483,0.4042553191489361,0.0163955258596589,0.0036639642158233
OF,GES,Logit,20,33,42966801f23a3bd2,0.8626195077114589,0.1265447968636302,0.1525423728813559,0.0215108109842945,0.0047315145751633
OF,GES,FFMLP,20,33,42966801f23a3bd2,0.7853312200099877,0.0710883886684125,0.1238938053097345,0.0279339060188803,0.0362201002589173
OF,GES,XGBoost,21,34,746d8023d594a28d,0.9407183851893668,0.4623253739061748,0.4625850340136054,0.0161585190974083,0.0118080988494579
OF,GES,LightGBM,21,34,746d8023d594a28d,0.9368970333861664,0.4477480773380961,0.4427480916030534,0.0171186538492569,0.0171471925560186
OF,GES,RF,21,34,746d8023d594a28d,0.9316481027133046,0.4048723543824135,0.4026845637583892,0.0165061012021246,0.0031797595750629
OF,GES,Logit,21,34,746d8023d594a28d,0.8875089562932887,0.1610048241082979,0.1777777777777777,0.0203537206309026,0.0049785575542686
OF,GES,FFMLP,21,34,746d8023d594a28d,0.80921466877999,0.0999068179245652,0.1364296081277213,0.0265202485835617,0.0329751339991
OF,GES,XGBoost,22,35,a4be3d492352fd5a,0.9370092132212982,0.4582683474636809,0.4857142857142857,0.0160453789288279,0.0119059492927903
OF,GES,LightGBM,22,35,a4be3d492352fd5a,0.9348416093102024,0.4466181586650827,0.4871794871794871,0.0170426453813235,0.0168173371189173
OF,GES,RF,22,35,a4be3d492352fd5a,0.9249534996489857,0.3922864227508962,0.3734939759036144,0.016569625943528,0.0045971484484204
OF,GES,Logit,22,35,a4be3d492352fd5a,0.8383271453488793,0.1095355532164939,0.1509433962264151,0.0215376699812546,0.0067320241026263
OF,GES,FFMLP,22,35,a4be3d492352fd5a,0.8036346266582712,0.1570076838086277,0.1487889273356401,0.0233396856362216,0.0252363643733181
OF,GES,XGBoost,23,36,c18512a66c70cadd,0.9377293353887576,0.4487247642216138,0.4539877300613497,0.016482976860469,0.0117533176496618
OF,GES,LightGBM,23,36,c18512a66c70cadd,0.9369368391341164,0.4427014811796462,0.4645161290322581,0.0172498290051582,0.0169863691638943
OF,GES,RF,23,36,c18512a66c70cadd,0.933330800240282,0.3960554525661557,0.4129032258064516,0.0165081811573944,0.0030164942689404
OF,GES,Logit,23,36,c18512a66c70cadd,0.8708339666065963,0.1518952585275329,0.2543352601156069,0.0204719919531523,0.0120106851005204
OF,GES,FFMLP,23,36,c18512a66c70cadd,0.7777066099253823,0.0723696979760762,0.1308411214953271,0.0278996655873876,0.0360998859848261
OF,GES,XGBoost,24,37,a249c3e15e64a09e,0.9390356876623892,0.4666210087523578,0.463768115942029,0.0161090470319626,0.011222025486418
OF,GES,LightGBM,24,37,a249c3e15e64a09e,0.9361298680620392,0.448628923002369,0.4713375796178344,0.017505179429336,0.0176761899003963
OF,GES,RF,24,37,a249c3e15e64a09e,0.928727808295518,0.391747589551212,0.3793103448275862,0.0166177679619793,0.0032289628180039
OF,GES,Logit,24,37,a249c3e15e64a09e,0.8904292507110754,0.1762433774274993,0.2976190476190476,0.0203604671108198,0.0065458835689861
OF,GES,FFMLP,24,37,a249c3e15e64a09e,0.7901314313423221,0.1117111594680751,0.2121212121212121,0.0254430132528647,0.0292993870758817
OF,GES,XGBoost,25,38,378a061a54e6cdad,0.9428932265091806,0.4658707621266011,0.4761904761904761,0.0160217895102362,0.011299690092386
OF,GES,LightGBM,25,38,378a061a54e6cdad,0.9316281998393297,0.438127845562881,0.4680851063829787,0.0175266361039298,0.0171667200991675
OF,GES,RF,25,38,378a061a54e6cdad,0.9300938691910748,0.3907869730539923,0.410958904109589,0.0166528207995526,0.0034995806541794
OF,GES,Logit,25,38,378a061a54e6cdad,0.8371619225452519,0.1121338108909657,0.1486486486486486,0.0215878583454819,0.0077681218925811
OF,GES,FFMLP,25,38,378a061a54e6cdad,0.79085698156632,0.065594699018544,0.110091743119266,0.0279642127147886,0.0360912305758815
OF,GES,XGBoost,26,39,4c22a91750d3edba,0.9395169753421484,0.452615634731205,0.4550898203592814,0.016258562775598,0.0121317602009797
OF,GES,LightGBM,26,39,4c22a91750d3edba,0.9353265156943208,0.4488102323956451,0.4545454545454545,0.0171880521202124,0.0165065039934977
OF,GES,RF,26,39,4c22a91750d3edba,0.926075298000304,0.4098527901003903,0.3846153846153846,0.016399322337154,0.0039787531450936
OF,GES,Logit,26,39,4c22a91750d3edba,0.8948730196640395,0.1740747503007114,0.3095238095238095,0.0201439285638171,0.0054606633552909
OF,GES,FFMLP,26,39,4c22a91750d3edba,0.7688950648109951,0.0669228348295946,0.1104477611940298,0.0278931573350262,0.0363781633725671
OF,GES,XGBoost,27,40,eaafa0ab0b389306,0.9412648095475896,0.4549338629591532,0.4713375796178344,0.0161451688348418,0.0125566450156467
OF,GES,LightGBM,27,40,eaafa0ab0b389306,0.9353627027379118,0.4445178826139473,0.496551724137931,0.0170315929188487,0.0168669381325954
OF,GES,RF,27,40,eaafa0ab0b389306,0.9324315522070477,0.4110638362290806,0.4126984126984127,0.0162882862734134,0.0047391668996365
OF,GES,Logit,27,40,eaafa0ab0b389306,0.8814005833351425,0.1550835138318204,0.2378048780487804,0.0202553291955671,0.0048939014609129
OF,GES,FFMLP,27,40,eaafa0ab0b389306,0.7706682299469497,0.0633821176694695,0.1006493506493506,0.0277321494191567,0.0356340582503606
OF,GES,XGBoost,28,41,2062f34c4a447421,0.9377655224323485,0.4650146553253246,0.441025641025641,0.0157725455335521,0.0118413118254091
OF,GES,LightGBM,28,41,2062f34c4a447421,0.9338030411591434,0.4506699959747495,0.4566929133858268,0.0167845382852363,0.0168695344515565
OF,GES,RF,28,41,2062f34c4a447421,0.9319158868358772,0.4162144513653878,0.388235294117647,0.016308523343584,0.0052306402012859
OF,GES,Logit,28,41,2062f34c4a447421,0.875704742673933,0.1483026004845538,0.2472527472527472,0.0209068963799623,0.0121608487496497
OF,GES,FFMLP,28,41,2062f34c4a447421,0.7718225966375,0.0584553752669307,0.1025641025641025,0.0269679554463809,0.0323436479720784
OF,GES,XGBoost,29,42,d55d48e5b81263c0,0.938583349617503,0.47673598364998,0.4822695035460992,0.015517984774764,0.0108687125482519
OF,GES,LightGBM,29,42,d55d48e5b81263c0,0.935257760311498,0.4499709840376563,0.4868421052631579,0.0170329438007179,0.0165986452004088
OF,GES,RF,29,42,d55d48e5b81263c0,0.929722951994268,0.4118465344944061,0.3944954128440367,0.0163600805143975,0.0042325971484484
OF,GES,Logit,29,42,d55d48e5b81263c0,0.8815851372574564,0.1463583622782973,0.2163742690058479,0.0208405500634917,0.0071262289172091
OF,GES,FFMLP,29,42,d55d48e5b81263c0,0.7647335547980402,0.0672285544642784,0.1267326732673267,0.0282030223348432,0.03799177649326
OF,GES,XGBoost,30,43,1e6d8751594c099c,0.9394265077331712,0.4566167428357512,0.4699453551912568,0.0158014225521018,0.012057358011872
OF,GES,LightGBM,30,43,1e6d8751594c099c,0.93648450108923,0.4457455071579469,0.4657534246575342,0.0171347443165997,0.017289910273267
OF,GES,RF,30,43,1e6d8751594c099c,0.9280764415108814,0.4100090986264889,0.4088397790055249,0.0163353324014537,0.003720995247414
OF,GES,Logit,30,43,1e6d8751594c099c,0.8610055655673042,0.1322456752560414,0.1475409836065573,0.0211167454072924,0.0075035933672301
OF,GES,FFMLP,30,43,1e6d8751594c099c,0.7630562853276013,0.0624827361754737,0.120845921450151,0.0246208685328415,0.0249637437370929
OF,GES,XGBoost,31,44,3f182371bc1257b4,0.9416845792532442,0.4669268212568926,0.4733727810650887,0.015803299152446,0.0109423977157024
OF,GES,LightGBM,31,44,3f182371bc1257b4,0.932246998284734,0.4475450112529215,0.4743589743589743,0.0167144496912601,0.0166203336618802
OF,GES,RF,31,44,3f182371bc1257b4,0.930913505728409,0.412108097358681,0.4130434782608695,0.0162709343024881,0.0040240424937098
OF,GES,Logit,31,44,3f182371bc1257b4,0.8728893906825599,0.1387840186757389,0.1692307692307692,0.0211865387951838,0.0064356982241139
OF,GES,FFMLP,31,44,3f182371bc1257b4,0.7899559241809062,0.0716751075500191,0.1255605381165919,0.0271952331158598,0.0337709352292843
OF,GES,XGBoost,32,45,dfebade50aacf4bb,0.9381599612074892,0.466717898096095,0.4431818181818182,0.0158587416943643,0.0127441493646174
OF,GES,RF,32,45,dfebade50aacf4bb,0.9350641596282868,0.4066007577021502,0.388235294117647,0.0163135018171652,0.0033463796477495
OF,GES,LightGBM,32,45,dfebade50aacf4bb,0.9291349125359156,0.4418571065328009,0.4615384615384615,0.0171369474303663,0.0177521124211947
OF,GES,Logit,32,45,dfebade50aacf4bb,0.8904364881197935,0.165779056763316,0.2598870056497175,0.0203443739953362,0.006384639207091
OF,GES,FFMLP,32,45,dfebade50aacf4bb,0.7659856265062858,0.089418309528499,0.1428571428571428,0.0244933490248984,0.0246932410679576
OF,GES,XGBoost,33,46,75ca627757af6980,0.9383951769908302,0.4648603425555926,0.4523809523809524,0.0158524802713136,0.0119452435154986
OF,GES,LightGBM,33,46,75ca627757af6980,0.931284422925216,0.4487406368316723,0.4736842105263157,0.0169752616268261,0.0171366995795783
OF,GES,RF,33,46,75ca627757af6980,0.9268406539722518,0.414760211674534,0.4216216216216216,0.0162524674308079,0.0044187866927592
OF,GES,Logit,33,46,75ca627757af6980,0.8953579260481577,0.1745330486025248,0.2427745664739884,0.0202073193827091,0.0097775238711753
OF,GES,FFMLP,33,46,75ca627757af6980,0.7831889470294056,0.0884596110368559,0.1442885771543086,0.0264378250035529,0.032738623215286
OF,GES,XGBoost,34,47,8e6861a5b5524618,0.9374579325618256,0.4631635631864594,0.467065868263473,0.0158713937350119,0.0126142109311265
OF,GES,RF,34,47,8e6861a5b5524618,0.9340093073076116,0.4102974427174349,0.4149377593360996,0.0163252882303606,0.0041291585127201
OF,GES,LightGBM,34,47,8e6861a5b5524618,0.9256573376468288,0.4441882374103667,0.4935064935064935,0.0171995276288948,0.0177304873816773
OF,GES,Logit,34,47,8e6861a5b5524618,0.8924448690390893,0.1687948178549583,0.2513661202185792,0.0203299540157679,0.0056094820063063
OF,GES,FFMLP,34,47,8e6861a5b5524618,0.776382164129955,0.0620424922851548,0.1283422459893048,0.0278234157600572,0.0318589531153915
OF,GES,XGBoost,35,48,ae9e165a0aa4f87e,0.934899508579948,0.4545108796672231,0.4774193548387097,0.016012729393688,0.0129182800182722
OF,GES,LightGBM,35,48,ae9e165a0aa4f87e,0.9278719847145928,0.4547773523034472,0.4774193548387097,0.0170580247626788,0.0169546406846735
OF,GES,RF,35,48,ae9e165a0aa4f87e,0.9256790498729834,0.4133139531281525,0.4361702127659574,0.0162121162985742,0.0039714844842046
OF,GES,Logit,35,48,ae9e165a0aa4f87e,0.8673491543087913,0.1376023867484919,0.2068965517241379,0.0205590421473628,0.0085614069521742
OF,GES,FFMLP,35,48,ae9e165a0aa4f87e,0.7947181391174704,0.0964936590695862,0.1428571428571428,0.0261164088744504,0.0325902592833915
OF,GES,XGBoost,36,49,8e9876b52e15ccfc,0.9380079756244076,0.4680108878986017,0.4555555555555555,0.0158801723305368,0.0119258236108248
OF,GES,LightGBM,36,49,8e9876b52e15ccfc,0.9309261711936658,0.4666994311413873,0.4657534246575342,0.0167797477128043,0.0169337636249344
OF,GES,RF,36,49,8e9876b52e15ccfc,0.9241248163507536,0.4203245695709622,0.4285714285714285,0.0160489706457925,0.0044931506849315
OF,GES,Logit,36,49,8e9876b52e15ccfc,0.8918152144806073,0.1842493394321997,0.2790697674418604,0.0199278141489424,0.0080054107636532
OF,GES,FFMLP,36,49,8e9876b52e15ccfc,0.7871659031200469,0.0665701910950073,0.11001100110011,0.0267588285112582,0.0319331533825954
OF,GES,XGBoost,37,50,f2cfabdd4b508fc9,0.9336908613240116,0.4599649648435306,0.4588235294117647,0.0161205093282014,0.011908079756253
OF,GES,LightGBM,37,50,f2cfabdd4b508fc9,0.926413646857879,0.4666134709284695,0.4714285714285714,0.0166287014562803,0.0160878298953771
OF,GES,RF,37,50,f2cfabdd4b508fc9,0.92306453597354,0.4280492978678151,0.4090909090909091,0.0159943304445065,0.0043254123567235
OF,GES,Logit,37,50,f2cfabdd4b508fc9,0.8969899617141079,0.1727269436333328,0.2804878048780488,0.020210895901869,0.0075877407134853
OF,GES,FFMLP,37,50,f2cfabdd4b508fc9,0.7725029130570091,0.0720056925278125,0.1213720316622691,0.0279893944706997,0.0379594616942901
OF,GES,XGBoost,38,51,a179dca8acafab22,0.9383010906774938,0.4781034158038608,0.4651162790697674,0.0158249908753485,0.0116849250528833
OF,GES,RF,38,51,a179dca8acafab22,0.936746857155264,0.4301150201153109,0.4161849710982659,0.0159753100363433,0.0050852669835057
OF,GES,LightGBM,38,51,a179dca8acafab22,0.9292217614405338,0.4595705111154523,0.4729729729729729,0.016862339641353,0.0171955215061281
OF,GES,Logit,38,51,a179dca8acafab22,0.8896439918651525,0.1635610634834473,0.25,0.0204908381678024,0.0052407420468337
OF,GES,FFMLP,38,51,a179dca8acafab22,0.8060265902396306,0.0844184260188556,0.1419753086419753,0.0273611663784584,0.0367625309893825
OF,GES,XGBoost,39,52,5c325b94ddf97c43,0.9364591701587164,0.4585261570090378,0.4567901234567901,0.016187816229162,0.0130256498237365
OF,GES,RF,39,52,5c325b94ddf97c43,0.9341052029731276,0.4273119986475227,0.4035087719298245,0.015933808219178,0.0049035504612804
OF,GES,LightGBM,39,52,5c325b94ddf97c43,0.9263412727706972,0.4514748551302391,0.4645161290322581,0.0172354637177981,0.0169167763983684
OF,GES,Logit,39,52,5c325b94ddf97c43,0.8755889441344421,0.1548221303708525,0.2602739726027397,0.0206455516560001,0.0093027523732526
OF,GES,FFMLP,39,52,5c325b94ddf97c43,0.771547575106209,0.0653134481215576,0.0970414201183432,0.0278780127895563,0.0391542472556881
OF,GES,XGBoost,40,53,3442576606495033,0.933274710322716,0.4661936185433158,0.4269662921348314,0.0160211679814892,0.0121965718055042
OF,GES,RF,40,53,3442576606495033,0.9303091821004408,0.4264999355716267,0.4180790960451977,0.0160651663405088,0.0051221694157114
OF,GES,LightGBM,40,53,3442576606495033,0.9256790498729836,0.4635302060809018,0.4740740740740741,0.0168054625341406,0.0169330496165016
OF,GES,Logit,40,53,3442576606495033,0.8615194215862951,0.1259996001548998,0.1739130434782608,0.0212708576481533,0.0030986258063253
OF,GES,FFMLP,40,53,3442576606495033,0.7943996931338703,0.0765452935630314,0.1415384615384615,0.0272828791118035,0.0359088993280592
OF,GES,XGBoost,41,54,31f16a2a5dca01c1,0.9357607602174118,0.4695194438576677,0.435754189944134,0.016277132733741,0.0128122581604012
OF,GES,RF,41,54,31f16a2a5dca01c1,0.9287386644085952,0.4184710100991974,0.4265402843601896,0.0160616662007268,0.0032882303606374
OF,GES,LightGBM,41,54,31f16a2a5dca01c1,0.9247237119221834,0.4569544560347917,0.4927536231884058,0.017140874047931,0.0171457970168551
OF,GES,Logit,41,54,31f16a2a5dca01c1,0.8434512307213525,0.1116005570519904,0.1560283687943262,0.0215551203865757,0.0085098722574721
OF,GES,FFMLP,41,54,31f16a2a5dca01c1,0.7940124917674476,0.0784881498792874,0.1388174807197943,0.0262697382753389,0.031710488155957
OF,GES,XGBoost,42,55,45f667b77d5d7166,0.9346896237271208,0.4649434775906986,0.4516129032258064,0.0162860869855916,0.0123276714133872
OF,GES,RF,42,55,45f667b77d5d7166,0.9297157145855498,0.4289764993262396,0.4142011834319526,0.0160650287950796,0.0039999999999999
OF,GES,LightGBM,42,55,45f667b77d5d7166,0.9277344739489471,0.4661809944875101,0.4675324675324675,0.0167519510300496,0.0168568986837877
OF,GES,Logit,42,55,45f667b77d5d7166,0.8820772810502927,0.1529014284346554,0.2491349480968858,0.0204863356266037,0.0066948622330511
OF,GES,FFMLP,42,55,45f667b77d5d7166,0.7986480520514435,0.090022523955782,0.1321100917431192,0.0272114706631647,0.0365299665547963
OF,GES,XGBoost,43,56,7efa9fb8014a90b9,0.937392795883362,0.4648794408435154,0.4774193548387097,0.0160037648416289,0.0129449635086414
OF,GES,RF,43,56,7efa9fb8014a90b9,0.9329074118302684,0.4315210789944705,0.4228571428571429,0.0158969896561364,0.0052608331003634
OF,GES,LightGBM,43,56,7efa9fb8014a90b9,0.9317838041267704,0.466525979573785,0.4743589743589743,0.0171859506086976,0.0167493136570786
OF,GES,Logit,43,56,7efa9fb8014a90b9,0.8832280290364838,0.1681985280029073,0.2710280373831775,0.0209244402703533,0.0106686518801026
OF,GES,FFMLP,43,56,7efa9fb8014a90b9,0.7743484522801456,0.067648923344184,0.1257485029940119,0.0276665334321587,0.0334951010201233
OF,GES,XGBoost,44,57,d8fd6d5d068266bd,0.9370128319256572,0.4641779290062428,0.4550898203592814,0.0160335441289364,0.012017284220812
OF,GES,LightGBM,44,57,d8fd6d5d068266bd,0.92744497760022,0.4691495960881457,0.4691358024691358,0.016519784880938,0.0165944398218714
OF,GES,RF,44,57,d8fd6d5d068266bd,0.9123495523662708,0.4313357434378387,0.4228571428571429,0.0159259222812412,0.0065585686329326
OF,GES,Logit,44,57,d8fd6d5d068266bd,0.8923580201344712,0.1833496540714189,0.2702702702702703,0.0199727488166563,0.0063680454144141
OF,GES,FFMLP,44,57,d8fd6d5d068266bd,0.7796172858269825,0.0687172334940649,0.1087202718006795,0.0296856528021196,0.0420004269615886
OF,GES,XGBoost,45,58,925e36b95de8c243,0.9355074509122754,0.4619542596195822,0.4596273291925465,0.0161833393794741,0.0125748963464118
OF,GES,RF,45,58,925e36b95de8c243,0.9336510555760617,0.4315201412341091,0.4522613065326633,0.0159034844842046,0.0059709253564439
OF,GES,LightGBM,45,58,925e36b95de8c243,0.931881509144466,0.4700058860096708,0.4297520661157025,0.016703337143596,0.016631280511264
OF,GES,Logit,45,58,925e36b95de8c243,0.8874293447973889,0.1857950923901462,0.2909090909090909,0.0204351640031288,0.0150733709457191
OF,GES,FFMLP,45,58,925e36b95de8c243,0.7828415514109328,0.078926938024479,0.1379310344827586,0.0279893140387716,0.0350279347501905
OF,GES,XGBoost,46,59,a53855b45073d714,0.939216622880344,0.4717752494361792,0.4615384615384615,0.0160044700925194,0.0122891653132298
OF,GES,RF,46,59,a53855b45073d714,0.9356377242692026,0.4331166199110284,0.4361702127659574,0.0159363298853788,0.0040475258596589
OF,GES,LightGBM,46,59,a53855b45073d714,0.9310455884375158,0.4726858027547909,0.5032258064516129,0.0169044719787952,0.0168249843001223
OF,GES,Logit,46,59,a53855b45073d714,0.8928248329967938,0.1612583632046593,0.2594594594594595,0.0204207897394414,0.003310385076265
OF,GES,FFMLP,46,59,a53855b45073d714,0.7902490392339927,0.0686568765990545,0.1222707423580786,0.0281860257833372,0.0379120618701689
OF,GES,XGBoost,47,60,66fb525f61b242ac,0.939057399888544,0.4684958856180496,0.4371584699453552,0.0159923425136753,0.0123095399935604
OF,GES,LightGBM,47,60,66fb525f61b242ac,0.9263159418401836,0.472432423800216,0.4552845528455284,0.0168485923476831,0.0164520729742443
OF,GES,RF,47,60,66fb525f61b242ac,0.9233576510266264,0.4318306736330185,0.4285714285714285,0.0158911601901034,0.0051294380766005
OF,GES,Logit,47,60,66fb525f61b242ac,0.8686301756519095,0.1303952919507569,0.2185792349726776,0.0210087570261706,0.0094514634503757
OF,GES,FFMLP,47,60,66fb525f61b242ac,0.7708165968256726,0.0634904899210312,0.1308724832214765,0.0283919838129181,0.0366263059324587
OF,GES,XGBoost,48,61,4052ac4dbbfc381b,0.9378415152238893,0.4561180286549705,0.4444444444444444,0.0162910929095734,0.0122409313686737
OF,GES,LightGBM,48,61,4052ac4dbbfc381b,0.9333362282968208,0.4731375343400129,0.4774193548387097,0.0167629273853681,0.0172689662416612
OF,GES,RF,48,61,4052ac4dbbfc381b,0.9288436068350088,0.4284293996512329,0.4113475177304964,0.0159518344981828,0.004630696114062
OF,GES,Logit,48,61,4052ac4dbbfc381b,0.8928139768837166,0.1683663582531596,0.2748815165876777,0.0204066086091454,0.0049070197520018
OF,GES,FFMLP,48,61,4052ac4dbbfc381b,0.7900934349465517,0.07590129298434,0.1418439716312056,0.0266615815236963,0.0339643566296137
OF,GES,XGBoost,49,62,88fac5a32dce767a,0.9369802635864256,0.4685128912397646,0.4534883720930232,0.0160497063307616,0.0123252295805643
OF,GES,LightGBM,49,62,88fac5a32dce767a,0.9290480636312974,0.4612587147052567,0.4966442953020134,0.0168475151946428,0.0167040538433047
OF,GES,RF,49,62,88fac5a32dce767a,0.9223172735233878,0.4255552924271429,0.4378109452736318,0.0160168029074643,0.0059446463516913
OF,GES,Logit,49,62,88fac5a32dce767a,0.8830868995664792,0.1451981177005792,0.1985815602836879,0.020817683831871,0.005456970463103
OF,GES,FFMLP,49,62,88fac5a32dce767a,0.7770371496189505,0.0787475583945441,0.1352313167259786,0.0290185544517048,0.0406373068946758
OF,GES,XGBoost,50,63,227d8ae25d103409,0.9374977383097756,0.4619407398257731,0.4722222222222222,0.0162025446936225,0.0119329136504362
OF,GES,LightGBM,50,63,227d8ae25d103409,0.9363288968017892,0.4702577280511372,0.4705882352941176,0.0170680195219902,0.0169117371804502
OF,GES,RF,50,63,227d8ae25d103409,0.924394409825506,0.4278063180470888,0.4347826086956521,0.0159570757618115,0.0036852110707296
OF,GES,Logit,50,63,227d8ae25d103409,0.9006339970037128,0.1832834306438559,0.2631578947368421,0.0198570260479318,0.0064347813574844
OF,GES,FFMLP,50,63,227d8ae25d103409,0.8046949070354851,0.1014578732179376,0.1655172413793103,0.0280549698981621,0.0394093876703011
OF,GES,XGBoost,51,64,366d21eaae5ccd5a,0.939654486107794,0.4647380152530776,0.4596273291925465,0.0160309512490055,0.0118760531066521
OF,GES,RF,51,64,366d21eaae5ccd5a,0.9303453691440317,0.4330374424197415,0.4210526315789473,0.0159298618954431,0.0046793402292423
OF,GES,LightGBM,51,64,366d21eaae5ccd5a,0.9296849555984976,0.4645913679416797,0.4900662251655629,0.016925512710151,0.0169912435359358
OF,GES,Logit,51,64,366d21eaae5ccd5a,0.8955750483097031,0.1635881964667963,0.2195121951219512,0.0202370993650442,0.0103446212901737
OF,GES,FFMLP,51,64,366d21eaae5ccd5a,0.7870681981023514,0.0705102193020819,0.1247706422018348,0.0276732180871067,0.0335935681489699
OF,GES,XGBoost,52,65,fbb1c050cd513cb6,0.9415072627396488,0.4581375037305992,0.4743589743589743,0.0161042526928688,0.0126044523640831
OF,GES,LightGBM,52,65,fbb1c050cd513cb6,0.9299093152687612,0.4572509139415793,0.4812030075187969,0.0170821503226028,0.0165916305837065
OF,GES,RF,52,65,fbb1c050cd513cb6,0.9276711466226631,0.4387042526548836,0.4337349397590361,0.0159142230919765,0.0037718758736371
OF,GES,Logit,52,65,fbb1c050cd513cb6,0.8935196242337394,0.1899463945163466,0.2771084337349397,0.0201177872376004,0.011620026182617
OF,GES,FFMLP,52,65,fbb1c050cd513cb6,0.7768634518097142,0.0708652289381409,0.1204819277108433,0.0266435268382047,0.0331256771436742
OF,GES,XGBoost,53,66,6464793cc487207a,0.938630392774171,0.4606952255419856,0.4680851063829787,0.0160618798976358,0.0119960423966941
OF,GES,RF,53,66,6464793cc487207a,0.931713239391768,0.4294861709846947,0.448087431693989,0.015969988258317,0.0046955549343024
OF,GES,LightGBM,53,66,6464793cc487207a,0.9309768330546933,0.4672023394168715,0.4788732394366197,0.0167910811493764,0.0162729113177264
OF,GES,Logit,53,66,6464793cc487207a,0.869321348184496,0.1378014049504635,0.1641791044776119,0.021117842092787,0.0084682082349238
OF,GES,FFMLP,53,66,6464793cc487207a,0.799024397304789,0.088379555381461,0.1666666666666666,0.0270096869591722,0.0367416221115228
OF,GES,XGBoost,54,67,8f9da5e9bd2a013b,0.9374832634923392,0.454726591533785,0.4635761589403973,0.0161593362499367,0.0116736906823286
OF,GES,RF,54,67,8f9da5e9bd2a013b,0.9340509224077412,0.4316444043134642,0.4334975369458128,0.0158783382722952,0.0044092815208275
OF,GES,LightGBM,54,67,8f9da5e9bd2a013b,0.9332023362355344,0.4671029438984057,0.4645161290322581,0.0167036028647028,0.0167464264013419
OF,GES,Logit,54,67,8f9da5e9bd2a013b,0.8485970283199803,0.1235168331628393,0.1772151898734177,0.0209202455778398,0.0033087555097557
OF,GES,FFMLP,54,67,8f9da5e9bd2a013b,0.7814700624588373,0.0668231912518981,0.1150627615062761,0.0268157268578615,0.0341775899605608
OF,GES,XGBoost,55,68,06f47ac435a4a80a,0.9373348966136164,0.4605000903097754,0.4278606965174129,0.0163317717396327,0.0122357814684447
OF,GES,LightGBM,55,68,06f47ac435a4a80a,0.9324605018419204,0.4712426884667521,0.4935064935064935,0.016676495084589,0.0165962003897226
OF,GES,RF,55,68,06f47ac435a4a80a,0.9225289677283944,0.4217224770488508,0.4329896907216495,0.0160694235392787,0.0041297176404808
OF,GES,Logit,55,68,06f47ac435a4a80a,0.8926873222311483,0.1752227789637016,0.2696629213483146,0.0199551984944759,0.0048097271570102
OF,GES,FFMLP,55,68,06f47ac435a4a80a,0.7954708296241613,0.0774654412410853,0.1449752883031301,0.0252578042625542,0.0275820441146219
OF,GOLEM,XGBoost,1,14,1764f1430f80689c,0.9349537891453344,0.4523601318968185,0.4302325581395348,0.016243996497565,0.0108740158977394
OF,GOLEM,RF,1,14,1764f1430f80689c,0.9276874307922792,0.4282076861966702,0.4137931034482758,0.0160780788370142,0.0033793681856304
OF,GOLEM,Logit,1,14,1764f1430f80689c,0.9234101222398332,0.2566213054762035,0.2666666666666666,0.0189552360181997,0.0109900279260867
OF,GOLEM,LightGBM,1,14,1764f1430f80689c,0.9195453459843238,0.4382346120188729,0.48,0.0166533909336654,0.0163387451440515
OF,GOLEM,FFMLP,1,14,1764f1430f80689c,0.8798734900956062,0.2896799901113284,0.352,0.0195167653673196,0.0084846229556721
OF,GOLEM,XGBoost,2,15,a6c4d708f5adb6d5,0.9347547604055844,0.4510558908683423,0.4041450777202072,0.0162044745426104,0.0113922003433363
OF,GOLEM,LightGBM,2,15,a6c4d708f5adb6d5,0.930057682147484,0.4440997195333122,0.4539877300613497,0.0163062757329641,0.0163867673869993
OF,GOLEM,RF,2,15,a6c4d708f5adb6d5,0.9270758697555928,0.4179145508957301,0.4,0.0162333206597707,0.003874196253844
OF,GOLEM,Logit,2,15,a6c4d708f5adb6d5,0.9232364244305968,0.2559653084430588,0.2627737226277372,0.0189988566132649,0.0106198285683923
OF,GOLEM,FFMLP,2,15,a6c4d708f5adb6d5,0.8539852791106671,0.2477601977702261,0.3,0.0200659972882607,0.0078081876052002
OF,GOLEM,XGBoost,3,16,72486b97342b5a81,0.9371865297348936,0.443048194319597,0.4370860927152318,0.0164497376976555,0.0122843896736476
OF,GOLEM,RF,3,16,72486b97342b5a81,0.9296686714288817,0.436379477776129,0.4017857142857143,0.0160049348616158,0.0047028235951915
OF,GOLEM,LightGBM,3,16,72486b97342b5a81,0.9262725173878744,0.427924293721847,0.4748201438848921,0.0164566613028902,0.0159471091318385
OF,GOLEM,Logit,3,16,72486b97342b5a81,0.9227768489769924,0.2544113272185889,0.3164556962025316,0.0191630865845911,0.0125945771638277
OF,GOLEM,FFMLP,3,16,72486b97342b5a81,0.8701174631434961,0.2478858823440776,0.323943661971831,0.0202701793014505,0.0099041790435617
OF,GOLEM,XGBoost,4,17,283d566f7c427ce1,0.9362673788276844,0.4411636735830225,0.4558823529411764,0.0162596506983955,0.0106392130451623
OF,GOLEM,RF,4,17,283d566f7c427ce1,0.9316028689088158,0.4266668200552083,0.3902439024390244,0.0160097142857142,0.0049521945764607
OF,GOLEM,Logit,4,17,283d566f7c427ce1,0.9258816973170926,0.250477602164495,0.3184713375796178,0.0194077595825156,0.0128888878345371
OF,GOLEM,LightGBM,4,17,283d566f7c427ce1,0.9220277771746604,0.4309321710985181,0.4375,0.0165074249164309,0.0160261924388134
OF,GOLEM,FFMLP,4,17,283d566f7c427ce1,0.8922132719601074,0.2422555074013029,0.3452380952380952,0.0193973837954155,0.0071260631131307
OF,GOLEM,XGBoost,5,18,648fe30c933c651d,0.9382142417728756,0.471399513629172,0.4817518248175182,0.0158933120485584,0.0113509783535874
OF,GOLEM,LightGBM,5,18,648fe30c933c651d,0.9277417113576656,0.4447614285397303,0.4923076923076923,0.0163460108341416,0.0158775229151547
OF,GOLEM,Logit,5,18,648fe30c933c651d,0.922682762663656,0.2618247816807709,0.3378378378378378,0.0191125497868902,0.0123268054617301
OF,GOLEM,RF,5,18,648fe30c933c651d,0.9217455182346512,0.4241879892306678,0.3736263736263736,0.0161067419625384,0.005449259155717
OF,GOLEM,FFMLP,5,18,648fe30c933c651d,0.866824442176723,0.2199314111405099,0.3034482758620689,0.0200002086659083,0.0073663784260789
OF,GOLEM,XGBoost,6,19,47ac225f8366a49b,0.9417135288881168,0.4661368558891773,0.4680851063829787,0.0160997544941907,0.0128746412418207
OF,GOLEM,LightGBM,6,19,47ac225f8366a49b,0.9321565306757568,0.4535273916969113,0.4397163120567376,0.0169550980081195,0.0167146915283527
OF,GOLEM,RF,6,19,47ac225f8366a49b,0.9252339492368152,0.4254061270076101,0.3926380368098159,0.0161437495107632,0.0051115459882583
OF,GOLEM,Logit,6,19,47ac225f8366a49b,0.922404122428006,0.263633262234272,0.3936170212765957,0.0194633428044786,0.0127036615489447
OF,GOLEM,FFMLP,6,19,47ac225f8366a49b,0.8848383524762793,0.2803559909333208,0.4134078212290503,0.0195342731716328,0.0082798055673852
OF,GOLEM,XGBoost,7,20,8df3c6eaed0221da,0.9419234137409442,0.4788747677301053,0.4363636363636363,0.0158479363806388,0.0126781139344701
OF,GOLEM,LightGBM,7,20,8df3c6eaed0221da,0.934700479840198,0.4567552638157767,0.4655172413793103,0.0165035774558813,0.0158212816208457
OF,GOLEM,RF,7,20,8df3c6eaed0221da,0.9264606900145472,0.4292076121856409,0.4246575342465753,0.0161200682135868,0.0043248532289628
OF,GOLEM,Logit,7,20,8df3c6eaed0221da,0.922849223064174,0.2651451075914536,0.391304347826087,0.0193928386390739,0.0127457495670313
OF,GOLEM,FFMLP,7,20,8df3c6eaed0221da,0.8717494988094463,0.2436372025573689,0.3484848484848485,0.0198141832002321,0.0065823076321512
OF,GOLEM,XGBoost,8,21,ec85353a21c9d2f4,0.938387939582112,0.4870779281535523,0.4722222222222222,0.0156583585041961,0.0107446639656813
OF,GOLEM,LightGBM,8,21,ec85353a21c9d2f4,0.9333181347750252,0.4462215801695161,0.4958677685950413,0.0167421403925894,0.0169151741142007
OF,GOLEM,Logit,8,21,ec85353a21c9d2f4,0.921814273617474,0.2494736922336112,0.3820224719101123,0.019999015231282,0.0129078663934122
OF,GOLEM,RF,8,21,ec85353a21c9d2f4,0.9159899689515164,0.4188717493866961,0.3924050632911392,0.0162505037741123,0.0045641599105395
OF,GOLEM,FFMLP,8,21,ec85353a21c9d2f4,0.881534475396429,0.2487846537051064,0.334763948497854,0.0195720451892945,0.0071491798389102
OF,GOLEM,XGBoost,9,22,0c4c0616521c3b2a,0.9382323352946712,0.4666142687577909,0.4755244755244755,0.0157467092105576,0.0108357936764583
OF,GOLEM,LightGBM,9,22,0c4c0616521c3b2a,0.9364193644107665,0.4588305603204288,0.4881889763779528,0.0165965970288056,0.0165326136494542
OF,GOLEM,RF,9,22,0c4c0616521c3b2a,0.9350225445281573,0.4136397894867339,0.389937106918239,0.0162614268940452,0.0054151523623147
OF,GOLEM,Logit,9,22,0c4c0616521c3b2a,0.9203233674215284,0.237903182737988,0.3157894736842105,0.0197700796537919,0.0108834344365087
OF,GOLEM,FFMLP,9,22,0c4c0616521c3b2a,0.8807854035940972,0.2361061449581651,0.3231441048034934,0.0197053780564877,0.0056261152192025
OF,GOLEM,XGBoost,10,23,7d9a63074f68ccad,0.943019881161749,0.4760114690100842,0.4661654135338345,0.0158420890156906,0.0106436868063086
OF,GOLEM,LightGBM,10,23,7d9a63074f68ccad,0.9345919187094252,0.4511444318599155,0.4683544303797468,0.0167830202604595,0.0168693423875851
OF,GOLEM,RF,10,23,7d9a63074f68ccad,0.9266162943019882,0.4073487444179216,0.3949044585987261,0.0163978864970645,0.0049784735812133
OF,GOLEM,Logit,10,23,7d9a63074f68ccad,0.9170412025678326,0.2371307951148663,0.3246753246753247,0.0196631034680184,0.008503924985516
OF,GOLEM,FFMLP,10,23,7d9a63074f68ccad,0.8806297993066563,0.2439205934584141,0.3708609271523179,0.0195083389854187,0.0070186418814176
OF,GOLEM,XGBoost,11,24,18138564e117358f,0.9403818456839712,0.4826439231133516,0.4539007092198581,0.0157219608059461,0.010648240713074
OF,GOLEM,LightGBM,11,24,18138564e117358f,0.9358620839394663,0.4571286572550949,0.4967320261437908,0.0166415058512098,0.0163337969516412
OF,GOLEM,RF,11,24,18138564e117358f,0.9232346150784172,0.4028720925366828,0.384180790960452,0.0164163712608331,0.0038076600503214
OF,GOLEM,Logit,11,24,18138564e117358f,0.916223375382678,0.2377344653077576,0.326797385620915,0.0196723122860766,0.0079375479937618
OF,GOLEM,FFMLP,11,24,18138564e117358f,0.8719376714361189,0.2503435516046068,0.3333333333333333,0.0196730695444345,0.0075637673293124
OF,GOLEM,XGBoost,12,25,215b222793dcdbfb,0.9409897880162988,0.4716996045271992,0.4390243902439024,0.0158323739970024,0.0115513576357762
OF,GOLEM,LightGBM,12,25,215b222793dcdbfb,0.9322506169890932,0.4605495129952362,0.4567901234567901,0.0166477689909161,0.0163105005805404
OF,GOLEM,RF,12,25,215b222793dcdbfb,0.9312735668121386,0.4125748375389706,0.3780487804878049,0.0162938965613642,0.0049980430528375
OF,GOLEM,Logit,12,25,215b222793dcdbfb,0.9160532962778009,0.23810538500636,0.3376623376623376,0.0197285506377011,0.0078975426055249
OF,GOLEM,FFMLP,12,25,215b222793dcdbfb,0.8741885055474737,0.2485718209639699,0.3461538461538461,0.0197220839946621,0.0084466087208268
OF,GOLEM,XGBoost,13,26,472fc3f159d772f3,0.9392672847413712,0.464135765819514,0.4635761589403973,0.0158247094764855,0.012100912167305
OF,GOLEM,LightGBM,13,26,472fc3f159d772f3,0.9351926236330343,0.449626894182805,0.4705882352941176,0.0167929693235861,0.0167061181380568
OF,GOLEM,RF,13,26,472fc3f159d772f3,0.9236887624754831,0.4078003223142667,0.4129032258064516,0.0163439362594352,0.0032110707296617
OF,GOLEM,Logit,13,26,472fc3f159d772f3,0.9148808360654552,0.2397266112714305,0.3333333333333333,0.0193132532879448,0.0065537703767827
OF,GOLEM,FFMLP,13,26,472fc3f159d772f3,0.8775032387404015,0.2511577729379982,0.3428571428571428,0.0195878724444623,0.0066614882009786
OF,GOLEM,XGBoost,14,27,4bae1f31c7f9b591,0.9383372777210848,0.457300641543892,0.4647887323943662,0.0160613089622199,0.0114607083596089
OF,GOLEM,LightGBM,14,27,4bae1f31c7f9b591,0.9330648254698888,0.4622638791190498,0.4768211920529801,0.0164931637770003,0.0161939572854799
OF,GOLEM,RF,14,27,4bae1f31c7f9b591,0.9240632983766492,0.4098371110954725,0.4161073825503356,0.0163689561084707,0.0038317025440313
OF,GOLEM,Logit,14,27,4bae1f31c7f9b591,0.9144936346990324,0.2401747858292734,0.3333333333333333,0.0192657893459296,0.0070333920699339
OF,GOLEM,FFMLP,14,27,4bae1f31c7f9b591,0.8757155987870103,0.2292422492334101,0.3333333333333333,0.0197358824767948,0.0077172563168375
OF,GOLEM,XGBoost,15,28,6c0c6915847c8118,0.9401140615613984,0.4702375051305923,0.4444444444444444,0.0160138767792557,0.0123647811013121
OF,GOLEM,RF,15,28,6c0c6915847c8118,0.9304521209226247,0.4126079889454528,0.3645320197044335,0.0164075951915012,0.0038993570030752
OF,GOLEM,LightGBM,15,28,6c0c6915847c8118,0.9289214089787292,0.4615730543556039,0.4539877300613497,0.0166299091971867,0.0166229101600093
OF,GOLEM,Logit,15,28,6c0c6915847c8118,0.9143923109769778,0.2413603510299461,0.3265306122448979,0.0192914499744425,0.0070579986145744
OF,GOLEM,FFMLP,15,28,6c0c6915847c8118,0.8594567601016132,0.2175079830319266,0.2868525896414343,0.0199535430941456,0.0090373800367091
OF,GOLEM,XGBoost,16,29,b3a50edf227de16f,0.9352215732679072,0.4585569857354793,0.4347826086956521,0.0158864467192464,0.0119296674136783
OF,GOLEM,LightGBM,16,29,b3a50edf227de16f,0.9338211346809387,0.4504743739743007,0.4592592592592592,0.0167800730582846,0.016164936444003
OF,GOLEM,RF,16,29,b3a50edf227de16f,0.9270451107685403,0.3956091916765988,0.410958904109589,0.0165557003075202,0.0045294939893765
OF,GOLEM,Logit,16,29,b3a50edf227de16f,0.9138531240274732,0.2393594640501959,0.3265306122448979,0.019329967450047,0.0071652221328395
OF,GOLEM,FFMLP,16,29,b3a50edf227de16f,0.8814295329700154,0.2392639665978223,0.3425414364640884,0.019398594780688,0.0064297915978665
OF,GOLEM,XGBoost,17,30,77593e6cf28cc0b7,0.9359706450702392,0.4656248698065156,0.4596273291925465,0.0160828470950248,0.0125758766013371
OF,GOLEM,LightGBM,17,30,77593e6cf28cc0b7,0.9345702064832708,0.4677400094060907,0.464,0.0166723246800055,0.0161549849793446
OF,GOLEM,RF,17,30,77593e6cf28cc0b7,0.9257170462687538,0.3929874493960401,0.3636363636363636,0.0167075102040816,0.0047889292703382
OF,GOLEM,Logit,17,30,77593e6cf28cc0b7,0.9157276128854824,0.2469369718056945,0.3311258278145695,0.0192919995802397,0.0085043847702919
OF,GOLEM,FFMLP,17,30,77593e6cf28cc0b7,0.8832280290364838,0.2283844481776052,0.3192488262910798,0.0195377836833939,0.007107116238245
OF,GOLEM,XGBoost,18,31,aecda8e9d3172999,0.9378523713369664,0.4502182915527163,0.4556962025316455,0.0160956872218251,0.0118179607892714
OF,GOLEM,LightGBM,18,31,aecda8e9d3172999,0.9355146883209936,0.4576682648142415,0.4885496183206106,0.0166001750351987,0.0163160222405326
OF,GOLEM,RF,18,31,aecda8e9d3172999,0.9268460820287904,0.3937402629541182,0.3850931677018633,0.016676263908303,0.0049130556332121
OF,GOLEM,Logit,18,31,aecda8e9d3172999,0.9163174616960144,0.2486947143063622,0.3285714285714285,0.0192453738168329,0.008717202018416
OF,GOLEM,FFMLP,18,31,aecda8e9d3172999,0.8605496088180589,0.2394432471119447,0.3253588516746411,0.0199392285898969,0.0077141935483812
OF,GOLEM,XGBoost,19,32,d201257e9537b66f,0.9322868040326842,0.4519227706229978,0.4895104895104895,0.0161876112879833,0.0129250133676188
OF,GOLEM,LightGBM,19,32,d201257e9537b66f,0.9317801854224114,0.4538500340574181,0.4714285714285714,0.0167830516030152,0.0167970766040532
OF,GOLEM,RF,19,32,d201257e9537b66f,0.9178861700356804,0.4010688490774551,0.4316546762589928,0.0165240525580095,0.0049225608051439
OF,GOLEM,Logit,19,32,d201257e9537b66f,0.9160750085039552,0.2487348363284409,0.323943661971831,0.0192993515274081,0.0084466954950636
OF,GOLEM,FFMLP,19,32,d201257e9537b66f,0.8754369585513603,0.2336352510234846,0.3406593406593406,0.0197709924284281,0.0078047295052819
OF,GOLEM,XGBoost,20,33,00037b2451cb07a3,0.9336221059411888,0.4643400290591561,0.4691358024691358,0.016012515501364,0.0106202692763558
OF,GOLEM,LightGBM,20,33,00037b2451cb07a3,0.933307278661948,0.4447737324326506,0.460431654676259,0.0170090255586762,0.016662572868406
OF,GOLEM,RF,20,33,00037b2451cb07a3,0.9215482988470808,0.3954051033709084,0.3926380368098159,0.0166471501258037,0.0062555213866368
OF,GOLEM,Logit,20,33,00037b2451cb07a3,0.9160713897995962,0.2483692566735658,0.3194444444444444,0.0192832657877115,0.008416544216703
OF,GOLEM,FFMLP,20,33,00037b2451cb07a3,0.8791859362673788,0.2405778634698628,0.336734693877551,0.0199337211775614,0.0071525299166055
OF,GOLEM,LightGBM,21,34,5929e7ecaee6ba5d,0.9358512278263892,0.4479536636449108,0.48,0.0168048633693079,0.0168869578454305
OF,GOLEM,XGBoost,21,34,5929e7ecaee6ba5d,0.934421839604548,0.456122003411646,0.4523809523809524,0.016145946965134,0.0122045364904172
OF,GOLEM,RF,21,34,5929e7ecaee6ba5d,0.925518017529004,0.3804280129483952,0.3647058823529411,0.0167469466032988,0.0057159630975677
OF,GOLEM,Logit,21,34,5929e7ecaee6ba5d,0.9158289366075372,0.2477688728554345,0.3216783216783216,0.019268403572257,0.0083372837979518
OF,GOLEM,FFMLP,21,34,5929e7ecaee6ba5d,0.8806478928284516,0.2477013766097911,0.312,0.0194287709304173,0.00749001496617
OF,GOLEM,LightGBM,22,35,b2b3bca1258ab915,0.937074349899762,0.4537490674964614,0.4848484848484848,0.0169779628093987,0.0167306985605352
OF,GOLEM,XGBoost,22,35,b2b3bca1258ab915,0.9350840625022616,0.4594949971986222,0.4539877300613497,0.0160921918128487,0.0110665443738693
OF,GOLEM,RF,22,35,b2b3bca1258ab915,0.9216984750779832,0.3826498158636126,0.384180790960452,0.016728158792284,0.0059200447302208
OF,GOLEM,Logit,22,35,b2b3bca1258ab915,0.9166178141578188,0.2504234150434414,0.3216783216783216,0.0192012483200582,0.0082599376028877
OF,GOLEM,FFMLP,22,35,b2b3bca1258ab915,0.8743911529915829,0.248901055355219,0.3567567567567568,0.0194733505303646,0.0082093832385849
OF,GOLEM,XGBoost,23,36,552939458212efbd,0.9361407241751164,0.4571595966429713,0.4567901234567901,0.0159516037145367,0.0119473851121324
OF,GOLEM,LightGBM,23,36,552939458212efbd,0.933669149097857,0.4622489321137521,0.4888888888888889,0.0167048318564976,0.0165752769871188
OF,GOLEM,RF,23,36,552939458212efbd,0.9214849715207968,0.4108113134414013,0.3736263736263736,0.0164107363712608,0.0059183673469387
OF,GOLEM,Logit,23,36,552939458212efbd,0.9159519725557462,0.2484008881797507,0.3216783216783216,0.0192547974818672,0.0088019260780286
OF,GOLEM,FFMLP,23,36,552939458212efbd,0.8745612320964602,0.2565068177861163,0.3523316062176165,0.0195652179831294,0.006355381995931
OF,GOLEM,XGBoost,24,37,b2e53f58cc65415c,0.9352360480853436,0.4681139132998049,0.4817518248175182,0.0158353697095873,0.0116555641721887
OF,GOLEM,LightGBM,24,37,b2e53f58cc65415c,0.9334809764711842,0.4639135588030315,0.4657534246575342,0.0168407330880745,0.0167966507241745
OF,GOLEM,RF,24,37,b2e53f58cc65415c,0.9263159418401836,0.4033606670466472,0.3668639053254438,0.0164536125244618,0.0050293542074364
OF,GOLEM,Logit,24,37,b2e53f58cc65415c,0.915984540894978,0.2496013598950047,0.3194444444444444,0.0192415939527552,0.0084959412243531
OF,GOLEM,FFMLP,24,37,b2e53f58cc65415c,0.8731752683269283,0.2325472471808292,0.3555555555555555,0.0196176109397427,0.0068587186760098
OF,GOLEM,LightGBM,25,38,eb121959e2431b20,0.9343386094042888,0.4672714065639068,0.4805194805194805,0.0165438985236856,0.0164158261706671
OF,GOLEM,XGBoost,25,38,eb121959e2431b20,0.9339586454465844,0.4549750278947947,0.4832214765100671,0.0160704318056182,0.0121145286332521
OF,GOLEM,RF,25,38,eb121959e2431b20,0.9242876580469128,0.4018935916331173,0.384180790960452,0.0164622119094213,0.0045015376013419
OF,GOLEM,Logit,25,38,eb121959e2431b20,0.9157384689985596,0.2487909655665485,0.3194444444444444,0.019266925972297,0.0084939710269522
OF,GOLEM,FFMLP,25,38,eb121959e2431b20,0.8882399345738252,0.2322485740599099,0.3561643835616438,0.0193578430713363,0.0067951163187985
OF,GOLEM,RF,26,39,0ffa48359963fc99,0.9299147433253,0.4098648694678828,0.4,0.0163832015655577,0.0045937936818563
OF,GOLEM,XGBoost,26,39,0ffa48359963fc99,0.9274377401915018,0.4522125345272593,0.4210526315789473,0.0161551929703184,0.0122545685141087
OF,GOLEM,LightGBM,26,39,0ffa48359963fc99,0.9270831071643107,0.4654280814644657,0.4805194805194805,0.0166818803642553,0.0168520200318648
OF,GOLEM,Logit,26,39,0ffa48359963fc99,0.915593720824196,0.243799382932372,0.3150684931506849,0.019315567441142,0.0082753089478803
OF,GOLEM,FFMLP,26,39,0ffa48359963fc99,0.8811219430994927,0.2606256748198888,0.3636363636363636,0.0191875001665719,0.0062890360277663
OF,NOTEARS,XGBoost,1,14,9560cd328a79aa95,0.9349537891453344,0.4523601318968185,0.4302325581395348,0.016243996497565,0.0108740158977394
OF,NOTEARS,RF,1,14,9560cd328a79aa95,0.927302038778036,0.4285613945384376,0.4137931034482758,0.0160865563321218,0.003686329326251
OF,NOTEARS,Logit,1,14,9560cd328a79aa95,0.9234137409441924,0.2571522248138446,0.2647058823529412,0.0189470773254064,0.0112147299092749
OF,NOTEARS,LightGBM,1,14,9560cd328a79aa95,0.9195453459843238,0.4382346120188729,0.48,0.0166533909336654,0.0163387451440515
OF,NOTEARS,FFMLP,1,14,9560cd328a79aa95,0.8794971448422607,0.2888654217627691,0.352,0.0195258816534239,0.0085117185187883
OF,NOTEARS,XGBoost,2,15,df52776712e79ece,0.934107012325307,0.4669039670323948,0.4431137724550898,0.0159500483115956,0.0112701436004301
OF,NOTEARS,LightGBM,2,15,df52776712e79ece,0.9287042867171836,0.4497121905297174,0.4881889763779528,0.0165346732055158,0.016373026040295
OF,NOTEARS,RF,2,15,df52776712e79ece,0.9257459959036266,0.4235254848174111,0.4,0.0161547777467151,0.0033346379647749
OF,NOTEARS,Logit,2,15,df52776712e79ece,0.9234354531703468,0.2561126235423923,0.2647058823529412,0.0189679964067416,0.0114050124156826
OF,NOTEARS,FFMLP,2,15,df52776712e79ece,0.8597354003372633,0.2192848864940129,0.2835820895522388,0.0200671283231137,0.0090156351537687
OF,NOTEARS,XGBoost,3,16,e4b9df0e4c07e44e,0.9418148526101716,0.4614375749592588,0.448087431693989,0.0159838493572769,0.0115431724889487
OF,NOTEARS,LightGBM,3,16,e4b9df0e4c07e44e,0.9320552069537024,0.456500686445666,0.496,0.0167270809352703,0.0168873442929539
OF,NOTEARS,RF,3,16,e4b9df0e4c07e44e,0.9277109523706132,0.4275045243772953,0.4105960264900662,0.0160434308079396,0.0036824154319261
OF,NOTEARS,Logit,3,16,e4b9df0e4c07e44e,0.9232617553611104,0.2610419248923192,0.2714285714285714,0.018973441205853,0.0115910685325945
OF,NOTEARS,FFMLP,3,16,e4b9df0e4c07e44e,0.8753501096467421,0.2390363001851879,0.3129251700680272,0.019752598950956,0.0088214523322736
OF,NOTEARS,XGBoost,4,17,62fc6394fc947ee6,0.9370924434215574,0.4705043455128023,0.4782608695652174,0.0159236527949858,0.0112775421305878
OF,NOTEARS,RF,4,17,62fc6394fc947ee6,0.9257315210861904,0.4259653135003104,0.4311377245508982,0.0160588213586804,0.0035443108750349
OF,NOTEARS,LightGBM,4,17,62fc6394fc947ee6,0.924825035644238,0.4504711335214578,0.4675324675324675,0.0166089890719878,0.0166255831547131
OF,NOTEARS,Logit,4,17,62fc6394fc947ee6,0.9239022660326696,0.2520869399219666,0.325,0.0194085577932719,0.0129298866688698
OF,NOTEARS,FFMLP,4,17,62fc6394fc947ee6,0.8913122145746937,0.2328569840350038,0.3468208092485549,0.0195309006249374,0.0080161847107514
OF,NOTEARS,XGBoost,5,18,6df54c24bbe946d8,0.939299853080603,0.4745737648276415,0.4782608695652174,0.0157939113423675,0.0118429514537556
OF,NOTEARS,LightGBM,5,18,6df54c24bbe946d8,0.9304231712877522,0.4721298187443401,0.4521739130434782,0.0163715772156732,0.0162695763483746
OF,NOTEARS,Logit,5,18,6df54c24bbe946d8,0.9253388916632288,0.2564198523103767,0.326797385620915,0.0195020204298627,0.0124365633743934
OF,NOTEARS,RF,5,18,6df54c24bbe946d8,0.9226628597896808,0.4247220957105385,0.4047619047619047,0.0161635336874475,0.003658932065977
OF,NOTEARS,FFMLP,5,18,6df54c24bbe946d8,0.8641067952030456,0.2076502549064534,0.3129251700680272,0.0204149073449966,0.0071866438865478
OF,NOTEARS,LightGBM,6,19,b26aa99ead957a05,0.938977788392644,0.4760849550122144,0.4220183486238532,0.0165035338563024,0.0156500103498719
OF,NOTEARS,XGBoost,6,19,b26aa99ead957a05,0.9385145942346802,0.4745856652379857,0.4387096774193548,0.0158339399689022,0.0103511498898094
OF,NOTEARS,Logit,6,19,b26aa99ead957a05,0.926019208082738,0.2583173846231266,0.3934426229508196,0.0193670186860623,0.0128142473148407
OF,NOTEARS,RF,6,19,b26aa99ead957a05,0.9214578312381037,0.4193888664136812,0.4203821656050955,0.0161670774391948,0.0037668437237908
OF,NOTEARS,FFMLP,6,19,b26aa99ead957a05,0.8836514174464974,0.2442714696528923,0.3333333333333333,0.0198457158461085,0.0098877765739746
OF,NOTEARS,XGBoost,7,20,93ff8693f4792ff5,0.9415832555311896,0.4856737137298213,0.4520547945205479,0.015738845927389,0.0114099701843985
OF,NOTEARS,LightGBM,7,20,93ff8693f4792ff5,0.9285197327948702,0.4626966967008949,0.4697986577181208,0.016683882834252,0.0162808281803701
OF,NOTEARS,Logit,7,20,93ff8693f4792ff5,0.9222702303667196,0.2459815374931635,0.3815028901734104,0.0196805115404842,0.0113103805432701
OF,NOTEARS,RF,7,20,93ff8693f4792ff5,0.9183294613196692,0.4089041392568967,0.391304347826087,0.0162950405367626,0.0042527257478333
OF,NOTEARS,FFMLP,7,20,93ff8693f4792ff5,0.8680837512936869,0.2211419006724179,0.3188405797101449,0.0198220451057881,0.0062614917874373
OF,NOTEARS,XGBoost,8,21,4f85bf76573e26bb,0.9428823703961032,0.4621490938193652,0.4551724137931034,0.0159636717105114,0.0110815394577862
OF,NOTEARS,LightGBM,8,21,4f85bf76573e26bb,0.9323917464590978,0.4512781863737342,0.4635761589403973,0.0167873356101118,0.0162350992312177
OF,NOTEARS,RF,8,21,4f85bf76573e26bb,0.9292217614405338,0.4097818129050602,0.4133333333333333,0.0162884473022085,0.0037707576181157
OF,NOTEARS,Logit,8,21,4f85bf76573e26bb,0.9179748282924782,0.2436601149540545,0.3354838709677419,0.0197129859037291,0.0083628491600247
OF,NOTEARS,FFMLP,8,21,4f85bf76573e26bb,0.8795586628163653,0.2150075672260906,0.2763636363636363,0.0196992732006054,0.009041445155081
OF,NOTEARS,XGBoost,9,22,64af8cc525f22486,0.941597730348626,0.4759296550651815,0.4558823529411764,0.0158843441747135,0.0112933870502595
OF,NOTEARS,LightGBM,9,22,64af8cc525f22486,0.9326486744685932,0.4528891648196123,0.4567901234567901,0.0166016799155975,0.0159144710250608
OF,NOTEARS,RF,9,22,64af8cc525f22486,0.9246911435829516,0.4101881418665061,0.3723404255319149,0.0163075851272015,0.0037618115739446
OF,NOTEARS,Logit,9,22,64af8cc525f22486,0.9162269940870372,0.2333863036843494,0.345679012345679,0.020266439857613,0.0083275184674411
OF,NOTEARS,FFMLP,9,22,64af8cc525f22486,0.8715179017304644,0.226234298750013,0.3037974683544304,0.0196904625441399,0.0079787130196033
OF,NOTEARS,XGBoost,10,23,fc8072d3cc22afa3,0.942831708535076,0.482272985842143,0.4615384615384615,0.015829554344766,0.0100480128594653
OF,NOTEARS,LightGBM,10,23,fc8072d3cc22afa3,0.9311396747508522,0.448597855574937,0.4444444444444444,0.0167810225161966,0.0164422045266682
OF,NOTEARS,RF,10,23,fc8072d3cc22afa3,0.9270849165164904,0.3950018904106452,0.3978494623655914,0.0164253407883701,0.0057126083310036
OF,NOTEARS,Logit,10,23,fc8072d3cc22afa3,0.9154562100585506,0.2334595243086132,0.3312883435582822,0.0201512639209118,0.008510255846421
OF,NOTEARS,FFMLP,10,23,fc8072d3cc22afa3,0.8796744613558561,0.2409656462915552,0.3127572016460905,0.0196152147631229,0.0071680505309844
OF,NOTEARS,XGBoost,11,24,8831926e7b6e25e7,0.9380514000767164,0.4597110162919863,0.4768211920529801,0.0160788662900513,0.0105059750905108
OF,NOTEARS,LightGBM,11,24,8831926e7b6e25e7,0.9351130121371344,0.4490491867616134,0.4697986577181208,0.0168960271410906,0.0165126804414705
OF,NOTEARS,RF,11,24,8831926e7b6e25e7,0.9288888406394974,0.4052485679981322,0.3953488372093023,0.0163925915571708,0.0032099524741403
OF,NOTEARS,Logit,11,24,8831926e7b6e25e7,0.9161184329562644,0.2291764962642815,0.3205128205128205,0.0199740911869654,0.0080010196693462
OF,NOTEARS,FFMLP,11,24,8831926e7b6e25e7,0.8781871738642697,0.2555296667856923,0.3451776649746192,0.0197270994375302,0.00794036776194
OF,NOTEARS,XGBoost,12,25,685b1d4ae6403ba1,0.940251572327044,0.4622045493545845,0.4567901234567901,0.0160387358460773,0.0106628494437962
OF,NOTEARS,LightGBM,12,25,685b1d4ae6403ba1,0.931013020098284,0.4478119400633348,0.4533333333333333,0.016868369159867,0.016682530277052
OF,NOTEARS,RF,12,25,685b1d4ae6403ba1,0.9229161690948172,0.4159476628445279,0.4049079754601227,0.0162926016214705,0.0049119373776908
OF,NOTEARS,Logit,12,25,685b1d4ae6403ba1,0.9157746560421508,0.226107900174108,0.3205128205128205,0.0200314049244384,0.008354801923714
OF,NOTEARS,FFMLP,12,25,685b1d4ae6403ba1,0.8747385486100556,0.2209132665915236,0.3070175438596491,0.0197650328789879,0.0091941522227103
OF,NOTEARS,XGBoost,13,26,529e8d71865a0488,0.9419342698540214,0.4626559089158755,0.4675324675324675,0.0160724052916165,0.0109705700132103
OF,NOTEARS,LightGBM,13,26,529e8d71865a0488,0.9347475229968664,0.4544710498647094,0.4320987654320987,0.0169167012032154,0.0170087707052601
OF,NOTEARS,RF,13,26,529e8d71865a0488,0.924792467305006,0.4020320123233784,0.410958904109589,0.0164984299692479,0.004672630696114
OF,NOTEARS,Logit,13,26,529e8d71865a0488,0.915315080588546,0.2260964706580581,0.3205128205128205,0.0199677506286355,0.0088019435911302
OF,NOTEARS,FFMLP,13,26,529e8d71865a0488,0.8826671298608246,0.2475252120104085,0.3723404255319149,0.019826319152608,0.0076383475067397
OF,NOTEARS,XGBoost,14,27,7e0c94f5c1f792ba,0.9366726737159028,0.4579091231489425,0.4583333333333333,0.0161791239543526,0.0121844304195816
OF,NOTEARS,LightGBM,14,27,7e0c94f5c1f792ba,0.9319032213706204,0.4396101839124908,0.4583333333333333,0.0168798341756638,0.0166101491276345
OF,NOTEARS,RF,14,27,7e0c94f5c1f792ba,0.9228691259381492,0.3936039247618731,0.4105960264900662,0.0164728767123287,0.0039083030472462
OF,NOTEARS,Logit,14,27,7e0c94f5c1f792ba,0.9162125192696008,0.2280852285832031,0.3164556962025316,0.0198535462625352,0.0085370864542091
OF,NOTEARS,FFMLP,14,27,7e0c94f5c1f792ba,0.8716879808353417,0.2092459406371638,0.3655913978494624,0.0197793910586552,0.0068868050127305
OF,NOTEARS,XGBoost,15,28,85ccbe34f3de248a,0.9376605800059348,0.4542521819246278,0.4736842105263157,0.0161365216981743,0.0107479070432781
OF,NOTEARS,RF,15,28,85ccbe34f3de248a,0.9347240014185322,0.3988523685091463,0.4,0.0164543684651942,0.003252446183953
OF,NOTEARS,LightGBM,15,28,85ccbe34f3de248a,0.9332602355052796,0.461069718709806,0.4342105263157895,0.0168180360111672,0.016844691266172
OF,NOTEARS,Logit,15,28,85ccbe34f3de248a,0.9165237278444824,0.2280709696295611,0.3164556962025316,0.0199102636209461,0.0088039751704938
OF,NOTEARS,FFMLP,15,28,85ccbe34f3de248a,0.8527404448111398,0.2181253629515276,0.2971887550200803,0.0201064332810448,0.0087857635955771
OF,NOTEARS,XGBoost,16,29,e3e00097974fbd14,0.9376424864841392,0.4600969518593768,0.4632768361581921,0.0161059565969431,0.0112927037581925
OF,NOTEARS,LightGBM,16,29,e3e00097974fbd14,0.9334230772014388,0.4585639871658476,0.4489795918367347,0.016767741819215,0.0169442151080424
OF,NOTEARS,RF,16,29,e3e00097974fbd14,0.929941883607993,0.3864480422558815,0.3875,0.0166790282359519,0.0040296337713167
OF,NOTEARS,Logit,16,29,e3e00097974fbd14,0.9153006057711096,0.2268733676614785,0.3184713375796178,0.019893229385954,0.0086013027075862
OF,NOTEARS,FFMLP,16,29,e3e00097974fbd14,0.8742681170433738,0.2086072026052624,0.351063829787234,0.0200857821898714,0.0061931747004289
OF,NOTEARS,XGBoost,17,30,a7a10ffece9c6377,0.9347619978143026,0.4536095311289787,0.4516129032258064,0.0162516978308923,0.0111704731116897
OF,NOTEARS,LightGBM,17,30,a7a10ffece9c6377,0.9332638542096388,0.4647730439236535,0.4210526315789473,0.0168109618863632,0.0166008699081622
OF,NOTEARS,RF,17,30,a7a10ffece9c6377,0.9270089237249496,0.3913634887668312,0.3803680981595092,0.0166695689124965,0.004300810735253
OF,NOTEARS,Logit,17,30,a7a10ffece9c6377,0.9139797786800414,0.2280616831175424,0.3205128205128205,0.0197493234095058,0.0076429738477933
OF,NOTEARS,FFMLP,17,30,a7a10ffece9c6377,0.8719485275491963,0.212270269498038,0.3333333333333333,0.0196515364600617,0.0080000373233096
OF,NOTEARS,RF,18,31,7046a0f90ac6c5fe,0.9332421419834842,0.3881274478783662,0.3875,0.0167591847917249,0.0040464076041375
OF,NOTEARS,LightGBM,18,31,7046a0f90ac6c5fe,0.933151674374507,0.4644126147366555,0.4689655172413793,0.0167325083403186,0.0167187752882703
OF,NOTEARS,XGBoost,18,31,7046a0f90ac6c5fe,0.931443645917016,0.4494960627334186,0.4415584415584415,0.0161673447793795,0.0113218056940444
OF,NOTEARS,Logit,18,31,7046a0f90ac6c5fe,0.912767512719746,0.223350546419689,0.3205128205128205,0.0199077802957466,0.0073508921929832
OF,NOTEARS,FFMLP,18,31,7046a0f90ac6c5fe,0.8593011558141723,0.2269575999745512,0.2878787878787879,0.0199729107577299,0.0082544207115737
OF,PC,XGBoost,1,14,721bb5b3791b65b8,0.9376497238928574,0.458589996308276,0.4204545454545454,0.0161361800722135,0.0099687353163819
OF,PC,RF,1,14,721bb5b3791b65b8,0.9285016392730746,0.4361131019230863,0.4477611940298507,0.0159501604696673,0.0047777467151244
OF,PC,Logit,1,14,721bb5b3791b65b8,0.9243618414862742,0.2591208884111541,0.2753623188405797,0.0188820708065247,0.0118561204848795
OF,PC,LightGBM,1,14,721bb5b3791b65b8,0.922288323888515,0.4531199701591147,0.4477611940298507,0.0167667990372081,0.0163931319485381
OF,PC,FFMLP,1,14,721bb5b3791b65b8,0.8754912391167466,0.2630600793529851,0.3625730994152046,0.0195992014465653,0.0073307847334939
OF,PC,XGBoost,2,15,fc59b09fb5ee3839,0.937436220335671,0.4706221447701582,0.4680851063829787,0.0159390445116264,0.0114293996385786
OF,PC,LightGBM,2,15,fc59b09fb5ee3839,0.9277959919230518,0.4475024028763625,0.4923076923076923,0.0165032941909864,0.0152571999337137
OF,PC,Logit,2,15,fc59b09fb5ee3839,0.9234354531703468,0.254911519956031,0.2666666666666666,0.0189923507440553,0.0104794674186457
OF,PC,RF,2,15,fc59b09fb5ee3839,0.9125630559234572,0.4270405824631575,0.4142857142857143,0.0160543259714844,0.0041269220016773
OF,PC,FFMLP,2,15,fc59b09fb5ee3839,0.8606111267921635,0.2410788367063291,0.3262411347517731,0.0198493669021311,0.0080818784318245
OF,PC,XGBoost,3,16,0d11386dd824b4c1,0.9342155734560798,0.4498703450767093,0.4186046511627907,0.0163069965567806,0.011896076608269
OF,PC,LightGBM,3,16,0d11386dd824b4c1,0.929344797388743,0.4420466703338404,0.4624277456647399,0.0165573851421675,0.016265145210321
OF,PC,Logit,3,16,0d11386dd824b4c1,0.923279848882906,0.2552421756920873,0.2647058823529412,0.0189737697562683,0.0112432797816101
OF,PC,RF,3,16,0d11386dd824b4c1,0.918707615925194,0.4383689150995459,0.4027777777777778,0.0159767570589879,0.0050517193178641
OF,PC,FFMLP,3,16,0d11386dd824b4c1,0.8725094267248554,0.2396351240781616,0.2903225806451613,0.019772442512885,0.0101572816193245
OF,PC,XGBoost,4,17,285c77ccbcb26f76,0.9360828249053708,0.4732357597957139,0.4459459459459459,0.0159598455174199,0.010730082140535
OF,PC,LightGBM,4,17,285c77ccbcb26f76,0.929822466364143,0.4276592861138832,0.4470588235294118,0.0165947907162447,0.0159111202959649
OF,PC,Logit,4,17,285c77ccbcb26f76,0.9236996185885604,0.2552756721932695,0.3396226415094339,0.0191570980457086,0.0126301791545534
OF,PC,RF,4,17,285c77ccbcb26f76,0.915944735147028,0.4305589097873277,0.4172661870503597,0.0160308604976237,0.0035353648308638
OF,PC,FFMLP,4,17,285c77ccbcb26f76,0.892832070405512,0.2344435539061245,0.3466666666666667,0.019498540967253,0.0073782676437217
OF,PC,XGBoost,5,18,3b96f3c5e78883cd,0.940284140666276,0.4639089284131805,0.4776119402985074,0.0159255504434658,0.0107047329021491
OF,PC,LightGBM,5,18,3b96f3c5e78883cd,0.9316607681785614,0.4476348263559056,0.4705882352941176,0.0162726313931119,0.0165672525734293
OF,PC,Logit,5,18,3b96f3c5e78883cd,0.9217093311910604,0.2582996714140035,0.3225806451612903,0.0191710801388847,0.0124987142893531
OF,PC,RF,5,18,3b96f3c5e78883cd,0.9186479073032692,0.4362176481979206,0.4202898550724637,0.0160416035784176,0.0044417109309477
OF,PC,FFMLP,5,18,3b96f3c5e78883cd,0.854336293433499,0.2071279058810017,0.2781456953642384,0.0201085925527888,0.0076410558625643
OF,PC,XGBoost,6,19,bcb0b960f2d60d8e,0.9389741696882848,0.467558820102956,0.4661654135338345,0.0160255843634387,0.0111567003868295
OF,PC,LightGBM,6,19,bcb0b960f2d60d8e,0.9375266879446482,0.4618135642496457,0.4697986577181208,0.0163693700740635,0.01558193349376
OF,PC,Logit,6,19,bcb0b960f2d60d8e,0.9219915901310692,0.2631644404266237,0.3850267379679144,0.019440315953693,0.0123268527886459
OF,PC,RF,6,19,bcb0b960f2d60d8e,0.9201008171034444,0.4337401850813839,0.4172661870503597,0.0160589275929549,0.003979871400615
OF,PC,FFMLP,6,19,bcb0b960f2d60d8e,0.8826779859739019,0.2745564865443016,0.3466666666666667,0.019718726456988,0.0091529924538104
OF,PC,XGBoost,7,20,fc2a48d3efdcf9d2,0.9413371836347714,0.4770255552215067,0.4888888888888889,0.0158044713526488,0.0118345063551271
OF,PC,LightGBM,7,20,fc2a48d3efdcf9d2,0.939853514847544,0.4627982717486886,0.449438202247191,0.016587524326915,0.0163415685772147
OF,PC,RF,7,20,fc2a48d3efdcf9d2,0.9266850496848108,0.4272405892904551,0.4081632653061224,0.0161169516354486,0.0038535085266983
OF,PC,Logit,7,20,fc2a48d3efdcf9d2,0.9208951227102647,0.2516752269578251,0.3820224719101123,0.0198290848101959,0.0132739398028746
OF,PC,FFMLP,7,20,fc2a48d3efdcf9d2,0.8692055496450052,0.2524358419128842,0.3583815028901734,0.0199055496174954,0.009493617101908
OF,PC,XGBoost,8,21,6c77d017e3138a39,0.9458678014923536,0.4800491205006383,0.4583333333333333,0.0157344311774155,0.0110077139256776
OF,PC,LightGBM,8,21,6c77d017e3138a39,0.9383843208777528,0.440764048114715,0.45,0.0169648540376939,0.0166724975940187
OF,PC,RF,8,21,6c77d017e3138a39,0.9272369020995722,0.4263692513997338,0.4335664335664335,0.0161525814928711,0.0052658652502096
OF,PC,Logit,8,21,6c77d017e3138a39,0.9170701522027052,0.256072459486745,0.3726708074534161,0.0197519536295993,0.0097564646594596
OF,PC,FFMLP,8,21,6c77d017e3138a39,0.8768663467732013,0.2464025913393637,0.3166666666666666,0.0197485647693032,0.0097555162328867
OF,PC,XGBoost,9,22,0f710de7b3c7092d,0.941803996497094,0.4670956034570749,0.4415584415584415,0.01589233334754,0.0115015909092921
OF,PC,LightGBM,9,22,0f710de7b3c7092d,0.9388438963313576,0.4411936053396408,0.4578313253012048,0.0167563516423193,0.0161193254011417
OF,PC,RF,9,22,0f710de7b3c7092d,0.932697526977441,0.4219515410377101,0.4217687074829932,0.0161570914173888,0.0046547386077718
OF,PC,Logit,9,22,0f710de7b3c7092d,0.9159664473731826,0.232947895093047,0.3393939393939394,0.0199521635628366,0.0076846584923971
OF,PC,FFMLP,9,22,0f710de7b3c7092d,0.8797215045125244,0.2399919143163285,0.325,0.0195596334294306,0.0069180730303818
OF,PC,XGBoost,10,23,9710632908b0d396,0.9423287086291624,0.4762643773503591,0.4895104895104895,0.0156784154416193,0.0099964538822926
OF,PC,LightGBM,10,23,9710632908b0d396,0.9334918325842616,0.4575357817654845,0.4512195121951219,0.0164962571223189,0.0164428212481851
OF,PC,RF,10,23,9710632908b0d396,0.9304086964703158,0.4042514133036787,0.3947368421052631,0.016353939055074,0.0043455409561084
OF,PC,Logit,10,23,9710632908b0d396,0.915752943815996,0.2346257714103982,0.3157894736842105,0.0199356739814698,0.0077073248038275
OF,PC,FFMLP,10,23,9710632908b0d396,0.8816575113446381,0.246748588778053,0.3220338983050847,0.0194550918300238,0.0073379036377587
OF,PC,XGBoost,11,24,20cc5c9a42ed1752,0.9420211187586396,0.4798220348826055,0.4804469273743016,0.0158147037261616,0.0105338074038571
OF,PC,LightGBM,11,24,20cc5c9a42ed1752,0.936090062314089,0.4570310440175957,0.4596273291925465,0.0165955644713653,0.0166984636440029
OF,PC,RF,11,24,20cc5c9a42ed1752,0.9210832953369376,0.4111842770355635,0.3805309734513274,0.0163195336874475,0.0032915851272015
OF,PC,Logit,11,24,20cc5c9a42ed1752,0.9163898357831962,0.2375549732215556,0.3246753246753247,0.0196476100112116,0.0084469112247894
OF,PC,FFMLP,11,24,20cc5c9a42ed1752,0.8762764979626694,0.2639712762958865,0.384180790960452,0.0193711877786494,0.0069512036265292
OF,PC,XGBoost,12,25,0857a78345413e0e,0.9428063776045624,0.4695986861405636,0.4776119402985074,0.0158822347235458,0.010907016318645
OF,PC,LightGBM,12,25,0857a78345413e0e,0.9369513139515528,0.4684824098725641,0.45,0.0162629367511603,0.0157304126550366
OF,PC,RF,12,25,0857a78345413e0e,0.9265240173408312,0.4055202800097639,0.4054054054054054,0.0164108403690243,0.0051305563321218
OF,PC,Logit,12,25,0857a78345413e0e,0.9162089005652416,0.2401347827427621,0.3311258278145695,0.0196264955729517,0.0078293660563714
OF,PC,FFMLP,12,25,0857a78345413e0e,0.8816140868923291,0.2418699562570929,0.3318385650224215,0.0196909121400228,0.0090760861327915
OF,PC,XGBoost,13,26,463c4174acb2abb3,0.9382468101121076,0.4753246586533999,0.4657534246575342,0.0158554276496103,0.0111892989866314
OF,PC,LightGBM,13,26,463c4174acb2abb3,0.932319372371916,0.4676740789034567,0.4596273291925465,0.0165303609423684,0.0159952797095658
OF,PC,RF,13,26,463c4174acb2abb3,0.9263231792489016,0.4114607849827095,0.4074074074074074,0.0163072809616997,0.0031792004473022
OF,PC,Logit,13,26,463c4174acb2abb3,0.9154562100585508,0.2398613841209596,0.3421052631578947,0.0196868478178331,0.0073995172056697
OF,PC,FFMLP,13,26,463c4174acb2abb3,0.8812051732997518,0.2376075207782578,0.3271028037383177,0.0198693309478667,0.0090714883596134
OF,PC,XGBoost,14,27,5046c221cf89c9d1,0.9383951769908302,0.4766369966349705,0.4408602150537634,0.0157338750851866,0.0099327221434945
OF,PC,LightGBM,14,27,5046c221cf89c9d1,0.9315196387085568,0.4699168469410826,0.4810126582278481,0.0168506407006053,0.016991882815561
OF,PC,RF,14,27,5046c221cf89c9d1,0.92668866838917,0.4003316899999974,0.3820224719101123,0.0165355985462678,0.0040106234274531
OF,PC,Logit,14,27,5046c221cf89c9d1,0.9153259367016232,0.2446958429492635,0.3421052631578947,0.019599527261985,0.0098410281394601
OF,PC,FFMLP,14,27,5046c221cf89c9d1,0.8767215985988377,0.264619681518148,0.32,0.0194067397246053,0.0073447847405075
OF,PC,XGBoost,15,28,e8553ac2e8a1b18f,0.9378125655890166,0.4743100362459336,0.4354838709677419,0.0160435687387718,0.0109414233078074
OF,PC,LightGBM,15,28,e8553ac2e8a1b18f,0.929659624667984,0.4723483626195292,0.4696969696969697,0.0165868471595575,0.0162935156390678
OF,PC,RF,15,28,e8553ac2e8a1b18f,0.9263394634185176,0.3974212685061598,0.4054054054054054,0.0165925781381045,0.004224210232038
OF,PC,Logit,15,28,e8553ac2e8a1b18f,0.9170556773852688,0.2451524487795691,0.3262411347517731,0.0196510185317021,0.0103284328156078
OF,PC,FFMLP,15,28,e8553ac2e8a1b18f,0.8647292123528092,0.2588968214690425,0.2992125984251969,0.0199355932703466,0.0086035328118668
OF,PC,XGBoost,16,29,f58cd5bcf72e5cb2,0.941561543305035,0.4789509524976599,0.5034013605442177,0.0159008154931082,0.0109879364964346
OF,PC,RF,16,29,f58cd5bcf72e5cb2,0.9348271344927664,0.4002978661110864,0.3942307692307692,0.016538696114062,0.0031104277327369
OF,PC,LightGBM,16,29,f58cd5bcf72e5cb2,0.9317801854224114,0.4793659328662911,0.484472049689441,0.0164221003952345,0.0161773780812781
OF,PC,Logit,16,29,f58cd5bcf72e5cb2,0.9170810083157824,0.2465668271442172,0.3401360544217687,0.0196657292435428,0.0099357340721519
OF,PC,FFMLP,16,29,f58cd5bcf72e5cb2,0.8856018990960477,0.2378209983910889,0.310204081632653,0.0196266187356262,0.0076793066575094
OF,PC,XGBoost,17,30,4762f86d5d8bbacb,0.9362167169666572,0.4666681870947207,0.4776119402985074,0.0159320071331037,0.0104929337983334
OF,PC,RF,17,30,4762f86d5d8bbacb,0.9324550737853818,0.4048603779452301,0.4133333333333333,0.0164669600223651,0.0031506849315068
OF,PC,LightGBM,17,30,4762f86d5d8bbacb,0.9313206099688068,0.4607554254368213,0.5,0.0169022127859043,0.016667768361743
OF,PC,Logit,17,30,4762f86d5d8bbacb,0.9168385551237236,0.2440918163996528,0.3401360544217687,0.0196837987107056,0.0102972167952844
OF,PC,FFMLP,17,30,4762f86d5d8bbacb,0.87997843252202,0.2476970990280529,0.309623430962343,0.0195257953704459,0.0068810459664823
OF,PC,XGBoost,18,31,ef62e99782aa5a11,0.9363687025497393,0.4634858147813436,0.4683544303797468,0.016216319993808,0.0131112807744065
OF,PC,RF,18,31,ef62e99782aa5a11,0.9255306829942608,0.4003872850962443,0.410958904109589,0.0165148325412356,0.0053391109868604
OF,PC,LightGBM,18,31,ef62e99782aa5a11,0.9222231872100514,0.4608088683435409,0.4743589743589743,0.016893549971126,0.0166607044819367
OF,PC,Logit,18,31,ef62e99782aa5a11,0.9167878932626962,0.2450948276555848,0.3120567375886525,0.019704628712487,0.0100433146139166
OF,PC,FFMLP,18,31,ef62e99782aa5a11,0.8688183482785823,0.2375293036725651,0.2773722627737226,0.0198239751617317,0.0070456717515336
OF,PC,RF,19,32,176f018cb5c2c8cf,0.9420410216326148,0.4045398176964068,0.4025974025974026,0.0164491070729661,0.0039373776908023
OF,PC,XGBoost,19,32,176f018cb5c2c8cf,0.9335714440801616,0.4576233616366308,0.4497041420118343,0.0162200069773639,0.0117630511161688
OF,PC,LightGBM,19,32,176f018cb5c2c8cf,0.9273545099912428,0.4753077929010941,0.4878048780487805,0.0168183300083413,0.0166344547546624
OF,PC,Logit,19,32,176f018cb5c2c8cf,0.9171497636986052,0.2460704477020037,0.3120567375886525,0.0196732645321294,0.0099040859673417
OF,PC,FFMLP,19,32,176f018cb5c2c8cf,0.8833619210977702,0.2425713276257951,0.3457943925233644,0.019373940778875,0.006434415615491
OF,PC,XGBoost,20,33,d94ce2ce605d4851,0.9338971274724798,0.4640243189611494,0.4651162790697674,0.0159087962200316,0.0120640826373271
OF,PC,Logit,20,33,d94ce2ce605d4851,0.9173813607775873,0.25004320969205,0.2773722627737226,0.0196760313766483,0.010288886857487
OF,PC,RF,20,33,d94ce2ce605d4851,0.917099101837578,0.4232442338698487,0.4121212121212121,0.0161678031870282,0.0041464914733016
OF,PC,LightGBM,20,33,d94ce2ce605d4851,0.9148989295872506,0.4600867055872831,0.5109489051094891,0.0169518991079266,0.0165008359680383
OF,PC,FFMLP,20,33,d94ce2ce605d4851,0.8817552163623336,0.2392720996569964,0.2857142857142857,0.019521326161419,0.0055193252880246
OF,PC,XGBoost,21,34,2cd73d9141134774,0.931128818637775,0.4580407011954513,0.4900662251655629,0.0158931862990206,0.0104870749623164
OF,PC,RF,21,34,2cd73d9141134774,0.9307361892148136,0.4231245400302856,0.3870967741935484,0.0161353089180877,0.0048375733855185
OF,PC,Logit,21,34,2cd73d9141134774,0.91737050466451,0.2495679211293737,0.3401360544217687,0.0196854462756115,0.0098664501504557
OF,PC,LightGBM,21,34,2cd73d9141134774,0.9165273465488416,0.4620044900907526,0.496551724137931,0.0168888359608427,0.0164820479079252
OF,PC,FFMLP,21,34,2cd73d9141134774,0.8729870957002555,0.2434871224841323,0.3275862068965517,0.0196202606227224,0.005801458634761
OF,PC,RF,22,35,d3c7b2ea7e48d507,0.935234238733164,0.4208127333925285,0.389937106918239,0.0162258518311434,0.0043891529214425
OF,PC,XGBoost,22,35,d3c7b2ea7e48d507,0.931801897648566,0.4466018288210291,0.5063291139240507,0.0160593361997887,0.0106636931917163
OF,PC,Logit,22,35,d3c7b2ea7e48d507,0.9173777420732282,0.2503018646140692,0.3401360544217687,0.019649270924844,0.0096821766764145
OF,PC,LightGBM,22,35,d3c7b2ea7e48d507,0.9121885200222912,0.4605714909106466,0.5217391304347826,0.0168707145419668,0.0169242865022283
OF,PC,FFMLP,22,35,d3c7b2ea7e48d507,0.8719376714361191,0.2391294202681985,0.3097345132743362,0.0197550003203692,0.0076356388306672
OF,PC,RF,23,36,2088c05c8d8f760b,0.9349881668367458,0.4289179443014226,0.4217687074829932,0.0160566866088901,0.0042594352809617
OF,PC,XGBoost,23,36,2088c05c8d8f760b,0.9343675590391616,0.4630554870448373,0.4654088050314465,0.0158686984990325,0.0114189179285867
OF,PC,LightGBM,23,36,2088c05c8d8f760b,0.9189772093999464,0.472753880867725,0.5034965034965035,0.0168272227474799,0.0161812661488464
OF,PC,Logit,23,36,2088c05c8d8f760b,0.9173632672557916,0.2485796945965266,0.3401360544217687,0.0196640740471251,0.0093063230958925
OF,PC,FFMLP,23,36,2088c05c8d8f760b,0.882920439165961,0.2557805816375506,0.3333333333333333,0.0195950800109111,0.0075265468187528
OF,PC,XGBoost,24,37,56b4aac031f87554,0.9348850337625116,0.4640871078922224,0.4605263157894737,0.0159416098994847,0.01109470404313
OF,PC,RF,24,37,56b4aac031f87554,0.9302060490262066,0.4280549032344752,0.4024390243902439,0.0160789723231758,0.0035834498182834
OF,PC,LightGBM,24,37,56b4aac031f87554,0.9228962662208424,0.4703527923710949,0.4929577464788732,0.0166890965244106,0.016674664655677
OF,PC,Logit,24,37,56b4aac031f87554,0.917920547727092,0.249561338636391,0.3401360544217687,0.0196954035460977,0.0096395927344629
OF,PC,FFMLP,24,37,56b4aac031f87554,0.8756866491521377,0.2432822775573324,0.3482587064676617,0.019567672330552,0.0063951805182924
OFR,GES,XGBoost,5,5,,0.8609013468817623,0.1823220089678262,0.2449108087855983,0.0202439872284049,0.0103926473353157
OFR,GES,RF,5,5,,0.8528634807593489,0.2031446678530432,0.24997319468076,0.0195364859938495,0.0077080234833659
OFR,GES,LightGBM,5,5,,0.8382895108235446,0.1881160682574638,0.2334876461048955,0.0208769245622234,0.0192476631680981
OFR,GES,Logit,5,5,,0.7128391630660558,0.0683276457708415,0.1144695233711038,0.0212146676083646,0.0029864737608295
OFR,GES,FFMLP,5,5,,0.5904723132929487,0.031020020922152,0.0561158997466779,0.0298809146899437,0.0328351325924886
OFR,GES,XGBoost,10,10,,0.8957954274051719,0.2940789378055805,0.3277907324776988,0.0186742471577492,0.0120023649204121
OFR,GES,RF,10,10,,0.8870486570988122,0.2804963363778824,0.3061739858618809,0.0182550476935979,0.0054899636566955
OFR,GES,LightGBM,10,10,,0.8837715584312192,0.2758585157048434,0.3364054330534268,0.0201764781336643,0.0194527441082402
OFR,GES,Logit,10,10,,0.7809410078815382,0.0850847220080597,0.1208741427383059,0.0212903246527012,0.0047136722480122
OFR,GES,FFMLP,10,10,,0.6724772202560596,0.0798979009425436,0.1407272646562394,0.0281956160821035,0.0382438022845891
OFR,GES,XGBoost,20,20,,0.9139276693372704,0.3917050806856086,0.390990777729209,0.0170845411985477,0.0123300840410979
OFR,GES,RF,20,20,,0.9114256971433948,0.3637245461450414,0.3772049578047285,0.0170466495946323,0.0049035504612804
OFR,GES,LightGBM,20,20,,0.9076028978584508,0.3841992868701165,0.3942828712077312,0.0183225390337456,0.0181202782760056
OFR,GES,Logit,20,20,,0.8430799516541099,0.1333544623933695,0.2032146469285866,0.0208074786567151,0.0042469651535013
OFR,GES,FFMLP,20,20,,0.6102271822596638,0.0323396350678039,0.0605968378600639,0.0368954977651985,0.0681771825302807
OFR,GES,XGBoost,30,30,,0.9350717589074408,0.4191446005800688,0.4312717115509448,0.0166933433961455,0.0123554960137968
OFR,GES,RF,30,30,,0.9303507972005703,0.4134655830732407,0.4270774164768453,0.0161550624545708,0.0038149287112105
OFR,GES,LightGBM,30,30,,0.9211411946066832,0.4211714856421188,0.4465421057776154,0.017587544437391,0.0174685642435714
OFR,GES,Logit,30,30,,0.9036143619138602,0.2336418624650075,0.3190318318475307,0.0194745323015893,0.0085377026064514
OFR,GES,FFMLP,30,30,,0.6289033154569339,0.0477655723386716,0.0706188778440045,0.0368553589624005,0.0692063324568964
OFR,GES,XGBoost,40,40,,0.935663778940588,0.4555273508146187,0.4351149659836457,0.0163169148652298,0.0129861344713775
OFR,GES,LightGBM,40,40,,0.9288584435228808,0.4611191385571647,0.4568634346599495,0.0172235546504273,0.0171640404547514
OFR,GES,RF,40,40,,0.9270925157956448,0.4242697407089768,0.4098973335295249,0.0160402071009225,0.0039069611406206
OFR,GES,Logit,40,40,,0.8994376533425973,0.201352264088871,0.1972556466456005,0.0196534557956486,0.0081622920683916
OFR,GES,FFMLP,40,40,,0.6963671826939083,0.0454706023745147,0.0785112141507338,0.0318131675431901,0.0499851504109564
OFR,GES,XGBoost,ALL,68,,0.9405729132741314,0.4620417298210467,0.4388927445070109,0.016069736250947,0.0128061182742278
OFR,GES,LightGBM,ALL,68,,0.9342647878353636,0.4698030050371536,0.4725807267278775,0.016851149148644,0.0168905396430203
OFR,GES,RF,ALL,68,,0.931025323693105,0.4302868678621696,0.4309463948036232,0.0159619113223371,0.0047141179759575
OFR,GES,Logit,ALL,68,,0.883330800240282,0.1622677823706078,0.2342591234569662,0.0203505076472163,0.006761483392485
OFR,GES,FFMLP,ALL,68,,0.7684448979887241,0.0771518500917623,0.1282440818691513,0.0255573221296407,0.0287914739661585
OFR,GOLEM,XGBoost,5,5,,0.8229085698156633,0.1321374554752734,0.1933805549158961,0.0210327075148673,0.010915089846553
OFR,GOLEM,LightGBM,5,5,,0.809258093232299,0.1214623434945831,0.1830962716927962,0.0221897833876691,0.0202781617674332
OFR,GOLEM,RF,5,5,,0.7896074429511257,0.1276393780412855,0.193944029871876,0.0207873842885099,0.0093647190383002
OFR,GOLEM,FFMLP,5,5,,0.722527158376215,0.0645885844554888,0.1059767054189392,0.0212358817139635,0.0012928421500011
OFR,GOLEM,Logit,5,5,,0.7055279327789479,0.046677589098509,0.0893736950486785,0.021422036059639,0.0015319946001182
OFR,GOLEM,XGBoost,10,10,,0.8862026040196568,0.311064396577253,0.3554651493598862,0.0181982839476536,0.0115906007040884
OFR,GOLEM,LightGBM,10,10,,0.8758169225090648,0.2986982519132367,0.3312785317516246,0.0193756040095131,0.0187494856057547
OFR,GOLEM,RF,10,10,,0.8755657844265439,0.2916595548277946,0.3338065318358611,0.0182145880905786,0.0062155996645233
OFR,GOLEM,FFMLP,10,10,,0.7649387353352006,0.0825284045238826,0.1271487656067689,0.0210633830945885,0.0024100638036625
OFR,GOLEM,Logit,10,10,,0.760577110971188,0.0598060406266038,0.1068055337056713,0.0215955054559115,0.0024813160724394
OFR,GOLEM,XGBoost,20,20,,0.9170419263087044,0.4056091144154736,0.4114217278127052,0.0168619533763938,0.0108054800345964
OFR,GOLEM,LightGBM,20,20,,0.910003546330272,0.4005002798631064,0.4151591221930667,0.0182541191053011,0.0176808619908939
OFR,GOLEM,RF,20,20,,0.9055793183808468,0.3609973310789755,0.3862674261184521,0.0170267233994967,0.0045538719597428
OFR,GOLEM,FFMLP,20,20,,0.830403630284213,0.1577119012654205,0.2403813846611157,0.0204451411259106,0.0070869347074339
OFR,GOLEM,Logit,20,20,,0.8241751163413451,0.1166230612172403,0.1873871544989816,0.021068207544836,0.0047626770918662
OFR,GOLEM,XGBoost,30,30,,0.9252672413169188,0.4400202065266261,0.447860377176278,0.0163055645196498,0.0120418779961926
OFR,GOLEM,LightGBM,30,30,,0.9190778093811292,0.4450570333472765,0.4478924752643884,0.0168959918646309,0.016792990408584
OFR,GOLEM,RF,30,30,,0.9159139761599756,0.3999213249173756,0.3898038284230816,0.0165889979312272,0.0054938775510204
OFR,GOLEM,Logit,30,30,,0.8973170925881696,0.2175611466544376,0.3214352783902531,0.0199101117574416,0.0079540383989151
OFR,GOLEM,FFMLP,30,30,,0.8747624320588256,0.2445915244491872,0.3394415338174442,0.0194652716060072,0.006983605010952
OFR,GOLEM,XGBoost,40,39,,0.930730037417403,0.4526639966822283,0.4725266106442577,0.0160982394634781,0.0118794823113958
OFR,GOLEM,LightGBM,40,39,,0.9300410361074322,0.4719105156336242,0.4728301225713112,0.0165218641130395,0.0163820875853083
OFR,GOLEM,RF,40,39,,0.9241971904379356,0.4121601902009228,0.3875571629061858,0.016381902599944,0.0046447861336315
OFR,GOLEM,Logit,40,39,,0.9157507725933808,0.2438404671893001,0.3194628050792434,0.0193068638945956,0.0084314431476512
OFR,GOLEM,FFMLP,40,39,,0.8881024238081798,0.2682200408236245,0.3623602418985004,0.0192708276259214,0.0072319388009976
OFR,GOLEM,XGBoost,ALL,39,,0.930730037417403,0.4526639966822283,0.4725266106442577,0.0160982394634781,0.0118794823113958
OFR,GOLEM,LightGBM,ALL,39,,0.9300410361074322,0.4719105156336242,0.4728301225713112,0.0165218641130395,0.0163820875853083
OFR,GOLEM,RF,ALL,39,,0.9241971904379356,0.4121601902009228,0.3875571629061858,0.016381902599944,0.0046447861336315
OFR,GOLEM,Logit,ALL,39,,0.9157507725933808,0.2438404671893001,0.3194628050792434,0.0193068638945956,0.0084314431476512
OFR,GOLEM,FFMLP,ALL,39,,0.8881024238081798,0.2682200408236245,0.3623602418985004,0.0192708276259214,0.0072319388009976
OFR,NOTEARS,XGBoost,5,5,,0.8322158774272459,0.1441981722728529,0.1895468330234135,0.0212248094669318,0.0119454063558448
OFR,NOTEARS,LightGBM,5,5,,0.8136562665103387,0.1315839663641092,0.1700151654432911,0.0224828506498163,0.021215138023529
OFR,NOTEARS,RF,5,5,,0.8136457722676973,0.13630245002968,0.1853968843003643,0.0206721558848196,0.009720212468549
OFR,NOTEARS,FFMLP,5,5,,0.7679136721888095,0.0925140255973504,0.1523503390213365,0.0208507546250386,0.0034942568912227
OFR,NOTEARS,Logit,5,5,,0.7194114539230375,0.0732286978279531,0.1261735113640057,0.0213086579573702,0.004170938780076
OFR,NOTEARS,XGBoost,10,10,,0.8589378378965196,0.2181579565506021,0.2717046028179751,0.0195877862205782,0.0113997657067067
OFR,NOTEARS,LightGBM,10,10,,0.8531992965238725,0.2189627174524488,0.2679381083868658,0.0205456430713601,0.0192928505339742
OFR,NOTEARS,RF,10,10,,0.842015690702101,0.1948065556726504,0.2449735671226119,0.0197916124126362,0.0074968968409281
OFR,NOTEARS,FFMLP,10,10,,0.7929102344196683,0.1109579706987267,0.1856230750940894,0.0208284123172583,0.0044548089044501
OFR,NOTEARS,Logit,10,10,,0.7492310253236931,0.0790658554456079,0.1333487137134872,0.0212286545697432,0.0039642323399274
OFR,NOTEARS,XGBoost,20,20,,0.9164607623886344,0.3918787463920757,0.3957545718204209,0.0169980780864791,0.0110725669654647
OFR,NOTEARS,RF,20,20,,0.9099731492136556,0.3508546656176345,0.3667400404851786,0.017258659658932,0.0043128878948839
OFR,NOTEARS,LightGBM,20,20,,0.9090590644925493,0.3876971623872235,0.4225004164669152,0.0180447260983295,0.0176789978685259
OFR,NOTEARS,Logit,20,20,,0.8793922024158469,0.1938332266641589,0.272594123440717,0.0201013973418657,0.0088855501534752
OFR,NOTEARS,FFMLP,20,20,,0.8569468267581476,0.2157735610933317,0.3099343671595306,0.0198917331337389,0.0076145111822968
OFR,NOTEARS,XGBoost,30,30,,0.928456767339022,0.4356669747735444,0.430088870964866,0.0164825997762787,0.012700216122649
OFR,NOTEARS,LightGBM,30,30,,0.9279530436922364,0.4412071429241169,0.4391189693027651,0.017092132724568,0.0167706162958111
OFR,NOTEARS,RF,30,30,,0.9191176151290792,0.3728381828971025,0.3729395827310438,0.01698316153201,0.0036972882303606
OFR,NOTEARS,Logit,30,30,,0.8889810452265671,0.1927397189977897,0.288082360890674,0.0203111728339431,0.0068416023020314
OFR,NOTEARS,FFMLP,30,30,,0.8692887798452642,0.2282767980711243,0.331350142391305,0.0196778162338797,0.0070460728005403
OFR,NOTEARS,XGBoost,40,31,,0.9325386658560768,0.4537726215947202,0.4433085448226113,0.0161976210973581,0.0123045656111206
OFR,NOTEARS,LightGBM,40,31,,0.9303522446823138,0.4579845791466635,0.4578907158199922,0.0169055188957674,0.0168433313009523
OFR,NOTEARS,RF,40,31,,0.926783478443378,0.3840865781231252,0.3891456865662505,0.0166881024322057,0.003865362035225
OFR,NOTEARS,Logit,40,31,,0.9125547329034313,0.2235757393333469,0.3169550562459673,0.0199073559225922,0.007418134203356
OFR,NOTEARS,FFMLP,40,31,,0.8664437544781466,0.2374798509129484,0.3262731567225949,0.019889957687529,0.0082238982486527
OFR,NOTEARS,XGBoost,ALL,31,,0.9325386658560768,0.4537726215947202,0.4433085448226113,0.0161976210973581,0.0123045656111206
OFR,NOTEARS,LightGBM,ALL,31,,0.9303522446823138,0.4579845791466635,0.4578907158199922,0.0169055187703849,0.0168433311858949
OFR,NOTEARS,RF,ALL,31,,0.926783478443378,0.3840865781231252,0.3891456865662505,0.0166881024322057,0.003865362035225
OFR,NOTEARS,Logit,ALL,31,,0.9125547329034313,0.2235757393333469,0.3169550562459673,0.0199073559225922,0.007418134203356
OFR,NOTEARS,FFMLP,ALL,31,,0.8664437544781466,0.2374798509129484,0.3262731567225949,0.019889957687529,0.0082238982486527
OFR,PC,XGBoost,5,5,,0.8491991807253332,0.1859689734832623,0.227488327368926,0.0201901325606375,0.0114394641548513
OFR,PC,RF,5,5,,0.8415184807231618,0.1950517915618528,0.2721506000330991,0.0196561997204361,0.0079775230640201
OFR,PC,LightGBM,5,5,,0.8386998718978657,0.1779240875112444,0.2368698959262689,0.0210803468548087,0.0193679164453682
OFR,PC,FFMLP,5,5,,0.731518914967685,0.0671119205448476,0.1171272695395873,0.021282127374698,0.001875717995643
OFR,PC,Logit,5,5,,0.6987616793683189,0.0444486812177873,0.0802490709133687,0.0215148514428999,0.0017054474326293
OFR,PC,XGBoost,10,10,,0.90691389654848,0.3524863166966208,0.3872552242366698,0.0174896566947336,0.0108562308161573
OFR,PC,RF,10,10,,0.8978808867273163,0.3365397843292592,0.3524751814466952,0.0175461130556332,0.0050404249370981
OFR,PC,LightGBM,10,10,,0.8958008554617105,0.3493770518897127,0.4081583874258679,0.0189024466263696,0.0181494007928897
OFR,PC,FFMLP,10,10,,0.7791349125359156,0.1093973271958326,0.1816279573491141,0.020819450881716,0.0039070470046136
OFR,PC,Logit,10,10,,0.7515665371170506,0.0939538346105802,0.1342061292409191,0.0211659892493952,0.004182511839206
OFR,PC,XGBoost,20,20,,0.921145537051914,0.4305326495085202,0.4250663016459534,0.0163319370405773,0.0105459230585111
OFR,PC,LightGBM,20,20,,0.9159990157124144,0.4232722553087013,0.4440031182569739,0.0175523497472511,0.0173076986269289
OFR,PC,RF,20,20,,0.9081091545982876,0.3782451081552566,0.3814074294754047,0.0169014076600503,0.0050206318143695
OFR,PC,FFMLP,20,20,,0.828102134311831,0.1598328774628482,0.2410335321572053,0.0204877617466871,0.0078666496256442
OFR,PC,Logit,20,20,,0.8260597375715598,0.1194703698438346,0.1898417326812329,0.021133264881628,0.0053260622495745
OFR,PC,XGBoost,30,30,,0.9356500278640236,0.4570531851595539,0.4635451782756071,0.0160753723144231,0.011650429322674
OFR,PC,RF,30,30,,0.9315449696390704,0.4058063493346847,0.4057687512432012,0.0163598233156276,0.0048131954151523
OFR,PC,LightGBM,30,30,,0.9217129498954192,0.4596817280609954,0.4829123560317397,0.0170272846124761,0.0165367190681869
OFR,PC,Logit,30,30,,0.9169934356702928,0.2438666970365543,0.295888618344827,0.0200126067823,0.0097198122659386
OFR,PC,FFMLP,30,30,,0.8840451324807667,0.2559190429203783,0.3642124833497953,0.0196737635825934,0.0083925774679741
OFR,PC,XGBoost,40,37,,0.933720534699756,0.4646179536380323,0.4698227541983051,0.0159101789496954,0.011450430292645
OFR,PC,RF,40,37,,0.930913505728409,0.4274214847188329,0.3942018089432709,0.0160985198769918,0.0043293262510483
OFR,PC,LightGBM,40,37,,0.9220480419190712,0.4707399355480438,0.4903216292121469,0.0167130523770329,0.0165293857249412
OFR,PC,Logit,40,37,,0.9178112628554472,0.2504309760533144,0.3378378378378378,0.0196809083851975,0.0096218566466501
OFR,PC,FFMLP,40,37,,0.880873699980459,0.2575021338048591,0.3449530033904698,0.019665559765759,0.0071431924869911
OFR,PC,XGBoost,ALL,37,,0.933720534699756,0.4646179536380323,0.4698227541983051,0.0159101789496954,0.011450430292645
OFR,PC,RF,ALL,37,,0.930913505728409,0.4274214847188329,0.3942018089432709,0.0160985198769918,0.0043293262510483
OFR,PC,LightGBM,ALL,37,,0.9220480419190712,0.4707399355480438,0.4903216292121469,0.0167130523770329,0.0165293857249407
OFR,PC,Logit,ALL,37,,0.9178112628554472,0.2504309760533144,0.3378378378378378,0.0196809083851975,0.0096218566466501
OFR,PC,FFMLP,ALL,37,,0.880873699980459,0.2575021338048591,0.3449530033904698,0.019665559765759,0.0071431924869911
