SET,DAG,MODEL,K_EDGE,N_FEAT,FEATURE_KEY,AUROC,AUPRC,F1,Brier,ECE
O,GES,XGBoost,0,13,d142655db65fda0d,0.9375230692402892,0.450339126175833,0.4148936170212766,0.0162821875704335,0.0108621952748553
O,GES,Logit,0,13,d142655db65fda0d,0.9244957335475606,0.2553444590095533,0.2589928057553957,0.0189134076914027,0.0113688048014908
O,GES,LightGBM,0,13,d142655db65fda0d,0.9237032372929196,0.4538263234172769,0.4477611940298507,0.0167719742735991,0.0155227687095691
O,GES,RF,0,13,d142655db65fda0d,0.9200085401422876,0.439903871727626,0.4460431654676259,0.0159308045848476,0.0054268940452893
O,GES,FFMLP,0,13,d142655db65fda0d,0.8708013982673644,0.3033915809554852,0.3694267515923566,0.0197598383084843,0.0083113094744383
O,GOLEM,XGBoost,0,13,d142655db65fda0d,0.9375230692402892,0.450339126175833,0.4148936170212766,0.0162821875704335,0.0108621952748553
O,GOLEM,Logit,0,13,d142655db65fda0d,0.9244957335475606,0.2553444590095533,0.2589928057553957,0.0189134076914027,0.0113688048014908
O,GOLEM,LightGBM,0,13,d142655db65fda0d,0.9237032372929196,0.4538263234172769,0.4477611940298507,0.0167719742735991,0.0155227687095691
O,GOLEM,RF,0,13,d142655db65fda0d,0.9200085401422876,0.439903871727626,0.4460431654676259,0.0159308045848476,0.0054268940452893
O,GOLEM,FFMLP,0,13,d142655db65fda0d,0.8708013982673644,0.3033915809554852,0.3694267515923566,0.0197598383084843,0.0083113094744383
O,NOTEARS,XGBoost,0,13,d142655db65fda0d,0.9375230692402892,0.450339126175833,0.4148936170212766,0.0162821875704335,0.0108621952748553
O,NOTEARS,Logit,0,13,d142655db65fda0d,0.9244957335475606,0.2553444590095533,0.2589928057553957,0.0189134076914027,0.0113688048014908
O,NOTEARS,LightGBM,0,13,d142655db65fda0d,0.9237032372929196,0.4538263234172769,0.4477611940298507,0.0167719742735991,0.0155227687095691
O,NOTEARS,RF,0,13,d142655db65fda0d,0.9200085401422876,0.439903871727626,0.4460431654676259,0.0159308045848476,0.0054268940452893
O,NOTEARS,FFMLP,0,13,d142655db65fda0d,0.8708013982673644,0.3033915809554852,0.3694267515923566,0.0197598383084843,0.0083113094744383
O,PC,XGBoost,0,13,d142655db65fda0d,0.9375230692402892,0.450339126175833,0.4148936170212766,0.0162821875704335,0.0108621952748553
O,PC,Logit,0,13,d142655db65fda0d,0.9244957335475606,0.2553444590095533,0.2589928057553957,0.0189134076914027,0.0113688048014908
O,PC,LightGBM,0,13,d142655db65fda0d,0.9237032372929196,0.4538263234172769,0.4477611940298507,0.0167719742735991,0.0155227687095691
O,PC,RF,0,13,d142655db65fda0d,0.9200085401422876,0.439903871727626,0.4460431654676259,0.0159308045848476,0.0054268940452893
O,PC,FFMLP,0,13,d142655db65fda0d,0.8708013982673644,0.3033915809554852,0.3694267515923566,0.0197598383084843,0.0083113094744383
F,GES,XGBoost,1,1,1d7f152d06cd3fe6,0.5359970616120604,0.0254940940304241,0.0503833515881708,0.0218632773594238,0.0033599525327651
F,GES,LightGBM,1,1,1d7f152d06cd3fe6,0.5343849288200853,0.025357648109314,0.0108695652173913,0.022065405924793,0.0050426586890668
F,GES,RF,1,1,1d7f152d06cd3fe6,0.5051693191769618,0.0219150391940916,0.024390243902439,0.0326093542074364,0.041245177523064
F,GES,Logit,1,1,1d7f152d06cd3fe6,0.4570930224142548,0.0246702953592727,0.0432166301969365,0.0215954477712777,0.0005149900036986
F,GES,FFMLP,1,1,1d7f152d06cd3fe6,0.4509249408341837,0.0226721474094217,0.0432166301969365,0.0217196586105947,0.0094406017718583
F,GES,LightGBM,2,2,30131398d464a285,0.698339376569613,0.0501114306489601,0.1034482758620689,0.0258596758368897,0.0242463079471585
F,GES,XGBoost,2,2,30131398d464a285,0.680774185610584,0.051208470088186,0.0992063492063492,0.0217449477163723,0.0062214049799922
F,GES,RF,2,2,30131398d464a285,0.6214256247693076,0.0386985993611331,0.0779220779220779,0.0236338462398658,0.0232110707296617
F,GES,Logit,2,2,30131398d464a285,0.4250457766101425,0.0212283988446621,0.0432166301969365,0.0216323390935674,0.0008641883428225
F,GES,FFMLP,2,2,30131398d464a285,0.4192667057486737,0.0308201644981047,0.032258064516129,0.0217171233887742,0.0066447764747563
F,GES,XGBoost,3,3,641083e9ba937b22,0.7912423735805632,0.1035346160227821,0.1534772182254196,0.0213876359694622,0.0096247469478328
F,GES,LightGBM,3,3,641083e9ba937b22,0.7477346910712089,0.0606758955965113,0.1258741258741259,0.0244823812921612,0.022910704615962
F,GES,RF,3,3,641083e9ba937b22,0.732689927698287,0.0764101042343277,0.1351351351351351,0.0217118635728263,0.010727425216662
F,GES,Logit,3,3,641083e9ba937b22,0.4180146340404281,0.0204070119597483,0.0432166301969365,0.0216345104434982,0.0009091415304516
F,GES,FFMLP,3,3,641083e9ba937b22,0.3667701616113367,0.0170496418092926,0.0432166301969365,0.0217040209841194,0.0044291673521314
F,GES,XGBoost,4,4,db1c59c1705ef4da,0.8042660905689326,0.1004425414266318,0.1594827586206896,0.0217902215013578,0.0105050927913818
F,GES,LightGBM,4,4,db1c59c1705ef4da,0.7609610555036874,0.0852009050165334,0.1610738255033557,0.0228823212791946,0.020846727322168
F,GES,RF,4,4,db1c59c1705ef4da,0.7451093210586882,0.0726799905659677,0.1219512195121951,0.0218721375454291,0.0092351132233715
F,GES,Logit,4,4,db1c59c1705ef4da,0.5578775575193058,0.0257043422168044,0.0431372549019607,0.0216889944413179,0.0011481034494742
F,GES,FFMLP,4,4,db1c59c1705ef4da,0.5365272018006674,0.0233768219811154,0.0451708766716196,0.0216756204519317,0.00151324589071
F,GES,XGBoost,5,5,24f0eed1395e73aa,0.8885692366705026,0.1888966721374932,0.2980769230769231,0.0203404432943668,0.0104984041050322
F,GES,RF,5,5,24f0eed1395e73aa,0.8665439925888935,0.1768186039537832,0.3106796116504854,0.0199757472742521,0.0073502935420743
F,GES,LightGBM,5,5,24f0eed1395e73aa,0.8585050408551721,0.1833619630515058,0.2588235294117647,0.0212969214511883,0.0193282781708033
F,GES,FFMLP,5,5,24f0eed1395e73aa,0.5646011102184973,0.0274388293821414,0.0472972972972973,0.021601701443005,0.0019574793103039
F,GES,Logit,5,5,24f0eed1395e73aa,0.5640800167907882,0.0264972600515783,0.0431735351836276,0.0216949181704424,0.0011672862924353
F,GES,XGBoost,6,6,2e4c1cbfa6c0b287,0.8920504302639483,0.2043012207592773,0.272108843537415,0.0199270843936325,0.0096806523040965
F,GES,RF,6,6,2e4c1cbfa6c0b287,0.8736836962893806,0.2011911099393191,0.3410138248847926,0.0194592887894883,0.0055370422141459
F,GES,LightGBM,6,6,2e4c1cbfa6c0b287,0.8544665667904264,0.2053719282541537,0.3118279569892473,0.0206799115224627,0.0185848849874267
F,GES,Logit,6,6,2e4c1cbfa6c0b287,0.5600596362478378,0.0258854631092635,0.0439189189189189,0.0216867474976311,0.0012242586346245
F,GES,FFMLP,6,6,2e4c1cbfa6c0b287,0.5278169804083346,0.0253358651227193,0.0432166301969365,0.0216133274070605,0.0007663391278481
F,GES,XGBoost,7,7,858660aa06748f3c,0.9006122847775583,0.2303938360075185,0.2957746478873239,0.0194093648745688,0.0095671754135644
F,GES,RF,7,7,858660aa06748f3c,0.8745395198703056,0.2136433922807493,0.3131313131313131,0.0191886743080793,0.0047324573665082
F,GES,LightGBM,7,7,858660aa06748f3c,0.8662563055923458,0.2024226007895009,0.2672413793103448,0.0208028259561076,0.0182393948697633
F,GES,FFMLP,7,7,858660aa06748f3c,0.6805118295445498,0.0394955988934096,0.04632972322503,0.0216333064749469,0.0014858413774073
F,GES,Logit,7,7,858660aa06748f3c,0.5438116536755181,0.0238734286154795,0.0441176470588235,0.0219616378152159,0.0016268106037372
F,GES,XGBoost,8,8,ba0c7a252ab6e9d1,0.8948838757771168,0.225889950157313,0.3024390243902439,0.0195342462131967,0.0094115798188978
F,GES,RF,8,8,ba0c7a252ab6e9d1,0.8694480028370641,0.2028527594601619,0.3033175355450237,0.0193742823595191,0.0060967291025999
F,GES,LightGBM,8,8,ba0c7a252ab6e9d1,0.8627063566160772,0.2033101280891147,0.2803738317757009,0.0209962146534759,0.0188283606125678
F,GES,FFMLP,8,8,ba0c7a252ab6e9d1,0.7268855259063045,0.0514710941801626,0.044903988183161,0.0216186981468285,0.0019138936830285
F,GES,Logit,8,8,ba0c7a252ab6e9d1,0.5343197921416216,0.0229743683501015,0.0440802486578129,0.0220389695298941,0.0018041986601911
F,GES,XGBoost,9,9,be4561dddd0fd134,0.8932952645634756,0.2095216466343326,0.2955665024630542,0.0197905953519173,0.0102336261819018
F,GES,RF,9,9,be4561dddd0fd134,0.8815362847486085,0.209555523642626,0.3050847457627119,0.0195002985742242,0.00616941571149
F,GES,LightGBM,9,9,be4561dddd0fd134,0.8686989310347323,0.2069962559210156,0.3016759776536313,0.0209939096205746,0.0192346940979134
F,GES,FFMLP,9,9,be4561dddd0fd134,0.6563750714694112,0.0367120515686134,0.0462287104622871,0.0219229583392303,0.0029353904705791
F,GES,Logit,9,9,be4561dddd0fd134,0.5724247490428527,0.0267956543275837,0.0433048433048433,0.0222462195471874,0.0017371189529525
F,GES,XGBoost,10,10,9b1ea467e841a70f,0.8797775944300903,0.2484116282795572,0.2962962962962963,0.0199291093275969,0.0133450153225974
F,GES,RF,10,10,9b1ea467e841a70f,0.8710004270071144,0.2214097765777829,0.3163841807909605,0.0192906815767402,0.0081498462398658
F,GES,LightGBM,10,10,9b1ea467e841a70f,0.8554671385457151,0.2169847827396909,0.2898550724637681,0.0210413770061592,0.0197213070243453
F,GES,FFMLP,10,10,9b1ea467e841a70f,0.7178279088954991,0.0468069236195921,0.0710059171597633,0.0214193669527154,0.0018693693122793
F,GES,Logit,10,10,9b1ea467e841a70f,0.6364323917464592,0.0352742385700245,0.0439874321622393,0.0222636801801883,0.0023326305966371
F,GES,XGBoost,11,11,cb2c3a94bb9633b1,0.8881965101215161,0.2615072047319742,0.3508771929824561,0.0192581295207106,0.011723611088819
F,GES,RF,11,11,cb2c3a94bb9633b1,0.8850916617814157,0.2388071738063933,0.3184713375796178,0.0190238020687727,0.0076035784176684
F,GES,LightGBM,11,11,cb2c3a94bb9633b1,0.856869386484863,0.2372296322117647,0.3243243243243243,0.0213566403545039,0.0208740809779665
F,GES,FFMLP,11,11,cb2c3a94bb9633b1,0.7455869900340882,0.0596727713505241,0.1101694915254237,0.0214687919340201,0.0023561189456761
F,GES,Logit,11,11,cb2c3a94bb9633b1,0.6344927662099863,0.034911643118185,0.0433666191155492,0.0222344341795919,0.0023178494363328
F,GES,XGBoost,12,12,5c975e2ef0bb1afe,0.8886488481664025,0.2519872576016411,0.3389830508474576,0.0195476747449675,0.0129499198493425
F,GES,RF,12,12,5c975e2ef0bb1afe,0.8876681792850888,0.2590706855602162,0.3505154639175257,0.018663768521107,0.004944366787811
F,GES,LightGBM,12,12,5c975e2ef0bb1afe,0.8649173849794819,0.2335952168518495,0.3354037267080745,0.0209938071573591,0.0203527418387612
F,GES,FFMLP,12,12,5c975e2ef0bb1afe,0.7158122905674852,0.059980244827805,0.0615384615384615,0.0218484275027503,0.0017569395105557
F,GES,Logit,12,12,5c975e2ef0bb1afe,0.5984975139501054,0.0291277513161051,0.0514412416851441,0.0222107441609645,0.0020939224843141
F,GES,RF,13,13,4e6dc10ef0bd23f3,0.8938018831737485,0.2447748515314254,0.3391812865497076,0.0187826994688286,0.0059183673469387
F,GES,XGBoost,13,13,4e6dc10ef0bd23f3,0.8890830926894935,0.2498334067512417,0.3083700440528634,0.019517281493857,0.0124309989339277
F,GES,LightGBM,13,13,4e6dc10ef0bd23f3,0.8721077505409963,0.2397196579456252,0.3260869565217391,0.0212125980107791,0.0202539254106645
F,GES,FFMLP,13,13,4e6dc10ef0bd23f3,0.7288179140340592,0.0619342443005923,0.1285714285714285,0.0216302575211944,0.0028622018572735
F,GES,Logit,13,13,4e6dc10ef0bd23f3,0.599123549804228,0.0290485628919532,0.0510338759348878,0.0221950858033238,0.0019576179335355
F,GES,XGBoost,14,14,a1fec3a388e01181,0.888829783384357,0.2426673614417274,0.3171806167400881,0.0199048012756607,0.0123865250924402
F,GES,RF,14,14,a1fec3a388e01181,0.8815959933705336,0.231071295519687,0.3176470588235294,0.0189608800670953,0.0049466032988537
F,GES,LightGBM,14,14,a1fec3a388e01181,0.8742174551823466,0.2393933347519353,0.3353293413173652,0.0210520266937424,0.0212371096757993
F,GES,FFMLP,14,14,a1fec3a388e01181,0.7305838417612958,0.0596370247053007,0.1118012422360248,0.0220765179495629,0.0042318550941162
F,GES,Logit,14,14,a1fec3a388e01181,0.6080617495711835,0.0309722097092912,0.0534283170080142,0.0223041451286719,0.0028446312816212
F,GES,RF,15,15,cb5f525e0160d63e,0.9003445006549855,0.2436565510643986,0.3137254901960784,0.0187849728823036,0.0054090019569471
F,GES,XGBoost,15,15,cb5f525e0160d63e,0.8912959304050777,0.2454617478242365,0.3174603174603174,0.0197933149236154,0.0136587784860177
F,GES,LightGBM,15,15,cb5f525e0160d63e,0.8795514254076471,0.2377078511697541,0.3076923076923077,0.0213848598273319,0.0212594108402929
F,GES,FFMLP,15,15,cb5f525e0160d63e,0.7176469736775445,0.0608421302655279,0.0930232558139534,0.0215943131539654,0.0020851088812231
F,GES,Logit,15,15,cb5f525e0160d63e,0.6079025265793836,0.0308925335143046,0.0541019955654102,0.0223138743658043,0.0028305178904981
F,GES,RF,16,16,4e166a10ed1809fb,0.8983777348358194,0.249972091096808,0.3333333333333333,0.0187277372099524,0.0041146211909421
F,GES,XGBoost,16,16,4e166a10ed1809fb,0.8932337465893712,0.2594465280591595,0.3333333333333333,0.0192685251559089,0.0132040855834593
F,GES,LightGBM,16,16,4e166a10ed1809fb,0.8759182462311194,0.2509207158500483,0.3333333333333333,0.0213428279684329,0.0210731599372942
F,GES,FFMLP,16,16,4e166a10ed1809fb,0.7212910089671494,0.0659294239533778,0.0927152317880794,0.0214959492837697,0.0028039500563045
F,GES,Logit,16,16,4e166a10ed1809fb,0.6087854904430018,0.0309897895423924,0.0540780141843971,0.0223125577233678,0.0027870588335596
F,GES,RF,17,17,0d01880d0145c7ce,0.9074299237900862,0.28549532646441,0.3233532934131736,0.0182647145652781,0.0044568073804864
F,GES,XGBoost,17,17,0d01880d0145c7ce,0.8963132639989578,0.3083983581636136,0.3386243386243386,0.0188292096824108,0.0121871980806973
F,GES,LightGBM,17,17,0d01880d0145c7ce,0.8835898994723929,0.2747993373431389,0.3188405797101449,0.0207148555381871,0.0200368273106287
F,GES,FFMLP,17,17,0d01880d0145c7ce,0.7796643289836507,0.0972625169933939,0.1868131868131868,0.0213310757881311,0.0053007911431462
F,GES,Logit,17,17,0d01880d0145c7ce,0.7074168964543934,0.0534070365963622,0.1317647058823529,0.0226705764970423,0.0044074063221435
F,GES,XGBoost,18,18,b06e165c81b64287,0.9095794341793864,0.3624908397059081,0.3684210526315789,0.0174730372406837,0.0116014411321588
F,GES,RF,18,18,b06e165c81b64287,0.907511344638166,0.3414224394894078,0.3896103896103896,0.0172931842325971,0.004211350293542
F,GES,LightGBM,18,18,b06e165c81b64287,0.8877296972591934,0.3315982748107602,0.3952095808383233,0.0190974415784145,0.0184696747399992
F,GES,FFMLP,18,18,b06e165c81b64287,0.7796100484182644,0.0934613275306912,0.1383647798742138,0.021631178223774,0.0040799600200043
F,GES,Logit,18,18,b06e165c81b64287,0.7096134500003618,0.0547569361517267,0.1336515513126491,0.0226910621257478,0.0045641651606273
F,GES,RF,19,19,9caf7c85f2f7ef3f,0.9075113446381656,0.3341843681868827,0.3734939759036144,0.0173778227564998,0.0046429969247973
F,GES,XGBoost,19,19,9caf7c85f2f7ef3f,0.904762938677436,0.3450763469186795,0.4210526315789473,0.0178283775054984,0.0110234392270277
F,GES,LightGBM,19,19,9caf7c85f2f7ef3f,0.8744092465133784,0.3175891613026164,0.4047619047619047,0.0190948174561453,0.0183214923426103
F,GES,FFMLP,19,19,9caf7c85f2f7ef3f,0.7905783413306701,0.1092442645500603,0.2058823529411764,0.0213110120151005,0.0046873201894958
F,GES,Logit,19,19,9caf7c85f2f7ef3f,0.7144950821807762,0.0575598049718641,0.1300448430493273,0.0226367641911778,0.0044156120460684
F,GES,RF,20,20,35af8e8754ee8666,0.9121903293744708,0.3449279543377057,0.4,0.0172336035784176,0.0034106793402292
F,GES,XGBoost,20,20,35af8e8754ee8666,0.9063008880300496,0.347600958131849,0.4320987654320987,0.0177102127038158,0.0119703603517352
F,GES,LightGBM,20,20,35af8e8754ee8666,0.8808107345246108,0.3318006817808946,0.4150943396226415,0.0191436537159755,0.0187390685664947
F,GES,FFMLP,20,20,35af8e8754ee8666,0.7996938576112209,0.1095740207049652,0.1363636363636363,0.0214928152652088,0.005125175137255
F,GES,Logit,20,20,35af8e8754ee8666,0.7152260604613124,0.0573931179966478,0.1291759465478842,0.0226125761696666,0.0043337154550496
F,GES,RF,21,21,7c1e39fba7944cc6,0.91302986878578,0.3381679220885786,0.4047619047619047,0.0172732166620072,0.0026603298853788
F,GES,XGBoost,21,21,7c1e39fba7944cc6,0.904173089866904,0.3339398330373616,0.35,0.0179726833243235,0.013763470563497
F,GES,LightGBM,21,21,7c1e39fba7944cc6,0.8802353605315154,0.3261813173094515,0.4153846153846154,0.0189208714994177,0.0180850457601589
F,GES,FFMLP,21,21,7c1e39fba7944cc6,0.7873739786206947,0.1050474974416339,0.1212121212121212,0.0211770955134282,0.0058399907477056
F,GES,Logit,21,21,7c1e39fba7944cc6,0.7164672760564808,0.0577865708291311,0.1315192743764172,0.0226112882212076,0.0044346198750668
F,GES,RF,22,22,77e8f67bfe4e375c,0.9090565313994978,0.3410519756633181,0.3464566929133858,0.0172213542074364,0.0025719876991892
F,GES,XGBoost,22,22,77e8f67bfe4e375c,0.9007751264737174,0.3512632272445323,0.4171122994652406,0.0177775815662278,0.0120520269574906
F,GES,LightGBM,22,22,77e8f67bfe4e375c,0.8777999724978469,0.3283910211674608,0.3803680981595092,0.0187804385581084,0.0179890130819511
F,GES,FFMLP,22,22,77e8f67bfe4e375c,0.7976818579875661,0.1304743308298857,0.1592920353982301,0.0209098540914242,0.0047366004111752
F,GES,Logit,22,22,77e8f67bfe4e375c,0.7767078475222732,0.0928120664078335,0.075187969924812,0.0217582547399035,0.0031478712616575
F,GES,RF,23,23,7bcd600cbd74516f,0.9185284900594192,0.3533696809400924,0.425287356321839,0.0169890992451775,0.0021638244338831
F,GES,XGBoost,23,23,7bcd600cbd74516f,0.9123296494922958,0.3955146225577113,0.4275862068965517,0.0169596263156523,0.0116105674002356
F,GES,LightGBM,23,23,7bcd600cbd74516f,0.9006050473688401,0.3588248334906369,0.3949044585987261,0.0184098177399844,0.0185753269318573
F,GES,FFMLP,23,23,7bcd600cbd74516f,0.8051617198978078,0.1217593733059764,0.225,0.0211888031307266,0.0050774143572906
F,GES,Logit,23,23,7bcd600cbd74516f,0.776541387121755,0.0935921441162957,0.0763358778625954,0.0217034888779479,0.0029631249084553
F,GES,RF,24,24,341c39ce98947f83,0.91310948028168,0.3589937047807024,0.4155844155844156,0.017058511601901,0.0025988258317025
F,GES,XGBoost,24,24,341c39ce98947f83,0.9102416570771,0.4034565471949127,0.4816753926701571,0.0169679106097833,0.0122283939065175
F,GES,LightGBM,24,24,341c39ce98947f83,0.8954918181094441,0.368438925798762,0.4347826086956521,0.0184179782277752,0.0185646076447802
F,GES,FFMLP,24,24,341c39ce98947f83,0.7952681821800522,0.1106634517894578,0.1240310077519379,0.02109935247304,0.0047672679119264
F,GES,Logit,24,24,341c39ce98947f83,0.78225532130476,0.100021317868931,0.1518987341772152,0.0216699814108097,0.0031111344722613
F,GES,RF,25,25,866bdd57b4751fc2,0.9191961410136716,0.3770384519194492,0.4444444444444444,0.0167564786133631,0.0033732177802627
F,GES,XGBoost,25,25,866bdd57b4751fc2,0.9130280594336004,0.4241645848808633,0.4135021097046413,0.0165807569739336,0.0119877135552161
F,GES,LightGBM,25,25,866bdd57b4751fc2,0.8997365583226581,0.4073953910058309,0.4429530201342282,0.0174191555885165,0.0162176077708375
F,GES,FFMLP,25,25,866bdd57b4751fc2,0.8051508637847306,0.1225977313439653,0.2385964912280701,0.020877216221317,0.0061046015031204
F,GES,Logit,25,25,866bdd57b4751fc2,0.7830984794204283,0.100628751422377,0.1333333333333333,0.0217500990093105,0.0033481095949969
F,GES,XGBoost,26,26,14713403710efe90,0.9117108510468912,0.4343832790089434,0.4387096774193548,0.0167645148758374,0.0122135976147972
F,GES,RF,26,26,14713403710efe90,0.9088357904335932,0.3978003864975029,0.4020618556701031,0.0164147520268381,0.0041364271736091
F,GES,LightGBM,26,26,14713403710efe90,0.895249364917385,0.4250776804090934,0.4459459459459459,0.017650147415233,0.0176296875836948
F,GES,FFMLP,26,26,14713403710efe90,0.7945914844649022,0.1138823472730534,0.231578947368421,0.0210909687181081,0.0059364932629068
F,GES,Logit,26,26,14713403710efe90,0.7835942419176238,0.1014070442948653,0.1528662420382165,0.021712988152473,0.003146819689891
F,GES,RF,27,27,beddd8a3ebc3be11,0.9217726585173444,0.4041284221363678,0.4093567251461988,0.0163405501817165,0.0040050321498462
F,GES,XGBoost,27,27,beddd8a3ebc3be11,0.9140051096105548,0.4183503107283192,0.4383561643835616,0.0170294152132177,0.0121338972008193
F,GES,LightGBM,27,27,beddd8a3ebc3be11,0.8959694870848443,0.4224352161380535,0.4276729559748428,0.0176492304363105,0.0174922248518111
F,GES,FFMLP,27,27,beddd8a3ebc3be11,0.8166872932815132,0.1229516746325309,0.2402826855123674,0.0211371352265312,0.0058493554539539
F,GES,Logit,27,27,beddd8a3ebc3be11,0.7830622923768374,0.1010904091659123,0.1528662420382165,0.0217063860154501,0.0031456233723679
F,GES,XGBoost,28,28,05d6010847d32e20,0.915984540894978,0.4189334500549053,0.416243654822335,0.016620764948425,0.011915470964515
F,GES,RF,28,28,05d6010847d32e20,0.9108188404223752,0.4054576694551824,0.4161849710982659,0.0163496449538719,0.0028291864691081
F,GES,LightGBM,28,28,05d6010847d32e20,0.8930202430321847,0.4224408799627858,0.4415584415584415,0.0174861222517401,0.0177062429207177
F,GES,FFMLP,28,28,05d6010847d32e20,0.8098768916777038,0.1224532115885062,0.2212389380530973,0.0210858826207167,0.0048913849308891
F,GES,Logit,28,28,05d6010847d32e20,0.7841406662758466,0.1009791591291336,0.1383647798742138,0.0217019746415971,0.0031152471144378
F,GES,RF,29,29,9f0f888f10f41fdf,0.9203306048302464,0.4152012394449383,0.4074074074074074,0.0161760369024322,0.0052708974000559
F,GES,XGBoost,29,29,9f0f888f10f41fdf,0.9083092689493454,0.4274620715779308,0.4497041420118343,0.0164257859344669,0.0111090015128686
F,GES,LightGBM,29,29,9f0f888f10f41fdf,0.9010320544832128,0.4370500184387862,0.4545454545454545,0.0176209686775315,0.0178214176806144
F,GES,FFMLP,29,29,9f0f888f10f41fdf,0.8116319632918629,0.1206728321024176,0.1043478260869565,0.0207004403030532,0.0057285163850467
F,GES,Logit,29,29,9f0f888f10f41fdf,0.7879439245572515,0.1026103123473733,0.1401273885350318,0.0217941341961606,0.0033215761894215
F,GES,RF,30,30,36d753c174317c50,0.9166919975971805,0.4109697510072532,0.4429530201342282,0.0162841397819401,0.0062722952194576
F,GES,XGBoost,30,30,36d753c174317c50,0.9104370671124912,0.4219711786566037,0.4285714285714285,0.0165713476330423,0.0119932479370121
F,GES,LightGBM,30,30,36d753c174317c50,0.8923290704995983,0.4217210797612936,0.4503311258278146,0.0180867024738778,0.0185896773318455
F,GES,FFMLP,30,30,36d753c174317c50,0.8160612574273906,0.1274116160047824,0.2421875,0.0206693646806134,0.0052533125713663
F,GES,Logit,30,30,36d753c174317c50,0.7913853124027473,0.1064299438386257,0.1568627450980392,0.0216959051570869,0.0040790682191483
F,GES,XGBoost,31,31,e789f5df798a92eb,0.9116457143684276,0.424750595851432,0.416243654822335,0.016610802559986,0.011842574514157
F,GES,RF,31,31,e789f5df798a92eb,0.8987070369324968,0.4025010649216114,0.4,0.016319034945485,0.0048571428571428
F,GES,LightGBM,31,31,e789f5df798a92eb,0.896718558887176,0.4110947805204035,0.445859872611465,0.0179298582836203,0.0174858907251097
F,GES,FFMLP,31,31,e789f5df798a92eb,0.8232335294671096,0.128306094249633,0.2240663900414937,0.0210651638369591,0.0050512985686954
F,GES,Logit,31,31,e789f5df798a92eb,0.7905602478088745,0.1059411273262751,0.1324503311258278,0.0217863648224909,0.0038865179222182
F,GES,XGBoost,32,32,387bf067a5409fc4,0.9187058065730146,0.4345651066481772,0.4171122994652406,0.0164731396070175,0.0118887009429007
F,GES,RF,32,32,387bf067a5409fc4,0.9129719695160344,0.4034383752784305,0.4375,0.016270041934582,0.002966172770478
F,GES,LightGBM,32,32,387bf067a5409fc4,0.8994108749303399,0.4277955991038561,0.45,0.0178220756382784,0.0176959205532373
F,GES,FFMLP,32,32,387bf067a5409fc4,0.8149322216673542,0.124121176405679,0.2357414448669201,0.0208593446363932,0.0067148642530646
F,GES,Logit,32,32,387bf067a5409fc4,0.7908859312011927,0.1068192761725491,0.1447368421052631,0.0217673377425726,0.0042724828313524
F,GES,XGBoost,33,33,672d5d324cae4578,0.912933973120264,0.4218238904670666,0.430379746835443,0.0166738337251097,0.0124967176105794
F,GES,RF,33,33,672d5d324cae4578,0.9103665023774888,0.40666206594325,0.4104803493449782,0.0162949007548224,0.0034570869443667
F,GES,LightGBM,33,33,672d5d324cae4578,0.9031417591245632,0.4420458011630186,0.4545454545454545,0.0175881714786025,0.0176730292908321
F,GES,FFMLP,33,33,672d5d324cae4578,0.8189127964623546,0.1265510368425835,0.1016949152542373,0.0211129283816462,0.0063439572864228
F,GES,Logit,33,33,672d5d324cae4578,0.7922031395879019,0.1083382635933989,0.1419354838709677,0.0218982839795595,0.0047687270081818
F,GES,XGBoost,34,34,ac3d8519b7a6d5af,0.916777037149619,0.4245357587458468,0.4331210191082802,0.0164554424363326,0.0125305965101606
F,GES,RF,34,34,ac3d8519b7a6d5af,0.908055959644209,0.4102320434763675,0.4324324324324324,0.0161226592116298,0.0024165501817165
F,GES,LightGBM,34,34,ac3d8519b7a6d5af,0.9040428165099768,0.442173357847772,0.4736842105263157,0.0181239642534351,0.0185934996575879
F,GES,FFMLP,34,34,ac3d8519b7a6d5af,0.8137199557070587,0.1352490632783929,0.236734693877551,0.0207602294664089,0.0054948044014453
F,GES,Logit,34,34,ac3d8519b7a6d5af,0.7924311179625246,0.1089733197110411,0.1437908496732026,0.0218888058471399,0.0048843325274031
F,GES,RF,35,35,9045a6def39e2698,0.9205151587525602,0.407808956961179,0.4155844155844156,0.016184053676265,0.0042068772714565
F,GES,XGBoost,35,35,9045a6def39e2698,0.916979684593728,0.4204964429992795,0.4210526315789473,0.0166387433609631,0.0119622678474854
F,GES,LightGBM,35,35,9045a6def39e2698,0.8996026662613718,0.4358940181082137,0.4864864864864865,0.0178034488139892,0.018026498364824
F,GES,FFMLP,35,35,9045a6def39e2698,0.8108032799936311,0.1303881385204753,0.2231404958677686,0.020492737889331,0.0040685637326281
F,GES,Logit,35,35,9045a6def39e2698,0.7923840748058567,0.1093749802225573,0.1538461538461538,0.0218775990491867,0.0057812167532297
F,GES,XGBoost,36,36,078ebccc0ab765ee,0.9217853239826012,0.4355076539329794,0.4375,0.0164624257124493,0.0120223024494863
F,GES,RF,36,36,078ebccc0ab765ee,0.9209331191060351,0.4192954392166396,0.4295302013422818,0.0159479843444227,0.0034213027676824
F,GES,LightGBM,36,36,078ebccc0ab765ee,0.9033009821163632,0.4573878707931062,0.4805194805194805,0.0175349971618288,0.0172129690591929
F,GES,FFMLP,36,36,078ebccc0ab765ee,0.8056285327601306,0.1195377716750561,0.1311475409836065,0.0211178547483857,0.0069718470024702
F,GES,Logit,36,36,078ebccc0ab765ee,0.7923406503535474,0.1086106649064813,0.1419354838709677,0.021853108159102,0.0057465955877377
F,GES,XGBoost,37,37,96e16c2e3f756e2b,0.9170846270201416,0.4356711614684244,0.4131455399061033,0.0163656027031536,0.012700434674571
F,GES,RF,37,37,96e16c2e3f756e2b,0.9119985380434388,0.4253247406659511,0.4539007092198581,0.0159214939893765,0.0032518870561923
F,GES,LightGBM,37,37,96e16c2e3f756e2b,0.9071259526239226,0.4498084450478978,0.4262295081967213,0.0174135904212928,0.017276619171973
F,GES,FFMLP,37,37,96e16c2e3f756e2b,0.8265084569120872,0.1346343500954275,0.2459016393442623,0.0208032475192375,0.0058041317336342
F,GES,Logit,37,37,96e16c2e3f756e2b,0.7920801036396928,0.1085645411654397,0.1419354838709677,0.021871486996042,0.0056357885137863
F,GES,RF,38,38,43ecf595d3467e7d,0.9205549645005102,0.4110610657609585,0.4592592592592592,0.0160448185630416,0.0035499021526418
F,GES,XGBoost,38,38,43ecf595d3467e7d,0.9157022819549688,0.4139226886416318,0.4108108108108108,0.0167079264349622,0.0117883822783829
F,GES,LightGBM,38,38,43ecf595d3467e7d,0.9100534844504272,0.4528968216239608,0.4836601307189542,0.0173488212119256,0.0174485757412467
F,GES,FFMLP,38,38,43ecf595d3467e7d,0.8157428114437907,0.1475889193832702,0.25,0.0207560301176112,0.0052744168137284
F,GES,Logit,38,38,43ecf595d3467e7d,0.7928472689638202,0.1101934081601228,0.141025641025641,0.0218619805444465,0.0055893548828688
F,GES,XGBoost,39,39,5d8b064537b7d48a,0.9188179864081464,0.4178041923297767,0.4222222222222222,0.0167857224293292,0.0122134796383319
F,GES,RF,39,39,5d8b064537b7d48a,0.916956163015394,0.4159288264974456,0.4507042253521127,0.0159931037181996,0.0039424098406485
F,GES,LightGBM,39,39,5d8b064537b7d48a,0.9103212685730002,0.4472100181720021,0.4556962025316455,0.0177232920713978,0.0177144083390171
F,GES,FFMLP,39,39,5d8b064537b7d48a,0.8207004364157456,0.1398668928386008,0.2356902356902357,0.0208773592594836,0.0049688293347861
F,GES,Logit,39,39,5d8b064537b7d48a,0.7927893696940747,0.1091642224337,0.1428571428571428,0.0218538221155648,0.0056227154001782
F,GES,XGBoost,40,40,69d93f821d1c70dd,0.9206056263615376,0.4218516044051193,0.384180790960452,0.0165846331150555,0.0132507610065523
F,GES,RF,40,40,69d93f821d1c70dd,0.9189808281043056,0.4133721154702761,0.4705882352941176,0.0159986871680178,0.0036376852110707
F,GES,LightGBM,40,40,69d93f821d1c70dd,0.9075891467818862,0.454296270760588,0.4805194805194805,0.017600266312423,0.0175048558438229
F,GES,FFMLP,40,40,69d93f821d1c70dd,0.8169333651779317,0.1402776458645603,0.2377049180327868,0.020792976336443,0.0045752316444637
F,GES,Logit,40,40,69d93f821d1c70dd,0.7924962546409883,0.109328859503761,0.1419354838709677,0.0218744899525554,0.0057008032271863
F,GES,XGBoost,41,41,7e1492c8604b91c5,0.91900254033046,0.4133614358922674,0.4111111111111111,0.0167821678341741,0.0125291256779122
F,GES,RF,41,41,7e1492c8604b91c5,0.9166413357361528,0.4196987277876844,0.3981042654028436,0.0159356197931227,0.0042191780821917
F,GES,LightGBM,41,41,7e1492c8604b91c5,0.903384212316622,0.4453046356095271,0.4705882352941176,0.017546867347752,0.0174778784249893
F,GES,FFMLP,41,41,7e1492c8604b91c5,0.8275651185849419,0.1375905732757561,0.2248062015503876,0.0210141613675029,0.004949542659686
F,GES,Logit,41,41,7e1492c8604b91c5,0.7931041969733157,0.1095936223911006,0.1419354838709677,0.021871129514576,0.0057740383311029
F,GES,XGBoost,42,42,a4b74f278bdebf4d,0.9148048432739142,0.419094408005645,0.4245810055865922,0.0166482156588421,0.0127318074761012
F,GES,LightGBM,42,42,a4b74f278bdebf4d,0.9079618733308726,0.450714327210069,0.3818181818181818,0.01762909475598,0.0174461420499362
F,GES,RF,42,42,a4b74f278bdebf4d,0.9038455971224064,0.4187430498657317,0.4671532846715328,0.0159782309197651,0.004001677383282
F,GES,FFMLP,42,42,a4b74f278bdebf4d,0.8245543565581779,0.1318612768354994,0.24,0.0204593015305008,0.0043676858228913
F,GES,Logit,42,42,a4b74f278bdebf4d,0.7926373841109929,0.1090267533773848,0.1419354838709677,0.0218946108255318,0.0058060126348368
F,GES,XGBoost,43,43,da421af2135f129e,0.917920547727092,0.404295312853334,0.4022988505747126,0.0167878477292446,0.0118702123051486
F,GES,RF,43,43,da421af2135f129e,0.9152029007534144,0.4178006260064143,0.4740740740740741,0.015986432205759,0.0046636846519429
F,GES,LightGBM,43,43,da421af2135f129e,0.902700277192754,0.4552012131874534,0.3783783783783784,0.0175281034431461,0.0176583319094396
F,GES,FFMLP,43,43,da421af2135f129e,0.8215363571226959,0.1273869406045143,0.2177419354838709,0.0210162856930196,0.0062290562443312
F,GES,Logit,43,43,da421af2135f129e,0.7931259091994702,0.110358386103372,0.1447368421052631,0.0218935688330465,0.0050273888192987
F,GES,XGBoost,44,44,7926b6a00fd6f44c,0.9217889426869604,0.410198719482071,0.4155844155844156,0.0167596703178744,0.0124618078709306
F,GES,RF,44,44,7926b6a00fd6f44c,0.9131420486209118,0.4070501608853322,0.4387096774193548,0.0160976304165501,0.0039194856024601
F,GES,LightGBM,44,44,7926b6a00fd6f44c,0.911587815098682,0.4651377200519297,0.3859649122807017,0.0172461396565297,0.0174406981349136
F,GES,FFMLP,44,44,7926b6a00fd6f44c,0.8264288454161872,0.1414496514660346,0.2272727272727272,0.0208204313427131,0.0061068344264514
F,GES,Logit,44,44,7926b6a00fd6f44c,0.7925143481627838,0.1098526762026758,0.1428571428571428,0.0218785747532257,0.005324547079623
F,GES,XGBoost,45,45,e999401467400580,0.9207286623097468,0.4134630057543824,0.3959390862944162,0.0166801912527421,0.0122279387597762
F,GES,RF,45,45,e999401467400580,0.9194223100361149,0.4121109962308128,0.4625,0.0160016807380486,0.0042029633771316
F,GES,LightGBM,45,45,e999401467400580,0.9102525131901774,0.4628901046755517,0.4705882352941176,0.0174654216586339,0.0174071872971725
F,GES,FFMLP,45,45,e999401467400580,0.8175702571451318,0.1269589430505426,0.2338709677419354,0.0210563380959891,0.0047138705224773
F,GES,Logit,45,45,e999401467400580,0.7924021683276521,0.1097271641318754,0.1419354838709677,0.0218836294570675,0.0058882470485261
F,GES,RF,46,46,8acc836dae8b69c4,0.9243636508384538,0.4178171929249565,0.4444444444444444,0.0159690612244897,0.0033195415152362
F,GES,XGBoost,46,46,8acc836dae8b69c4,0.9189193101302008,0.4221930485823804,0.4232804232804232,0.0166510975292626,0.0126149520421958
F,GES,LightGBM,46,46,8acc836dae8b69c4,0.9057218953325952,0.462034892578854,0.4713375796178344,0.0173962898089673,0.0172500899646212
F,GES,FFMLP,46,46,8acc836dae8b69c4,0.820714911233182,0.1322344024222413,0.2316602316602316,0.0209399987889343,0.0052439017668637
F,GES,Logit,46,46,8acc836dae8b69c4,0.7925469165020156,0.1096885824987501,0.1428571428571428,0.0218820347088339,0.0054869001127995
F,GOLEM,XGBoost,1,1,5d44aec594d57af8,0.5675033111144885,0.0303401566559339,0.0477611940298507,0.0217173575304623,0.0027283964304241
F,GOLEM,LightGBM,1,1,5d44aec594d57af8,0.5568227051986305,0.0269920304122553,0.0399113082039911,0.0218993210048681,0.0035745612631619
F,GOLEM,RF,1,1,5d44aec594d57af8,0.5039624812732049,0.0216726611517248,0.0,0.0341066480290746,0.0427352530053117
F,GOLEM,Logit,1,1,5d44aec594d57af8,0.4218757915915785,0.0210496100421798,0.0432166301969365,0.0216102995770103,0.000780811125751
F,GOLEM,FFMLP,1,1,5d44aec594d57af8,0.4033661187948266,0.0177748746205172,0.0101522842639593,0.0216761645563304,0.0007702270207673
F,GOLEM,LightGBM,2,2,140b79aa06813104,0.7274229035036295,0.043862279193891,0.0912863070539419,0.0267496955593633,0.0265132314614505
F,GOLEM,XGBoost,2,2,140b79aa06813104,0.7064886987862866,0.0493640221992428,0.0876494023904382,0.0218763455281591,0.0089269186429177
F,GOLEM,RF,2,2,140b79aa06813104,0.680320038213518,0.0396593799042233,0.0904761904761904,0.0239240749231199,0.0219904948280682
F,GOLEM,Logit,2,2,140b79aa06813104,0.4260192080827381,0.0214898670964054,0.0432166301969365,0.0216310653135919,0.0008684049556623
F,GOLEM,FFMLP,2,2,140b79aa06813104,0.4217473275868307,0.0193115130700286,0.0432166301969365,0.0216449514865358,0.0039560934213667
F,GOLEM,XGBoost,3,3,5932bb55e9f26353,0.8014579759862779,0.0816675056930824,0.140495867768595,0.021605534048872,0.010737280820897
F,GOLEM,RF,3,3,5932bb55e9f26353,0.750275021531291,0.070703120374417,0.1285714285714285,0.0215144232597148,0.0097864131954151
F,GOLEM,LightGBM,3,3,5932bb55e9f26353,0.7480422809417316,0.0676770286710409,0.1208053691275167,0.0225166816723578,0.017724537351699
F,GOLEM,Logit,3,3,5932bb55e9f26353,0.4239456904849787,0.0205441975498013,0.0432521215439364,0.021636394220973,0.0009116733596394
F,GOLEM,FFMLP,3,3,5932bb55e9f26353,0.4075276288077817,0.018242385387945,0.043046357615894,0.0217344618848367,0.0065925013376017
F,GOLEM,XGBoost,4,4,fe6d7575b1d442f2,0.8353326674917313,0.1404150164301106,0.178988326848249,0.0209588330532032,0.010817056952676
F,GOLEM,LightGBM,4,4,fe6d7575b1d442f2,0.8147277648710656,0.1228527359791612,0.1904761904761904,0.0216912592109004,0.0186872227393061
F,GOLEM,RF,4,4,fe6d7575b1d442f2,0.8129310781567767,0.1266576433816768,0.15625,0.0207766508247134,0.0087134470226446
F,GOLEM,FFMLP,4,4,fe6d7575b1d442f2,0.4439860752256262,0.0181800965316757,0.0432166301969365,0.0216622593504717,0.0038034237956647
F,GOLEM,Logit,4,4,fe6d7575b1d442f2,0.4222629929580013,0.0207167628546442,0.0432639649507119,0.0216512326631192,0.0010031041206159
F,GOLEM,XGBoost,5,5,d91dafb8999ed110,0.8916885598280392,0.2017342991271055,0.2723404255319149,0.0203405589673213,0.0095629980908704
F,GOLEM,RF,5,5,d91dafb8999ed110,0.8733598222492419,0.2072768356757284,0.2442748091603053,0.0197006866088901,0.0083953033268101
F,GOLEM,LightGBM,5,5,d91dafb8999ed110,0.8586606451426131,0.1556907430035604,0.2068965517241379,0.0227720392297098,0.0210118570128135
F,GOLEM,FFMLP,5,5,d91dafb8999ed110,0.4664292796607102,0.0197853158817817,0.0435643564356435,0.0217025137481146,0.0070327846018343
F,GOLEM,Logit,5,5,d91dafb8999ed110,0.3577740625746358,0.0187927395486302,0.0433470507544581,0.0216663280289602,0.0010363009633189
F,GOLEM,XGBoost,6,6,b5a36bb5b1ae7ab4,0.9032159425639243,0.2782143541542752,0.3255813953488372,0.0186257669123897,0.0103733603735026
F,GOLEM,LightGBM,6,6,b5a36bb5b1ae7ab4,0.8905595240680027,0.256268272619276,0.3103448275862069,0.0196204875893261,0.0183945327043277
F,GOLEM,RF,6,6,b5a36bb5b1ae7ab4,0.8881965101215161,0.2809678884208388,0.3246073298429319,0.0183463461000838,0.0055767402851551
F,GOLEM,FFMLP,6,6,b5a36bb5b1ae7ab4,0.4221218634879967,0.0191790165288663,0.0446247464503042,0.0216791025301186,0.005993035590437
F,GOLEM,Logit,6,6,b5a36bb5b1ae7ab4,0.381335446656679,0.018232128366823,0.0434782608695652,0.0216907413602761,0.0011722122919997
F,GOLEM,XGBoost,7,7,6e8b26da04cb79b4,0.9033425972164928,0.2734046939866505,0.3173076923076923,0.0185388513567158,0.009376982023363
F,GOLEM,LightGBM,7,7,6e8b26da04cb79b4,0.8926402790744801,0.2495110393845435,0.3580246913580246,0.0200449705099344,0.0180882440474029
F,GOLEM,RF,7,7,6e8b26da04cb79b4,0.8859149170231091,0.2718698080669635,0.3463687150837989,0.0183541973720995,0.0032065977075761
F,GOLEM,FFMLP,7,7,6e8b26da04cb79b4,0.5540779179422599,0.023573169694829,0.0449775112443778,0.0216418578866401,0.0027040990987552
F,GOLEM,Logit,7,7,6e8b26da04cb79b4,0.3827177917218519,0.0184724114267028,0.0434662998624484,0.0216891974189979,0.0011625168154659
F,GOLEM,XGBoost,8,8,688de5612780ce0a,0.9060602441901702,0.2754122018247453,0.3170731707317073,0.0184987309416652,0.0090067469959348
F,GOLEM,LightGBM,8,8,688de5612780ce0a,0.8949453937512214,0.2407716057585621,0.3297872340425531,0.0202872071883477,0.0195622409803986
F,GOLEM,RF,8,8,688de5612780ce0a,0.8847605503325591,0.2517929201181377,0.351063829787234,0.0185251618674867,0.0062521666200726
F,GOLEM,FFMLP,8,8,688de5612780ce0a,0.6364939097205636,0.0383394185808072,0.0481927710843373,0.0215890990938838,0.002379519385326
F,GOLEM,Logit,8,8,688de5612780ce0a,0.5379276403876356,0.0231867731917857,0.0439684329199549,0.0217999330548214,0.001645390758532
F,GOLEM,XGBoost,9,9,0dab5d0cf7d47bc3,0.8969573933748761,0.323622642592323,0.3878787878787879,0.0180325856025165,0.0103042225377112
F,GOLEM,LightGBM,9,9,0dab5d0cf7d47bc3,0.888793596340766,0.2907183250231563,0.3612903225806451,0.0203913207197791,0.0196565625457296
F,GOLEM,RF,9,9,0dab5d0cf7d47bc3,0.8845506654797316,0.2728436645360324,0.351063829787234,0.0183266267822197,0.0045289348616158
F,GOLEM,FFMLP,9,9,0dab5d0cf7d47bc3,0.7270809359416954,0.0464414391419844,0.0927960927960928,0.0214478694746188,0.0033604490357485
F,GOLEM,Logit,9,9,0dab5d0cf7d47bc3,0.6105514181702384,0.0299392123495438,0.0441051738761662,0.0218379307003431,0.0020319209928891
F,GOLEM,XGBoost,10,10,7f59bd501c3dbaab,0.8999211122449717,0.3038042559304057,0.3243243243243243,0.0182131382646341,0.0099923575898699
F,GOLEM,LightGBM,10,10,7f59bd501c3dbaab,0.8953724008655941,0.2772471720790154,0.3409090909090909,0.0200993416522616,0.0189136910349142
F,GOLEM,RF,10,10,7f59bd501c3dbaab,0.8852056509687272,0.2635157371307373,0.3609756097560975,0.0183984713447022,0.0036740285155157
F,GOLEM,FFMLP,10,10,7f59bd501c3dbaab,0.7297479210543457,0.0555138904294629,0.0983606557377049,0.0215139843639145,0.0037124546956576
F,GOLEM,Logit,10,10,7f59bd501c3dbaab,0.5891757315210862,0.0271376584030231,0.0442427680090754,0.0218506503105398,0.0020677218191973
F,GOLEM,XGBoost,11,11,0511ae592ab833b7,0.9012998386057856,0.2965237573051674,0.3888888888888889,0.0182660251951341,0.0111521224829511
F,GOLEM,RF,11,11,0511ae592ab833b7,0.8940407176614484,0.2725527609297781,0.3715846994535519,0.0183164327648867,0.004862175006989
F,GOLEM,LightGBM,11,11,0511ae592ab833b7,0.8937910270606714,0.2835237878114288,0.3255813953488372,0.0203945961606653,0.019689961466676
F,GOLEM,FFMLP,11,11,0511ae592ab833b7,0.7347887762265599,0.0605507058333531,0.1104815864022662,0.0212998036158008,0.0036843821650065
F,GOLEM,Logit,11,11,0511ae592ab833b7,0.5832302002590992,0.0272005982455939,0.0498886414253897,0.02190958011796,0.0025342127793643
F,GOLEM,RF,12,12,96fce1d1ba2fa699,0.9008330257434628,0.2762059561209857,0.3378378378378378,0.0182370623427453,0.0034604417109309
F,GOLEM,XGBoost,12,12,96fce1d1ba2fa699,0.8919382504288165,0.3207488500546906,0.375,0.0179654264528517,0.0109673296318795
F,GOLEM,LightGBM,12,12,96fce1d1ba2fa699,0.8908128333731391,0.3159558966425895,0.4129032258064516,0.0197054620110513,0.0187315069751443
F,GOLEM,FFMLP,12,12,96fce1d1ba2fa699,0.7441648392209653,0.0664778741409566,0.10062893081761,0.0213218090839011,0.0036767704075429
F,GOLEM,Logit,12,12,96fce1d1ba2fa699,0.7037185805994023,0.0473945041349588,0.0827067669172932,0.0216849793474772,0.003367884778887
F,GOLEM,RF,13,13,da2acca4fb88b2aa,0.8957125590753486,0.2725845198724527,0.3515151515151515,0.0183133038859379,0.0045703103159071
F,GOLEM,XGBoost,13,13,da2acca4fb88b2aa,0.8922530777080573,0.3028658538461488,0.3516483516483517,0.0181965780262116,0.0124009053674176
F,GOLEM,LightGBM,13,13,da2acca4fb88b2aa,0.8909322506169891,0.3065956662143432,0.3357664233576642,0.0198252862899342,0.0186861151527812
F,GOLEM,FFMLP,13,13,da2acca4fb88b2aa,0.743915148620188,0.0683559439688672,0.0919540229885057,0.0214917946305258,0.0016599280719596
F,GOLEM,Logit,13,13,da2acca4fb88b2aa,0.7042505301401886,0.0490284393365232,0.0794223826714801,0.0221190433492395,0.0039199932977282
F,GOLEM,RF,14,14,40021117058bf5f8,0.9007190365561515,0.2686625893780116,0.3571428571428571,0.0183261403410679,0.0037478333799273
F,GOLEM,XGBoost,14,14,40021117058bf5f8,0.8873931577537979,0.320207720922863,0.3636363636363636,0.018003950857674,0.0117694940054797
F,GOLEM,LightGBM,14,14,40021117058bf5f8,0.880738360437429,0.3089344780753877,0.3825136612021858,0.0194336837007361,0.0184072370912499
F,GOLEM,FFMLP,14,14,40021117058bf5f8,0.7414508109516468,0.062077186116118,0.0909090909090909,0.0212595540140775,0.0013329547949433
F,GOLEM,Logit,14,14,40021117058bf5f8,0.7058898032148568,0.0489372936205707,0.12133072407045,0.022064879839391,0.003961667513707
F,GOLEM,RF,15,15,06292a569571a05e,0.8913646857879005,0.2704666699646832,0.3157894736842105,0.0182967212748112,0.004687168017892
F,GOLEM,LightGBM,15,15,06292a569571a05e,0.8857068415224614,0.3067529379683223,0.3798882681564245,0.0195113540169546,0.0188297010773583
F,GOLEM,XGBoost,15,15,06292a569571a05e,0.8825766622518473,0.3182739360355059,0.3624161073825503,0.0180258680998328,0.0111288078506689
F,GOLEM,FFMLP,15,15,06292a569571a05e,0.742684789138097,0.0644690272862856,0.1188811188811188,0.021246476468404,0.0027395027710725
F,GOLEM,Logit,15,15,06292a569571a05e,0.7070948317664344,0.0491732607576937,0.0855263157894736,0.022063698158075,0.0041733592298348
F,GOLEM,RF,16,16,b7b5c4109c72032c,0.8871796541966115,0.2612636573210348,0.3132530120481928,0.0185298741962538,0.0041755661168577
F,GOLEM,LightGBM,16,16,b7b5c4109c72032c,0.8844547698142157,0.3124461335437294,0.4,0.0195193578715605,0.0187941818513922
F,GOLEM,XGBoost,16,16,b7b5c4109c72032c,0.8842665971875431,0.2948438767457573,0.3534883720930232,0.0185475615930307,0.0121783219441367
F,GOLEM,FFMLP,16,16,b7b5c4109c72032c,0.7376149843310101,0.0643652842927045,0.0888888888888888,0.0211692594872586,0.0010640641295829
F,GOLEM,Logit,16,16,b7b5c4109c72032c,0.7079597021082571,0.0490018363175102,0.0794701986754966,0.0220454620386428,0.0042043233479871
F,GOLEM,RF,17,17,3a806dc9661ea3e8,0.8978602601124692,0.2605424920821962,0.3026315789473684,0.0185870226446743,0.0048124126362873
F,GOLEM,LightGBM,17,17,3a806dc9661ea3e8,0.8773621092703967,0.3352829050614986,0.4022988505747126,0.01877823708372,0.0175730383603498
F,GOLEM,XGBoost,17,17,3a806dc9661ea3e8,0.8772933538875741,0.312963523263046,0.37,0.0180302053730529,0.011769458953565
F,GOLEM,FFMLP,17,17,3a806dc9661ea3e8,0.752281593098407,0.0784051090939301,0.1438848920863309,0.0211350620830119,0.0036694809923566
F,GOLEM,Logit,17,17,3a806dc9661ea3e8,0.7105506944293666,0.0498992320702433,0.0794701986754966,0.0220089720321574,0.0040199396935191
F,GOLEM,RF,18,18,823207e695be1ff0,0.8875487620412388,0.2665428399244051,0.32,0.0184147922840369,0.0042079955269779
F,GOLEM,LightGBM,18,18,823207e695be1ff0,0.8824717198254338,0.3349641911759126,0.367816091954023,0.0188871397349825,0.0178920812306882
F,GOLEM,XGBoost,18,18,823207e695be1ff0,0.8785237133696652,0.3117073114681538,0.3444444444444444,0.0181825445540313,0.0126282667362609
F,GOLEM,FFMLP,18,18,823207e695be1ff0,0.7404484298441786,0.0649631027618162,0.1126760563380281,0.0211952326335951,0.0016267952457932
F,GOLEM,Logit,18,18,823207e695be1ff0,0.7112997662316984,0.0502699985183051,0.0805369127516778,0.0219983049491637,0.0039122756914256
F,GOLEM,RF,19,19,1d74dd8a956d56e1,0.8942397464011985,0.2659250630859855,0.323943661971831,0.0184199083030472,0.0032893486161587
F,GOLEM,LightGBM,19,19,1d74dd8a956d56e1,0.8798843462086835,0.3368190616976854,0.3720930232558139,0.0188347799056764,0.0179961292768995
F,GOLEM,XGBoost,19,19,1d74dd8a956d56e1,0.8781835551599104,0.3192753016729167,0.3604651162790697,0.0181288219344851,0.0119337624234171
F,GOLEM,FFMLP,19,19,1d74dd8a956d56e1,0.740900767889065,0.0636437659970727,0.0948616600790513,0.0212412002151139,0.0010058232639083
F,GOLEM,Logit,19,19,1d74dd8a956d56e1,0.7109885576568165,0.0504536828533649,0.0794701986754966,0.0220220717061212,0.0035175986108877
F,GOLEM,RF,20,20,1049748cd586d498,0.8828679679527542,0.2619468634973178,0.3178807947019867,0.018465544310875,0.0048314229801509
F,GOLEM,XGBoost,20,20,1049748cd586d498,0.8808794899074336,0.3221714513460249,0.3695652173913043,0.0178486151080749,0.0124330257138756
F,GOLEM,LightGBM,20,20,1049748cd586d498,0.8796418930166243,0.3205452466943983,0.3431952662721893,0.0192756476738618,0.0185760724810595
F,GOLEM,FFMLP,20,20,1049748cd586d498,0.7543478732874481,0.0747441464352977,0.0958904109589041,0.0211248870498497,0.0020181458731886
F,GOLEM,Logit,20,20,1049748cd586d498,0.7162791034298079,0.052207627591423,0.0849673202614379,0.0220381514603033,0.0032521676376405
F,GOLEM,RF,21,21,d9428be70001da5d,0.8927108438094824,0.2798236833770038,0.3265306122448979,0.0181850824713447,0.0029085826111266
F,GOLEM,XGBoost,21,21,d9428be70001da5d,0.8854173451737342,0.3343662694221554,0.3771428571428571,0.0177070961475293,0.0105740061419817
F,GOLEM,LightGBM,21,21,d9428be70001da5d,0.8824065831469701,0.3422293377508821,0.3875,0.0189387706640235,0.0183079952516577
F,GOLEM,FFMLP,21,21,d9428be70001da5d,0.7588531602145168,0.0733339804746324,0.1052631578947368,0.0214810559079997,0.0023196040115561
F,GOLEM,Logit,21,21,d9428be70001da5d,0.7331422657431733,0.0587118059972537,0.1282565130260521,0.0220430257141643,0.0037514011742578
F,GOLEM,RF,22,22,9147b30f4345a55a,0.9045168667810176,0.2735998674587018,0.3270440251572327,0.0182987520268381,0.0038507128878948
F,GOLEM,XGBoost,22,22,9147b30f4345a55a,0.8828335902613428,0.3194238120006216,0.3692307692307692,0.0181317411773852,0.0132816190122391
F,GOLEM,LightGBM,22,22,9147b30f4345a55a,0.8788530154663424,0.3416042593651414,0.3809523809523809,0.018876290536666,0.0183849284394542
F,GOLEM,FFMLP,22,22,9147b30f4345a55a,0.7557483118744165,0.0727241158158963,0.1333333333333333,0.0219056308976816,0.0047272370629864
F,GOLEM,Logit,22,22,9147b30f4345a55a,0.7338008699365279,0.0593267958077856,0.132,0.022096085143885,0.0038873489352403
F,GOLEM,RF,23,23,d48478f1798435b8,0.8996515187702194,0.3002546414924824,0.3646408839779005,0.0177770970086664,0.0031596309756779
F,GOLEM,XGBoost,23,23,d48478f1798435b8,0.8941999406532486,0.3362038825576718,0.3930635838150289,0.0177938336471694,0.0120230875497302
F,GOLEM,LightGBM,23,23,d48478f1798435b8,0.8900311932315753,0.3483772208336437,0.3851851851851852,0.0192001117027865,0.0191706649018292
F,GOLEM,FFMLP,23,23,d48478f1798435b8,0.7490718023318932,0.070898119594774,0.1529051987767584,0.021197739586317,0.0021419705443452
F,GOLEM,Logit,23,23,d48478f1798435b8,0.7364461428230238,0.06057440756762,0.1298174442190669,0.0220451891176102,0.0042023992902847
F,GOLEM,RF,24,24,6f2d862936d8ad71,0.896638947391276,0.3053955585945206,0.3646408839779005,0.0177694324853228,0.0023701425775789
F,GOLEM,XGBoost,24,24,6f2d862936d8ad71,0.8903785888500482,0.341099280173361,0.4102564102564102,0.0176593550777999,0.0117148558179196
F,GOLEM,LightGBM,24,24,6f2d862936d8ad71,0.8829711010269883,0.337835767369646,0.3884892086330935,0.0191004307649432,0.0185285142495977
F,GOLEM,FFMLP,24,24,6f2d862936d8ad71,0.7636515621946719,0.085115192885733,0.125,0.0216290176436473,0.003729434789106
F,GOLEM,Logit,24,24,6f2d862936d8ad71,0.7362615889007099,0.0606491805536001,0.1295546558704453,0.0220446787406783,0.004187498966484
F,GOLEM,RF,25,25,710761342f601788,0.9005453387469151,0.3269724373675504,0.4,0.01755516354487,0.0048694436678781
F,GOLEM,LightGBM,25,25,710761342f601788,0.8888334020887162,0.3542625541279021,0.4060150375939849,0.0188709341589802,0.0177066633100092
F,GOLEM,XGBoost,25,25,710761342f601788,0.8886958913230707,0.3583848079432251,0.4069767441860465,0.0173049282636772,0.0122253021919464
F,GOLEM,FFMLP,25,25,710761342f601788,0.7698684962835906,0.0874712911668527,0.1619433198380566,0.0211564657066511,0.0039035689074265
F,GOLEM,Logit,25,25,710761342f601788,0.7404411924354604,0.0628231289943493,0.1482965931863727,0.0219757709437842,0.0035119140089427
F,GOLEM,RF,26,26,9dd66c347bd7a388,0.90291559010212,0.3341915834351071,0.4081632653061224,0.0174680827509085,0.0049197651663405
F,GOLEM,LightGBM,26,26,9dd66c347bd7a388,0.8897380781784889,0.3581984231819608,0.4052287581699346,0.0189495040080471,0.0185630135447579
F,GOLEM,XGBoost,26,26,9dd66c347bd7a388,0.8851966042078294,0.3336694428345911,0.3715846994535519,0.0179073753281466,0.0124001222909192
F,GOLEM,FFMLP,26,26,9dd66c347bd7a388,0.7799574440367371,0.096669745794313,0.1290322580645161,0.0212997898717743,0.0038979456556644
F,GOLEM,Logit,26,26,9dd66c347bd7a388,0.740976760680606,0.0628947613168685,0.1482965931863727,0.0219719533211278,0.0036380572333597
F,NOTEARS,XGBoost,1,1,b93202c111b3750e,0.5675033111144885,0.0303401566559339,0.0477611940298507,0.0217173575304623,0.0027283964304241
F,NOTEARS,LightGBM,1,1,b93202c111b3750e,0.5568227051986305,0.0269920304122553,0.0399113082039911,0.0218993210048681,0.0035745612631619
F,NOTEARS,RF,1,1,b93202c111b3750e,0.5039624812732049,0.0216726611517248,0.0,0.0341066480290746,0.0427352530053117
F,NOTEARS,Logit,1,1,b93202c111b3750e,0.4218757915915785,0.0210496100421798,0.0432166301969365,0.0216103080568002,0.0007808467101937
F,NOTEARS,FFMLP,1,1,b93202c111b3750e,0.407124143271743,0.0195510174008539,0.0104712041884816,0.0216748999300793,0.0007439264712601
F,NOTEARS,LightGBM,2,2,4f5cf972f16a40f0,0.698339376569613,0.0501114306489601,0.1034482758620689,0.0258596758368897,0.0242463079471585
F,NOTEARS,XGBoost,2,2,4f5cf972f16a40f0,0.6871503426913028,0.0501431385946543,0.1019607843137254,0.0217849839849229,0.0050873609503425
F,NOTEARS,RF,2,2,4f5cf972f16a40f0,0.6247928291754421,0.0408598477007603,0.0719424460431654,0.0234683198210791,0.0223511322337154
F,NOTEARS,FFMLP,2,2,4f5cf972f16a40f0,0.4650161756084852,0.0252480373456869,0.0432166301969365,0.0216551483052586,0.0041629244266965
F,NOTEARS,Logit,2,2,4f5cf972f16a40f0,0.4250385392014243,0.0212279458392897,0.0432166301969365,0.021632125559774,0.0008614226283816
F,NOTEARS,XGBoost,3,3,94e03e7799b97478,0.7683522591571315,0.0755214662546332,0.1266968325791855,0.0219628001461495,0.0108213942575557
F,NOTEARS,LightGBM,3,3,94e03e7799b97478,0.7125825969269962,0.0501549760548632,0.0567375886524822,0.0235353535104029,0.0220056822323843
F,NOTEARS,RF,3,3,94e03e7799b97478,0.666740850106028,0.0510147226780839,0.0777777777777777,0.0224420497623706,0.013412915851272
F,NOTEARS,Logit,3,3,94e03e7799b97478,0.426493258353779,0.0210460693081517,0.0432166301969365,0.0216558783695787,0.0010345849097733
F,NOTEARS,FFMLP,3,3,94e03e7799b97478,0.397073191914367,0.0173052071893736,0.0432166301969365,0.0217255751688957,0.0034553178205673
F,NOTEARS,XGBoost,4,4,3ca6494e3892385b,0.832864711118831,0.1620986900746791,0.1826923076923076,0.0204575158769923,0.0094401709748932
F,NOTEARS,RF,4,4,3ca6494e3892385b,0.7949678297182476,0.1191596377651651,0.2027972027972027,0.0208304109589041,0.0085988258317025
F,NOTEARS,LightGBM,4,4,3ca6494e3892385b,0.7933303659957589,0.1241971593286192,0.2105263157894736,0.0220493050884798,0.0187448064119357
F,NOTEARS,Logit,4,4,3ca6494e3892385b,0.4134984910002822,0.0203461530784786,0.0432521215439364,0.0216508009950192,0.0009215309038607
F,NOTEARS,FFMLP,4,4,3ca6494e3892385b,0.4075384849208589,0.0185349839170285,0.0430608088449228,0.0217393517559316,0.0059357294497757
F,NOTEARS,XGBoost,5,5,83b3c7441236a113,0.8563139153657425,0.2708064274666837,0.3272727272727272,0.0186164334701296,0.0085859261160242
F,NOTEARS,LightGBM,5,5,83b3c7441236a113,0.8389513718508226,0.2024639352144071,0.2522522522522522,0.0201905101392459,0.0187935177374453
F,NOTEARS,RF,5,5,83b3c7441236a113,0.8336771102474472,0.2018152950646745,0.2844827586206896,0.0194038613363153,0.0057036622868325
F,NOTEARS,Logit,5,5,83b3c7441236a113,0.4318670343270295,0.0197627858973326,0.0433470507544581,0.0216702531670591,0.0011425095493723
F,NOTEARS,FFMLP,5,5,83b3c7441236a113,0.4104117361819774,0.0179541274313858,0.0444964871194379,0.0217060329526075,0.0049247304964388
F,NOTEARS,XGBoost,6,6,d6b4cf265d20ee9e,0.8699473840386188,0.2725461368613737,0.3172413793103448,0.0185168480270046,0.0097101203271135
F,NOTEARS,RF,6,6,d6b4cf265d20ee9e,0.8657569243907911,0.2367419900033143,0.2847682119205298,0.0188852647469946,0.0058876153201006
F,NOTEARS,LightGBM,6,6,d6b4cf265d20ee9e,0.8430965976941616,0.2334233467455424,0.2876712328767123,0.0202055682034341,0.0184049647552539
F,NOTEARS,FFMLP,6,6,d6b4cf265d20ee9e,0.5238110746828205,0.0245989169227066,0.0402684563758389,0.0217118164406445,0.0018243256780332
F,NOTEARS,Logit,6,6,d6b4cf265d20ee9e,0.5211404708658112,0.0227072528933598,0.0432166301969365,0.0216647552341072,0.0010750421997591
F,NOTEARS,XGBoost,7,7,832d03dd04676ff3,0.8679390031193231,0.2648052452469798,0.319672131147541,0.0188190181114986,0.0103973807603785
F,NOTEARS,LightGBM,7,7,832d03dd04676ff3,0.8635097089837955,0.2222811901204211,0.2882882882882883,0.0207368823013512,0.0197552692552612
F,NOTEARS,RF,7,7,832d03dd04676ff3,0.8559701384516287,0.2238982930396035,0.3018867924528302,0.0192118412077159,0.0056902432205759
F,NOTEARS,FFMLP,7,7,832d03dd04676ff3,0.6881436770378734,0.0370103773600127,0.0664556962025316,0.021603315431213,0.0024420452091466
F,NOTEARS,Logit,7,7,832d03dd04676ff3,0.6650852928617438,0.0313944555817076,0.047504509921828,0.0217026717701674,0.0015247074050718
F,NOTEARS,LightGBM,8,8,889ef10cf013e726,0.8707615925194142,0.2287328721341907,0.3033175355450237,0.0205685113156518,0.0198331469158497
F,NOTEARS,XGBoost,8,8,889ef10cf013e726,0.8702477365004234,0.2527616177206707,0.32,0.0190279794156265,0.0099627381739505
F,NOTEARS,RF,8,8,889ef10cf013e726,0.85437248047709,0.2368663269854043,0.3008849557522124,0.0190083332401453,0.0059032708974
F,NOTEARS,FFMLP,8,8,889ef10cf013e726,0.7056328752053616,0.0455346644946647,0.0681818181818181,0.0214954787389919,0.0035788266455323
F,NOTEARS,Logit,8,8,889ef10cf013e726,0.5276288077816618,0.0223765391086651,0.0467791411042944,0.021704122086404,0.0014066214527024
F,NOTEARS,LightGBM,9,9,3a0b62d5c326a42b,0.8764176274326739,0.2245971558520961,0.3039215686274509,0.0207553598797225,0.0200368212669438
F,NOTEARS,XGBoost,9,9,3a0b62d5c326a42b,0.8741631746169601,0.2606941866278933,0.2613636363636363,0.0188132001357756,0.0100484828854972
F,NOTEARS,RF,9,9,3a0b62d5c326a42b,0.8688093015176847,0.2146193309517674,0.2967032967032967,0.0192389007548224,0.0039927313391109
F,NOTEARS,FFMLP,9,9,3a0b62d5c326a42b,0.7114770827452939,0.0453363252247603,0.0546448087431694,0.0218919229046279,0.0028808040641766
F,NOTEARS,Logit,9,9,3a0b62d5c326a42b,0.5826548262660037,0.0268221642562836,0.0506838294448913,0.0218048899665858,0.0018474867292811
F,NOTEARS,XGBoost,10,10,bb4d1078957f8842,0.8741704120256784,0.2436295416580063,0.3417085427135678,0.0191622614706282,0.0113119840796912
F,NOTEARS,LightGBM,10,10,bb4d1078957f8842,0.8701391753696507,0.2064446636512214,0.2962962962962963,0.0211839865141225,0.0202140107850184
F,NOTEARS,RF,10,10,bb4d1078957f8842,0.8637793024585477,0.2218910255515952,0.3111111111111111,0.0192808979591836,0.0043337992731339
F,NOTEARS,FFMLP,10,10,bb4d1078957f8842,0.718377951958081,0.0552397718365527,0.0842105263157894,0.0215447874297707,0.0031556685293457
F,NOTEARS,Logit,10,10,bb4d1078957f8842,0.5785258845922806,0.026806119097587,0.0496233938856889,0.0218346255806596,0.0023668732316337
F,NOTEARS,LightGBM,11,11,6194646071f9a87d,0.8837020793075248,0.2224414709031817,0.3085106382978723,0.0209241243929132,0.019775057503753
F,NOTEARS,XGBoost,11,11,6194646071f9a87d,0.8790737564322469,0.2597785496801774,0.3164556962025316,0.0189182257919,0.0097147100067418
F,NOTEARS,RF,11,11,6194646071f9a87d,0.8712157399164803,0.2174071886076969,0.2873563218390804,0.0192284294101202,0.0049018730779983
F,NOTEARS,FFMLP,11,11,6194646071f9a87d,0.739905624190315,0.0543654617093648,0.1168091168091168,0.0214330285978069,0.0041966996045545
F,NOTEARS,Logit,11,11,6194646071f9a87d,0.5761918202806667,0.0271974245696149,0.0492524186455584,0.0219057789454164,0.002387706629636
F,NOTEARS,LightGBM,12,12,c6222f4b42894a80,0.8729219590217918,0.240383147657962,0.2994652406417112,0.0204609869778264,0.0196162053442298
F,NOTEARS,XGBoost,12,12,c6222f4b42894a80,0.8671175572298094,0.2594427637274251,0.3552631578947368,0.018671226567017,0.0100464558914649
F,NOTEARS,RF,12,12,c6222f4b42894a80,0.8607233066272951,0.2072965962079474,0.2840909090909091,0.0193906155996645,0.0035023762929829
F,NOTEARS,FFMLP,12,12,c6222f4b42894a80,0.741378436864465,0.0636365910109356,0.132258064516129,0.0215483062766793,0.0020191798136075
F,NOTEARS,Logit,12,12,c6222f4b42894a80,0.6109530943540974,0.0301586903075067,0.0557156580211335,0.021917574426853,0.0027328551457256
F,NOTEARS,LightGBM,13,13,cd8173b70fdabb94,0.88093377047282,0.2417790881804768,0.3333333333333333,0.0206311750159352,0.0199125548329457
F,NOTEARS,XGBoost,13,13,cd8173b70fdabb94,0.8630537522345499,0.2619257955924708,0.328042328042328,0.0186552315473732,0.0104213187528051
F,NOTEARS,RF,13,13,cd8173b70fdabb94,0.8546022682038923,0.1981827652978489,0.2469135802469135,0.0195025328487559,0.0042538440033547
F,NOTEARS,FFMLP,13,13,cd8173b70fdabb94,0.7402855881480195,0.0688487043579786,0.1566265060240964,0.0211799329411783,0.0015296194814864
F,NOTEARS,Logit,13,13,cd8173b70fdabb94,0.707199774192848,0.0481868986721156,0.0758620689655172,0.0215423046011773,0.0030565187364449
F,NOTEARS,LightGBM,14,14,eac0305927b7d64a,0.8804343892712653,0.2444611428358531,0.3297872340425531,0.0204630845412566,0.0196337311758501
F,NOTEARS,XGBoost,14,14,eac0305927b7d64a,0.8671754564995551,0.2711622849728333,0.3225806451612903,0.0185396174240373,0.0100795292103627
F,NOTEARS,RF,14,14,eac0305927b7d64a,0.8513273407589148,0.194166876449042,0.2545454545454545,0.0195053419066256,0.0031244059267542
F,NOTEARS,FFMLP,14,14,eac0305927b7d64a,0.750334730153216,0.0641505418456535,0.1420959147424511,0.02124116210218,0.0052835873219056
F,NOTEARS,Logit,14,14,eac0305927b7d64a,0.7099174211665256,0.0488717485570239,0.08,0.0215116100388031,0.0026342980068237
F,NOTEARS,LightGBM,15,15,5f565b9fb64a7d79,0.8731137503528236,0.2451295578456286,0.3093922651933701,0.0203768315266654,0.0193896530143011
F,NOTEARS,XGBoost,15,15,5f565b9fb64a7d79,0.8594386665798177,0.2684943569447379,0.3440860215053763,0.0185826604728317,0.010541495728039
F,NOTEARS,RF,15,15,5f565b9fb64a7d79,0.8576166489350154,0.1953804891119308,0.237410071942446,0.0195428795079675,0.004043611965334
F,NOTEARS,FFMLP,15,15,5f565b9fb64a7d79,0.7513081616258115,0.0615038310963538,0.1273516642547033,0.0212915647441213,0.0016514937606084
F,NOTEARS,Logit,15,15,5f565b9fb64a7d79,0.70981971614883,0.0487948050305093,0.0808080808080808,0.0215050403672068,0.0026190579773515
F,NOTEARS,LightGBM,16,16,3c4bcc168e185389,0.8761317497883057,0.2603654008579734,0.3204419889502762,0.0205204866761846,0.0204458933047689
F,NOTEARS,RF,16,16,3c4bcc168e185389,0.8620947955793907,0.1891597941979232,0.2402826855123674,0.0196323768521107,0.0042286832541235
F,NOTEARS,XGBoost,16,16,3c4bcc168e185389,0.862026040196568,0.2606747890091824,0.2746478873239437,0.0187274720579807,0.0116875351751355
F,NOTEARS,FFMLP,16,16,3c4bcc168e185389,0.7503202553357795,0.0668490011488377,0.1337579617834395,0.0212280003560416,0.0020949509695718
F,NOTEARS,Logit,16,16,3c4bcc168e185389,0.7099717017319119,0.0489636314034891,0.0816326530612244,0.0215030130644473,0.0025633764955482
F,NOTEARS,LightGBM,17,17,ef876b4a9df5a116,0.8663395357926048,0.2557604986060138,0.3333333333333333,0.0200887373529014,0.0195265018712264
F,NOTEARS,XGBoost,17,17,ef876b4a9df5a116,0.8610707022457679,0.238072384003792,0.3025210084033613,0.0190090741872645,0.0108637036138618
F,NOTEARS,RF,17,17,ef876b4a9df5a116,0.8429681336894138,0.1786872453703229,0.2476190476190476,0.0197610847078557,0.0035079675705898
F,NOTEARS,FFMLP,17,17,ef876b4a9df5a116,0.7473094933090156,0.064172180341021,0.1248185776487663,0.0217746528554149,0.0027977847602236
F,NOTEARS,Logit,17,17,ef876b4a9df5a116,0.7108872339347619,0.0482036259435703,0.0888888888888888,0.0214993638573603,0.0028133821998095
F,NOTEARS,LightGBM,18,18,af2b0246c2f22fab,0.8647653993964001,0.2515555355124231,0.2971428571428571,0.0200473511235072,0.019484306260561
F,NOTEARS,XGBoost,18,18,af2b0246c2f22fab,0.8562903937874085,0.2489906430235092,0.2992125984251969,0.018986203553978,0.0113725841652288
F,NOTEARS,RF,18,18,af2b0246c2f22fab,0.8449692771999914,0.1977764862113381,0.238095238095238,0.0195195213866368,0.0042627900475258
F,NOTEARS,FFMLP,18,18,af2b0246c2f22fab,0.7492925432977976,0.0685242512838423,0.150313152400835,0.0212185747201145,0.001448167401538
F,NOTEARS,Logit,18,18,af2b0246c2f22fab,0.7087341048411027,0.0475271062148776,0.0828025477707006,0.0215199400753377,0.0030298129234524
F,PC,XGBoost,1,1,2acb74dbd7bd057e,0.5359970616120604,0.0254940940304241,0.0503833515881708,0.0218632773594238,0.0033599525327651
F,PC,LightGBM,1,1,2acb74dbd7bd057e,0.5343849288200853,0.025357648109314,0.0108695652173913,0.022065405924793,0.0050426586890668
F,PC,RF,1,1,2acb74dbd7bd057e,0.5050444738765731,0.0219133111991108,0.024390243902439,0.0326093553256919,0.0412446183953033
F,PC,Logit,1,1,2acb74dbd7bd057e,0.4570930224142548,0.0246702953592727,0.0432166301969365,0.0215954642570938,0.0005181973129107
F,PC,FFMLP,1,1,2acb74dbd7bd057e,0.4495824015169609,0.0224936375306799,0.0432166301969365,0.0216360432385082,0.0025370185879736
F,PC,LightGBM,2,2,a5b5b295620f8bed,0.698339376569613,0.0501114306489601,0.1034482758620689,0.0258596758368897,0.0242463079471585
F,PC,XGBoost,2,2,a5b5b295620f8bed,0.680774185610584,0.051208470088186,0.0992063492063492,0.0217449477163723,0.0062214049799922
F,PC,RF,2,2,a5b5b295620f8bed,0.6214220060649485,0.0386964663876906,0.0779220779220779,0.0236344500978473,0.0232144254962258
F,PC,Logit,2,2,a5b5b295620f8bed,0.4250421579057834,0.0212301947211959,0.0432166301969365,0.0216327563665192,0.0008648080574054
F,PC,FFMLP,2,2,a5b5b295620f8bed,0.4035723849432949,0.0174549854849864,0.0432166301969365,0.0217953981886138,0.0062836527533835
F,PC,XGBoost,3,3,5cf90b5edf72667f,0.773968488322441,0.0778219053035976,0.0821917808219178,0.0216549565626449,0.0084478530305343
F,PC,LightGBM,3,3,5cf90b5edf72667f,0.7421329367233356,0.0528212729021622,0.1152737752161383,0.0251624880964509,0.0232623972645158
F,PC,RF,3,3,5cf90b5edf72667f,0.7001071136490291,0.0532592599641632,0.0959595959595959,0.0223353681856304,0.0167844562482527
F,PC,Logit,3,3,5cf90b5edf72667f,0.4187709432514782,0.0212884317673305,0.0432166301969365,0.0216287719326957,0.0008420555443712
F,PC,FFMLP,3,3,5cf90b5edf72667f,0.3632654464395568,0.0160867049381738,0.0432166301969365,0.0217357948662057,0.0050419457407805
F,PC,XGBoost,4,4,950d85bca05dd77f,0.8127410961779244,0.1069745825576363,0.1818181818181818,0.0213777909849792,0.0096679911158535
F,PC,RF,4,4,950d85bca05dd77f,0.7861219069124491,0.0858295927883216,0.1701030927835051,0.0214074598825831,0.0080128599384959
F,PC,LightGBM,4,4,950d85bca05dd77f,0.7477763061713385,0.0799290708614913,0.1333333333333333,0.0226685994115564,0.0202147873106966
F,PC,Logit,4,4,950d85bca05dd77f,0.4165201091401234,0.0203524722238144,0.0432166301969365,0.0216335068788727,0.0009063802823811
F,PC,FFMLP,4,4,950d85bca05dd77f,0.3946341851763394,0.0187707223572657,0.0432166301969365,0.0218702923203673,0.0122286015806466
F,PC,XGBoost,5,5,b3389ea9a2d038ca,0.8919310130200983,0.2044815622341521,0.2589928057553957,0.0199616164449034,0.0097624806513833
F,PC,RF,5,5,b3389ea9a2d038ca,0.8641411728944568,0.2055361658893416,0.3052208835341365,0.0193776997483925,0.0060408163265306
F,PC,LightGBM,5,5,b3389ea9a2d038ca,0.8545027538340173,0.1896988909458848,0.2672064777327935,0.0212444456951227,0.0194562248637261
F,PC,FFMLP,5,5,b3389ea9a2d038ca,0.478969899617141,0.0196019876263295,0.0441603718768158,0.021714400803294,0.0031832212742094
F,PC,Logit,5,5,b3389ea9a2d038ca,0.4268913158332791,0.0206951273813976,0.0432166301969365,0.0216346040924016,0.0009081953016404
F,PC,XGBoost,6,6,46c7802b88378834,0.9055246759450246,0.2642615183305282,0.3122362869198312,0.0185739153863348,0.0090923003662561
F,PC,RF,6,6,46c7802b88378834,0.8953832569786713,0.2545208385873759,0.3664921465968586,0.0185004965054514,0.0048336594911937
F,PC,LightGBM,6,6,46c7802b88378834,0.8948404513248076,0.2190823439577085,0.3315508021390374,0.0212659783196735,0.0193217947126993
F,PC,Logit,6,6,46c7802b88378834,0.4517590521889542,0.0199587434317354,0.0433114035087719,0.0216502557874814,0.0009889492497469
F,PC,FFMLP,6,6,46c7802b88378834,0.3936354227732302,0.0195901233329855,0.0445878556761513,0.0216730442121803,0.0050987088737755
F,PC,XGBoost,7,7,42ad0f30d99576ea,0.9047249422816654,0.2670619242025094,0.3119266055045872,0.0187097439284014,0.0094159184056804
F,PC,LightGBM,7,7,42ad0f30d99576ea,0.8949490124555803,0.2263701610993707,0.3285024154589372,0.0209318372788282,0.0193912981323467
F,PC,RF,7,7,42ad0f30d99576ea,0.8927524589096121,0.235115313361631,0.3542857142857142,0.0186877987140061,0.0058003913894324
F,PC,FFMLP,7,7,42ad0f30d99576ea,0.5947955793907549,0.0338523500207696,0.0432166301969365,0.021714162449667,0.0006322826037268
F,PC,Logit,7,7,42ad0f30d99576ea,0.5440468694588589,0.0237385751871954,0.0439560439560439,0.0217101733364608,0.0013549192855522
F,PC,LightGBM,8,8,c2f13db4fa9587a8,0.9037207518220176,0.2257583494178736,0.3,0.020548998377481,0.0203352817637567
F,PC,XGBoost,8,8,c2f13db4fa9587a8,0.903337169159954,0.2322474896371313,0.2962962962962963,0.0194583651662853,0.0124466551185541
F,PC,RF,8,8,c2f13db4fa9587a8,0.8997709360140695,0.2585219264099069,0.313953488372093,0.0184229186469108,0.003735532569192
F,PC,FFMLP,8,8,c2f13db4fa9587a8,0.6675966736869531,0.045132696182427,0.0566037735849056,0.0215823056872968,0.0033557374636479
F,PC,Logit,8,8,c2f13db4fa9587a8,0.546902027198182,0.0247501425444326,0.0432166301969365,0.0217059205017275,0.0013484776620429
F,PC,LightGBM,9,9,f1dae46cde9d5ed0,0.9039523489009996,0.2669575047227251,0.3529411764705882,0.0203426455212951,0.0196317065004294
F,PC,XGBoost,9,9,f1dae46cde9d5ed0,0.8991069037641762,0.277492304084608,0.3568075117370892,0.0188355612206712,0.01165144699075
F,PC,RF,9,9,f1dae46cde9d5ed0,0.8970062458837238,0.2678938537828093,0.3687150837988827,0.0183040726866088,0.0040631814369583
F,PC,FFMLP,9,9,f1dae46cde9d5ed0,0.6878216123499143,0.0429365484559066,0.0661157024793388,0.0218102534255788,0.0031210817537237
F,PC,Logit,9,9,f1dae46cde9d5ed0,0.5918789036773274,0.0275095925291716,0.0441426146010186,0.0217768415665646,0.0018520410758469
F,PC,XGBoost,10,10,dcdfcb1839ed0107,0.8989657742941717,0.2911629673421124,0.3595505617977528,0.0184338517170202,0.0105990237557178
F,PC,RF,10,10,dcdfcb1839ed0107,0.8947499837158304,0.2708903371493291,0.3653846153846153,0.0182808744758177,0.0061805982667039
F,PC,LightGBM,10,10,dcdfcb1839ed0107,0.893385732172453,0.2697712773529851,0.35,0.02027606312763,0.0192437654870438
F,PC,FFMLP,10,10,dcdfcb1839ed0107,0.7236105984613268,0.0559425797724789,0.0947368421052631,0.0214057718855604,0.0039131037718029
F,PC,Logit,10,10,dcdfcb1839ed0107,0.5756019714701348,0.0261143840522127,0.0503823661718398,0.0217545354096831,0.0017599798119673
F,PC,XGBoost,11,11,b2d9e3ac65acdcce,0.9054287802795088,0.3029673156481099,0.3846153846153846,0.0180537524969267,0.0099442223321801
F,PC,LightGBM,11,11,b2d9e3ac65acdcce,0.8955171490399577,0.2959485322303528,0.3756906077348066,0.0196871004655779,0.0189260182418491
F,PC,RF,11,11,b2d9e3ac65acdcce,0.8931342322194962,0.2668774023293251,0.3544303797468354,0.0183115202683813,0.0033419066256639
F,PC,FFMLP,11,11,b2d9e3ac65acdcce,0.7042650049576249,0.0553121886906315,0.0951008645533141,0.0215322035082212,0.0033142628762136
F,PC,Logit,11,11,b2d9e3ac65acdcce,0.5767454820476077,0.0261994167376621,0.0502242152466367,0.0217948647879054,0.0018675692560268
F,PC,RF,12,12,3a4f3db67c20c422,0.9091234774301408,0.2622352501822222,0.3604651162790697,0.0184030584288509,0.0055034945485043
F,PC,XGBoost,12,12,3a4f3db67c20c422,0.902349262869922,0.2961032443367382,0.358974358974359,0.0184414985795075,0.0119236931614869
F,PC,LightGBM,12,12,3a4f3db67c20c422,0.8873678268232841,0.2835434599639579,0.3658536585365853,0.0201514365240412,0.0195694913311812
F,PC,FFMLP,12,12,3a4f3db67c20c422,0.7129716076455985,0.0587057506294471,0.0957446808510638,0.0212907983851574,0.0027951557988023
F,PC,Logit,12,12,3a4f3db67c20c422,0.5781893450868851,0.0261413062921565,0.0506787330316742,0.0217774723772754,0.0018889248883115
F,PC,XGBoost,13,13,78129d8c0793f97e,0.9057942694197768,0.3055932150645695,0.3478260869565217,0.0183662017258097,0.0122496259413338
F,PC,RF,13,13,78129d8c0793f97e,0.8981931809135058,0.279091266146484,0.348993288590604,0.0182617724350014,0.0052602739726027
F,PC,LightGBM,13,13,78129d8c0793f97e,0.8858190213575932,0.3141306565116607,0.4,0.019318653899769,0.0186896585763091
F,PC,FFMLP,13,13,78129d8c0793f97e,0.7300193238812775,0.0619731248359987,0.1295774647887324,0.0213269457750549,0.0044185535631801
F,PC,Logit,13,13,78129d8c0793f97e,0.5795753088564171,0.0262830416822958,0.0508166969147005,0.0217778855713809,0.0019189731689327
F,PC,XGBoost,14,14,2640d16d5eb10fde,0.9213148924159194,0.3455257896862427,0.3915343915343915,0.0176889457490387,0.0111060548745051
F,PC,RF,14,14,2640d16d5eb10fde,0.9176238139696464,0.2803397684150917,0.3834196891191709,0.0182528543472183,0.0039849035504612
F,PC,LightGBM,14,14,2640d16d5eb10fde,0.9049909170520588,0.3473248022170105,0.4055944055944055,0.0186934853536057,0.0186296400044797
F,PC,FFMLP,14,14,2640d16d5eb10fde,0.7104747016378254,0.0492063767940622,0.1072902338376891,0.0216381800324193,0.0042481753925163
F,PC,Logit,14,14,2640d16d5eb10fde,0.5798648052051444,0.0264843822418456,0.049438202247191,0.0220208184309342,0.0019538730486482
F,PC,XGBoost,15,15,db530282923044dc,0.9185574396942918,0.3454813854878412,0.3357664233576642,0.0177725213025636,0.0124419768423421
F,PC,RF,15,15,db530282923044dc,0.909597527701182,0.2859498047599275,0.3333333333333333,0.0182221403410679,0.0052295219457646
F,PC,LightGBM,15,15,db530282923044dc,0.9010175796657764,0.3649476537337129,0.4429530201342282,0.0183168601105918,0.0179118331060354
F,PC,FFMLP,15,15,db530282923044dc,0.7109523706132257,0.0537062256717588,0.1030927835051546,0.0214458040507247,0.0026462868591294
F,PC,Logit,15,15,db530282923044dc,0.5828357614839583,0.0268193348913107,0.0494826810616284,0.022044032279201,0.0021323750989446
F,PC,XGBoost,16,16,fe0a618a4400ef48,0.9153367928147006,0.3499509901323088,0.3166666666666666,0.0177191254402011,0.0123630183249522
F,PC,RF,16,16,fe0a618a4400ef48,0.9094003083136114,0.2764331913678645,0.3522727272727273,0.0183894693877551,0.0060201285993849
F,PC,LightGBM,16,16,fe0a618a4400ef48,0.9001997524806218,0.3729167177659513,0.4625850340136054,0.0182193109577849,0.017428801158837
F,PC,FFMLP,16,16,fe0a618a4400ef48,0.721153498201504,0.059210745646978,0.1291759465478842,0.0215007896556324,0.0040761274450945
F,PC,Logit,16,16,fe0a618a4400ef48,0.5898560479405953,0.0279334556593913,0.0510483135824977,0.0221222505716857,0.0027916563548579
F,PC,XGBoost,17,17,8e947346f7ed3fe0,0.9257478052558062,0.3714062827008166,0.4,0.0172585138196514,0.0113662028292583
F,PC,RF,17,17,8e947346f7ed3fe0,0.9078659776653568,0.2824161183984902,0.3205128205128205,0.0182424232597148,0.0043326810176125
F,PC,LightGBM,17,17,8e947346f7ed3fe0,0.9017557953550313,0.3712184142359708,0.4137931034482758,0.0183004667607056,0.0176831657249919
F,PC,FFMLP,17,17,8e947346f7ed3fe0,0.728731065129441,0.0606405046638361,0.1191489361702127,0.0219245740429738,0.0028547317264531
F,PC,Logit,17,17,8e947346f7ed3fe0,0.647849403999392,0.0353458979616924,0.0600545950864422,0.0222017760511584,0.0030974627988881
F,PC,XGBoost,18,18,c83c26238669a20a,0.920981971614883,0.3505762139342279,0.3560209424083769,0.0174876695769811,0.0118831699291753
F,PC,LightGBM,18,18,c83c26238669a20a,0.9082441322708816,0.3848311213070963,0.4320987654320987,0.0185178374928912,0.0186448484452026
F,PC,RF,18,18,c83c26238669a20a,0.9008800689001312,0.2906850811543026,0.3043478260869565,0.0180812636287391,0.0057892088342186
F,PC,FFMLP,18,18,c83c26238669a20a,0.7169268515100853,0.0618094501227345,0.136150234741784,0.0213679349242735,0.003699022679292
F,PC,Logit,18,18,c83c26238669a20a,0.6485297204189012,0.0351842988441052,0.0602189781021897,0.0223177234115131,0.0033652362056037
F,PC,XGBoost,19,19,9795ed9fa640803b,0.924944452888088,0.3536807300618494,0.3712574850299401,0.0175675590861025,0.012734044102982
F,PC,LightGBM,19,19,9795ed9fa640803b,0.9107229447568592,0.3884162344168822,0.4431137724550898,0.0185391790815497,0.0178381333247458
F,PC,RF,19,19,9795ed9fa640803b,0.9066953268051906,0.293349182822113,0.3287671232876712,0.01817156052558,0.0043030472462957
F,PC,FFMLP,19,19,9795ed9fa640803b,0.7337393519624233,0.0594759529171901,0.117829457364341,0.0216317725457898,0.0052312405856504
F,PC,Logit,19,19,9795ed9fa640803b,0.6486636124801876,0.0352498104740724,0.0597701149425287,0.0223137309008611,0.0033181575229723
F,PC,XGBoost,20,20,6a70cabfe5104abc,0.919313748905342,0.3945017909550939,0.4042553191489361,0.0168315249629409,0.0113032306957159
F,PC,RF,20,20,6a70cabfe5104abc,0.9185628677508304,0.3680932593963087,0.3689320388349514,0.0169397237908862,0.0039273133911098
F,PC,LightGBM,20,20,6a70cabfe5104abc,0.9065361038133908,0.4179111329390951,0.4294478527607362,0.0177279803052548,0.0172665818282907
F,PC,FFMLP,20,20,6a70cabfe5104abc,0.757829066880894,0.0724897246036278,0.1432098765432098,0.0214590524180348,0.0045852495228774
F,PC,Logit,20,20,6a70cabfe5104abc,0.657402783507393,0.0368235927021216,0.0603808639108221,0.0223759037960585,0.0035108836502145
F,PC,RF,21,21,ac0713d3eecfcacd,0.9214180254901536,0.3735858583891246,0.4024390243902439,0.0168466737489516,0.0026849315068493
F,PC,XGBoost,21,21,ac0713d3eecfcacd,0.9104515419299274,0.391586828819831,0.4,0.01694328730676,0.0131110267821456
F,PC,LightGBM,21,21,ac0713d3eecfcacd,0.9071259526239224,0.4216572341800201,0.4431137724550898,0.017596580274729,0.0166424736374694
F,PC,FFMLP,21,21,ac0713d3eecfcacd,0.7405714657923876,0.0622008363559097,0.0946745562130177,0.0213958038925112,0.0027037745985799
F,PC,Logit,21,21,ac0713d3eecfcacd,0.6847855193926365,0.0409348595513169,0.0578778135048231,0.0224048722760236,0.003558449497017
F,PC,XGBoost,22,22,53a85c01fe6d0b7e,0.9122717502225502,0.3894325271299061,0.4,0.0170516169710526,0.0111787490932563
F,PC,RF,22,22,53a85c01fe6d0b7e,0.9117597035557388,0.3727560253114409,0.4177215189873418,0.0168556935979871,0.00342745317305
F,PC,LightGBM,22,22,53a85c01fe6d0b7e,0.9080161538962588,0.4242496923180013,0.4320987654320987,0.0174730508131209,0.0172477760211935
F,PC,FFMLP,22,22,53a85c01fe6d0b7e,0.7482250255118656,0.0707104494465878,0.0952380952380952,0.0216850693463772,0.0046339492337777
F,PC,Logit,22,22,53a85c01fe6d0b7e,0.6831607211354047,0.0408100640017521,0.0685358255451713,0.0223946022252554,0.0035059701571263
F,PC,XGBoost,23,23,cdc2001fb0e0a04f,0.9137011384443914,0.409733721974481,0.3896103896103896,0.0166668666283269,0.011877821917537
F,PC,RF,23,23,cdc2001fb0e0a04f,0.9126100990801254,0.3807485629109727,0.4023668639053254,0.0167845803746156,0.003587922840369
F,PC,LightGBM,23,23,cdc2001fb0e0a04f,0.9083309811755,0.413449183583201,0.3969465648854962,0.01777751196481,0.0171008610330353
F,PC,FFMLP,23,23,cdc2001fb0e0a04f,0.7608144979771443,0.0747141778917802,0.1413721413721413,0.0214641798174031,0.0041001730369128
F,PC,Logit,23,23,cdc2001fb0e0a04f,0.6908757988289872,0.0429017439285679,0.0635532017332691,0.0223878522381926,0.0035379393054518
F,PC,RF,24,24,f013b14af9b65489,0.9196141013671464,0.388980059286143,0.425,0.0166881274811294,0.0041151803187028
F,PC,XGBoost,24,24,f013b14af9b65489,0.913523821930796,0.4011285480278559,0.4,0.0168422996317655,0.0122178533151725
F,PC,LightGBM,24,24,f013b14af9b65489,0.9079546359221544,0.4148535457690646,0.4052287581699346,0.0178723605945554,0.0175259523030255
F,PC,FFMLP,24,24,f013b14af9b65489,0.7482069319900703,0.0670673662511168,0.146788990825688,0.0215599396515581,0.0045378220486039
F,PC,Logit,24,24,f013b14af9b65489,0.6902823313140963,0.0426339611443572,0.0681114551083591,0.0223561858363853,0.0034632514250875
OF,GES,XGBoost,1,14,daa9910e8071bea2,0.9376497238928574,0.458589996308276,0.4204545454545454,0.0161361800722135,0.0099687353163819
OF,GES,RF,1,14,daa9910e8071bea2,0.9285070673296132,0.4361898203763159,0.4477611940298507,0.0159494738607771,0.0047755102040816
OF,GES,Logit,1,14,daa9910e8071bea2,0.9243328918514014,0.2583871067316881,0.2733812949640288,0.0188510421781489,0.0115782995851404
OF,GES,LightGBM,1,14,daa9910e8071bea2,0.922288323888515,0.4531199701591147,0.4477611940298507,0.0167667990372081,0.0163931319485381
OF,GES,FFMLP,1,14,daa9910e8071bea2,0.8758386347352193,0.2662602243185579,0.3461538461538461,0.0195436767520811,0.007094537976245
OF,GES,XGBoost,2,15,09e483010d8a144c,0.937436220335671,0.4706221447701582,0.4680851063829787,0.0159390445116264,0.0114293996385786
OF,GES,LightGBM,2,15,09e483010d8a144c,0.9277959919230518,0.4475024028763625,0.4923076923076923,0.0165032941909864,0.0152571999337137
OF,GES,Logit,2,15,09e483010d8a144c,0.9235548704141968,0.2564600590993157,0.3522727272727273,0.018962009104328,0.0111950857051242
OF,GES,RF,2,15,09e483010d8a144c,0.9125630559234572,0.4270405824631575,0.4142857142857143,0.0160543259714844,0.0041269220016773
OF,GES,FFMLP,2,15,09e483010d8a144c,0.8619066229527179,0.2611915830733454,0.3356643356643357,0.0197775051180768,0.0081946084466949
OF,GES,XGBoost,3,16,69393aaabb1c3957,0.9389524574621304,0.47204998696099,0.4748201438848921,0.0160245334489556,0.0125307121781071
OF,GES,LightGBM,3,16,69393aaabb1c3957,0.932594393903207,0.4503948270865931,0.4786324786324786,0.0164170549217965,0.0155197762456146
OF,GES,RF,3,16,69393aaabb1c3957,0.9271084380948243,0.4364358793369196,0.4075829383886256,0.0159043835616438,0.0044836455129997
OF,GES,Logit,3,16,69393aaabb1c3957,0.9234137409441924,0.2557359491067139,0.325,0.0191872848165533,0.0126067054880386
OF,GES,FFMLP,3,16,69393aaabb1c3957,0.8697013121422006,0.2655790571701973,0.323943661971831,0.0197759459367976,0.008781156276668
OF,GES,XGBoost,4,17,e24550016af34930,0.939057399888544,0.4654329897726143,0.4099378881987577,0.0160174820030034,0.0125596113340251
OF,GES,LightGBM,4,17,e24550016af34930,0.9317476170831795,0.4758548743077656,0.5210084033613446,0.0157939244843993,0.0157687744014276
OF,GES,RF,4,17,e24550016af34930,0.9224982087413424,0.4297821781062809,0.4195804195804196,0.0161137925636007,0.0039826670394185
OF,GES,Logit,4,17,e24550016af34930,0.9209276910494968,0.2417102997027726,0.3781094527363184,0.0198264511321316,0.0127402425242999
OF,GES,FFMLP,4,17,e24550016af34930,0.8871145175181477,0.2376980961100926,0.3546099290780142,0.0196195629746401,0.0069969612053187
OF,GES,XGBoost,5,18,4b8d3ba6eab003e0,0.935771616330489,0.4762564083521036,0.4285714285714285,0.0158161225856445,0.0116167289625643
OF,GES,LightGBM,5,18,4b8d3ba6eab003e0,0.9306294374362204,0.4704357247048886,0.4831460674157303,0.0161325929416099,0.0157393606772072
OF,GES,Logit,5,18,4b8d3ba6eab003e0,0.9199289286463876,0.2433158040568788,0.3435582822085889,0.0195871625883347,0.0122454369541377
OF,GES,RF,5,18,4b8d3ba6eab003e0,0.9191563352657214,0.4334084382551409,0.4052287581699346,0.0159952004473022,0.0050455689124965
OF,GES,FFMLP,5,18,4b8d3ba6eab003e0,0.8569707102069174,0.194967012729659,0.294478527607362,0.0206365742254617,0.0078224128574082
OF,GES,XGBoost,6,19,22c32a1e7285ce4f,0.9411960541647668,0.4738759552910377,0.4624277456647399,0.0159071984669753,0.0107907644916416
OF,GES,LightGBM,6,19,22c32a1e7285ce4f,0.9342010986386434,0.4415011487903275,0.4712643678160919,0.0161678885943865,0.0165912809125845
OF,GES,RF,6,19,22c32a1e7285ce4f,0.9225090648544194,0.4315987460265203,0.4246575342465753,0.0160286888454011,0.0034112384679899
OF,GES,Logit,6,19,22c32a1e7285ce4f,0.9203378422389648,0.2450260012671016,0.3435582822085889,0.0196270994717103,0.0123898654804027
OF,GES,FFMLP,6,19,22c32a1e7285ce4f,0.8859963378711887,0.2416969632935209,0.3668639053254438,0.0199052068427941,0.0100677526512474
OF,GES,XGBoost,7,20,c6f1155bbadb87fd,0.940164723422426,0.4607809169615643,0.4927536231884058,0.0159223115829794,0.0109211053060842
OF,GES,LightGBM,7,20,c6f1155bbadb87fd,0.9314400272126568,0.4568012181958099,0.4597701149425287,0.0162870741425988,0.0164467184919099
OF,GES,RF,7,20,c6f1155bbadb87fd,0.9312210955989316,0.4289563951546192,0.4054054054054054,0.0161742130276768,0.005084707855745
OF,GES,Logit,7,20,c6f1155bbadb87fd,0.9201569070210104,0.2442072451892141,0.3414634146341463,0.0196339820350112,0.0123601040338431
OF,GES,FFMLP,7,20,c6f1155bbadb87fd,0.8603795297131815,0.2682781512096507,0.3355704697986577,0.0198199947822181,0.0074966139430094
OF,GES,XGBoost,8,21,26624c396c2286a5,0.9367812348466756,0.4673249925164352,0.4662576687116564,0.0157567704307545,0.0108204311281151
OF,GES,LightGBM,8,21,26624c396c2286a5,0.9286065816994884,0.4549288634701163,0.4722222222222222,0.0164418668577781,0.0158772460937153
OF,GES,RF,8,21,26624c396c2286a5,0.9225832482937808,0.4202177908712064,0.3815028901734104,0.0160592228124126,0.0062857142857142
OF,GES,Logit,8,21,26624c396c2286a5,0.921579057834133,0.2473991108041628,0.3157894736842105,0.019693618253878,0.0126676069423871
OF,GES,FFMLP,8,21,26624c396c2286a5,0.8771630805306467,0.2295642384820505,0.3317535545023696,0.0197543079661376,0.0080982979654178
OF,GES,XGBoost,9,22,8ebed14f6ad6fd6b,0.93747964478798,0.4698186796233581,0.4814814814814814,0.0157012075829733,0.0108149476460789
OF,GES,LightGBM,9,22,8ebed14f6ad6fd6b,0.930542588531602,0.4517052784965532,0.4739884393063583,0.0169518117303839,0.0161802279733313
OF,GES,RF,9,22,8ebed14f6ad6fd6b,0.9239854962329288,0.4103723572084718,0.4201680672268907,0.0162916443947441,0.0068364551299972
OF,GES,Logit,9,22,8ebed14f6ad6fd6b,0.9199723530986966,0.2511508796701755,0.2953020134228188,0.019182004486248,0.0108697800712021
OF,GES,FFMLP,9,22,8ebed14f6ad6fd6b,0.8761534620144603,0.2308739892893873,0.2975206611570248,0.0198979730660247,0.0081981072019549
OF,GES,XGBoost,10,23,5fa3de8a130ce2fc,0.9352396667897026,0.4614213271552177,0.4657534246575342,0.0158901157062852,0.0109014179776788
OF,GES,LightGBM,10,23,5fa3de8a130ce2fc,0.9319936889795976,0.4527475192265595,0.4727272727272727,0.0168939619802824,0.0166845768291224
OF,GES,RF,10,23,5fa3de8a130ce2fc,0.9300866317823568,0.412048040929222,0.3855421686746988,0.0163451450936539,0.0042773273693038
OF,GES,Logit,10,23,5fa3de8a130ce2fc,0.9183186052065916,0.2520065718394573,0.3614457831325301,0.0188936008800243,0.0093650730153241
OF,GES,FFMLP,10,23,5fa3de8a130ce2fc,0.8758567282570149,0.2190492057921701,0.303030303030303,0.0197716493001423,0.0073792846393811
OF,GES,XGBoost,11,24,db628c03e44237f5,0.9334411707232344,0.4682935458095329,0.4689655172413793,0.0158788264359756,0.0107256309351909
OF,GES,RF,11,24,db628c03e44237f5,0.9298568440555544,0.4046592937028374,0.4246575342465753,0.0163946547386077,0.0053083589600223
OF,GES,LightGBM,11,24,db628c03e44237f5,0.9260083519696608,0.4639116586869768,0.4705882352941176,0.0166777615566538,0.0165638783477314
OF,GES,Logit,11,24,db628c03e44237f5,0.9166720947232052,0.2402469600391328,0.348314606741573,0.019044420573416,0.0098538590499639
OF,GES,FFMLP,11,24,db628c03e44237f5,0.8795912311555971,0.2360352831143129,0.3333333333333333,0.0197859948765895,0.0095152310456331
OF,GES,XGBoost,12,25,22d56d79a8e5e8f3,0.9399765507957532,0.455976935213385,0.4705882352941176,0.0160611695809269,0.0110936307564152
OF,GES,RF,12,25,22d56d79a8e5e8f3,0.9305443978837816,0.4113751030410733,0.387434554973822,0.0162901313950237,0.0041699748392507
OF,GES,LightGBM,12,25,22d56d79a8e5e8f3,0.928990164361552,0.4577822369593239,0.4852071005917159,0.0170414310355099,0.0164019484292986
OF,GES,Logit,12,25,22d56d79a8e5e8f3,0.913046152955396,0.2527641404201569,0.3354037267080745,0.0188517435647409,0.0062970065711437
OF,GES,FFMLP,12,25,22d56d79a8e5e8f3,0.8745974191400511,0.2203641342426416,0.2957746478873239,0.0201722751236049,0.0093707302624298
OF,GES,XGBoost,13,26,ddfba67e83812c56,0.9369657887689892,0.4499740887914498,0.4540540540540541,0.0160688620395931,0.012439607918577
OF,GES,LightGBM,13,26,ddfba67e83812c56,0.9366183931505164,0.4612837156858388,0.4705882352941176,0.0167241858913308,0.0160487863477434
OF,GES,RF,13,26,ddfba67e83812c56,0.9268044669286608,0.4019653959132028,0.3974358974358974,0.0164239619793122,0.0047537042214145
OF,GES,Logit,13,26,ddfba67e83812c56,0.912738563084873,0.2509640591412696,0.3354037267080745,0.0188543860785867,0.0060734919904209
OF,GES,FFMLP,13,26,ddfba67e83812c56,0.8809229143597427,0.2289393173325407,0.3434343434343434,0.0198326573936843,0.0084270196129756
OF,GES,XGBoost,14,27,5140b32914b02e87,0.9351130121371344,0.4391180627150873,0.4431818181818182,0.0164002898697309,0.0121662570191596
OF,GES,LightGBM,14,27,5140b32914b02e87,0.9320407321362658,0.4554257364298816,0.4634146341463415,0.0169327396290231,0.0166813203610076
OF,GES,RF,14,27,5140b32914b02e87,0.9298767469295294,0.3977767459111971,0.3846153846153846,0.0164535174727425,0.0044294101202124
OF,GES,Logit,14,27,5140b32914b02e87,0.9119750164651048,0.2464713094745132,0.3354037267080745,0.0188881685921954,0.0064718516423051
OF,GES,FFMLP,14,27,5140b32914b02e87,0.8739713832859282,0.2308878565710162,0.3625730994152046,0.0196495023890102,0.0066652062029033
OF,GES,XGBoost,15,28,3885aeb60c82f238,0.9359380767310072,0.4548613568041995,0.4337349397590361,0.0160647954179433,0.0116258572216458
OF,GES,LightGBM,15,28,3885aeb60c82f238,0.9336401994629844,0.4542605868546366,0.4590163934426229,0.0169146102241276,0.016858665257036
OF,GES,RF,15,28,3885aeb60c82f238,0.9306439122536568,0.3981441897467567,0.3764705882352941,0.0164250153760134,0.0060475258596589
OF,GES,Logit,15,28,3885aeb60c82f238,0.913889311071064,0.2347145265520654,0.3512195121951219,0.0190157844695321,0.0068641248137446
OF,GES,FFMLP,15,28,3885aeb60c82f238,0.8613059180291089,0.2360668110951102,0.328125,0.0199916653008671,0.0068234933224142
OF,GES,XGBoost,16,29,ce5737d7e82b70d1,0.9384566949649348,0.4498258330051687,0.4269662921348314,0.0161282890747316,0.0115275360478662
OF,GES,RF,16,29,ce5737d7e82b70d1,0.9301970022653088,0.3954919510834027,0.3764705882352941,0.0164763466592116,0.0045082471344702
OF,GES,LightGBM,16,29,ce5737d7e82b70d1,0.9297247613464475,0.442486084708087,0.4662576687116564,0.0173969147401861,0.0170474538711927
OF,GES,Logit,16,29,ce5737d7e82b70d1,0.9136142895397732,0.2400520880425946,0.3560209424083769,0.0189458682868851,0.0064271130691701
OF,GES,FFMLP,16,29,ce5737d7e82b70d1,0.886325639967866,0.2406883291135018,0.3375527426160337,0.0199582470807897,0.0085315886998967
OF,GES,XGBoost,17,30,22765e2ff9a51343,0.9392093854716256,0.4565661409103259,0.4545454545454545,0.0160272656129677,0.0111686519148863
OF,GES,LightGBM,17,30,22765e2ff9a51343,0.9327210485557752,0.4570642551108828,0.490566037735849,0.0171344784662544,0.0170115762630183
OF,GES,RF,17,30,22765e2ff9a51343,0.9254764024288744,0.4048017447281117,0.3822222222222222,0.0164862611126642,0.0041224489795918
OF,GES,Logit,17,30,22765e2ff9a51343,0.9136685701051596,0.2374606289404815,0.2068965517241379,0.0191464514625542,0.0055678709490129
OF,GES,FFMLP,17,30,22765e2ff9a51343,0.884585043171143,0.2267496060325566,0.3046875,0.0196809077368775,0.00770633906201
OF,GES,XGBoost,18,31,9edeea16b9cee335,0.9402226226921712,0.464876414017183,0.4540540540540541,0.0157731412978955,0.0119182754280386
OF,GES,RF,18,31,9edeea16b9cee335,0.9363831773671756,0.4205092826010977,0.3954802259887006,0.0161267140061504,0.0036969527537042
OF,GES,LightGBM,18,31,9edeea16b9cee335,0.9340925375078708,0.4495788204436268,0.4576271186440678,0.0169978390973803,0.0174842844347603
OF,GES,Logit,18,31,9edeea16b9cee335,0.913252419103864,0.2319653510559657,0.3563218390804598,0.0193351246291947,0.0068076402061378
OF,GES,FFMLP,18,31,9edeea16b9cee335,0.8690752762880778,0.2491900896800491,0.3305785123966942,0.0197676346382063,0.0087447080210263
OF,GES,RF,19,32,769a4b80d3e61702,0.9366455334332096,0.4252702840147998,0.3956043956043956,0.0160675929549902,0.0048985183114341
OF,GES,XGBoost,19,32,769a4b80d3e61702,0.9363397529148664,0.4592822425092669,0.4378698224852071,0.0158860322780396,0.012164216845559
OF,GES,LightGBM,19,32,769a4b80d3e61702,0.9248503665747516,0.4495934319783732,0.4745762711864407,0.0168501050988332,0.0165723989946249
OF,GES,Logit,19,32,769a4b80d3e61702,0.9133863111651505,0.232477720073217,0.3468208092485549,0.0193367190158869,0.0065315662887532
OF,GES,FFMLP,19,32,769a4b80d3e61702,0.8921807036208756,0.2349914686557812,0.3394495412844037,0.0195684403456746,0.0072623417484408
OF,GES,XGBoost,20,33,c39706048569973a,0.93640488959333,0.4604652887642981,0.467065868263473,0.0159547288594575,0.0115347459050755
OF,GES,LightGBM,20,33,c39706048569973a,0.9333687966360524,0.4538507994025961,0.4585987261146497,0.0168636822339749,0.0172027203876085
OF,GES,RF,20,33,c39706048569973a,0.9195815330279148,0.4166578329280863,0.4078947368421052,0.016199425216662,0.0040313111545988
OF,GES,Logit,20,33,c39706048569973a,0.9130352968423184,0.2347351442879369,0.3468208092485549,0.0191785927426072,0.0068145600704788
OF,GES,FFMLP,20,33,c39706048569973a,0.8843643022052383,0.2307594052479047,0.3214285714285714,0.0198744700316418,0.0076726640181223
OF,GES,XGBoost,21,34,f436ba9a5e78ae7b,0.9378017094759392,0.4524621030836451,0.4585987261146497,0.0160882945710696,0.0112024516825112
OF,GES,LightGBM,21,34,f436ba9a5e78ae7b,0.930289279226466,0.4451514237217821,0.4675324675324675,0.0172711735609369,0.0172278071074282
OF,GES,RF,21,34,f436ba9a5e78ae7b,0.9278864595320292,0.4110733309015626,0.3645320197044335,0.0162978462398658,0.0035219457646072
OF,GES,Logit,21,34,f436ba9a5e78ae7b,0.9132813687387368,0.2347128577688779,0.3522727272727273,0.0194821953102309,0.0061886720564249
OF,GES,FFMLP,21,34,f436ba9a5e78ae7b,0.8758422534395784,0.24650785854375,0.2882882882882883,0.0195810109214424,0.006896041144651
OF,GES,XGBoost,22,35,b86990ea06c1b8c9,0.937356608839771,0.4651551129502181,0.46875,0.0160122283874267,0.0112767388337537
OF,GES,LightGBM,22,35,b86990ea06c1b8c9,0.931490689073684,0.4421016853740144,0.4545454545454545,0.0167198583201349,0.0170412466384487
OF,GES,RF,22,35,b86990ea06c1b8c9,0.93114872151175,0.4178984974002461,0.3978494623655914,0.0162172882303606,0.0044886776628459
OF,GES,Logit,22,35,b86990ea06c1b8c9,0.9135998147223368,0.2363906666842487,0.3333333333333333,0.0194557436099703,0.007159257362431
OF,GES,FFMLP,22,35,b86990ea06c1b8c9,0.8741197501646509,0.2316817881587006,0.3214285714285714,0.0196372806984033,0.008066718647533
OF,GES,XGBoost,23,36,7db99ae3f2437938,0.9414674569916988,0.4734278135530384,0.4673913043478261,0.0159713244454767,0.0112267255846609
OF,GES,RF,23,36,7db99ae3f2437938,0.9335153541625956,0.4237099676946774,0.408695652173913,0.0161147318982387,0.0045104836455129
OF,GES,LightGBM,23,36,7db99ae3f2437938,0.92692750287687,0.4463701814909485,0.4635761589403973,0.0170111413190467,0.0165395313890611
OF,GES,Logit,23,36,7db99ae3f2437938,0.9128652177374412,0.2339719940282283,0.3205128205128205,0.0194545763439357,0.0057503103086064
OF,GES,FFMLP,23,36,7db99ae3f2437938,0.892672847413712,0.2715722935840457,0.3541666666666667,0.0190418718114308,0.0072182119759682
OF,GES,XGBoost,24,37,62cabe085c09e45b,0.9314255523952204,0.4674948199056238,0.4605263157894737,0.0160248697671997,0.0115998682650214
OF,GES,RF,24,37,62cabe085c09e45b,0.9275517293788133,0.4151592557453417,0.4444444444444444,0.0161985149566675,0.0042493709812692
OF,GES,LightGBM,24,37,62cabe085c09e45b,0.9265801072583972,0.4473443259201025,0.4892086330935252,0.016840027242639,0.0166652249462252
OF,GES,Logit,24,37,62cabe085c09e45b,0.9131619514948868,0.2346358171585247,0.3542857142857142,0.019444992824117,0.0066469206326733
OF,GES,FFMLP,24,37,62cabe085c09e45b,0.8813282092479608,0.2461838368775272,0.3318385650224215,0.0193394294228957,0.0083925410004336
OF,GES,XGBoost,25,38,d3583c520e898615,0.9400163565437032,0.4678132802169907,0.4895104895104895,0.0159862676323828,0.0120227312815482
OF,GES,RF,25,38,d3583c520e898615,0.934007497955432,0.4223906393189451,0.4195804195804196,0.0160975006989097,0.0049147330164942
OF,GES,LightGBM,25,38,d3583c520e898615,0.9248069421224424,0.4367050030794535,0.4705882352941176,0.0169989630729223,0.0174564280173582
OF,GES,Logit,25,38,d3583c520e898615,0.9130642464771912,0.2349018543045462,0.3542857142857142,0.0194930566436687,0.0058364237700492
OF,GES,FFMLP,25,38,d3583c520e898615,0.8951118541517394,0.2565695484428712,0.358695652173913,0.019303240826308,0.00719385113263
OF,GES,RF,26,39,02622615eadb3a99,0.9368065657771892,0.4387075573956171,0.4023668639053254,0.0158763254123567,0.0040872239306681
OF,GES,XGBoost,26,39,02622615eadb3a99,0.9316462933611248,0.461252805321792,0.4900662251655629,0.01579973507978,0.0107178417826474
OF,GES,LightGBM,26,39,02622615eadb3a99,0.916820461601928,0.4629710742184563,0.4144144144144144,0.0170714343090105,0.0167159837841559
OF,GES,Logit,26,39,02622615eadb3a99,0.9130787212946276,0.2411488278052294,0.3657142857142857,0.0194179196286738,0.0061674049218451
OF,GES,FFMLP,26,39,02622615eadb3a99,0.8896439918651526,0.2607743176190307,0.3285714285714285,0.0191133045866348,0.0063323331405771
OF,GES,XGBoost,27,40,c7ba38b7f2818997,0.9363976521846118,0.4779397781324457,0.4774193548387097,0.0156512936433412,0.0115573775353363
OF,GES,RF,27,40,c7ba38b7f2818997,0.9216930470214444,0.4355250902937882,0.4126984126984127,0.0159339446463516,0.0041945764607212
OF,GES,LightGBM,27,40,c7ba38b7f2818997,0.916538202661919,0.4578775468626676,0.4462809917355372,0.0170612739456883,0.0171591604828023
OF,GES,Logit,27,40,c7ba38b7f2818997,0.913324793191046,0.240841219920685,0.367816091954023,0.0194211825121577,0.0061543776598794
OF,GES,FFMLP,27,40,c7ba38b7f2818997,0.889387063855657,0.2598506534510268,0.3592814371257485,0.0192537641263681,0.0074367716695997
OF,GES,XGBoost,28,41,0216a4635f0e498f,0.934979120075848,0.4730253283083138,0.4779874213836478,0.0156334930647515,0.0114960705501886
OF,GES,RF,28,41,0216a4635f0e498f,0.9327083830905184,0.4443840537526071,0.3977272727272727,0.0158161543192619,0.0051987699189264
OF,GES,LightGBM,28,41,0216a4635f0e498f,0.9229433093775106,0.4628124084132171,0.4793388429752066,0.016832909560941,0.0160271065027479
OF,GES,Logit,28,41,0216a4635f0e498f,0.9134767787741276,0.2417075094583138,0.3529411764705882,0.0194267072374599,0.0056206512511943
OF,GES,FFMLP,28,41,0216a4635f0e498f,0.8903351643977391,0.262187990315601,0.3349282296650718,0.01928482809921,0.0084286703112898
OF,GES,RF,29,42,8ca30fb5bc406689,0.9350659689804662,0.434513053706523,0.4137931034482758,0.0158451998881744,0.0053497344143136
OF,GES,XGBoost,29,42,8ca30fb5bc406689,0.93501168841508,0.4645520324679344,0.4831460674157303,0.015888158205136,0.0115405956326432
OF,GES,LightGBM,29,42,8ca30fb5bc406689,0.9238262732411288,0.4657222013721803,0.4961240310077519,0.016830794858573,0.0167853202197177
OF,GES,Logit,29,42,8ca30fb5bc406689,0.9129629227551368,0.2348651496641237,0.3522727272727273,0.019576118547774,0.0056124106275826
OF,GES,FFMLP,29,42,8ca30fb5bc406689,0.8790882312496834,0.2343564899381459,0.3492063492063492,0.0195119956064878,0.007722828123507
OF,GES,XGBoost,30,43,e2c0117983914bf3,0.934306041065057,0.4681390200500632,0.475,0.0157544480390435,0.0126810938092289
OF,GES,RF,30,43,e2c0117983914bf3,0.9237448523930492,0.4233571801107442,0.4021739130434782,0.0159460866648029,0.0034330444506569
OF,GES,LightGBM,30,43,e2c0117983914bf3,0.9222629929580012,0.4685564320514019,0.4745762711864407,0.0165377897668281,0.0161568488449908
OF,GES,Logit,30,43,e2c0117983914bf3,0.9128724551461594,0.2325375672473329,0.3614457831325301,0.0196841751692469,0.0067165175042908
OF,GES,FFMLP,30,43,e2c0117983914bf3,0.8750099514369876,0.2417078317733289,0.3387978142076502,0.0197338607840557,0.0095827109764908
OF,GES,XGBoost,31,44,8446d6072ce132d2,0.9316281998393297,0.468323970178274,0.5,0.015759453859505,0.0117081810630048
OF,GES,RF,31,44,8446d6072ce132d2,0.9250620607797584,0.4396083540277472,0.4065934065934066,0.0158348862175007,0.0057003075202683
OF,GES,LightGBM,31,44,8446d6072ce132d2,0.9237719926757424,0.4774711907244356,0.4743589743589743,0.0164050580134362,0.0163536401855131
OF,GES,Logit,31,44,8446d6072ce132d2,0.9131004335207824,0.2325692427126065,0.3515151515151515,0.0197891298447769,0.0066806100672886
OF,GES,FFMLP,31,44,8446d6072ce132d2,0.8801629864443334,0.2386280197346141,0.33,0.0195715351229026,0.0072092256788138
OF,GES,XGBoost,32,45,4346f5d3afd9cd55,0.9321492932670388,0.4613977260483682,0.4935064935064935,0.0161388776484614,0.012353150245036
OF,GES,RF,32,45,4346f5d3afd9cd55,0.9299400742558134,0.4364592886924661,0.4153005464480874,0.0158828135308918,0.0056594911937377
OF,GES,LightGBM,32,45,4346f5d3afd9cd55,0.923088057551874,0.4694246060627569,0.4827586206896552,0.0164696511360031,0.0162948640890976
OF,GES,Logit,32,45,4346f5d3afd9cd55,0.913809699575164,0.2328555012391038,0.3536585365853658,0.019771180961037,0.0068630064159932
OF,GES,FFMLP,32,45,4346f5d3afd9cd55,0.8839879569518929,0.2562596578623036,0.3563218390804598,0.0193040799418064,0.0075973053039711
OF,GES,XGBoost,33,46,bab37ff8d1735f15,0.9327282859644932,0.4622643753881696,0.4785276073619632,0.0157372034029638,0.0114551390045282
OF,GES,RF,33,46,bab37ff8d1735f15,0.9288200852566748,0.4350113981151745,0.4285714285714285,0.0159165960301929,0.0051842325971484
OF,GES,LightGBM,33,46,bab37ff8d1735f15,0.9217889426869604,0.4698011224272945,0.4615384615384615,0.0165268029254321,0.0162667661392259
OF,GES,Logit,33,46,bab37ff8d1735f15,0.9130280594336004,0.23300674870249,0.3604651162790697,0.0197646082800079,0.0062508134099097
OF,GES,FFMLP,33,46,bab37ff8d1735f15,0.885819021357593,0.2481746101367649,0.3370786516853932,0.01966650440707,0.0068719918119205
OF,GES,XGBoost,34,47,32b8a5eaf3983dd2,0.9352432854940615,0.4568647342566727,0.5103448275862069,0.0156860668309637,0.0121167288590113
OF,GES,LightGBM,34,47,32b8a5eaf3983dd2,0.9275390639135564,0.469427585312714,0.4878048780487805,0.0164178696459011,0.0160034105133275
OF,GES,RF,34,47,32b8a5eaf3983dd2,0.9263267979532608,0.4355702439998678,0.4170616113744075,0.0159281990494828,0.0049605814928711
OF,GES,Logit,34,47,32b8a5eaf3983dd2,0.9134224982087412,0.2327443751627488,0.3625730994152046,0.0197773901694675,0.0060847568825486
OF,GES,FFMLP,34,47,32b8a5eaf3983dd2,0.8770798503303878,0.2588364466225881,0.3522012578616352,0.0194668964445746,0.0072053846602945
OF,GES,XGBoost,35,48,e0f883579cbf975e,0.9354676451643252,0.4670867599908612,0.4632768361581921,0.0158496185653442,0.0120051821105615
OF,GES,RF,35,48,e0f883579cbf975e,0.9303562252571088,0.4375810536633266,0.4175824175824176,0.0158155370422141,0.0045032149846239
OF,GES,LightGBM,35,48,e0f883579cbf975e,0.9258165606386288,0.471112084150976,0.4561403508771929,0.0161971519200083,0.015941319615085
OF,GES,Logit,35,48,e0f883579cbf975e,0.912608289727946,0.2309028032572131,0.3614457831325301,0.01981905364518,0.0060741943003725
OF,GES,FFMLP,35,48,e0f883579cbf975e,0.8899877687792662,0.2377583169094661,0.3535911602209944,0.0196931587137105,0.0071347766686808
OF,GES,XGBoost,36,49,bf16be90977c5582,0.9357969472610028,0.4664825169376408,0.4933333333333333,0.015679572025249,0.01053079247458
OF,GES,RF,36,49,bf16be90977c5582,0.9351835768721368,0.4432563604714519,0.4019607843137255,0.0156983282079955,0.0054559686888453
OF,GES,LightGBM,36,49,bf16be90977c5582,0.9224294533585196,0.4791503367830453,0.4285714285714285,0.0162220739023746,0.015878817738778
OF,GES,Logit,36,49,bf16be90977c5582,0.9131366205643732,0.2312153903884637,0.3604651162790697,0.0197975710902539,0.0063892818877081
OF,GES,FFMLP,36,49,bf16be90977c5582,0.8843787770226748,0.2444733910570499,0.3512195121951219,0.0192145587176203,0.0065080785044922
OF,GES,XGBoost,37,50,77f73fb46557a099,0.93556896888638,0.4768733096631554,0.4900662251655629,0.0156423985575241,0.0118910816251015
OF,GES,RF,37,50,77f73fb46557a099,0.9331100592743776,0.4356705866232196,0.4148936170212766,0.0157988739166899,0.0050349454850433
OF,GES,LightGBM,37,50,77f73fb46557a099,0.9217997988000376,0.4617303027620393,0.4793388429752066,0.0164941855172386,0.0160861494555188
OF,GES,Logit,37,50,77f73fb46557a099,0.9131402392687324,0.231723587216964,0.3536585365853658,0.0197750980871548,0.0064590110073323
OF,GES,FFMLP,37,50,77f73fb46557a099,0.8948983505945531,0.2479778292660928,0.3536585365853658,0.0193271768727987,0.0071226825236207
OF,GES,RF,38,51,3aef2ea487c8c758,0.935509260264455,0.4449935806503956,0.4147465437788018,0.0157976158792284,0.003496785015376
OF,GES,XGBoost,38,51,3aef2ea487c8c758,0.9346823863184026,0.4569836820663081,0.4697986577181208,0.0159622486889849,0.0114878007985504
OF,GES,LightGBM,38,51,3aef2ea487c8c758,0.9227768489769924,0.4710240647645728,0.4683544303797468,0.0163306545163129,0.0166996667076939
OF,GES,Logit,38,51,3aef2ea487c8c758,0.9128579803287232,0.2315903689894209,0.3658536585365853,0.0197960844395596,0.0070821235707974
OF,GES,FFMLP,38,51,3aef2ea487c8c758,0.8785056198478698,0.245613136583708,0.32,0.0194370988026981,0.0077222085325893
OF,GES,RF,39,52,1b69d1025e20b6aa,0.93600683211383,0.4464076132384751,0.4175824175824176,0.0157385820519988,0.0032289628180039
OF,GES,XGBoost,39,52,1b69d1025e20b6aa,0.9341323432558208,0.4699048732112443,0.43,0.0157205018723521,0.0105289381589357
OF,GES,LightGBM,39,52,1b69d1025e20b6aa,0.924908265844497,0.4748327381128238,0.4713375796178344,0.0165174471080967,0.0163412156831125
OF,GES,Logit,39,52,1b69d1025e20b6aa,0.9131040522251412,0.2302044999695784,0.3536585365853658,0.0197898588503993,0.0068721947554112
OF,GES,FFMLP,39,52,1b69d1025e20b6aa,0.8889166322889753,0.2683897498873701,0.3636363636363636,0.0190893327842732,0.0081812860027605
OF,GES,RF,40,53,96221a760cb19a78,0.9346823863184024,0.4388521548817749,0.4111111111111111,0.0157932177802627,0.0039122169415711
OF,GES,XGBoost,40,53,96221a760cb19a78,0.9310202575070023,0.4609191671451054,0.4722222222222222,0.015915779312507,0.0111173732207006
OF,GES,LightGBM,40,53,96221a760cb19a78,0.9227949424987876,0.4693909549442173,0.4561403508771929,0.0164480835636053,0.0166480657113839
OF,GES,Logit,40,53,96221a760cb19a78,0.9132379442864276,0.2303303478538993,0.3604651162790697,0.0197895874894554,0.0068016698920775
OF,GES,FFMLP,40,53,96221a760cb19a78,0.8980393859782443,0.2500344810942584,0.3267326732673267,0.0192104703454012,0.007621802090984
OF,GES,XGBoost,41,54,ed7e428ea5c2111b,0.937038162856171,0.4699944083566812,0.4897959183673469,0.015776403177815,0.0119982315210465
OF,GES,RF,41,54,ed7e428ea5c2111b,0.9366002996287208,0.4396310044641493,0.4102564102564102,0.0157160268381325,0.0041090299133351
OF,GES,LightGBM,41,54,ed7e428ea5c2111b,0.926337654066338,0.4706111635487608,0.4247787610619469,0.0167199877866577,0.016723688059791
OF,GES,Logit,41,54,ed7e428ea5c2111b,0.913172807607964,0.230665448504978,0.3515151515151515,0.0198061293363883,0.00655835583347
OF,GES,FFMLP,41,54,ed7e428ea5c2111b,0.8787661665617241,0.2616684559501964,0.3859649122807017,0.0195938969286767,0.0076353759810782
OF,GES,XGBoost,42,55,92155b44d934b157,0.9379030331979936,0.4723790639405011,0.4772727272727273,0.0157573167361891,0.0115933182477734
OF,GES,RF,42,55,92155b44d934b157,0.9290969161401452,0.4456406201359882,0.4333333333333333,0.0157536829745596,0.003232317584568
OF,GES,LightGBM,42,55,92155b44d934b157,0.9248865536183424,0.4631210461075538,0.4833333333333333,0.0164612882646088,0.0157451241203396
OF,GES,Logit,42,55,92155b44d934b157,0.9132922248518142,0.2316747216359289,0.3625730994152046,0.0197936052391044,0.0066984179937982
OF,GES,FFMLP,42,55,92155b44d934b157,0.8877441720766296,0.2511087269701209,0.3493975903614458,0.0195528417514323,0.0069690772824599
OF,GES,XGBoost,43,56,18afa124e87230bb,0.9330539693568114,0.4594091571681769,0.4864864864864865,0.0160229660796416,0.0121237299189456
OF,GES,RF,43,56,18afa124e87230bb,0.9273762222173972,0.4488725621267824,0.4057971014492754,0.0157989477215543,0.0030824713447022
OF,GES,LightGBM,43,56,18afa124e87230bb,0.9253895535242562,0.4653463293756055,0.4786324786324786,0.0164305488388025,0.0161554044065334
OF,GES,Logit,43,56,18afa124e87230bb,0.9134261169131004,0.2339159908477115,0.3636363636363636,0.0197817773601003,0.0068858181462288
OF,GES,FFMLP,43,56,18afa124e87230bb,0.8810170006730791,0.2401238939546219,0.3459459459459459,0.0193358336634475,0.0081084593443154
OF,GES,XGBoost,44,57,ef4bcb9717674eb3,0.9375049757184936,0.4700855483343956,0.4772727272727273,0.0158009681575745,0.0117754592960671
OF,GES,RF,44,57,ef4bcb9717674eb3,0.9297645670943976,0.4394705555727686,0.4,0.0158272854347218,0.0040693318423259
OF,GES,LightGBM,44,57,ef4bcb9717674eb3,0.9265547763278836,0.4638249185119234,0.4655172413793103,0.0164058755742844,0.0161379846682692
OF,GES,Logit,44,57,ef4bcb9717674eb3,0.9136685701051594,0.2319388418606271,0.3583815028901734,0.0197689402092171,0.0068147325623519
OF,GES,FFMLP,44,57,ef4bcb9717674eb3,0.8865499996381296,0.2655669015426086,0.3529411764705882,0.0193708364916513,0.0083071491237118
OF,GES,XGBoost,45,58,5ef92d44b46503c9,0.9337559980024752,0.4575010208910154,0.4263959390862944,0.0159030677301944,0.012576688567907
OF,GES,RF,45,58,5ef92d44b46503c9,0.9318344659877976,0.4506986104926788,0.425531914893617,0.015692551299972,0.0040413754542913
OF,GES,LightGBM,45,58,5ef92d44b46503c9,0.9310600632549524,0.4788545998915824,0.4793388429752066,0.0165344506613067,0.016282606996288
OF,GES,Logit,45,58,5ef92d44b46503c9,0.913089577407705,0.2342839742693417,0.3636363636363636,0.0197821491178323,0.0063138961013893
OF,GES,FFMLP,45,58,5ef92d44b46503c9,0.8872628843968705,0.262794130398343,0.3646408839779005,0.0192567483815597,0.0089579522109811
OF,GES,XGBoost,46,59,44a4a5832be4b683,0.9364121270020482,0.4545450293580044,0.4892086330935252,0.0161646949704824,0.0132997587970454
OF,GES,RF,46,59,44a4a5832be4b683,0.9291439592968134,0.4459725553754085,0.4269662921348314,0.0157068560246016,0.0036801789208834
OF,GES,LightGBM,46,59,44a4a5832be4b683,0.9270975819817472,0.4763477882052516,0.4736842105263157,0.0164114997150848,0.0161990236386562
OF,GES,Logit,46,59,44a4a5832be4b683,0.913165570199246,0.2335302451000243,0.3625730994152046,0.0197904485985134,0.007019545159484
OF,GES,FFMLP,46,59,44a4a5832be4b683,0.8944641060714621,0.2527325345003894,0.3571428571428571,0.0194458941597051,0.0086886314078978
OF,GOLEM,XGBoost,1,14,1764f1430f80689c,0.9349537891453344,0.4523601318968185,0.4302325581395348,0.016243996497565,0.0108740158977394
OF,GOLEM,RF,1,14,1764f1430f80689c,0.9276874307922792,0.4282076861966702,0.4137931034482758,0.0160780788370142,0.0033793681856304
OF,GOLEM,Logit,1,14,1764f1430f80689c,0.9234101222398332,0.2566213054762035,0.2666666666666666,0.0189552360181997,0.0109900279260867
OF,GOLEM,LightGBM,1,14,1764f1430f80689c,0.9195453459843238,0.4382346120188729,0.48,0.0166533909336654,0.0163387451440515
OF,GOLEM,FFMLP,1,14,1764f1430f80689c,0.8798734900956062,0.2896799901113284,0.352,0.0195167653673196,0.0084846229556721
OF,GOLEM,XGBoost,2,15,a6c4d708f5adb6d5,0.9347547604055844,0.4510558908683423,0.4041450777202072,0.0162044745426104,0.0113922003433363
OF,GOLEM,LightGBM,2,15,a6c4d708f5adb6d5,0.930057682147484,0.4440997195333122,0.4539877300613497,0.0163062757329641,0.0163867673869993
OF,GOLEM,RF,2,15,a6c4d708f5adb6d5,0.9270758697555928,0.4179145508957301,0.4,0.0162333206597707,0.003874196253844
OF,GOLEM,Logit,2,15,a6c4d708f5adb6d5,0.9232364244305968,0.2559653084430588,0.2627737226277372,0.0189988566132649,0.0106198285683923
OF,GOLEM,FFMLP,2,15,a6c4d708f5adb6d5,0.8539852791106671,0.2477601977702261,0.3,0.0200659972882607,0.0078081876052002
OF,GOLEM,XGBoost,3,16,72486b97342b5a81,0.9371865297348936,0.443048194319597,0.4370860927152318,0.0164497376976555,0.0122843896736476
OF,GOLEM,RF,3,16,72486b97342b5a81,0.9296686714288817,0.436379477776129,0.4017857142857143,0.0160049348616158,0.0047028235951915
OF,GOLEM,LightGBM,3,16,72486b97342b5a81,0.9262725173878744,0.427924293721847,0.4748201438848921,0.0164566613028902,0.0159471091318385
OF,GOLEM,Logit,3,16,72486b97342b5a81,0.9227768489769924,0.2544113272185889,0.3164556962025316,0.0191630865845911,0.0125945771638277
OF,GOLEM,FFMLP,3,16,72486b97342b5a81,0.8701174631434961,0.2478858823440776,0.323943661971831,0.0202701793014505,0.0099041790435617
OF,GOLEM,XGBoost,4,17,283d566f7c427ce1,0.9362673788276844,0.4411636735830225,0.4558823529411764,0.0162596506983955,0.0106392130451623
OF,GOLEM,RF,4,17,283d566f7c427ce1,0.9316028689088158,0.4266668200552083,0.3902439024390244,0.0160097142857142,0.0049521945764607
OF,GOLEM,Logit,4,17,283d566f7c427ce1,0.9258816973170926,0.250477602164495,0.3184713375796178,0.0194077595825156,0.0128888878345371
OF,GOLEM,LightGBM,4,17,283d566f7c427ce1,0.9220277771746604,0.4309321710985181,0.4375,0.0165074249164309,0.0160261924388134
OF,GOLEM,FFMLP,4,17,283d566f7c427ce1,0.8922132719601074,0.2422555074013029,0.3452380952380952,0.0193973837954155,0.0071260631131307
OF,GOLEM,XGBoost,5,18,648fe30c933c651d,0.9382142417728756,0.471399513629172,0.4817518248175182,0.0158933120485584,0.0113509783535874
OF,GOLEM,LightGBM,5,18,648fe30c933c651d,0.9277417113576656,0.4447614285397303,0.4923076923076923,0.0163460108341416,0.0158775229151547
OF,GOLEM,Logit,5,18,648fe30c933c651d,0.922682762663656,0.2618247816807709,0.3378378378378378,0.0191125497868902,0.0123268054617301
OF,GOLEM,RF,5,18,648fe30c933c651d,0.9217455182346512,0.4241879892306678,0.3736263736263736,0.0161067419625384,0.005449259155717
OF,GOLEM,FFMLP,5,18,648fe30c933c651d,0.866824442176723,0.2199314111405099,0.3034482758620689,0.0200002086659083,0.0073663784260789
OF,GOLEM,XGBoost,6,19,47ac225f8366a49b,0.9417135288881168,0.4661368558891773,0.4680851063829787,0.0160997544941907,0.0128746412418207
OF,GOLEM,LightGBM,6,19,47ac225f8366a49b,0.9321565306757568,0.4535273916969113,0.4397163120567376,0.0169550980081195,0.0167146915283527
OF,GOLEM,RF,6,19,47ac225f8366a49b,0.9252339492368152,0.4254061270076101,0.3926380368098159,0.0161437495107632,0.0051115459882583
OF,GOLEM,Logit,6,19,47ac225f8366a49b,0.922404122428006,0.263633262234272,0.3936170212765957,0.0194633428044786,0.0127036615489447
OF,GOLEM,FFMLP,6,19,47ac225f8366a49b,0.8848383524762793,0.2803559909333208,0.4134078212290503,0.0195342731716328,0.0082798055673852
OF,GOLEM,XGBoost,7,20,8df3c6eaed0221da,0.9419234137409442,0.4788747677301053,0.4363636363636363,0.0158479363806388,0.0126781139344701
OF,GOLEM,LightGBM,7,20,8df3c6eaed0221da,0.934700479840198,0.4567552638157767,0.4655172413793103,0.0165035774558813,0.0158212816208457
OF,GOLEM,RF,7,20,8df3c6eaed0221da,0.9264606900145472,0.4292076121856409,0.4246575342465753,0.0161200682135868,0.0043248532289628
OF,GOLEM,Logit,7,20,8df3c6eaed0221da,0.922849223064174,0.2651451075914536,0.391304347826087,0.0193928386390739,0.0127457495670313
OF,GOLEM,FFMLP,7,20,8df3c6eaed0221da,0.8717494988094463,0.2436372025573689,0.3484848484848485,0.0198141832002321,0.0065823076321512
OF,GOLEM,XGBoost,8,21,ec85353a21c9d2f4,0.938387939582112,0.4870779281535523,0.4722222222222222,0.0156583585041961,0.0107446639656813
OF,GOLEM,LightGBM,8,21,ec85353a21c9d2f4,0.9333181347750252,0.4462215801695161,0.4958677685950413,0.0167421403925894,0.0169151741158916
OF,GOLEM,Logit,8,21,ec85353a21c9d2f4,0.921814273617474,0.2494736922336112,0.3820224719101123,0.019999015231282,0.0129078663934122
OF,GOLEM,RF,8,21,ec85353a21c9d2f4,0.9159899689515164,0.4188717493866961,0.3924050632911392,0.0162505037741123,0.0045641599105395
OF,GOLEM,FFMLP,8,21,ec85353a21c9d2f4,0.881534475396429,0.2487846537051064,0.334763948497854,0.0195720451892945,0.0071491798389102
OF,GOLEM,XGBoost,9,22,0c4c0616521c3b2a,0.9382323352946712,0.4666142687577909,0.4755244755244755,0.0157467092105576,0.0108357936764583
OF,GOLEM,LightGBM,9,22,0c4c0616521c3b2a,0.9364193644107665,0.4588305603204288,0.4881889763779528,0.0165965970288056,0.0165326136494542
OF,GOLEM,RF,9,22,0c4c0616521c3b2a,0.9350225445281573,0.4136397894867339,0.389937106918239,0.0162614268940452,0.0054151523623147
OF,GOLEM,Logit,9,22,0c4c0616521c3b2a,0.9203233674215284,0.237903182737988,0.3157894736842105,0.0197700796537919,0.0108834344365087
OF,GOLEM,FFMLP,9,22,0c4c0616521c3b2a,0.8807854035940972,0.2361061449581651,0.3231441048034934,0.0197053780564877,0.0056261152192025
OF,GOLEM,XGBoost,10,23,7d9a63074f68ccad,0.943019881161749,0.4760114690100842,0.4661654135338345,0.0158420890156906,0.0106436868063086
OF,GOLEM,LightGBM,10,23,7d9a63074f68ccad,0.9345846813007072,0.4510718033170527,0.4683544303797468,0.0167830479864065,0.0168693562784594
OF,GOLEM,RF,10,23,7d9a63074f68ccad,0.9266162943019882,0.4073487444179216,0.3949044585987261,0.0163978864970645,0.0049784735812133
OF,GOLEM,Logit,10,23,7d9a63074f68ccad,0.9170412025678326,0.2371307951148663,0.3246753246753247,0.0196631034680184,0.008503924985516
OF,GOLEM,FFMLP,10,23,7d9a63074f68ccad,0.8806297993066563,0.2439205934584141,0.3708609271523179,0.0195083389854187,0.0070186418814176
OF,GOLEM,XGBoost,11,24,18138564e117358f,0.9403818456839712,0.4826439231133516,0.4539007092198581,0.0157219608059461,0.010648240713074
OF,GOLEM,LightGBM,11,24,18138564e117358f,0.9358620839394663,0.4571286572550949,0.4967320261437908,0.0166415058512098,0.0163337969516412
OF,GOLEM,RF,11,24,18138564e117358f,0.9232346150784172,0.4028720925366828,0.384180790960452,0.0164163712608331,0.0038076600503214
OF,GOLEM,Logit,11,24,18138564e117358f,0.916223375382678,0.2377344653077576,0.326797385620915,0.0196723122860766,0.0079375479937618
OF,GOLEM,FFMLP,11,24,18138564e117358f,0.8719376714361189,0.2503435516046068,0.3333333333333333,0.0196730695444345,0.0075637673293124
OF,GOLEM,XGBoost,12,25,215b222793dcdbfb,0.9409897880162988,0.4716996045271992,0.4390243902439024,0.0158323739970024,0.0115513576357762
OF,GOLEM,LightGBM,12,25,215b222793dcdbfb,0.9322506169890932,0.4605495129952362,0.4567901234567901,0.0166477689909161,0.0163105005805404
OF,GOLEM,RF,12,25,215b222793dcdbfb,0.9312735668121386,0.4125748375389706,0.3780487804878049,0.0162938965613642,0.0049980430528375
OF,GOLEM,Logit,12,25,215b222793dcdbfb,0.9160532962778009,0.23810538500636,0.3376623376623376,0.0197285506377011,0.0078975426055249
OF,GOLEM,FFMLP,12,25,215b222793dcdbfb,0.8741885055474737,0.2485718209639699,0.3461538461538461,0.0197220839946621,0.0084466087208268
OF,GOLEM,XGBoost,13,26,472fc3f159d772f3,0.9392672847413712,0.464135765819514,0.4635761589403973,0.0158247094764855,0.012100912167305
OF,GOLEM,LightGBM,13,26,472fc3f159d772f3,0.9351926236330343,0.449626894182805,0.4705882352941176,0.0167929693235861,0.0167061181380568
OF,GOLEM,RF,13,26,472fc3f159d772f3,0.9236887624754831,0.4078003223142667,0.4129032258064516,0.0163439362594352,0.0032110707296617
OF,GOLEM,Logit,13,26,472fc3f159d772f3,0.9148808360654552,0.2397266112714305,0.3333333333333333,0.0193132532879448,0.0065537703767827
OF,GOLEM,FFMLP,13,26,472fc3f159d772f3,0.8775032387404015,0.2511577729379982,0.3428571428571428,0.0195878724444623,0.0066614882009786
OF,GOLEM,XGBoost,14,27,4bae1f31c7f9b591,0.9383372777210848,0.457300641543892,0.4647887323943662,0.0160613089622199,0.0114607083596089
OF,GOLEM,LightGBM,14,27,4bae1f31c7f9b591,0.9330648254698888,0.4622638791190498,0.4768211920529801,0.0164931637770003,0.0161939572854799
OF,GOLEM,RF,14,27,4bae1f31c7f9b591,0.9240632983766492,0.4098371110954725,0.4161073825503356,0.0163689561084707,0.0038317025440313
OF,GOLEM,Logit,14,27,4bae1f31c7f9b591,0.9144936346990324,0.2401747858292734,0.3333333333333333,0.0192657893459296,0.0070333920699339
OF,GOLEM,FFMLP,14,27,4bae1f31c7f9b591,0.8757155987870103,0.2292422492334101,0.3333333333333333,0.0197358824767948,0.0077172563168375
OF,GOLEM,XGBoost,15,28,6c0c6915847c8118,0.9401140615613984,0.4702375051305923,0.4444444444444444,0.0160138767792557,0.0123647811013121
OF,GOLEM,RF,15,28,6c0c6915847c8118,0.9304521209226247,0.4126079889454528,0.3645320197044335,0.0164075951915012,0.0038993570030752
OF,GOLEM,LightGBM,15,28,6c0c6915847c8118,0.9289214089787292,0.4615730543556039,0.4539877300613497,0.0166299091971867,0.0166229101650747
OF,GOLEM,Logit,15,28,6c0c6915847c8118,0.9143923109769778,0.2413603510299461,0.3265306122448979,0.0192914499744425,0.0070579986145744
OF,GOLEM,FFMLP,15,28,6c0c6915847c8118,0.8594567601016132,0.2175079830319266,0.2868525896414343,0.0199535430941456,0.0090373800367091
OF,GOLEM,XGBoost,16,29,b3a50edf227de16f,0.9352215732679072,0.4585569857354793,0.4347826086956521,0.0158864467192464,0.0119296674136783
OF,GOLEM,LightGBM,16,29,b3a50edf227de16f,0.9338175159765798,0.4502803525115126,0.4592592592592592,0.0167804129633311,0.0161640490004584
OF,GOLEM,RF,16,29,b3a50edf227de16f,0.9270451107685403,0.3956091916765988,0.410958904109589,0.0165557003075202,0.0045294939893765
OF,GOLEM,Logit,16,29,b3a50edf227de16f,0.9138531240274732,0.2393594640501959,0.3265306122448979,0.019329967450047,0.0071652221328395
OF,GOLEM,FFMLP,16,29,b3a50edf227de16f,0.8814295329700154,0.2392639665978223,0.3425414364640884,0.019398594780688,0.0064297915978665
OF,GOLEM,XGBoost,17,30,77593e6cf28cc0b7,0.9359706450702392,0.4656248698065156,0.4596273291925465,0.0160828470950248,0.0125758766013371
OF,GOLEM,LightGBM,17,30,77593e6cf28cc0b7,0.9345702064832708,0.4677400094060907,0.464,0.0166723246800055,0.0161549849793446
OF,GOLEM,RF,17,30,77593e6cf28cc0b7,0.9257170462687538,0.3929874493960401,0.3636363636363636,0.0167075102040816,0.0047889292703382
OF,GOLEM,Logit,17,30,77593e6cf28cc0b7,0.9157276128854824,0.2469369718056945,0.3311258278145695,0.0192919995802397,0.0085043847702919
OF,GOLEM,FFMLP,17,30,77593e6cf28cc0b7,0.8832280290364838,0.2283844481776052,0.3192488262910798,0.0195377836833939,0.007107116238245
OF,GOLEM,XGBoost,18,31,aecda8e9d3172999,0.9378523713369664,0.4502182915527163,0.4556962025316455,0.0160956872218251,0.0118179607892714
OF,GOLEM,LightGBM,18,31,aecda8e9d3172999,0.9355146883209936,0.4576682648142415,0.4885496183206106,0.0166001750351987,0.0163160222405326
OF,GOLEM,RF,18,31,aecda8e9d3172999,0.9268460820287904,0.3937402629541182,0.3850931677018633,0.016676263908303,0.0049130556332121
OF,GOLEM,Logit,18,31,aecda8e9d3172999,0.9163174616960144,0.2486947143063622,0.3285714285714285,0.0192453738168329,0.008717202018416
OF,GOLEM,FFMLP,18,31,aecda8e9d3172999,0.8605496088180589,0.2394432471119447,0.3253588516746411,0.0199392285898969,0.0077141935483812
OF,GOLEM,XGBoost,19,32,d201257e9537b66f,0.9322868040326842,0.4519227706229978,0.4895104895104895,0.0161876112879833,0.0129250133676188
OF,GOLEM,LightGBM,19,32,d201257e9537b66f,0.9317801854224114,0.4538500340574181,0.4714285714285714,0.0167830516030152,0.0167970766040532
OF,GOLEM,RF,19,32,d201257e9537b66f,0.9178861700356804,0.4010688490774551,0.4316546762589928,0.0165240525580095,0.0049225608051439
OF,GOLEM,Logit,19,32,d201257e9537b66f,0.9160750085039552,0.2487348363284409,0.323943661971831,0.0192993515274081,0.0084466954950636
OF,GOLEM,FFMLP,19,32,d201257e9537b66f,0.8754369585513603,0.2336352510234846,0.3406593406593406,0.0197709924284281,0.0078047295052819
OF,GOLEM,XGBoost,20,33,00037b2451cb07a3,0.9336221059411888,0.4643400290591561,0.4691358024691358,0.016012515501364,0.0106202692763558
OF,GOLEM,LightGBM,20,33,00037b2451cb07a3,0.933307278661948,0.4447737324326506,0.460431654676259,0.0170090255586762,0.016662572868406
OF,GOLEM,RF,20,33,00037b2451cb07a3,0.9215482988470808,0.3954051033709084,0.3926380368098159,0.0166471501258037,0.0062555213866368
OF,GOLEM,Logit,20,33,00037b2451cb07a3,0.9160713897995962,0.2483692566735658,0.3194444444444444,0.0192832657877115,0.008416544216703
OF,GOLEM,FFMLP,20,33,00037b2451cb07a3,0.8791859362673788,0.2405778634698628,0.336734693877551,0.0199337211775614,0.0071525299166055
OF,GOLEM,LightGBM,21,34,5929e7ecaee6ba5d,0.9358512278263892,0.4479536636449108,0.48,0.0168048633693079,0.0168869578454305
OF,GOLEM,XGBoost,21,34,5929e7ecaee6ba5d,0.934421839604548,0.456122003411646,0.4523809523809524,0.016145946965134,0.0122045364904172
OF,GOLEM,RF,21,34,5929e7ecaee6ba5d,0.925518017529004,0.3804280129483952,0.3647058823529411,0.0167469466032988,0.0057159630975677
OF,GOLEM,Logit,21,34,5929e7ecaee6ba5d,0.9158289366075372,0.2477688728554345,0.3216783216783216,0.019268403572257,0.0083372837979518
OF,GOLEM,FFMLP,21,34,5929e7ecaee6ba5d,0.8806478928284516,0.2477013766097911,0.312,0.0194287709304173,0.00749001496617
OF,GOLEM,LightGBM,22,35,b2b3bca1258ab915,0.937074349899762,0.4537490674964614,0.4848484848484848,0.0169776789571004,0.0167303412009952
OF,GOLEM,XGBoost,22,35,b2b3bca1258ab915,0.9350840625022616,0.4594949971986222,0.4539877300613497,0.0160921918128487,0.0110665443738693
OF,GOLEM,RF,22,35,b2b3bca1258ab915,0.9216984750779832,0.3826498158636126,0.384180790960452,0.016728158792284,0.0059200447302208
OF,GOLEM,Logit,22,35,b2b3bca1258ab915,0.9166178141578188,0.2504234150434414,0.3216783216783216,0.0192012483200582,0.0082599376028877
OF,GOLEM,FFMLP,22,35,b2b3bca1258ab915,0.8743911529915829,0.248901055355219,0.3567567567567568,0.0194733505303646,0.0082093832385849
OF,GOLEM,XGBoost,23,36,552939458212efbd,0.9361407241751164,0.4571595966429713,0.4567901234567901,0.0159516037145367,0.0119473851121324
OF,GOLEM,LightGBM,23,36,552939458212efbd,0.933669149097857,0.4622489321137521,0.4888888888888889,0.0167048318564976,0.0165752769871188
OF,GOLEM,RF,23,36,552939458212efbd,0.9214849715207968,0.4108113134414013,0.3736263736263736,0.0164107363712608,0.0059183673469387
OF,GOLEM,Logit,23,36,552939458212efbd,0.9159519725557462,0.2484008881797507,0.3216783216783216,0.0192547974818672,0.0088019260780286
OF,GOLEM,FFMLP,23,36,552939458212efbd,0.8745612320964602,0.2565068177861163,0.3523316062176165,0.0195652179831294,0.006355381995931
OF,GOLEM,XGBoost,24,37,b2e53f58cc65415c,0.9352360480853436,0.4681139132998049,0.4817518248175182,0.0158353697095873,0.0116555641721887
OF,GOLEM,LightGBM,24,37,b2e53f58cc65415c,0.9334809764711842,0.4639135588030315,0.4657534246575342,0.0168407330880745,0.0167966507241745
OF,GOLEM,RF,24,37,b2e53f58cc65415c,0.9263159418401836,0.4033606670466472,0.3668639053254438,0.0164536125244618,0.0050293542074364
OF,GOLEM,Logit,24,37,b2e53f58cc65415c,0.915984540894978,0.2496013598950047,0.3194444444444444,0.0192415939527552,0.0084959412243531
OF,GOLEM,FFMLP,24,37,b2e53f58cc65415c,0.8731752683269283,0.2325472471808292,0.3555555555555555,0.0196176109397427,0.0068587186760098
OF,GOLEM,LightGBM,25,38,eb121959e2431b20,0.9343386094042888,0.4672714065639068,0.4805194805194805,0.0165438985236856,0.0164158261706671
OF,GOLEM,XGBoost,25,38,eb121959e2431b20,0.9339586454465844,0.4549750278947947,0.4832214765100671,0.0160704318056182,0.0121145286332521
OF,GOLEM,RF,25,38,eb121959e2431b20,0.9242876580469128,0.4018935916331173,0.384180790960452,0.0164622119094213,0.0045015376013419
OF,GOLEM,Logit,25,38,eb121959e2431b20,0.9157384689985596,0.2487909655665485,0.3194444444444444,0.019266925972297,0.0084939710269522
OF,GOLEM,FFMLP,25,38,eb121959e2431b20,0.8882399345738252,0.2322485740599099,0.3561643835616438,0.0193578430713363,0.0067951163187985
OF,GOLEM,RF,26,39,0ffa48359963fc99,0.9299147433253,0.4098648694678828,0.4,0.0163832015655577,0.0045937936818563
OF,GOLEM,XGBoost,26,39,0ffa48359963fc99,0.9274377401915018,0.4522125345272593,0.4210526315789473,0.0161551929703184,0.0122545685141087
OF,GOLEM,LightGBM,26,39,0ffa48359963fc99,0.9270831071643107,0.4654280814644657,0.4805194805194805,0.0166818803642553,0.0168520200318648
OF,GOLEM,Logit,26,39,0ffa48359963fc99,0.915593720824196,0.243799382932372,0.3150684931506849,0.019315567441142,0.0082753089478803
OF,GOLEM,FFMLP,26,39,0ffa48359963fc99,0.8811219430994927,0.2606256748198888,0.3636363636363636,0.0191875001665719,0.0062890360277663
OF,NOTEARS,XGBoost,1,14,9560cd328a79aa95,0.9349537891453344,0.4523601318968185,0.4302325581395348,0.016243996497565,0.0108740158977394
OF,NOTEARS,RF,1,14,9560cd328a79aa95,0.927302038778036,0.4285613945384376,0.4137931034482758,0.0160865563321218,0.003686329326251
OF,NOTEARS,Logit,1,14,9560cd328a79aa95,0.9234137409441924,0.2571522248138446,0.2647058823529412,0.0189470773254064,0.0112147299092749
OF,NOTEARS,LightGBM,1,14,9560cd328a79aa95,0.9195453459843238,0.4382346120188729,0.48,0.0166533909336654,0.0163387451440515
OF,NOTEARS,FFMLP,1,14,9560cd328a79aa95,0.8794971448422607,0.2888654217627691,0.352,0.0195258816534239,0.0085117185187883
OF,NOTEARS,XGBoost,2,15,df52776712e79ece,0.934107012325307,0.4669039670323948,0.4431137724550898,0.0159500483115956,0.0112701436004301
OF,NOTEARS,LightGBM,2,15,df52776712e79ece,0.9287042867171836,0.4497121905297174,0.4881889763779528,0.0165346732055345,0.0163730259309382
OF,NOTEARS,RF,2,15,df52776712e79ece,0.9257459959036266,0.4235254848174111,0.4,0.0161547777467151,0.0033346379647749
OF,NOTEARS,Logit,2,15,df52776712e79ece,0.9234354531703468,0.2561126235423923,0.2647058823529412,0.0189679964067416,0.0114050124156826
OF,NOTEARS,FFMLP,2,15,df52776712e79ece,0.8597354003372633,0.2192848864940129,0.2835820895522388,0.0200671283231137,0.0090156351537687
OF,NOTEARS,XGBoost,3,16,e4b9df0e4c07e44e,0.9418148526101716,0.4614375749592588,0.448087431693989,0.0159838493572769,0.0115431724889487
OF,NOTEARS,LightGBM,3,16,e4b9df0e4c07e44e,0.9320552069537024,0.456500686445666,0.496,0.0167270809352703,0.0168873442929539
OF,NOTEARS,RF,3,16,e4b9df0e4c07e44e,0.9277109523706132,0.4275045243772953,0.4105960264900662,0.0160434308079396,0.0036824154319261
OF,NOTEARS,Logit,3,16,e4b9df0e4c07e44e,0.9232617553611104,0.2610419248923192,0.2714285714285714,0.018973441205853,0.0115910685325945
OF,NOTEARS,FFMLP,3,16,e4b9df0e4c07e44e,0.8753501096467421,0.2390363001851879,0.3129251700680272,0.019752598950956,0.0088214523322736
OF,NOTEARS,XGBoost,4,17,62fc6394fc947ee6,0.9370924434215574,0.4705043455128023,0.4782608695652174,0.0159236527949858,0.0112775421305878
OF,NOTEARS,RF,4,17,62fc6394fc947ee6,0.9257315210861904,0.4259653135003104,0.4311377245508982,0.0160588213586804,0.0035443108750349
OF,NOTEARS,LightGBM,4,17,62fc6394fc947ee6,0.924825035644238,0.4504711335214578,0.4675324675324675,0.0166089890719878,0.0166255831547272
OF,NOTEARS,Logit,4,17,62fc6394fc947ee6,0.9239022660326696,0.2520869399219666,0.325,0.0194085577932719,0.0129298866688698
OF,NOTEARS,FFMLP,4,17,62fc6394fc947ee6,0.8913122145746937,0.2328569840350038,0.3468208092485549,0.0195309006249374,0.0080161847107514
OF,NOTEARS,XGBoost,5,18,6df54c24bbe946d8,0.939299853080603,0.4745737648276415,0.4782608695652174,0.0157939113423675,0.0118429514537556
OF,NOTEARS,LightGBM,5,18,6df54c24bbe946d8,0.9304231712877522,0.4721298187443401,0.4521739130434782,0.0163715772156732,0.0162695763483746
OF,NOTEARS,Logit,5,18,6df54c24bbe946d8,0.9253388916632288,0.2564198523103767,0.326797385620915,0.0195020204298627,0.0124365633743934
OF,NOTEARS,RF,5,18,6df54c24bbe946d8,0.9226628597896808,0.4247220957105385,0.4047619047619047,0.0161635336874475,0.003658932065977
OF,NOTEARS,FFMLP,5,18,6df54c24bbe946d8,0.8641067952030456,0.2076502549064534,0.3129251700680272,0.0204149073449966,0.0071866438865478
OF,NOTEARS,LightGBM,6,19,b26aa99ead957a05,0.938977788392644,0.4760849550122144,0.4220183486238532,0.0165035338563024,0.0156500103498719
OF,NOTEARS,XGBoost,6,19,b26aa99ead957a05,0.9385145942346802,0.4745856652379857,0.4387096774193548,0.0158339399689022,0.0103511498898094
OF,NOTEARS,Logit,6,19,b26aa99ead957a05,0.926019208082738,0.2583173846231266,0.3934426229508196,0.0193670186860623,0.0128142473148407
OF,NOTEARS,RF,6,19,b26aa99ead957a05,0.9214578312381037,0.4193888664136812,0.4203821656050955,0.0161670774391948,0.0037668437237908
OF,NOTEARS,FFMLP,6,19,b26aa99ead957a05,0.8836514174464974,0.2442714696528923,0.3333333333333333,0.0198457158461085,0.0098877765739746
OF,NOTEARS,XGBoost,7,20,93ff8693f4792ff5,0.9415832555311896,0.4856737137298213,0.4520547945205479,0.015738845927389,0.0114099701843985
OF,NOTEARS,LightGBM,7,20,93ff8693f4792ff5,0.9285197327948702,0.4626966967008949,0.4697986577181208,0.0166838828341352,0.0162808286808551
OF,NOTEARS,Logit,7,20,93ff8693f4792ff5,0.9222702303667196,0.2459815374931635,0.3815028901734104,0.0196805115404842,0.0113103805432701
OF,NOTEARS,RF,7,20,93ff8693f4792ff5,0.9183294613196692,0.4089041392568967,0.391304347826087,0.0162950405367626,0.0042527257478333
OF,NOTEARS,FFMLP,7,20,93ff8693f4792ff5,0.8680837512936869,0.2211419006724179,0.3188405797101449,0.0198220451057881,0.0062614917874373
OF,NOTEARS,XGBoost,8,21,4f85bf76573e26bb,0.9428823703961032,0.4621490938193652,0.4551724137931034,0.0159636717105114,0.0110815394577862
OF,NOTEARS,LightGBM,8,21,4f85bf76573e26bb,0.9323917464590978,0.4512781863737342,0.4635761589403973,0.0167873356101116,0.0162350992312173
OF,NOTEARS,RF,8,21,4f85bf76573e26bb,0.9292217614405338,0.4097818129050602,0.4133333333333333,0.0162884473022085,0.0037707576181157
OF,NOTEARS,Logit,8,21,4f85bf76573e26bb,0.9179748282924782,0.2436601149540545,0.3354838709677419,0.0197129859037291,0.0083628491600247
OF,NOTEARS,FFMLP,8,21,4f85bf76573e26bb,0.8795586628163653,0.2150075672260906,0.2763636363636363,0.0196992732006054,0.009041445155081
OF,NOTEARS,XGBoost,9,22,64af8cc525f22486,0.941597730348626,0.4759296550651815,0.4558823529411764,0.0158843441747135,0.0112933870502595
OF,NOTEARS,LightGBM,9,22,64af8cc525f22486,0.9326486744685932,0.4528891648196123,0.4567901234567901,0.0166016799155975,0.0159144710272254
OF,NOTEARS,RF,9,22,64af8cc525f22486,0.9246911435829516,0.4101881418665061,0.3723404255319149,0.0163075851272015,0.0037618115739446
OF,NOTEARS,Logit,9,22,64af8cc525f22486,0.9162269940870372,0.2333863036843494,0.345679012345679,0.020266439857613,0.0083275184674411
OF,NOTEARS,FFMLP,9,22,64af8cc525f22486,0.8715179017304644,0.226234298750013,0.3037974683544304,0.0196904625441399,0.0079787130196033
OF,NOTEARS,XGBoost,10,23,fc8072d3cc22afa3,0.942831708535076,0.482272985842143,0.4615384615384615,0.015829554344766,0.0100480128594653
OF,NOTEARS,LightGBM,10,23,fc8072d3cc22afa3,0.9311396747508522,0.448597855574937,0.4444444444444444,0.0167810225161966,0.0164422045266682
OF,NOTEARS,RF,10,23,fc8072d3cc22afa3,0.9270849165164904,0.3950018904106452,0.3978494623655914,0.0164253407883701,0.0057126083310036
OF,NOTEARS,Logit,10,23,fc8072d3cc22afa3,0.9154562100585506,0.2334595243086132,0.3312883435582822,0.0201512639209118,0.008510255846421
OF,NOTEARS,FFMLP,10,23,fc8072d3cc22afa3,0.8796744613558561,0.2409656462915552,0.3127572016460905,0.0196152147631229,0.0071680505309844
OF,NOTEARS,XGBoost,11,24,8831926e7b6e25e7,0.9380514000767164,0.4597110162919863,0.4768211920529801,0.0160788662900513,0.0105059750905108
OF,NOTEARS,LightGBM,11,24,8831926e7b6e25e7,0.9351130121371344,0.4490491867616134,0.4697986577181208,0.0168960271410906,0.0165126804414705
OF,NOTEARS,RF,11,24,8831926e7b6e25e7,0.9288888406394974,0.4052485679981322,0.3953488372093023,0.0163925915571708,0.0032099524741403
OF,NOTEARS,Logit,11,24,8831926e7b6e25e7,0.9161184329562644,0.2291764962642815,0.3205128205128205,0.0199740911869654,0.0080010196693462
OF,NOTEARS,FFMLP,11,24,8831926e7b6e25e7,0.8781871738642697,0.2555296667856923,0.3451776649746192,0.0197270994375302,0.00794036776194
OF,NOTEARS,XGBoost,12,25,685b1d4ae6403ba1,0.940251572327044,0.4622045493545845,0.4567901234567901,0.0160387358460773,0.0106628494437962
OF,NOTEARS,LightGBM,12,25,685b1d4ae6403ba1,0.931013020098284,0.4478119400633348,0.4533333333333333,0.016868369159867,0.0166825302770595
OF,NOTEARS,RF,12,25,685b1d4ae6403ba1,0.9229161690948172,0.4159476628445279,0.4049079754601227,0.0162926016214705,0.0049119373776908
OF,NOTEARS,Logit,12,25,685b1d4ae6403ba1,0.9157746560421508,0.226107900174108,0.3205128205128205,0.0200314049244384,0.008354801923714
OF,NOTEARS,FFMLP,12,25,685b1d4ae6403ba1,0.8747385486100556,0.2209132665915236,0.3070175438596491,0.0197650328789879,0.0091941522227103
OF,NOTEARS,XGBoost,13,26,529e8d71865a0488,0.9419342698540214,0.4626559089158755,0.4675324675324675,0.0160724052916165,0.0109705700132103
OF,NOTEARS,LightGBM,13,26,529e8d71865a0488,0.9347475229968664,0.4544710498647094,0.4320987654320987,0.0169167012032154,0.0170087707052601
OF,NOTEARS,RF,13,26,529e8d71865a0488,0.924792467305006,0.4020320123233784,0.410958904109589,0.0164984299692479,0.004672630696114
OF,NOTEARS,Logit,13,26,529e8d71865a0488,0.915315080588546,0.2260964706580581,0.3205128205128205,0.0199677506286355,0.0088019435911302
OF,NOTEARS,FFMLP,13,26,529e8d71865a0488,0.8826671298608246,0.2475252120104085,0.3723404255319149,0.019826319152608,0.0076383475067397
OF,NOTEARS,XGBoost,14,27,7e0c94f5c1f792ba,0.9366726737159028,0.4579091231489425,0.4583333333333333,0.0161791239543526,0.0121844304195816
OF,NOTEARS,LightGBM,14,27,7e0c94f5c1f792ba,0.9319032213706204,0.4396101839124908,0.4583333333333333,0.0168798341756638,0.0166101491276427
OF,NOTEARS,RF,14,27,7e0c94f5c1f792ba,0.9228691259381492,0.3936039247618731,0.4105960264900662,0.0164728767123287,0.0039083030472462
OF,NOTEARS,Logit,14,27,7e0c94f5c1f792ba,0.9162125192696008,0.2280852285832031,0.3164556962025316,0.0198535462625352,0.0085370864542091
OF,NOTEARS,FFMLP,14,27,7e0c94f5c1f792ba,0.8716879808353417,0.2092459406371638,0.3655913978494624,0.0197793910586552,0.0068868050127305
OF,NOTEARS,XGBoost,15,28,85ccbe34f3de248a,0.9376605800059348,0.4542521819246278,0.4736842105263157,0.0161365216981743,0.0107479070432781
OF,NOTEARS,RF,15,28,85ccbe34f3de248a,0.9347240014185322,0.3988523685091463,0.4,0.0164543684651942,0.003252446183953
OF,NOTEARS,LightGBM,15,28,85ccbe34f3de248a,0.9332602355052796,0.461069718709806,0.4342105263157895,0.0168180360111672,0.0168446912668351
OF,NOTEARS,Logit,15,28,85ccbe34f3de248a,0.9165237278444824,0.2280709696295611,0.3164556962025316,0.0199102636209461,0.0088039751704938
OF,NOTEARS,FFMLP,15,28,85ccbe34f3de248a,0.8527404448111398,0.2181253629515276,0.2971887550200803,0.0201064332810448,0.0087857635955771
OF,NOTEARS,XGBoost,16,29,e3e00097974fbd14,0.9376424864841392,0.4600969518593768,0.4632768361581921,0.0161059565969431,0.0112927037581925
OF,NOTEARS,LightGBM,16,29,e3e00097974fbd14,0.9334230772014388,0.4585639871658476,0.4489795918367347,0.0167678326124688,0.0169437257041425
OF,NOTEARS,RF,16,29,e3e00097974fbd14,0.929941883607993,0.3864480422558815,0.3875,0.0166790282359519,0.0040296337713167
OF,NOTEARS,Logit,16,29,e3e00097974fbd14,0.9153006057711096,0.2268733676614785,0.3184713375796178,0.019893229385954,0.0086013027075862
OF,NOTEARS,FFMLP,16,29,e3e00097974fbd14,0.8742681170433738,0.2086072026052624,0.351063829787234,0.0200857821898714,0.0061931747004289
OF,NOTEARS,XGBoost,17,30,a7a10ffece9c6377,0.9347619978143026,0.4536095311289787,0.4516129032258064,0.0162516978308923,0.0111704731116897
OF,NOTEARS,LightGBM,17,30,a7a10ffece9c6377,0.9332638542096388,0.4647730439236535,0.4210526315789473,0.0168109618863632,0.0166008699081622
OF,NOTEARS,RF,17,30,a7a10ffece9c6377,0.9270089237249496,0.3913634887668312,0.3803680981595092,0.0166695689124965,0.004300810735253
OF,NOTEARS,Logit,17,30,a7a10ffece9c6377,0.9139797786800414,0.2280616831175424,0.3205128205128205,0.0197493234095058,0.0076429738477933
OF,NOTEARS,FFMLP,17,30,a7a10ffece9c6377,0.8719485275491963,0.212270269498038,0.3333333333333333,0.0196515364600617,0.0080000373233096
OF,NOTEARS,RF,18,31,7046a0f90ac6c5fe,0.9332421419834842,0.3881274478783662,0.3875,0.0167591847917249,0.0040464076041375
OF,NOTEARS,LightGBM,18,31,7046a0f90ac6c5fe,0.933151674374507,0.4644126147366555,0.4689655172413793,0.0167325083403184,0.0167187753115501
OF,NOTEARS,XGBoost,18,31,7046a0f90ac6c5fe,0.931443645917016,0.4494960627334186,0.4415584415584415,0.0161673447793795,0.0113218056940444
OF,NOTEARS,Logit,18,31,7046a0f90ac6c5fe,0.912767512719746,0.223350546419689,0.3205128205128205,0.0199077802957466,0.0073508921929832
OF,NOTEARS,FFMLP,18,31,7046a0f90ac6c5fe,0.8593011558141723,0.2269575999745512,0.2878787878787879,0.0199729107577299,0.0082544207115737
OF,PC,XGBoost,1,14,721bb5b3791b65b8,0.9376497238928574,0.458589996308276,0.4204545454545454,0.0161361800722135,0.0099687353163819
OF,PC,RF,1,14,721bb5b3791b65b8,0.9285016392730746,0.4361131019230863,0.4477611940298507,0.0159501604696673,0.0047777467151244
OF,PC,Logit,1,14,721bb5b3791b65b8,0.9243618414862742,0.2591208884111541,0.2753623188405797,0.0188820708065247,0.0118561204848795
OF,PC,LightGBM,1,14,721bb5b3791b65b8,0.922288323888515,0.4531199701591147,0.4477611940298507,0.0167667990372081,0.0163931319485381
OF,PC,FFMLP,1,14,721bb5b3791b65b8,0.8754912391167466,0.2630600793529851,0.3625730994152046,0.0195992014465653,0.0073307847334939
OF,PC,XGBoost,2,15,fc59b09fb5ee3839,0.937436220335671,0.4706221447701582,0.4680851063829787,0.0159390445116264,0.0114293996385786
OF,PC,LightGBM,2,15,fc59b09fb5ee3839,0.9277959919230518,0.4475024028763625,0.4923076923076923,0.0165032941911747,0.0152571992514917
OF,PC,Logit,2,15,fc59b09fb5ee3839,0.9234354531703468,0.254911519956031,0.2666666666666666,0.0189923507440553,0.0104794674186457
OF,PC,RF,2,15,fc59b09fb5ee3839,0.9125630559234572,0.4270405824631575,0.4142857142857143,0.0160543259714844,0.0041269220016773
OF,PC,FFMLP,2,15,fc59b09fb5ee3839,0.8606111267921635,0.2410788367063291,0.3262411347517731,0.0198493669021311,0.0080818784318245
OF,PC,XGBoost,3,16,0d11386dd824b4c1,0.9342155734560798,0.4498703450767093,0.4186046511627907,0.0163069965567806,0.011896076608269
OF,PC,LightGBM,3,16,0d11386dd824b4c1,0.929344797388743,0.4420466703338404,0.4624277456647399,0.0165573851421675,0.0162651452028564
OF,PC,Logit,3,16,0d11386dd824b4c1,0.923279848882906,0.2552421756920873,0.2647058823529412,0.0189737697562683,0.0112432797816101
OF,PC,RF,3,16,0d11386dd824b4c1,0.918707615925194,0.4383689150995459,0.4027777777777778,0.0159767570589879,0.0050517193178641
OF,PC,FFMLP,3,16,0d11386dd824b4c1,0.8725094267248554,0.2396351240781616,0.2903225806451613,0.019772442512885,0.0101572816193245
OF,PC,XGBoost,4,17,285c77ccbcb26f76,0.9360828249053708,0.4732357597957139,0.4459459459459459,0.0159598455174199,0.010730082140535
OF,PC,LightGBM,4,17,285c77ccbcb26f76,0.929822466364143,0.4276592861138832,0.4470588235294118,0.0165947907162447,0.0159111202959649
OF,PC,Logit,4,17,285c77ccbcb26f76,0.9236996185885604,0.2552756721932695,0.3396226415094339,0.0191570980457086,0.0126301791545534
OF,PC,RF,4,17,285c77ccbcb26f76,0.915944735147028,0.4305589097873277,0.4172661870503597,0.0160308604976237,0.0035353648308638
OF,PC,FFMLP,4,17,285c77ccbcb26f76,0.892832070405512,0.2344435539061245,0.3466666666666667,0.019498540967253,0.0073782676437217
OF,PC,XGBoost,5,18,3b96f3c5e78883cd,0.940284140666276,0.4639089284131805,0.4776119402985074,0.0159255504434658,0.0107047329021491
OF,PC,LightGBM,5,18,3b96f3c5e78883cd,0.9316607681785614,0.4476348263559056,0.4705882352941176,0.0162726313931119,0.0165672525734293
OF,PC,Logit,5,18,3b96f3c5e78883cd,0.9217093311910604,0.2582996714140035,0.3225806451612903,0.0191710801388847,0.0124987142893531
OF,PC,RF,5,18,3b96f3c5e78883cd,0.9186479073032692,0.4362176481979206,0.4202898550724637,0.0160416035784176,0.0044417109309477
OF,PC,FFMLP,5,18,3b96f3c5e78883cd,0.854336293433499,0.2071279058810017,0.2781456953642384,0.0201085925527888,0.0076410558625643
OF,PC,XGBoost,6,19,bcb0b960f2d60d8e,0.9389741696882848,0.467558820102956,0.4661654135338345,0.0160255843634387,0.0111567003868295
OF,PC,LightGBM,6,19,bcb0b960f2d60d8e,0.9375266879446482,0.4618135642496457,0.4697986577181208,0.0163693700740635,0.01558193349376
OF,PC,Logit,6,19,bcb0b960f2d60d8e,0.9219915901310692,0.2631644404266237,0.3850267379679144,0.019440315953693,0.0123268527886459
OF,PC,RF,6,19,bcb0b960f2d60d8e,0.9201008171034444,0.4337401850813839,0.4172661870503597,0.0160589275929549,0.003979871400615
OF,PC,FFMLP,6,19,bcb0b960f2d60d8e,0.8826779859739019,0.2745564865443016,0.3466666666666667,0.019718726456988,0.0091529924538104
OF,PC,XGBoost,7,20,fc2a48d3efdcf9d2,0.9413371836347714,0.4770255552215067,0.4888888888888889,0.0158044713526488,0.0118345063551271
OF,PC,LightGBM,7,20,fc2a48d3efdcf9d2,0.939853514847544,0.4627982717486886,0.449438202247191,0.0165875243269149,0.0163415685996187
OF,PC,RF,7,20,fc2a48d3efdcf9d2,0.9266850496848108,0.4272405892904551,0.4081632653061224,0.0161169516354486,0.0038535085266983
OF,PC,Logit,7,20,fc2a48d3efdcf9d2,0.9208951227102647,0.2516752269578251,0.3820224719101123,0.0198290848101959,0.0132739398028746
OF,PC,FFMLP,7,20,fc2a48d3efdcf9d2,0.8692055496450052,0.2524358419128842,0.3583815028901734,0.0199055496174954,0.009493617101908
OF,PC,XGBoost,8,21,6c77d017e3138a39,0.9458678014923536,0.4800491205006383,0.4583333333333333,0.0157344311774155,0.0110077139256776
OF,PC,LightGBM,8,21,6c77d017e3138a39,0.938380702173394,0.4407595102089183,0.45,0.0169648543470221,0.0166724977486888
OF,PC,RF,8,21,6c77d017e3138a39,0.9272369020995722,0.4263692513997338,0.4335664335664335,0.0161525814928711,0.0052658652502096
OF,PC,Logit,8,21,6c77d017e3138a39,0.9170701522027052,0.256072459486745,0.3726708074534161,0.0197519536295993,0.0097564646594596
OF,PC,FFMLP,8,21,6c77d017e3138a39,0.8768663467732013,0.2464025913393637,0.3166666666666666,0.0197485647693032,0.0097555162328867
OF,PC,XGBoost,9,22,0f710de7b3c7092d,0.941803996497094,0.4670956034570749,0.4415584415584415,0.01589233334754,0.0115015909092921
OF,PC,LightGBM,9,22,0f710de7b3c7092d,0.9388438963313576,0.4411936053396408,0.4578313253012048,0.0167563516423193,0.0161193254011417
OF,PC,RF,9,22,0f710de7b3c7092d,0.932697526977441,0.4219515410377101,0.4217687074829932,0.0161570914173888,0.0046547386077718
OF,PC,Logit,9,22,0f710de7b3c7092d,0.9159664473731826,0.232947895093047,0.3393939393939394,0.0199521635628366,0.0076846584923971
OF,PC,FFMLP,9,22,0f710de7b3c7092d,0.8797215045125244,0.2399919143163285,0.325,0.0195596334294306,0.0069180730303818
OF,PC,XGBoost,10,23,9710632908b0d396,0.9423287086291624,0.4762643773503591,0.4895104895104895,0.0156784154416193,0.0099964538822926
OF,PC,LightGBM,10,23,9710632908b0d396,0.9334918325842616,0.4575357817654845,0.4512195121951219,0.0164962571223252,0.0164428212482009
OF,PC,RF,10,23,9710632908b0d396,0.9304086964703158,0.4042514133036787,0.3947368421052631,0.016353939055074,0.0043455409561084
OF,PC,Logit,10,23,9710632908b0d396,0.915752943815996,0.2346257714103982,0.3157894736842105,0.0199356739814698,0.0077073248038275
OF,PC,FFMLP,10,23,9710632908b0d396,0.8816575113446381,0.246748588778053,0.3220338983050847,0.0194550918300238,0.0073379036377587
OF,PC,XGBoost,11,24,20cc5c9a42ed1752,0.9420211187586396,0.4798220348826055,0.4804469273743016,0.0158147037261616,0.0105338074038571
OF,PC,LightGBM,11,24,20cc5c9a42ed1752,0.936090062314089,0.4570310440175957,0.4596273291925465,0.0165955644713653,0.0166984636440029
OF,PC,RF,11,24,20cc5c9a42ed1752,0.9210832953369376,0.4111842770355635,0.3805309734513274,0.0163195336874475,0.0032915851272015
OF,PC,Logit,11,24,20cc5c9a42ed1752,0.9163898357831962,0.2375549732215556,0.3246753246753247,0.0196476100112116,0.0084469112247894
OF,PC,FFMLP,11,24,20cc5c9a42ed1752,0.8762764979626694,0.2639712762958865,0.384180790960452,0.0193711877786494,0.0069512036265292
OF,PC,XGBoost,12,25,0857a78345413e0e,0.9428063776045624,0.4695986861405636,0.4776119402985074,0.0158822347235458,0.010907016318645
OF,PC,LightGBM,12,25,0857a78345413e0e,0.9369513139515528,0.4684824098725641,0.45,0.0162629367511603,0.0157304126550366
OF,PC,RF,12,25,0857a78345413e0e,0.9265240173408312,0.4055202800097639,0.4054054054054054,0.0164108403690243,0.0051305563321218
OF,PC,Logit,12,25,0857a78345413e0e,0.9162089005652416,0.2401347827427621,0.3311258278145695,0.0196264955729517,0.0078293660563714
OF,PC,FFMLP,12,25,0857a78345413e0e,0.8816140868923291,0.2418699562570929,0.3318385650224215,0.0196909121400228,0.0090760861327915
OF,PC,XGBoost,13,26,463c4174acb2abb3,0.9382468101121076,0.4753246586533999,0.4657534246575342,0.0158554276496103,0.0111892989866314
OF,PC,LightGBM,13,26,463c4174acb2abb3,0.932319372371916,0.4676740789034567,0.4596273291925465,0.0165303609423684,0.0159952797095658
OF,PC,RF,13,26,463c4174acb2abb3,0.9263231792489016,0.4114607849827095,0.4074074074074074,0.0163072809616997,0.0031792004473022
OF,PC,Logit,13,26,463c4174acb2abb3,0.9154562100585508,0.2398613841209596,0.3421052631578947,0.0196868478178331,0.0073995172056697
OF,PC,FFMLP,13,26,463c4174acb2abb3,0.8812051732997518,0.2376075207782578,0.3271028037383177,0.0198693309478667,0.0090714883596134
OF,PC,XGBoost,14,27,5046c221cf89c9d1,0.9383951769908302,0.4766369966349705,0.4408602150537634,0.0157338750851866,0.0099327221434945
OF,PC,LightGBM,14,27,5046c221cf89c9d1,0.9315196387085568,0.4699168469410826,0.4810126582278481,0.0168506407006053,0.016991882815561
OF,PC,RF,14,27,5046c221cf89c9d1,0.92668866838917,0.4003316899999974,0.3820224719101123,0.0165355985462678,0.0040106234274531
OF,PC,Logit,14,27,5046c221cf89c9d1,0.9153259367016232,0.2446958429492635,0.3421052631578947,0.019599527261985,0.0098410281394601
OF,PC,FFMLP,14,27,5046c221cf89c9d1,0.8767215985988377,0.264619681518148,0.32,0.0194067397246053,0.0073447847405075
OF,PC,XGBoost,15,28,e8553ac2e8a1b18f,0.9378125655890166,0.4743100362459336,0.4354838709677419,0.0160435687387718,0.0109414233078074
OF,PC,LightGBM,15,28,e8553ac2e8a1b18f,0.929659624667984,0.4723483626195292,0.4696969696969697,0.0165868471595575,0.0162935156390678
OF,PC,RF,15,28,e8553ac2e8a1b18f,0.9263394634185176,0.3974212685061598,0.4054054054054054,0.0165925781381045,0.004224210232038
OF,PC,Logit,15,28,e8553ac2e8a1b18f,0.9170556773852688,0.2451524487795691,0.3262411347517731,0.0196510185317021,0.0103284328156078
OF,PC,FFMLP,15,28,e8553ac2e8a1b18f,0.8647292123528092,0.2588968214690425,0.2992125984251969,0.0199355932703466,0.0086035328118668
OF,PC,XGBoost,16,29,f58cd5bcf72e5cb2,0.941561543305035,0.4789509524976599,0.5034013605442177,0.0159008154931082,0.0109879364964346
OF,PC,RF,16,29,f58cd5bcf72e5cb2,0.9348271344927664,0.4002978661110864,0.3942307692307692,0.016538696114062,0.0031104277327369
OF,PC,LightGBM,16,29,f58cd5bcf72e5cb2,0.9317801854224114,0.4793659328662911,0.484472049689441,0.0164221003952345,0.0161773780812781
OF,PC,Logit,16,29,f58cd5bcf72e5cb2,0.9170810083157824,0.2465668271442172,0.3401360544217687,0.0196657292435428,0.0099357340721519
OF,PC,FFMLP,16,29,f58cd5bcf72e5cb2,0.8856018990960477,0.2378209983910889,0.310204081632653,0.0196266187356262,0.0076793066575094
OF,PC,XGBoost,17,30,4762f86d5d8bbacb,0.9362167169666572,0.4666681870947207,0.4776119402985074,0.0159320071331037,0.0104929337983334
OF,PC,RF,17,30,4762f86d5d8bbacb,0.9324550737853818,0.4048603779452301,0.4133333333333333,0.0164669600223651,0.0031506849315068
OF,PC,LightGBM,17,30,4762f86d5d8bbacb,0.9313206099688068,0.4607554254368213,0.5,0.0169022127859028,0.0166677684371546
OF,PC,Logit,17,30,4762f86d5d8bbacb,0.9168385551237236,0.2440918163996528,0.3401360544217687,0.0196837987107056,0.0102972167952844
OF,PC,FFMLP,17,30,4762f86d5d8bbacb,0.87997843252202,0.2476970990280529,0.309623430962343,0.0195257953704459,0.0068810459664823
OF,PC,XGBoost,18,31,ef62e99782aa5a11,0.9363687025497393,0.4634858147813436,0.4683544303797468,0.016216319993808,0.0131112807744065
OF,PC,RF,18,31,ef62e99782aa5a11,0.9255306829942608,0.4003872850962443,0.410958904109589,0.0165148325412356,0.0053391109868604
OF,PC,LightGBM,18,31,ef62e99782aa5a11,0.9222231872100514,0.4608088683435409,0.4743589743589743,0.016893549971126,0.0166607044819367
OF,PC,Logit,18,31,ef62e99782aa5a11,0.9167878932626962,0.2450948276555848,0.3120567375886525,0.019704628712487,0.0100433146139166
OF,PC,FFMLP,18,31,ef62e99782aa5a11,0.8688183482785823,0.2375293036725651,0.2773722627737226,0.0198239751617317,0.0070456717515336
OF,PC,RF,19,32,176f018cb5c2c8cf,0.9420410216326148,0.4045398176964068,0.4025974025974026,0.0164491070729661,0.0039373776908023
OF,PC,XGBoost,19,32,176f018cb5c2c8cf,0.9335714440801616,0.4576233616366308,0.4497041420118343,0.0162200069773639,0.0117630511161688
OF,PC,LightGBM,19,32,176f018cb5c2c8cf,0.9273545099912428,0.4753077929010941,0.4878048780487805,0.0168183300083413,0.0166344547546624
OF,PC,Logit,19,32,176f018cb5c2c8cf,0.9171497636986052,0.2460704477020037,0.3120567375886525,0.0196732645321294,0.0099040859673417
OF,PC,FFMLP,19,32,176f018cb5c2c8cf,0.8833619210977702,0.2425713276257951,0.3457943925233644,0.019373940778875,0.006434415615491
OF,PC,XGBoost,20,33,d94ce2ce605d4851,0.9338971274724798,0.4640243189611494,0.4651162790697674,0.0159087962200316,0.0120640826373271
OF,PC,Logit,20,33,d94ce2ce605d4851,0.9173813607775873,0.25004320969205,0.2773722627737226,0.0196760313766483,0.010288886857487
OF,PC,RF,20,33,d94ce2ce605d4851,0.917099101837578,0.4232442338698487,0.4121212121212121,0.0161678031870282,0.0041464914733016
OF,PC,LightGBM,20,33,d94ce2ce605d4851,0.9148989295872506,0.4600867055872831,0.5109489051094891,0.0169518991079266,0.0165008359680383
OF,PC,FFMLP,20,33,d94ce2ce605d4851,0.8817552163623336,0.2392720996569964,0.2857142857142857,0.019521326161419,0.0055193252880246
OF,PC,XGBoost,21,34,2cd73d9141134774,0.931128818637775,0.4580407011954513,0.4900662251655629,0.0158931862990206,0.0104870749623164
OF,PC,RF,21,34,2cd73d9141134774,0.9307361892148136,0.4231245400302856,0.3870967741935484,0.0161353089180877,0.0048375733855185
OF,PC,Logit,21,34,2cd73d9141134774,0.91737050466451,0.2495679211293737,0.3401360544217687,0.0196854462756115,0.0098664501504557
OF,PC,LightGBM,21,34,2cd73d9141134774,0.9165273465488416,0.4620044900907526,0.496551724137931,0.0168888359608427,0.0164820479079252
OF,PC,FFMLP,21,34,2cd73d9141134774,0.8729870957002555,0.2434871224841323,0.3275862068965517,0.0196202606227224,0.005801458634761
OF,PC,RF,22,35,d3c7b2ea7e48d507,0.935234238733164,0.4208127333925285,0.389937106918239,0.0162258518311434,0.0043891529214425
OF,PC,XGBoost,22,35,d3c7b2ea7e48d507,0.931801897648566,0.4466018288210291,0.5063291139240507,0.0160593361997887,0.0106636931917163
OF,PC,Logit,22,35,d3c7b2ea7e48d507,0.9173777420732282,0.2503018646140692,0.3401360544217687,0.019649270924844,0.0096821766764145
OF,PC,LightGBM,22,35,d3c7b2ea7e48d507,0.9121885200222912,0.4605714909106466,0.5217391304347826,0.0168707145419668,0.0169242865022283
OF,PC,FFMLP,22,35,d3c7b2ea7e48d507,0.8719376714361191,0.2391294202681985,0.3097345132743362,0.0197550003203692,0.0076356388306672
OF,PC,RF,23,36,2088c05c8d8f760b,0.9349881668367458,0.4289179443014226,0.4217687074829932,0.0160566866088901,0.0042594352809617
OF,PC,XGBoost,23,36,2088c05c8d8f760b,0.9343675590391616,0.4630554870448373,0.4654088050314465,0.0158686984990325,0.0114189179285867
OF,PC,LightGBM,23,36,2088c05c8d8f760b,0.9189772093999464,0.472753880867725,0.5034965034965035,0.0168272227474799,0.0161812661488464
OF,PC,Logit,23,36,2088c05c8d8f760b,0.9173632672557916,0.2485796945965266,0.3401360544217687,0.0196640740471251,0.0093063230958925
OF,PC,FFMLP,23,36,2088c05c8d8f760b,0.882920439165961,0.2557805816375506,0.3333333333333333,0.0195950800109111,0.0075265468187528
OF,PC,XGBoost,24,37,56b4aac031f87554,0.9348850337625116,0.4640871078922224,0.4605263157894737,0.0159416098994847,0.01109470404313
OF,PC,RF,24,37,56b4aac031f87554,0.9302060490262066,0.4280549032344752,0.4024390243902439,0.0160789723231758,0.0035834498182834
OF,PC,LightGBM,24,37,56b4aac031f87554,0.9228962662208424,0.4703527923710949,0.4929577464788732,0.0166890965244106,0.016674664655677
OF,PC,Logit,24,37,56b4aac031f87554,0.917920547727092,0.249561338636391,0.3401360544217687,0.0196954035460977,0.0096395927344629
OF,PC,FFMLP,24,37,56b4aac031f87554,0.8756866491521377,0.2432822775573324,0.3482587064676617,0.019567672330552,0.0063951805182924
OFR,GES,XGBoost,5,5,,0.8890309833467225,0.2981405800611272,0.3419974513451878,0.0187072699302094,0.0108973749134526
OFR,GES,RF,5,5,,0.885457874662556,0.3159306321195235,0.3439770189638472,0.0178551563880346,0.0063476656415991
OFR,GES,LightGBM,5,5,,0.8687307756330924,0.2720393730985609,0.310389948059168,0.0202303136959772,0.0190176200195584
OFR,GES,FFMLP,5,5,,0.8596232205021315,0.1771296213772845,0.216620041885598,0.0200908035144835,0.007544593184901
OFR,GES,Logit,5,5,,0.8535524820693199,0.1392643886720808,0.2009759518140538,0.0205807423631064,0.0076676512071749
OFR,GES,XGBoost,10,10,,0.9081656063862894,0.3196302241870009,0.3631343262708901,0.0181456273926018,0.0106974826730826
OFR,GES,RF,10,10,,0.9050860889767028,0.3262052131926907,0.3548736957588107,0.0174721055633212,0.0049912216941571
OFR,GES,LightGBM,10,10,,0.9002185697432891,0.3146511666890619,0.3416070477991179,0.019767110844677,0.0191575117552213
OFR,GES,FFMLP,10,10,,0.7843150878259547,0.1196392971354399,0.187173300871465,0.0207815063403328,0.0060889554998129
OFR,GES,Logit,10,10,,0.73652430683718,0.0955304609536978,0.1533557965184303,0.0210727479405427,0.0063603849252661
OFR,GES,XGBoost,20,20,,0.9280000868489048,0.4351459846769344,0.4292155858845676,0.0164037289131932,0.0110653851449443
OFR,GES,RF,20,20,,0.9245988666217948,0.4090051529751707,0.4000719534926416,0.0163588435001397,0.0041148448420464
OFR,GES,LightGBM,20,20,,0.9209378234217022,0.4316782016454318,0.42702300003034,0.017578972521642,0.0171700154165187
OFR,GES,Logit,20,20,,0.8522852118027661,0.1439690800465881,0.1928021064040782,0.020814031213173,0.0068249958877113
OFR,GES,FFMLP,20,20,,0.8482369672362507,0.1733198974766215,0.2686896000481711,0.0203419556982849,0.0089360935941571
OFR,GES,RF,30,30,,0.928815019070572,0.4236681428617289,0.425025268001556,0.0160732493150684,0.0049037741123846
OFR,GES,XGBoost,30,30,,0.9277670422881792,0.4316157720107072,0.4333266883989368,0.0165125588033733,0.0121014843021824
OFR,GES,LightGBM,30,30,,0.921029738512423,0.4422456923480738,0.4243830045277172,0.0171262833868875,0.0169735737040009
OFR,GES,Logit,30,30,,0.8776856214400997,0.1761418835374567,0.2730074708978489,0.0204980019824636,0.0071049923559937
OFR,GES,FFMLP,30,30,,0.8610815583588453,0.2158977378444719,0.3049408057149746,0.0197432225585342,0.0074103199685997
OFR,GES,XGBoost,40,40,,0.9297016016385496,0.4525418079738365,0.455136426811279,0.0160815439980525,0.0114706300708043
OFR,GES,RF,40,40,,0.927134130895774,0.4334947575868163,0.4228145801036967,0.0158904863293262,0.0041291585127201
OFR,GES,LightGBM,40,40,,0.9229700877897676,0.4633616290825781,0.4722229743414479,0.0168621624759293,0.0166859302281328
OFR,GES,Logit,40,40,,0.8883716554124961,0.1982146838066699,0.2983973154265906,0.0202794410383125,0.0081130710134035
OFR,GES,FFMLP,40,40,,0.8739301300562345,0.2228546820425171,0.3310886207433512,0.0196975433635663,0.0084109973617529
OFR,GES,XGBoost,ALL,59,,0.93610236590891,0.4611207541541944,0.4723336076690597,0.0160326338109672,0.0123592657658568
OFR,GES,RF,ALL,59,,0.9332244103321246,0.4397903151512821,0.4326330614680396,0.0157497077998322,0.0033649426894045
OFR,GES,LightGBM,ALL,59,,0.9260561188672009,0.4753392241174707,0.4483510860088701,0.0164248795845396,0.0162805999369277
OFR,GES,Logit,ALL,59,,0.9132878824065832,0.2321645575366117,0.3527527019920741,0.0197869379752371,0.0068793483748771
OFR,GES,FFMLP,ALL,59,,0.8864732831057168,0.260200457351776,0.3422875994062435,0.0193320009745882,0.0079288990427144
OFR,GOLEM,XGBoost,5,5,,0.8229085698156633,0.1321374554752734,0.1933805549158961,0.0210327075148673,0.010915089846553
OFR,GOLEM,LightGBM,5,5,,0.809258093232299,0.1214623434945831,0.1830962716927962,0.0221897833876691,0.0202781617674332
OFR,GOLEM,RF,5,5,,0.7896074429511257,0.1276393780412855,0.193944029871876,0.0207873842885099,0.0093647190383002
OFR,GOLEM,FFMLP,5,5,,0.722527158376215,0.0645885844554888,0.1059767054189392,0.0212358817139635,0.0012928421500011
OFR,GOLEM,Logit,5,5,,0.7055279327789479,0.046677589098509,0.0893736950486785,0.021422036059639,0.0015319946001182
OFR,GOLEM,XGBoost,10,10,,0.8862026040196568,0.311064396577253,0.3554651493598862,0.0181982839476536,0.0115906007040884
OFR,GOLEM,LightGBM,10,10,,0.8758169225090648,0.2986982519132367,0.3312785317516246,0.0193756040095131,0.0187494856057547
OFR,GOLEM,RF,10,10,,0.8755657844265439,0.2916595548277946,0.3338065318358611,0.0182145880905786,0.0062155996645233
OFR,GOLEM,FFMLP,10,10,,0.7649387353352006,0.0825284045238826,0.1271487656067689,0.0210633830945885,0.0024100638036625
OFR,GOLEM,Logit,10,10,,0.760577110971188,0.0598060406266038,0.1068055337056713,0.0215955054559115,0.0024813160724394
OFR,GOLEM,XGBoost,20,20,,0.9170419263087044,0.4056091144154736,0.4114217278127052,0.0168619533763938,0.0108054800345964
OFR,GOLEM,LightGBM,20,20,,0.910003546330272,0.4005002798631064,0.4151591221930667,0.0182541190910538,0.0176808613045778
OFR,GOLEM,RF,20,20,,0.9055793183808468,0.3609973310789755,0.3862674261184521,0.0170267233994967,0.0045538719597428
OFR,GOLEM,FFMLP,20,20,,0.830403630284213,0.1577119012654205,0.2403813846611157,0.0204451411259106,0.0070869347074339
OFR,GOLEM,Logit,20,20,,0.8241751163413451,0.1166230612172403,0.1873871544989816,0.021068207544836,0.0047626770918662
OFR,GOLEM,XGBoost,30,30,,0.9252672413169188,0.4400202065266261,0.447860377176278,0.0163055645196498,0.0120418779961926
OFR,GOLEM,LightGBM,30,30,,0.9190778093811292,0.4450570333472765,0.4478924752643884,0.0168959918647843,0.0167929900291916
OFR,GOLEM,RF,30,30,,0.9159139761599756,0.3999213249173756,0.3898038284230816,0.0165889979312272,0.0054938775510204
OFR,GOLEM,Logit,30,30,,0.8973170925881696,0.2175611466544376,0.3214352783902531,0.0199101117574416,0.0079540383989151
OFR,GOLEM,FFMLP,30,30,,0.8747624320588256,0.2445915244491872,0.3394415338174442,0.0194652716060072,0.006983605010952
OFR,GOLEM,XGBoost,40,39,,0.930730037417403,0.4526639966822283,0.4725266106442577,0.0160982394634781,0.0118794823113958
OFR,GOLEM,LightGBM,40,39,,0.9300410361074322,0.4719105156336242,0.4728301225713112,0.0165218641130395,0.0163820875853083
OFR,GOLEM,RF,40,39,,0.9241971904379356,0.4121601902009228,0.3875571629061858,0.016381902599944,0.0046447861336315
OFR,GOLEM,Logit,40,39,,0.9157507725933808,0.2438404671893001,0.3194628050792434,0.0193068638945956,0.0084314431476512
OFR,GOLEM,FFMLP,40,39,,0.8881024238081798,0.2682200408236245,0.3623602418985004,0.0192708276259214,0.0072319388009976
OFR,GOLEM,XGBoost,ALL,39,,0.930730037417403,0.4526639966822283,0.4725266106442577,0.0160982394634781,0.0118794823113958
OFR,GOLEM,LightGBM,ALL,39,,0.9300410361074322,0.4719105156336242,0.4728301225713112,0.0165218641130394,0.0163820875853082
OFR,GOLEM,RF,ALL,39,,0.9241971904379356,0.4121601902009228,0.3875571629061858,0.016381902599944,0.0046447861336315
OFR,GOLEM,Logit,ALL,39,,0.9157507725933808,0.2438404671893001,0.3194628050792434,0.0193068638945956,0.0084314431476512
OFR,GOLEM,FFMLP,ALL,39,,0.8881024238081798,0.2682200408236245,0.3623602418985004,0.0192708276259214,0.0072319388009976
OFR,NOTEARS,XGBoost,5,5,,0.8322158774272459,0.1441981722728529,0.1895468330234135,0.0212248094669318,0.0119454063558448
OFR,NOTEARS,LightGBM,5,5,,0.8136562665103387,0.1315839663641092,0.1700151654432911,0.0224828506501184,0.0212151369781808
OFR,NOTEARS,RF,5,5,,0.8136457722676973,0.13630245002968,0.1853968843003643,0.0206721558848196,0.009720212468549
OFR,NOTEARS,FFMLP,5,5,,0.7679136721888095,0.0925140255973504,0.1523503390213365,0.0208507546250386,0.0034942568912227
OFR,NOTEARS,Logit,5,5,,0.7194114539230375,0.0732286978279531,0.1261735113640057,0.0213086579573702,0.004170938780076
OFR,NOTEARS,XGBoost,10,10,,0.8589378378965196,0.2181579565506021,0.2717046028179751,0.0195877862205782,0.0113997657067067
OFR,NOTEARS,LightGBM,10,10,,0.8531992965238725,0.2189627174524488,0.2679381083868658,0.0205456430353669,0.019292856371803
OFR,NOTEARS,RF,10,10,,0.842015690702101,0.1948065556726504,0.2449735671226119,0.0197916124126362,0.0074968968409281
OFR,NOTEARS,FFMLP,10,10,,0.7929102344196683,0.1109579706987267,0.1856230750940894,0.0208284123172583,0.0044548089044501
OFR,NOTEARS,Logit,10,10,,0.7492310253236931,0.0790658554456079,0.1333487137134872,0.0212286545697432,0.0039642323399274
OFR,NOTEARS,XGBoost,20,20,,0.9164607623886344,0.3918787463920757,0.3957545718204209,0.0169980780864791,0.0110725669654647
OFR,NOTEARS,RF,20,20,,0.9099731492136556,0.3508546656176345,0.3667400404851786,0.017258659658932,0.0043128878948839
OFR,NOTEARS,LightGBM,20,20,,0.9090590644925493,0.3876971623872235,0.4225004164669152,0.0180447262447967,0.0176789856598082
OFR,NOTEARS,Logit,20,20,,0.8793922024158469,0.1938332266641589,0.272594123440717,0.0201013973418657,0.0088855501534752
OFR,NOTEARS,FFMLP,20,20,,0.8569468267581476,0.2157735610933317,0.3099343671595306,0.0198917331337389,0.0076145111822968
OFR,NOTEARS,XGBoost,30,30,,0.928456767339022,0.4356669747735444,0.430088870964866,0.0164825997762787,0.012700216122649
OFR,NOTEARS,LightGBM,30,30,,0.9279530436922364,0.4412071429241169,0.4391189693027651,0.017092132724577,0.0167706162952362
OFR,NOTEARS,RF,30,30,,0.9191176151290792,0.3728381828971025,0.3729395827310438,0.01698316153201,0.0036972882303606
OFR,NOTEARS,Logit,30,30,,0.8889810452265671,0.1927397189977897,0.288082360890674,0.0203111728339431,0.0068416023020314
OFR,NOTEARS,FFMLP,30,30,,0.8692887798452642,0.2282767980711243,0.331350142391305,0.0196778162338797,0.0070460728005403
OFR,NOTEARS,XGBoost,40,31,,0.9325386658560768,0.4537726215947202,0.4433085448226113,0.0161976210973581,0.0123045656111206
OFR,NOTEARS,LightGBM,40,31,,0.9303522446823138,0.4579845791466635,0.4578907158199922,0.0169055188957674,0.0168433313009523
OFR,NOTEARS,RF,40,31,,0.926783478443378,0.3840865781231252,0.3891456865662505,0.0166881024322057,0.003865362035225
OFR,NOTEARS,Logit,40,31,,0.9125547329034313,0.2235757393333469,0.3169550562459673,0.0199073559225922,0.007418134203356
OFR,NOTEARS,FFMLP,40,31,,0.8664437544781466,0.2374798509129484,0.3262731567225949,0.019889957687529,0.0082238982486527
OFR,NOTEARS,XGBoost,ALL,31,,0.9325386658560768,0.4537726215947202,0.4433085448226113,0.0161976210973581,0.0123045656111206
OFR,NOTEARS,LightGBM,ALL,31,,0.9303522446823138,0.4579845791466635,0.4578907158199922,0.0169055187703849,0.0168433311858949
OFR,NOTEARS,RF,ALL,31,,0.926783478443378,0.3840865781231252,0.3891456865662505,0.0166881024322057,0.003865362035225
OFR,NOTEARS,Logit,ALL,31,,0.9125547329034313,0.2235757393333469,0.3169550562459673,0.0199073559225922,0.007418134203356
OFR,NOTEARS,FFMLP,ALL,31,,0.8664437544781466,0.2374798509129484,0.3262731567225949,0.019889957687529,0.0082238982486527
OFR,PC,XGBoost,5,5,,0.8491991807253332,0.1859689734832623,0.227488327368926,0.0201901325606375,0.0114394641548513
OFR,PC,RF,5,5,,0.8415184807231618,0.1950517915618528,0.2721506000330991,0.0196561997204361,0.0079775230640201
OFR,PC,LightGBM,5,5,,0.8386998718978657,0.1779240875112444,0.2368698959262689,0.0210803468548087,0.0193679164453682
OFR,PC,FFMLP,5,5,,0.731518914967685,0.0671119205448476,0.1171272695395873,0.021282127374698,0.001875717995643
OFR,PC,Logit,5,5,,0.6987616793683189,0.0444486812177873,0.0802490709133687,0.0215148514428999,0.0017054474326293
OFR,PC,XGBoost,10,10,,0.90691389654848,0.3524863166966208,0.3872552242366698,0.0174896566947336,0.0108562308161573
OFR,PC,RF,10,10,,0.8978808867273163,0.3365397843292592,0.3524751814466952,0.0175461130556332,0.0050404249370981
OFR,PC,LightGBM,10,10,,0.8958008554617105,0.3493770518897127,0.4081583874258679,0.0189024445561806,0.0181494108510225
OFR,PC,FFMLP,10,10,,0.7791349125359156,0.1093973271958326,0.1816279573491141,0.020819450881716,0.0039070470046136
OFR,PC,Logit,10,10,,0.7515665371170506,0.0939538346105802,0.1342061292409191,0.0211659892493952,0.004182511839206
OFR,PC,XGBoost,20,20,,0.921145537051914,0.4305326495085202,0.4250663016459534,0.0163319370405773,0.0105459230585111
OFR,PC,LightGBM,20,20,,0.9159990157124144,0.4232722553087013,0.4440031182569739,0.0175523497472511,0.0173076986269841
OFR,PC,RF,20,20,,0.9081091545982876,0.3782451081552566,0.3814074294754047,0.0169014076600503,0.0050206318143695
OFR,PC,FFMLP,20,20,,0.828102134311831,0.1598328774628482,0.2410335321572053,0.0204877617466871,0.0078666496256442
OFR,PC,Logit,20,20,,0.8260597375715598,0.1194703698438346,0.1898417326812329,0.021133264881628,0.0053260622495745
OFR,PC,XGBoost,30,30,,0.9356500278640236,0.4570531851595539,0.4635451782756071,0.0160753723144231,0.011650429322674
OFR,PC,RF,30,30,,0.9315449696390704,0.4058063493346847,0.4057687512432012,0.0163598233156276,0.0048131954151523
OFR,PC,LightGBM,30,30,,0.9217129498954192,0.4596817280609954,0.4829123560317397,0.0170272846124761,0.0165367190681869
OFR,PC,Logit,30,30,,0.9169934356702928,0.2438666970365543,0.295888618344827,0.0200126067823,0.0097198122659386
OFR,PC,FFMLP,30,30,,0.8840451324807667,0.2559190429203783,0.3642124833497953,0.0196737635825934,0.0083925774679741
OFR,PC,XGBoost,40,37,,0.933720534699756,0.4646179536380323,0.4698227541983051,0.0159101789496954,0.011450430292645
OFR,PC,RF,40,37,,0.930913505728409,0.4274214847188329,0.3942018089432709,0.0160985198769918,0.0043293262510483
OFR,PC,LightGBM,40,37,,0.9220480419190712,0.4707399355480438,0.4903216292121469,0.0167130523770329,0.0165293857249407
OFR,PC,Logit,40,37,,0.9178112628554472,0.2504309760533144,0.3378378378378378,0.0196809083851975,0.0096218566466501
OFR,PC,FFMLP,40,37,,0.880873699980459,0.2575021338048591,0.3449530033904698,0.019665559765759,0.0071431924869911
OFR,PC,XGBoost,ALL,37,,0.933720534699756,0.4646179536380323,0.4698227541983051,0.0159101789496954,0.011450430292645
OFR,PC,RF,ALL,37,,0.930913505728409,0.4274214847188329,0.3942018089432709,0.0160985198769918,0.0043293262510483
OFR,PC,LightGBM,ALL,37,,0.9220480419190712,0.4707399355480438,0.4903216292121469,0.0167130523770329,0.0165293857249412
OFR,PC,Logit,ALL,37,,0.9178112628554472,0.2504309760533144,0.3378378378378378,0.0196809083851975,0.0096218566466501
OFR,PC,FFMLP,ALL,37,,0.880873699980459,0.2575021338048591,0.3449530033904698,0.019665559765759,0.0071431924869911
