SET,DAG,MODEL,K_EDGE,N_FEAT,FEATURE_KEY,AUROC,AUPRC,F1,Brier,ECE
O,GES,XGBoost,0,13,d142655db65fda0d,0.9375230692402892,0.450339126175833,0.4148936170212766,0.0162821875704335,0.0108621952748553
O,GES,Logit,0,13,d142655db65fda0d,0.9244957335475606,0.2553444590095533,0.2589928057553957,0.0189134076662813,0.0113688047469299
O,GES,LightGBM,0,13,d142655db65fda0d,0.9237032372929196,0.4538263234172769,0.4477611940298507,0.0167719742735991,0.0155227687077076
O,GES,RF,0,13,d142655db65fda0d,0.9199452128160034,0.43981168014849,0.4428571428571428,0.015935376013419,0.0052423818842605
O,GES,FFMLP,0,13,d142655db65fda0d,0.8708013982673644,0.3033915809554852,0.3694267515923566,0.0197598382808607,0.0083113089620417
O,GOLEM,XGBoost,0,13,d142655db65fda0d,0.9375230692402892,0.450339126175833,0.4148936170212766,0.0162821875704335,0.0108621952748553
O,GOLEM,Logit,0,13,d142655db65fda0d,0.9244957335475606,0.2553444590095533,0.2589928057553957,0.0189134076662813,0.0113688047469299
O,GOLEM,LightGBM,0,13,d142655db65fda0d,0.9237032372929196,0.4538263234172769,0.4477611940298507,0.0167719742735991,0.0155227687077076
O,GOLEM,RF,0,13,d142655db65fda0d,0.9199452128160034,0.43981168014849,0.4428571428571428,0.015935376013419,0.0052423818842605
O,GOLEM,FFMLP,0,13,d142655db65fda0d,0.8708013982673644,0.3033915809554852,0.3694267515923566,0.0197598382808607,0.0083113089620417
O,NOTEARS,XGBoost,0,13,d142655db65fda0d,0.9375230692402892,0.450339126175833,0.4148936170212766,0.0162821875704335,0.0108621952748553
O,NOTEARS,Logit,0,13,d142655db65fda0d,0.9244957335475606,0.2553444590095533,0.2589928057553957,0.0189134076662813,0.0113688047469299
O,NOTEARS,LightGBM,0,13,d142655db65fda0d,0.9237032372929196,0.4538263234172769,0.4477611940298507,0.0167719742735991,0.0155227687077076
O,NOTEARS,RF,0,13,d142655db65fda0d,0.9199452128160034,0.43981168014849,0.4428571428571428,0.015935376013419,0.0052423818842605
O,NOTEARS,FFMLP,0,13,d142655db65fda0d,0.8708013982673644,0.3033915809554852,0.3694267515923566,0.0197598382808607,0.0083113089620417
O,PC,XGBoost,0,13,d142655db65fda0d,0.9375230692402892,0.450339126175833,0.4148936170212766,0.0162821875704335,0.0108621952748553
O,PC,Logit,0,13,d142655db65fda0d,0.9244957335475606,0.2553444590095533,0.2589928057553957,0.0189134076662813,0.0113688047469299
O,PC,LightGBM,0,13,d142655db65fda0d,0.9237032372929196,0.4538263234172769,0.4477611940298507,0.0167719742735991,0.0155227687077076
O,PC,RF,0,13,d142655db65fda0d,0.9199452128160034,0.43981168014849,0.4428571428571428,0.015935376013419,0.0052423818842605
O,PC,FFMLP,0,13,d142655db65fda0d,0.8708013982673644,0.3033915809554852,0.3694267515923566,0.0197598382808607,0.0083113089620417
F,GES,XGBoost,1,1,1d7f152d06cd3fe6,0.5359970616120604,0.0254940940304241,0.0503833515881708,0.0218632773594238,0.0033599525327651
F,GES,LightGBM,1,1,1d7f152d06cd3fe6,0.5343849288200853,0.025357648109314,0.0108695652173913,0.022065405924793,0.0050426586890668
F,GES,RF,1,1,1d7f152d06cd3fe6,0.5050444738765731,0.0219133111991108,0.024390243902439,0.0326093553256919,0.0412446183953033
F,GES,Logit,1,1,1d7f152d06cd3fe6,0.4570930224142548,0.0246702953592727,0.0432166301969365,0.0215954648965881,0.0005158499257508
F,GES,FFMLP,1,1,1d7f152d06cd3fe6,0.4495715454038835,0.02248548507497,0.0432166301969365,0.0216373283505556,0.0026365676579743
F,GES,LightGBM,2,2,ff0397322a3d5d90,0.698339376569613,0.0501114306489601,0.1034482758620689,0.0258596758368897,0.0242463079471585
F,GES,XGBoost,2,2,ff0397322a3d5d90,0.680774185610584,0.051208470088186,0.0992063492063492,0.0217449477163723,0.0062214049799922
F,GES,RF,2,2,ff0397322a3d5d90,0.6214220060649485,0.0386964663876906,0.0779220779220779,0.0236344500978473,0.0232144254962258
F,GES,Logit,2,2,ff0397322a3d5d90,0.4250313017927061,0.0212276500929621,0.0432166301969365,0.0216321974842016,0.0008645452641843
F,GES,FFMLP,2,2,ff0397322a3d5d90,0.4041061438362608,0.0174599261006869,0.0432166301969365,0.0217951107724199,0.0062853097311604
F,GES,XGBoost,3,3,050527a740ae0026,0.773968488322441,0.0778219053035976,0.0821917808219178,0.0216549565626449,0.0084478530305343
F,GES,LightGBM,3,3,050527a740ae0026,0.7421329367233356,0.0528212729021622,0.1152737752161383,0.0251624880964509,0.0232623972645158
F,GES,RF,3,3,050527a740ae0026,0.6991318728242539,0.0529532683498746,0.0959595959595959,0.0223435784176684,0.016791165781381
F,GES,Logit,3,3,050527a740ae0026,0.4186081015553191,0.0212766431482192,0.0432166301969365,0.0216279463107767,0.0008405105494544
F,GES,FFMLP,3,3,050527a740ae0026,0.3618939574874612,0.0160403539919868,0.0432166301969365,0.0217372452947391,0.0050643070405393
F,GES,XGBoost,4,4,e6c20743d2697131,0.7863679788088673,0.0786800307802715,0.1414141414141414,0.0218135218062511,0.0127385300845803
F,GES,LightGBM,4,4,e6c20743d2697131,0.7581927466689826,0.0714446834589679,0.1333333333333333,0.0239007515718823,0.0230013059457119
F,GES,RF,4,4,e6c20743d2697131,0.7250128464004747,0.0621422231765504,0.1046511627906976,0.0226332927033827,0.0181850712887894
F,GES,Logit,4,4,e6c20743d2697131,0.5709736485948571,0.0279273844324971,0.0438325372295588,0.0217096086706413,0.0012036737977212
F,GES,FFMLP,4,4,e6c20743d2697131,0.5042194092827004,0.0213504339496936,0.0432166301969365,0.0217563915888915,0.0016146709953468
F,GES,XGBoost,5,5,84c9d88f2762407d,0.819500835920707,0.1079260236505704,0.2037037037037037,0.0214473956928371,0.0092200736036414
F,GES,LightGBM,5,5,84c9d88f2762407d,0.7918647907303268,0.0923905025341993,0.1648936170212765,0.0227077751257844,0.0193958264639973
F,GES,RF,5,5,84c9d88f2762407d,0.7768905920924072,0.0822545071752545,0.1746724890829694,0.0214920346659211,0.0100408163265306
F,GES,Logit,5,5,84c9d88f2762407d,0.5596434852465424,0.0258138155796253,0.0439436619718309,0.0216898008006722,0.0012366145987985
F,GES,FFMLP,5,5,84c9d88f2762407d,0.4982123600466089,0.0217680957446015,0.0432166301969365,0.0216324761172529,0.0008694567525723
F,GES,XGBoost,6,6,82d6016092529b79,0.891601710923421,0.2142258677742912,0.2954545454545454,0.0196702033741015,0.008593878297144
F,GES,RF,6,6,82d6016092529b79,0.8834451512980293,0.2026907912365282,0.3097345132743362,0.0193869980430528,0.0048269499580654
F,GES,LightGBM,6,6,82d6016092529b79,0.8559574729863719,0.1938769747124376,0.2934782608695652,0.0211841996975644,0.0187120470879359
F,GES,FFMLP,6,6,82d6016092529b79,0.7076448748290162,0.065163982786535,0.0432166301969365,0.0216053813801545,0.0017162166803508
F,GES,Logit,6,6,82d6016092529b79,0.5602152405352788,0.0258824259316806,0.0439560439560439,0.0216901692643389,0.0012533237638777
F,GES,XGBoost,7,7,e100ab5953b3e063,0.9071422367935384,0.2644002428938344,0.3333333333333333,0.0186060518028431,0.0087382129617691
F,GES,LightGBM,7,7,e100ab5953b3e063,0.8987305585108308,0.2333455955768233,0.3083333333333333,0.0206491815736775,0.0196685809946661
F,GES,RF,7,7,e100ab5953b3e063,0.8936517069428462,0.2474612214671722,0.3351351351351351,0.0185734839250768,0.0051607492311993
F,GES,FFMLP,7,7,e100ab5953b3e063,0.5793871362297444,0.0310408582659071,0.0432166301969365,0.0216572529659644,0.0031607791345055
F,GES,Logit,7,7,e100ab5953b3e063,0.5442169485637363,0.0237578605496941,0.0440304826418289,0.021711947592004,0.0013729858824039
F,GES,XGBoost,8,8,89de563635bcbd2c,0.909222991800016,0.2856167304101961,0.3173431734317343,0.0183810627378185,0.0086132125290585
F,GES,RF,8,8,89de563635bcbd2c,0.8984953427274899,0.2473491566577665,0.3814432989690721,0.0185102566396421,0.0059966452334358
F,GES,LightGBM,8,8,89de563635bcbd2c,0.8938923507827258,0.2450416548715546,0.334975369458128,0.0204066587941994,0.0190290774332049
F,GES,FFMLP,8,8,89de563635bcbd2c,0.6293505873157174,0.0326477211828623,0.0457924472197442,0.0217918459561817,0.0029474661339502
F,GES,Logit,8,8,89de563635bcbd2c,0.5286058579586164,0.0226814332284137,0.0436879432624113,0.0220187103210812,0.0018543204488036
F,GES,XGBoost,9,9,d7b238a88ea0323e,0.9146347641690368,0.2832249561831152,0.3435582822085889,0.0184390502380534,0.0098657847554228
F,GES,RF,9,9,d7b238a88ea0323e,0.9135419154525912,0.2929227506913632,0.3883495145631068,0.017956630696114,0.0041459323455409
F,GES,LightGBM,9,9,d7b238a88ea0323e,0.899816169818558,0.2776792349472315,0.3351955307262569,0.0195230663721364,0.0182773243248157
F,GES,FFMLP,9,9,d7b238a88ea0323e,0.6548914026821837,0.0374771885467874,0.0700808625336927,0.021742222579629,0.0033080380244364
F,GES,Logit,9,9,d7b238a88ea0323e,0.5663525631282976,0.0247254417919293,0.0443686006825938,0.0221434027615016,0.0022170181407825
F,GES,XGBoost,10,10,0de4f86da9a59fff,0.913563627678746,0.2742752094623372,0.3550295857988165,0.0186507034145363,0.0100948544024383
F,GES,RF,10,10,0de4f86da9a59fff,0.9085860998328158,0.2900134510866248,0.3671497584541063,0.0180464366787811,0.0032004473022085
F,GES,LightGBM,10,10,0de4f86da9a59fff,0.9073720245203406,0.2888800102076188,0.3168316831683168,0.0196278394673084,0.0184557092288289
F,GES,FFMLP,10,10,0de4f86da9a59fff,0.6762634706269768,0.0416380317301582,0.0877598152424942,0.0216024929267738,0.0028939081831354
F,GES,Logit,10,10,0de4f86da9a59fff,0.586866998139986,0.0266572423325794,0.043665613329503,0.0223762612033568,0.0023424469130498
F,GES,XGBoost,11,11,56570fad43698001,0.909532391022718,0.2812652214613485,0.3595505617977528,0.018464437863661,0.0097248924808638
F,GES,RF,11,11,56570fad43698001,0.906881690079684,0.2889943221632845,0.3644859813084112,0.0181307095331283,0.0048873357562202
F,GES,LightGBM,11,11,56570fad43698001,0.9026061908794176,0.3140449252028546,0.3282051282051282,0.0193843196867663,0.0185708757163269
F,GES,FFMLP,11,11,56570fad43698001,0.6668910263369303,0.0393454884337091,0.0711974110032362,0.021566237330164,0.0029833146925783
F,GES,Logit,11,11,56570fad43698001,0.5866607319915178,0.0266412051517631,0.0437410071942446,0.0223732183185156,0.0023605903563542
F,GES,XGBoost,12,12,00d70da8e9622c65,0.9106505706696774,0.2870546583522018,0.3406593406593406,0.0184370050415722,0.0097640454239293
F,GES,RF,12,12,00d70da8e9622c65,0.9015766694892562,0.2841165818860902,0.3942307692307692,0.0182085479452054,0.0059535923958624
F,GES,LightGBM,12,12,00d70da8e9622c65,0.9014988673455356,0.3290969898505781,0.3663366336633663,0.0188218792205106,0.018039747945202
F,GES,FFMLP,12,12,00d70da8e9622c65,0.6472830767671942,0.0395033647306813,0.0804597701149425,0.0215139416499945,0.0015765017599933
F,GES,Logit,12,12,00d70da8e9622c65,0.5865159838171541,0.0266338080513426,0.0437788018433179,0.0223897351601795,0.0025054604757924
F,GES,XGBoost,13,13,a32e33bf80e29d23,0.9070752907628952,0.3293183550232571,0.3947368421052631,0.0177348916716097,0.0112974831397284
F,GES,RF,13,13,a32e33bf80e29d23,0.89992834965369,0.272979833869469,0.3515151515151515,0.0182420833100363,0.0033128319821079
F,GES,LightGBM,13,13,a32e33bf80e29d23,0.8984012564141535,0.3072306375740823,0.4044943820224719,0.0195128355932734,0.0183305224162779
F,GES,FFMLP,13,13,a32e33bf80e29d23,0.7184213764103901,0.0508816221073076,0.087227414330218,0.0214609309742726,0.0036770940813224
F,GES,Logit,13,13,a32e33bf80e29d23,0.6131424104913477,0.0301558985491144,0.0438672438672438,0.0223045130173483,0.0026091918378167
F,GES,XGBoost,14,14,5f6720543a9e57a0,0.909279081717582,0.320465515922414,0.4,0.0180551026768171,0.012085601814489
F,GES,RF,14,14,5f6720543a9e57a0,0.9058901650852929,0.2589272692684389,0.3353293413173652,0.0184388772714565,0.0041520827509085
F,GES,LightGBM,14,14,5f6720543a9e57a0,0.8939755809829848,0.3258046496786143,0.4117647058823529,0.0190679365090487,0.0177692811649532
F,GES,FFMLP,14,14,5f6720543a9e57a0,0.7246600227254634,0.0547377044281454,0.1173020527859237,0.0220233003689577,0.005586869599647
F,GES,Logit,14,14,5f6720543a9e57a0,0.6178865319061163,0.0308628885204187,0.0438166618622081,0.0222812929855195,0.0025418254264015
F,GES,XGBoost,15,15,85cfaa789ded5eb5,0.9073539309985452,0.318963424193767,0.3571428571428571,0.0181296514109853,0.0112016214586212
F,GES,RF,15,15,85cfaa789ded5eb5,0.9071784238371292,0.2697606032009875,0.3296703296703296,0.018349756779424,0.0040995247414034
F,GES,LightGBM,15,15,85cfaa789ded5eb5,0.8974459184633534,0.3159602717883975,0.3953488372093023,0.0194295976166541,0.0188117446616728
F,GES,FFMLP,15,15,85cfaa789ded5eb5,0.7461189395748745,0.0614945878540048,0.0467836257309941,0.0217280795073344,0.0040444713111926
F,GES,Logit,15,15,85cfaa789ded5eb5,0.627671508493099,0.0328761214320675,0.0443420673769075,0.0223078586486401,0.0027756119622059
F,GES,XGBoost,16,16,f1d74ec51da3a8a5,0.9333651779316932,0.3425328156984156,0.380281690140845,0.0178577738889323,0.0119981154496657
F,GES,RF,16,16,f1d74ec51da3a8a5,0.9231260539476448,0.2818050060496344,0.3396226415094339,0.0182476365669555,0.0045015376013419
F,GES,LightGBM,16,16,f1d74ec51da3a8a5,0.9211882377633512,0.3724878620369344,0.4295302013422818,0.0185271599176506,0.0180743886265706
F,GES,FFMLP,16,16,f1d74ec51da3a8a5,0.7161017869162125,0.060608160541192,0.0893854748603352,0.0214094962543775,0.0037195753396757
F,GES,Logit,16,16,f1d74ec51da3a8a5,0.6277547386933582,0.0330080823904913,0.0443420673769075,0.0223404475776424,0.0027297142679733
F,GES,XGBoost,17,17,e937e198b6c28991,0.9357028609476664,0.347545317609887,0.3815789473684211,0.0179787057471567,0.0122633381929745
F,GES,RF,17,17,e937e198b6c28991,0.9160333934038256,0.2835540559646492,0.3150684931506849,0.0182887223930668,0.0044909141738887
F,GES,LightGBM,17,17,e937e198b6c28991,0.9147686562303232,0.3685248698519187,0.4155844155844156,0.0184002406162703,0.0180883231727408
F,GES,FFMLP,17,17,e937e198b6c28991,0.7532694993884389,0.0706099759421431,0.119047619047619,0.0218748472344649,0.0048815583977364
F,GES,Logit,17,17,e937e198b6c28991,0.6273349689877037,0.0326370980348234,0.0443293033966609,0.022378743834394,0.0030078430509545
F,GES,XGBoost,18,18,42098d9aa1628d19,0.9347113359532752,0.3672625387910236,0.3866666666666666,0.0174697323235414,0.0115267781008046
F,GES,RF,18,18,42098d9aa1628d19,0.922765992863915,0.3246025810313094,0.3717948717948718,0.0178390125803746,0.0052899077439194
F,GES,LightGBM,18,18,42098d9aa1628d19,0.9114141172894455,0.4006058750603121,0.4313725490196078,0.0176183756434097,0.0165778444783763
F,GES,FFMLP,18,18,42098d9aa1628d19,0.7928979308248475,0.1137955684049965,0.1194029850746268,0.0211383794997491,0.0047926744511249
F,GES,Logit,18,18,42098d9aa1628d19,0.7237842962705633,0.0531905310662884,0.0930232558139534,0.0225715135332442,0.0039127394181339
F,GES,XGBoost,19,19,c938b24dda604106,0.9324568831375616,0.388861410815368,0.3829787234042553,0.0170461548852133,0.0108684154639662
F,GES,RF,19,19,c938b24dda604106,0.9205368709787148,0.3215919389388059,0.3952095808383233,0.0178590684931506,0.00342745317305
F,GES,LightGBM,19,19,c938b24dda604106,0.9123911674664004,0.3911096051828712,0.4150943396226415,0.0180814505537338,0.0175213801988866
F,GES,FFMLP,19,19,c938b24dda604106,0.7960787719564887,0.1011243994030017,0.0875912408759124,0.0215577207132439,0.0044835958757945
F,GES,Logit,19,19,c938b24dda604106,0.732613934906746,0.0570993763935089,0.1320754716981132,0.0226640725620279,0.0041401712549508
F,GES,XGBoost,20,20,95736524a3320dfa,0.9334411707232342,0.3887775547665069,0.4161073825503356,0.0170761495117357,0.0121825427402238
F,GES,RF,20,20,95736524a3320dfa,0.9250385392014244,0.315358627279896,0.3356643356643357,0.017882013978194,0.0064048084987419
F,GES,LightGBM,20,20,95736524a3320dfa,0.908964254438341,0.4092086934067316,0.4242424242424242,0.0173323238251412,0.0173614130387425
F,GES,FFMLP,20,20,95736524a3320dfa,0.8052956119590942,0.1046961127399059,0.1614906832298136,0.0213433287181204,0.0045879378660717
F,GES,Logit,20,20,95736524a3320dfa,0.7317273523387686,0.0580739032774371,0.1309523809523809,0.0227248592336762,0.0042469890936455
F,GES,XGBoost,21,21,b1013a58f6a863d3,0.9338681778376072,0.3829068906073646,0.4064171122994652,0.0174358350619143,0.0135936501943905
F,GES,RF,21,21,b1013a58f6a863d3,0.926656100049938,0.3253324926353472,0.375,0.017622329326251,0.0033145093653899
F,GES,LightGBM,21,21,b1013a58f6a863d3,0.9214994463382332,0.4092683431680012,0.4390243902439024,0.0180475252152453,0.0178583428178925
F,GES,FFMLP,21,21,b1013a58f6a863d3,0.801003828589212,0.0935453050174878,0.1458333333333333,0.021089537096311,0.0030665829832914
F,GES,Logit,21,21,b1013a58f6a863d3,0.7286007917725138,0.0564789499092889,0.1301775147928994,0.0228843258555612,0.0044551937203713
F,GES,XGBoost,22,22,69b21fa79c76dd71,0.9358367530089526,0.4010110211060121,0.4059405940594059,0.0168767900541255,0.0117861917564608
F,GES,LightGBM,22,22,69b21fa79c76dd71,0.9262471864573608,0.3988873344493481,0.4335664335664335,0.0183163839411662,0.0183733466187709
F,GES,RF,22,22,69b21fa79c76dd71,0.9220512987529944,0.323663453413051,0.3733333333333333,0.017715140061504,0.0050578697232317
F,GES,FFMLP,22,22,69b21fa79c76dd71,0.7879764928964833,0.1104232152577152,0.1285714285714285,0.021456391962239,0.0047992150829612
F,GES,Logit,22,22,69b21fa79c76dd71,0.727066461124259,0.0559895501574344,0.1305637982195845,0.0228891397168307,0.0044739170091639
F,GES,XGBoost,23,23,f3e9e90c8bf117ce,0.9306511496623748,0.423438574567779,0.4418604651162791,0.0166315170402257,0.0121209927904087
F,GES,RF,23,23,f3e9e90c8bf117ce,0.927030635951104,0.3995221691126486,0.4067796610169492,0.0165105753424657,0.003441990494828
F,GES,LightGBM,23,23,f3e9e90c8bf117ce,0.9187456123209644,0.4473820272628078,0.4512195121951219,0.0171492304999439,0.0174126028362273
F,GES,FFMLP,23,23,f3e9e90c8bf117ce,0.8364418003777928,0.1265973273462104,0.1129032258064516,0.021383679177763,0.0053791890713899
F,GES,Logit,23,23,f3e9e90c8bf117ce,0.7299614246115322,0.0567680112672125,0.1286549707602339,0.0228893360264956,0.0045476548341047
F,GES,XGBoost,24,24,c8ff01f260326497,0.9341721490037708,0.4176729784074733,0.4302325581395348,0.0167967939587616,0.0110947429229835
F,GES,RF,24,24,c8ff01f260326497,0.921213568693865,0.4015029469995808,0.40625,0.0164759429689684,0.0040279563880346
F,GES,LightGBM,24,24,c8ff01f260326497,0.917138907585528,0.4358516153245458,0.4740740740740741,0.0175729323425769,0.0176540684333376
F,GES,FFMLP,24,24,c8ff01f260326497,0.8216883427057776,0.1197288416853568,0.1486486486486486,0.0213889004497169,0.0049433142034274
F,GES,Logit,24,24,c8ff01f260326497,0.7347779201134825,0.0584940231661061,0.1407624633431085,0.0228521743514911,0.0044052666115833
F,GES,XGBoost,25,25,abf08a8f8a6d539b,0.9370924434215572,0.4082073383654706,0.4067796610169492,0.0167545344932415,0.0128746676337633
F,GES,RF,25,25,abf08a8f8a6d539b,0.9239456904849788,0.3992649433289846,0.4060150375939849,0.0164966105675146,0.0041800391389432
F,GES,LightGBM,25,25,abf08a8f8a6d539b,0.9177215189873418,0.4290471166381953,0.4444444444444444,0.0175033323555355,0.0174718469539086
F,GES,FFMLP,25,25,abf08a8f8a6d539b,0.8331994412720469,0.1213311689785158,0.1304347826086956,0.021232677562399,0.0045376891925876
F,GES,Logit,25,25,abf08a8f8a6d539b,0.741418242612415,0.0594204886751956,0.1363636363636363,0.0227896435773102,0.0043480282245163
F,GES,XGBoost,26,26,4ef501c58a6274ae,0.9295365887197748,0.3910268336563993,0.3915343915343915,0.016992354580224,0.0106052332697032
F,GES,LightGBM,26,26,4ef501c58a6274ae,0.9197841804720236,0.4318918117986981,0.4363636363636363,0.0175990128175157,0.0179213528257206
F,GES,RF,26,26,4ef501c58a6274ae,0.91764914490016,0.3909733448546232,0.3769633507853403,0.0165504500978473,0.0043880346659211
F,GES,FFMLP,26,26,4ef501c58a6274ae,0.7959883043475113,0.123862156742883,0.1259842519685039,0.0210706407129278,0.0077155493251898
F,GES,Logit,26,26,4ef501c58a6274ae,0.7451491268066384,0.0834852371427312,0.1834061135371179,0.0222859458484118,0.0043010204885927
F,GES,XGBoost,27,27,cf0e758521eb792f,0.9317403796744612,0.4177357881712586,0.4120603015075377,0.0166010789360485,0.0120025897481386
F,GES,LightGBM,27,27,cf0e758521eb792f,0.9211303384936056,0.4483181003794838,0.4428571428571428,0.017410259190934,0.0169984893906054
F,GES,RF,27,27,cf0e758521eb792f,0.9174211665255372,0.3971740820564817,0.3859649122807017,0.0164347721554375,0.0050450097847358
F,GES,FFMLP,27,27,cf0e758521eb792f,0.8053426551157624,0.139797449335907,0.2658959537572254,0.0207593531385677,0.0079648030855684
F,GES,Logit,27,27,cf0e758521eb792f,0.74597781010487,0.0833544876359305,0.1896551724137931,0.022304657715142,0.0044319700492373
F,GES,XGBoost,28,28,c043e118307ea018,0.9345629690745526,0.4181783433818964,0.3942307692307692,0.0165763276632869,0.0127582204723946
F,GES,RF,28,28,c043e118307ea018,0.9261567188483836,0.4014438911956182,0.4065040650406504,0.0162774828068213,0.0038428850992451
F,GES,LightGBM,28,28,c043e118307ea018,0.9233051798134196,0.438861093729101,0.4489795918367347,0.0176529128251161,0.0171395650020042
F,GES,FFMLP,28,28,c043e118307ea018,0.8064535973540033,0.1407649888089484,0.1654135338345864,0.0211350215771617,0.0067241669465601
F,GES,Logit,28,28,c043e118307ea018,0.7483733923905884,0.0841356342191533,0.1904761904761904,0.0223659252959102,0.0044509566006731
F,GES,XGBoost,29,29,dace13742e348e7e,0.9316462933611248,0.4145890574072976,0.3897435897435897,0.0166824120953704,0.0121289863797133
F,GES,LightGBM,29,29,dace13742e348e7e,0.9210507269977056,0.4374903523346566,0.4268292682926829,0.017810257508338,0.0174956930413399
F,GES,RF,29,29,dace13742e348e7e,0.9167878932626964,0.401911809364614,0.3876651982378855,0.0163285680738048,0.0038781101481688
F,GES,FFMLP,29,29,dace13742e348e7e,0.8002728503086755,0.1366326920647299,0.2409638554216867,0.0211510679755582,0.0074720781755774
F,GES,Logit,29,29,dace13742e348e7e,0.7478486802585201,0.0846040118994,0.1309523809523809,0.022353766261048,0.0044468897029766
F,GES,XGBoost,30,30,bcd5503e9fd4ef7a,0.9316607681785614,0.4319536326172691,0.3829787234042553,0.0164936474919223,0.0114926749681947
F,GES,LightGBM,30,30,bcd5503e9fd4ef7a,0.921821511026192,0.4347789573990696,0.4363636363636363,0.017494987618313,0.0171351309720484
F,GES,RF,30,30,bcd5503e9fd4ef7a,0.914953210152637,0.4142033193916929,0.4064171122994652,0.0161579793122728,0.0039580654179479
F,GES,FFMLP,30,30,bcd5503e9fd4ef7a,0.8096054888507718,0.1294228142520544,0.2196531791907514,0.0208646942086791,0.0074376310855837
F,GES,Logit,30,30,bcd5503e9fd4ef7a,0.7487461189395748,0.0845831825818423,0.1896551724137931,0.0223063747314739,0.0043694128431287
F,GES,XGBoost,31,31,1b74e3840f4dcb5e,0.930462977035702,0.4238689619615367,0.4125,0.016588159967557,0.0120938414260474
F,GES,RF,31,31,1b74e3840f4dcb5e,0.9218359858436284,0.4018755446124521,0.4065934065934066,0.0162338071009225,0.0034330444506569
F,GES,LightGBM,31,31,1b74e3840f4dcb5e,0.9201605257253692,0.4392058058441567,0.430379746835443,0.0173086015074974,0.0166967754384109
F,GES,FFMLP,31,31,1b74e3840f4dcb5e,0.8001063899081572,0.1357622094895513,0.2409638554216867,0.0210508154299485,0.0102014424982836
F,GES,Logit,31,31,1b74e3840f4dcb5e,0.7491188454885613,0.0851771869693814,0.1904761904761904,0.0222798778394859,0.0043414659937774
F,GES,XGBoost,32,32,f8e9eae69271f27d,0.9364266018194846,0.4479762529713174,0.4215686274509804,0.0160510493120998,0.0124066794147417
F,GES,RF,32,32,f8e9eae69271f27d,0.9282030961634496,0.4226330901351751,0.4125,0.016039268660889,0.0034140341067934
F,GES,LightGBM,32,32,f8e9eae69271f27d,0.9264353590840336,0.4698995807624343,0.4594594594594595,0.0169959461723082,0.0166232660918815
F,GES,FFMLP,32,32,f8e9eae69271f27d,0.7959340237821251,0.1219479227222618,0.2365591397849462,0.0210087247400121,0.0085702247486489
F,GES,Logit,32,32,f8e9eae69271f27d,0.7492527375498476,0.0847652717023135,0.1896551724137931,0.0222693335301532,0.0040650972375819
F,GES,XGBoost,33,33,270cd88962214341,0.9350695876848252,0.4332221928090217,0.40625,0.0161853164327239,0.0121540791597993
F,GES,LightGBM,33,33,270cd88962214341,0.9243039422165288,0.4603930713054359,0.4594594594594595,0.0170607912934767,0.0167631743039325
F,GES,RF,33,33,270cd88962214341,0.9233051798134196,0.4184092387791855,0.4358974358974359,0.0161632541235672,0.0026279004752585
F,GES,FFMLP,33,33,270cd88962214341,0.8020966773056575,0.1406189254321165,0.2012578616352201,0.0211552041421649,0.008530241536455
F,GES,Logit,33,33,270cd88962214341,0.7507943056068205,0.085062057283874,0.1904761904761904,0.0223306899430951,0.0043610368259247
F,GES,XGBoost,34,34,b154670abb75bb96,0.9332385232791252,0.4283724836381582,0.3658536585365853,0.016350431143584,0.0121128084174486
F,GES,RF,34,34,b154670abb75bb96,0.9283098479420429,0.4181269414756681,0.4090909090909091,0.0160943203802068,0.0036902432205759
F,GES,LightGBM,34,34,b154670abb75bb96,0.9282591860810157,0.4726856402210885,0.4520547945205479,0.0167274341863156,0.016312961433284
F,GES,FFMLP,34,34,b154670abb75bb96,0.7998711741248163,0.1341052222410488,0.1470588235294117,0.0211003674169458,0.0080745055675839
F,GES,Logit,34,34,b154670abb75bb96,0.7505011905537341,0.0849497419979128,0.1896551724137931,0.0223416287847422,0.0043863001884728
F,GES,XGBoost,35,35,78535073af7929c5,0.9328875089562932,0.4272140643415812,0.3925233644859813,0.0163196373206455,0.0119328343688682
F,GES,RF,35,35,78535073af7929c5,0.9285866788255132,0.4113664498882795,0.3859649122807017,0.0161281733296058,0.004007268660889
F,GES,LightGBM,35,35,78535073af7929c5,0.921416216137974,0.4665288822322531,0.4342105263157895,0.0169098195240871,0.016612962822236
F,GES,FFMLP,35,35,78535073af7929c5,0.8102134311830991,0.1334131453188752,0.1830065359477124,0.0210514246535568,0.0105265162266563
F,GES,Logit,35,35,78535073af7929c5,0.7508015430155388,0.08491659835539,0.1921397379912663,0.0223090798323893,0.0041342205667605
F,GOLEM,XGBoost,1,1,5d44aec594d57af8,0.5675033111144885,0.0303401566559339,0.0477611940298507,0.0217173575304623,0.0027283964304241
F,GOLEM,LightGBM,1,1,5d44aec594d57af8,0.5568227051986305,0.0269920304122553,0.0399113082039911,0.0218993210048681,0.0035745612631619
F,GOLEM,RF,1,1,5d44aec594d57af8,0.5039624812732049,0.0216726611517248,0.0,0.0341066480290746,0.0427352530053117
F,GOLEM,Logit,1,1,5d44aec594d57af8,0.4218757915915785,0.0210496100421798,0.0432166301969365,0.0216102995698436,0.0007808110051723
F,GOLEM,FFMLP,1,1,5d44aec594d57af8,0.4033643094426472,0.0177748746205172,0.0101522842639593,0.0216761645004116,0.0007702270207673
F,GOLEM,LightGBM,2,2,140b79aa06813104,0.7332291146477916,0.0439337512545468,0.0902679830747531,0.0271892239016546,0.0270362980253917
F,GOLEM,XGBoost,2,2,140b79aa06813104,0.7064886987862866,0.0493640221992428,0.0876494023904382,0.0218763455281591,0.0089269186429177
F,GOLEM,RF,2,2,140b79aa06813104,0.6763684130533905,0.0399621122472657,0.0943396226415094,0.0238827643276488,0.0215890410958904
F,GOLEM,Logit,2,2,140b79aa06813104,0.4260192080827381,0.0214898670964054,0.0432166301969365,0.0216310600080461,0.000868438904734
F,GOLEM,FFMLP,2,2,140b79aa06813104,0.421817892321833,0.0193142274589205,0.0432166301969365,0.0216449348165005,0.0039548882899552
F,GOLEM,XGBoost,3,3,5932bb55e9f26353,0.8014579759862779,0.0816675056930824,0.140495867768595,0.021605534048872,0.010737280820897
F,GOLEM,LightGBM,3,3,5932bb55e9f26353,0.7547079343711779,0.0695700424031797,0.1237113402061855,0.0224426621470395,0.0169740296336747
F,GOLEM,RF,3,3,5932bb55e9f26353,0.75115436669055,0.0698224073599154,0.1014492753623188,0.0215226368465194,0.0092043611965334
F,GOLEM,Logit,3,3,5932bb55e9f26353,0.4239384530762606,0.0205439450646009,0.0432521215439364,0.0216363875962013,0.0009115714693227
F,GOLEM,FFMLP,3,3,5932bb55e9f26353,0.4075710532600907,0.0182467700026411,0.043046357615894,0.0217344900837867,0.0065953140984101
F,GOLEM,XGBoost,4,4,fe6d7575b1d442f2,0.8353326674917313,0.1404150164301106,0.178988326848249,0.0209588330532032,0.010817056952676
F,GOLEM,RF,4,4,fe6d7575b1d442f2,0.811452837426088,0.1248689706829048,0.1696658097686375,0.0208020307520268,0.0086966731898238
F,GOLEM,LightGBM,4,4,fe6d7575b1d442f2,0.8044832128304782,0.1139440003333594,0.1970443349753694,0.0219764854462618,0.018532819130916
F,GOLEM,FFMLP,4,4,fe6d7575b1d442f2,0.4440041687474217,0.0181833313198565,0.0432166301969365,0.0216622522711218,0.0038057532820716
F,GOLEM,Logit,4,4,fe6d7575b1d442f2,0.4223027987059513,0.0207166507006483,0.0432639649507119,0.0216512180055247,0.0010023296220359
F,GOLEM,XGBoost,5,5,d91dafb8999ed110,0.8916885598280392,0.2017342991271055,0.2723404255319149,0.0203405589673213,0.0095629980908704
F,GOLEM,RF,5,5,d91dafb8999ed110,0.8737669264896397,0.2044259400587684,0.2442748091603053,0.0196999675705898,0.0087223930668157
F,GOLEM,LightGBM,5,5,d91dafb8999ed110,0.8583747674982449,0.1563501015451311,0.2320441988950276,0.0227016009429355,0.0210433186030966
F,GOLEM,FFMLP,5,5,d91dafb8999ed110,0.4663768084475035,0.0197840728166123,0.043552036199095,0.0217025898668704,0.0070356456247836
F,GOLEM,Logit,5,5,d91dafb8999ed110,0.35492976094839,0.0187425847683615,0.0433470507544581,0.021667698222777,0.0009575372750339
F,GOLEM,XGBoost,6,6,b5a36bb5b1ae7ab4,0.9032159425639243,0.2782143541542752,0.3255813953488372,0.0186257669123897,0.0103733603735026
F,GOLEM,LightGBM,6,6,b5a36bb5b1ae7ab4,0.8923182143865211,0.2521340633054439,0.3076923076923077,0.0197085062698177,0.018190971751088
F,GOLEM,RF,6,6,b5a36bb5b1ae7ab4,0.8868105463519841,0.2804411886407303,0.345679012345679,0.0183490847078557,0.0051456527816606
F,GOLEM,FFMLP,6,6,b5a36bb5b1ae7ab4,0.4221399570097922,0.0191609181973307,0.0446247464503042,0.0216791440851882,0.005993672615078
F,GOLEM,Logit,6,6,b5a36bb5b1ae7ab4,0.3812775473869336,0.0182323764553285,0.0434782608695652,0.021691155004195,0.0011752843175406
F,GOLEM,XGBoost,7,7,6e8b26da04cb79b4,0.9033425972164928,0.2734046939866505,0.3173076923076923,0.0185388513567158,0.009376982023363
F,GOLEM,RF,7,7,6e8b26da04cb79b4,0.88607052131055,0.2715733096396171,0.3448275862068966,0.0183461280402572,0.0032054794520547
F,GOLEM,LightGBM,7,7,6e8b26da04cb79b4,0.8835971368811111,0.2484848929139951,0.3561643835616438,0.0200060864162902,0.0179115189299189
F,GOLEM,FFMLP,7,7,6e8b26da04cb79b4,0.5541774323121349,0.0235904377933279,0.04499100179964,0.0216418853465302,0.0027177445736299
F,GOLEM,Logit,7,7,6e8b26da04cb79b4,0.3832786908975111,0.01848467637983,0.0434662998624484,0.021688286492187,0.0011833562105113
F,GOLEM,XGBoost,8,8,688de5612780ce0a,0.9070590065932794,0.2734056013991653,0.3020408163265306,0.0185312529153154,0.0089709264882896
F,GOLEM,LightGBM,8,8,688de5612780ce0a,0.9001888963675446,0.2493650845198562,0.3278688524590163,0.0201929796967082,0.0187201520521018
F,GOLEM,RF,8,8,688de5612780ce0a,0.884780453206534,0.251536096792585,0.3529411764705882,0.0185217310595471,0.005616997483925
F,GOLEM,FFMLP,8,8,688de5612780ce0a,0.6366024708513365,0.0383419756162271,0.0476350218047635,0.02159055207093,0.0023690918853638
F,GOLEM,Logit,8,8,688de5612780ce0a,0.5379348777963538,0.0231891251363792,0.0439684329199549,0.0218006419918214,0.0016366909532087
F,GOLEM,XGBoost,9,9,0dab5d0cf7d47bc3,0.8967330337046124,0.3197577208163331,0.3902439024390244,0.0181024991101374,0.0111670655424651
F,GOLEM,LightGBM,9,9,0dab5d0cf7d47bc3,0.8887972150451252,0.2907588726371135,0.3612903225806451,0.0203912933309416,0.0196577079559103
F,GOLEM,RF,9,9,0dab5d0cf7d47bc3,0.8845633309449884,0.2731638498024126,0.351063829787234,0.0183265854067654,0.0040251607492311
F,GOLEM,FFMLP,9,9,0dab5d0cf7d47bc3,0.7271496913245181,0.0462757273023481,0.0915662650602409,0.0214508134348996,0.0032385700534084
F,GOLEM,Logit,9,9,0dab5d0cf7d47bc3,0.610417526108952,0.0299145867187461,0.0441051738761662,0.0218415059393422,0.0020484187822779
F,GOLEM,XGBoost,10,10,7f59bd501c3dbaab,0.8999211122449717,0.3038042559304057,0.3243243243243243,0.0182131382646341,0.0099923575898699
F,GOLEM,LightGBM,10,10,7f59bd501c3dbaab,0.898223939900558,0.2735937409490394,0.345679012345679,0.020205329285092,0.0194703155200931
F,GOLEM,RF,10,10,7f59bd501c3dbaab,0.8851513704033408,0.2636098005180453,0.3592233009708738,0.018390876153201,0.0036628459603019
F,GOLEM,FFMLP,10,10,7f59bd501c3dbaab,0.7283149141281455,0.0553596923947455,0.0972972972972973,0.021529448761876,0.0037440076961942
F,GOLEM,Logit,10,10,7f59bd501c3dbaab,0.5896823501313591,0.0271839628963152,0.0442302239863907,0.0218539878740174,0.0020366147646437
F,GOLEM,XGBoost,11,11,0511ae592ab833b7,0.9012998386057856,0.2965237573051674,0.3888888888888889,0.0182660251951341,0.0111521224829511
F,GOLEM,RF,11,11,0511ae592ab833b7,0.8939683435742667,0.2710110562064572,0.3715846994535519,0.0183170366228683,0.0046944366787811
F,GOLEM,LightGBM,11,11,0511ae592ab833b7,0.8932844084503985,0.2826326553180156,0.3623188405797101,0.0203513888061256,0.0200745235516266
F,GOLEM,FFMLP,11,11,0511ae592ab833b7,0.734835819383228,0.0606761380440186,0.1104815864022662,0.0212988990999958,0.0036819541635736
F,GOLEM,Logit,11,11,0511ae592ab833b7,0.5829008981624219,0.0271741001455671,0.0490196078431372,0.0219132563199072,0.0024991707454047
F,GOLEM,RF,12,12,96fce1d1ba2fa699,0.90084388185654,0.2767955467066732,0.3378378378378378,0.0182358266703941,0.0036332121889851
F,GOLEM,XGBoost,12,12,96fce1d1ba2fa699,0.8919382504288165,0.3207488500546906,0.375,0.0179654264528517,0.0109673296318795
F,GOLEM,LightGBM,12,12,96fce1d1ba2fa699,0.8908128333731391,0.3159558966425895,0.4129032258064516,0.0197054585968527,0.0187318829962003
F,GOLEM,FFMLP,12,12,96fce1d1ba2fa699,0.7443168248040472,0.0663612287734378,0.10062893081761,0.0213353637422054,0.0037063311161627
F,GOLEM,Logit,12,12,96fce1d1ba2fa699,0.7037258180081204,0.0473915007986222,0.0830188679245283,0.0216852694024975,0.0033923639921012
F,GOLEM,RF,13,13,da2acca4fb88b2aa,0.8955569547879078,0.2706273175991173,0.3515151515151515,0.018325677383282,0.0042633491752865
F,GOLEM,XGBoost,13,13,da2acca4fb88b2aa,0.8922530777080573,0.3028658538461488,0.3516483516483517,0.0181965780262116,0.0124009053674176
F,GOLEM,LightGBM,13,13,da2acca4fb88b2aa,0.8921951784383119,0.3073752904728367,0.3206106870229007,0.019821238947061,0.0190444038974519
F,GOLEM,FFMLP,13,13,da2acca4fb88b2aa,0.743795731376338,0.0682443650579112,0.091254752851711,0.0214904820742436,0.0016536744202619
F,GOLEM,Logit,13,13,da2acca4fb88b2aa,0.7044785085148113,0.0491225024793081,0.0785714285714285,0.0221159365317305,0.0039435209359046
F,GOLEM,RF,14,14,40021117058bf5f8,0.9004078279812695,0.2664465140353749,0.3571428571428571,0.0183366597707576,0.0037461559966452
F,GOLEM,XGBoost,14,14,40021117058bf5f8,0.8873931577537979,0.320207720922863,0.3636363636363636,0.018003950857674,0.0117694940054797
F,GOLEM,LightGBM,14,14,40021117058bf5f8,0.880738360437429,0.3089344780753877,0.3825136612021858,0.0194336805040517,0.0184074498362286
F,GOLEM,FFMLP,14,14,40021117058bf5f8,0.7415231850388286,0.0620831015685099,0.0909090909090909,0.021254188788989,0.0013521342661449
F,GOLEM,Logit,14,14,40021117058bf5f8,0.7057993356058798,0.048883725470241,0.1181102362204724,0.0220636048206612,0.0039955292644488
F,GOLEM,RF,15,15,06292a569571a05e,0.8911149951871232,0.2705008046907458,0.3176470588235294,0.0183084685490634,0.0045132792843164
F,GOLEM,LightGBM,15,15,06292a569571a05e,0.8857068415224614,0.3067529379683223,0.3798882681564245,0.0195113528102549,0.0188298662796317
F,GOLEM,XGBoost,15,15,06292a569571a05e,0.8825766622518473,0.3182739360355059,0.3624161073825503,0.0180258680998328,0.0111288078506689
F,GOLEM,FFMLP,15,15,06292a569571a05e,0.7427137387729696,0.0644245924182573,0.1180555555555555,0.0212496263914844,0.002242974668787
F,GOLEM,Logit,15,15,06292a569571a05e,0.7068125728264253,0.0490757063210136,0.086092715231788,0.0220553313511629,0.0039965436206104
F,GOLEM,RF,16,16,b7b5c4109c72032c,0.8872212692967409,0.258965638412489,0.3132530120481928,0.0185395638803466,0.0042141459323455
F,GOLEM,LightGBM,16,16,b7b5c4109c72032c,0.8844547698142157,0.3124461335437294,0.4,0.0195193578275561,0.0187941893013023
F,GOLEM,XGBoost,16,16,b7b5c4109c72032c,0.8842665971875431,0.2948438767457573,0.3534883720930232,0.0185475615930307,0.0121783219441367
F,GOLEM,FFMLP,16,16,b7b5c4109c72032c,0.7374449052261328,0.0641106904454751,0.088235294117647,0.0211738948252933,0.001243824873985
F,GOLEM,Logit,16,16,b7b5c4109c72032c,0.7080429323085162,0.0490817911960439,0.0858085808580858,0.0220450870036037,0.004301766302144
F,GOLEM,RF,17,17,3a806dc9661ea3e8,0.8979018752125989,0.2595151615821374,0.3026315789473684,0.018592394744199,0.005210511601901
F,GOLEM,LightGBM,17,17,3a806dc9661ea3e8,0.8773621092703967,0.3352829050614986,0.4022988505747126,0.0187782370837195,0.0175730384155245
F,GOLEM,XGBoost,17,17,3a806dc9661ea3e8,0.8772933538875741,0.312963523263046,0.37,0.0180302053730529,0.011769458953565
F,GOLEM,FFMLP,17,17,3a806dc9661ea3e8,0.7523756794117435,0.0790865138412751,0.144927536231884,0.0211415373464392,0.0037552564169796
F,GOLEM,Logit,17,17,3a806dc9661ea3e8,0.710489176455262,0.049779594150937,0.0794701986754966,0.0220006641399773,0.0040588033694131
F,GOLEM,RF,18,18,823207e695be1ff0,0.8875740929717525,0.2640186928870311,0.32,0.0184147632093933,0.0041341906625663
F,GOLEM,LightGBM,18,18,823207e695be1ff0,0.8824717198254338,0.3349641911759126,0.367816091954023,0.0188871396477273,0.0178920900414557
F,GOLEM,XGBoost,18,18,823207e695be1ff0,0.8785237133696652,0.3117073114681538,0.3444444444444444,0.0181825445540313,0.0126282667362609
F,GOLEM,FFMLP,18,18,823207e695be1ff0,0.7404629046616149,0.0650684614960485,0.1126760563380281,0.0211940772767597,0.0016664441118809
F,GOLEM,Logit,18,18,823207e695be1ff0,0.7111043561963075,0.050462341824915,0.0797342192691029,0.0220098268724585,0.0034496638132762
F,GOLEM,RF,19,19,1d74dd8a956d56e1,0.8942107967663259,0.2645317444784318,0.323943661971831,0.0184234129158512,0.0036762650265585
F,GOLEM,LightGBM,19,19,1d74dd8a956d56e1,0.8798843462086835,0.3368190616976854,0.3720930232558139,0.0188347799653442,0.0179961459192954
F,GOLEM,XGBoost,19,19,1d74dd8a956d56e1,0.8781835551599104,0.3192753016729167,0.3604651162790697,0.0181288219344851,0.0119337624234171
F,GOLEM,FFMLP,19,19,1d74dd8a956d56e1,0.7410292318938126,0.0638369346188277,0.0952380952380952,0.0212401375905971,0.0010118406231605
F,GOLEM,Logit,19,19,1d74dd8a956d56e1,0.7110898813788712,0.0505378235892756,0.0797342192691029,0.0220159574229122,0.0034392225414072
F,GOLEM,RF,20,20,1049748cd586d498,0.8828390183178815,0.2606645612038839,0.3221476510067114,0.01847043444227,0.0049046687168017
F,GOLEM,XGBoost,20,20,1049748cd586d498,0.8808794899074336,0.3221714513460249,0.3695652173913043,0.0178486151080749,0.0124330257138756
F,GOLEM,LightGBM,20,20,1049748cd586d498,0.8796418930166243,0.3205452466943983,0.3431952662721893,0.0192756474128493,0.0185761307879021
F,GOLEM,FFMLP,20,20,1049748cd586d498,0.7548762041238756,0.0749166419591202,0.0952380952380952,0.0211231682227335,0.0019660171580641
F,GOLEM,Logit,20,20,1049748cd586d498,0.716242916386217,0.0520953012865966,0.0858085808580858,0.0220380677976666,0.0031563221395868
F,GOLEM,RF,21,21,d9428be70001da5d,0.8927542682617917,0.2811174011112989,0.3243243243243243,0.0181849225608051,0.0029136147609728
F,GOLEM,XGBoost,21,21,d9428be70001da5d,0.8854173451737342,0.3343662694221554,0.3771428571428571,0.0177070961475293,0.0105740061419817
F,GOLEM,LightGBM,21,21,d9428be70001da5d,0.8824174392600473,0.3423029780977687,0.3875,0.0189387704566847,0.0183080513641504
F,GOLEM,FFMLP,21,21,d9428be70001da5d,0.7595153831122305,0.0735331113108792,0.1037037037037037,0.0215607666169688,0.0025343962674004
F,GOLEM,Logit,21,21,d9428be70001da5d,0.7341048411026916,0.0584269215297658,0.1277445109780439,0.0220493386380666,0.0039211387932555
F,GOLEM,RF,22,22,9147b30f4345a55a,0.9044318272285792,0.2716986306344266,0.3270440251572327,0.0183076589320659,0.0029410120212468
F,GOLEM,XGBoost,22,22,9147b30f4345a55a,0.8828335902613428,0.3194238120006216,0.3692307692307692,0.0181317411773852,0.0132816190122391
F,GOLEM,LightGBM,22,22,9147b30f4345a55a,0.8788530154663424,0.3416042593651414,0.3809523809523809,0.0188762903776566,0.0183849307167236
F,GOLEM,FFMLP,22,22,9147b30f4345a55a,0.7560957074928892,0.0725375682028319,0.1287878787878787,0.021877743887241,0.0043185043185407
F,GOLEM,Logit,22,22,9147b30f4345a55a,0.7350637977578508,0.0598337692107229,0.1295546558704453,0.0221151182535762,0.0040944932492668
F,GOLEM,RF,23,23,d48478f1798435b8,0.8996605655311172,0.2997363825006326,0.3626373626373626,0.0177851104277327,0.0031607492311993
F,GOLEM,XGBoost,23,23,d48478f1798435b8,0.8941999406532486,0.3362038825576718,0.3930635838150289,0.0177938336471694,0.0120230875497302
F,GOLEM,LightGBM,23,23,d48478f1798435b8,0.8900311932315753,0.3483772208336437,0.3851851851851852,0.0192001116664492,0.0191706802770018
F,GOLEM,FFMLP,23,23,d48478f1798435b8,0.7494698598113931,0.0709213509051791,0.1538461538461538,0.0211947851670624,0.0021639135769035
F,GOLEM,Logit,23,23,d48478f1798435b8,0.7355487041419689,0.060156538838319,0.130346232179226,0.0220504810429509,0.0041280298570592
F,GOLEM,RF,24,24,6f2d862936d8ad71,0.8966118071085828,0.3051274190701378,0.3646408839779005,0.017770277886497,0.0021744478613363
F,GOLEM,XGBoost,24,24,6f2d862936d8ad71,0.8903785888500482,0.341099280173361,0.4102564102564102,0.0176593550777999,0.0117148558179196
F,GOLEM,LightGBM,24,24,6f2d862936d8ad71,0.8829674823226292,0.3378340498353384,0.3884892086330935,0.0191004305927021,0.0185285957269018
F,GOLEM,FFMLP,24,24,6f2d862936d8ad71,0.7635719506987717,0.0844070293806057,0.1222222222222222,0.0216216503812125,0.0036844149854701
F,GOLEM,Logit,24,24,6f2d862936d8ad71,0.7361457903612191,0.060446909954132,0.130346232179226,0.0220462207546449,0.0042006137135728
F,GOLEM,RF,25,25,710761342f601788,0.9005344826338378,0.3269937453795928,0.4,0.0175582040816326,0.0049438076600503
F,GOLEM,LightGBM,25,25,710761342f601788,0.8888334020887162,0.3542625541279021,0.4060150375939849,0.0188709339766205,0.0177067214959143
F,GOLEM,XGBoost,25,25,710761342f601788,0.8886958913230707,0.3583848079432251,0.4069767441860465,0.0173049282636772,0.0122253021919464
F,GOLEM,FFMLP,25,25,710761342f601788,0.7716344240108272,0.0893742039016398,0.1666666666666666,0.0211573739715656,0.0038263829711898
F,GOLEM,Logit,25,25,710761342f601788,0.7401589334954513,0.0626204618449877,0.1451612903225806,0.0219759808549895,0.0036100316889673
F,GOLEM,RF,26,26,9dd66c347bd7a388,0.9029264462151972,0.3344098489322833,0.4081632653061224,0.017466355046128,0.0054045289348616
F,GOLEM,LightGBM,26,26,9dd66c347bd7a388,0.8897380781784889,0.3581984231819608,0.4052287581699346,0.0189495039971482,0.0185630201886055
F,GOLEM,XGBoost,26,26,9dd66c347bd7a388,0.8851966042078294,0.3336694428345911,0.3715846994535519,0.0179073753281466,0.0124001222909192
F,GOLEM,FFMLP,26,26,9dd66c347bd7a388,0.7794037822697961,0.0967451020770053,0.1290322580645161,0.0212573261324944,0.0038402763814742
F,GOLEM,Logit,26,26,9dd66c347bd7a388,0.7414182426124151,0.0635217988215824,0.1477045908183632,0.0219702953488463,0.0034885762175133
F,NOTEARS,XGBoost,1,1,b93202c111b3750e,0.5675033111144885,0.0303401566559339,0.0477611940298507,0.0217173575304623,0.0027283964304241
F,NOTEARS,LightGBM,1,1,b93202c111b3750e,0.5568227051986305,0.0269920304122553,0.0399113082039911,0.0218993210048681,0.0035745612631619
F,NOTEARS,RF,1,1,b93202c111b3750e,0.5039624812732049,0.0216726611517248,0.0,0.0341066480290746,0.0427352530053117
F,NOTEARS,Logit,1,1,b93202c111b3750e,0.4218757915915785,0.0210496100421798,0.0432166301969365,0.0216103080942859,0.0007808414333181
F,NOTEARS,FFMLP,1,1,b93202c111b3750e,0.4071241432717429,0.0195510174008539,0.0104712041884816,0.0216749050960259,0.0007441332248717
F,NOTEARS,LightGBM,2,2,4f5cf972f16a40f0,0.698339376569613,0.0501114306489601,0.1034482758620689,0.0258596758368897,0.0242463079471585
F,NOTEARS,XGBoost,2,2,4f5cf972f16a40f0,0.6871503426913028,0.0501431385946543,0.1019607843137254,0.0217849839849229,0.0050873609503425
F,NOTEARS,RF,2,2,4f5cf972f16a40f0,0.6247928291754421,0.0408598477007603,0.0719424460431654,0.0234683198210791,0.0223511322337154
F,NOTEARS,FFMLP,2,2,4f5cf972f16a40f0,0.4436477263680511,0.0217886964570892,0.0432166301969365,0.0216572275662572,0.0044785679914505
F,NOTEARS,Logit,2,2,4f5cf972f16a40f0,0.4250349204970652,0.0212277965263698,0.0432166301969365,0.021632206088393,0.0008647191337538
F,NOTEARS,XGBoost,3,3,d64d609cce45d57b,0.7953821713673637,0.1008366287574385,0.1405622489959839,0.0216523521324682,0.0110866845779897
F,NOTEARS,RF,3,3,d64d609cce45d57b,0.7411215088549696,0.0768127899628592,0.1511111111111111,0.0217055622029633,0.0120687727145652
F,NOTEARS,LightGBM,3,3,d64d609cce45d57b,0.740728879432008,0.0670146761293661,0.1188811188811188,0.0233930842127446,0.0220685587795093
F,NOTEARS,Logit,3,3,d64d609cce45d57b,0.4179929218142736,0.020406584178311,0.0432166301969365,0.0216344799540322,0.0009085743539383
F,NOTEARS,FFMLP,3,3,d64d609cce45d57b,0.4071187152152044,0.0178416186439382,0.0432166301969365,0.0217696171823872,0.0067446908486815
F,NOTEARS,XGBoost,4,4,8adff992fd0706d4,0.8406232132647227,0.179710101194538,0.2279411764705882,0.019908372948434,0.0073568828063914
F,NOTEARS,RF,4,4,8adff992fd0706d4,0.8238378530950778,0.1320723947387536,0.2314540059347181,0.0205204774951076,0.0072535644394744
F,NOTEARS,LightGBM,4,4,8adff992fd0706d4,0.8128967004653653,0.127955334013528,0.2115384615384615,0.0221908407050192,0.0200289561742245
F,NOTEARS,Logit,4,4,8adff992fd0706d4,0.4359091270961345,0.0194551222407337,0.0432166301969365,0.0216490673936894,0.0009820742145951
F,NOTEARS,FFMLP,4,4,8adff992fd0706d4,0.4265764885540381,0.021191791580549,0.0224719101123595,0.0216699416792714,0.0052453288493424
F,NOTEARS,XGBoost,5,5,b1dec7466d19e199,0.8666435069587685,0.2252639779673116,0.273972602739726,0.0192535436675957,0.0093889619287041
F,NOTEARS,RF,5,5,b1dec7466d19e199,0.8632256406916068,0.1854232255812115,0.3088803088803089,0.0196476779424098,0.0073133911098686
F,NOTEARS,LightGBM,5,5,b1dec7466d19e199,0.8372849584934611,0.1735547457013496,0.2676579925650557,0.0220187436286337,0.0204629310265315
F,NOTEARS,Logit,5,5,b1dec7466d19e199,0.5213431183099203,0.0227927327440698,0.0432166301969365,0.0216602649463131,0.0010667205360276
F,NOTEARS,FFMLP,5,5,b1dec7466d19e199,0.5104652930064919,0.0226559825207179,0.0453315290933694,0.0216916013981971,0.0020419151957287
F,NOTEARS,XGBoost,6,6,4219c68b6a956822,0.8659957588784911,0.2485054722645687,0.3217391304347826,0.0191358591829466,0.0092743351089077
F,NOTEARS,RF,6,6,4219c68b6a956822,0.8522718225966375,0.2162759457950537,0.2885572139303483,0.0193580095051719,0.0068985183114341
F,NOTEARS,LightGBM,6,6,4219c68b6a956822,0.8400460299194477,0.2153972964683177,0.294478527607362,0.0210847783763507,0.0196033032024867
F,NOTEARS,FFMLP,6,6,4219c68b6a956822,0.696495646698656,0.0411402332018471,0.0659599528857479,0.0216209271463306,0.0020857620729159
F,NOTEARS,Logit,6,6,4219c68b6a956822,0.6652083288099528,0.0313714125842038,0.0475903614457831,0.0216968037251493,0.0014736849397485
F,NOTEARS,XGBoost,7,7,d340e014abdbde54,0.8698677725427187,0.229246258142613,0.330188679245283,0.0192724120275807,0.010020549659041
F,NOTEARS,LightGBM,7,7,d340e014abdbde54,0.8644288598910047,0.235152558305761,0.2911392405063291,0.0210255365097963,0.0203513678729121
F,NOTEARS,RF,7,7,d340e014abdbde54,0.8438076731007229,0.2058350630330039,0.2833333333333333,0.0194502655856863,0.0037495107632093
F,NOTEARS,FFMLP,7,7,d340e014abdbde54,0.6523365974046652,0.0340203112235967,0.0736949846468782,0.0216044067093718,0.0011253902146544
F,NOTEARS,Logit,7,7,d340e014abdbde54,0.5279400163565438,0.0223480448654582,0.0464231354642313,0.0217005917551169,0.0013607285470461
F,NOTEARS,XGBoost,8,8,8e781898f93fae4c,0.8741776494343965,0.23614634753603,0.2772277227722772,0.019361899370969,0.0099451310530634
F,NOTEARS,LightGBM,8,8,8e781898f93fae4c,0.8699075782906688,0.2132866736710014,0.2941176470588235,0.0212906230773294,0.0204082949076622
F,NOTEARS,RF,8,8,8e781898f93fae4c,0.8541499301590059,0.2020676283462006,0.2831050228310502,0.0194194117975957,0.0042286832541235
F,NOTEARS,FFMLP,8,8,8e781898f93fae4c,0.7256117419719044,0.0488976917803586,0.1024930747922437,0.0214431239527813,0.0035991596882323
F,NOTEARS,Logit,8,8,8e781898f93fae4c,0.5816415890454582,0.0266854945018993,0.05,0.0217964549607733,0.00176477193733
F,NOTEARS,XGBoost,9,9,7857f6e9cbcb7625,0.8718037793748326,0.2293707735009381,0.3272727272727272,0.0191741916550384,0.0096573038008465
F,NOTEARS,LightGBM,9,9,7857f6e9cbcb7625,0.8684564778426732,0.2061200165594167,0.2790697674418604,0.0209119868442432,0.0195331072515541
F,NOTEARS,RF,9,9,7857f6e9cbcb7625,0.8608228209971701,0.2070013065666982,0.2887700534759358,0.0195096572546826,0.004973441431367
F,NOTEARS,FFMLP,9,9,7857f6e9cbcb7625,0.710253960671921,0.0564014883637714,0.1178247734138972,0.0216767559609745,0.0047781323091857
F,NOTEARS,Logit,9,9,7857f6e9cbcb7625,0.578858805393317,0.0268549826153704,0.049601417183348,0.0218242242470812,0.0023226958988404
F,NOTEARS,XGBoost,10,10,47b1e5f94b9b1a02,0.8741306062777284,0.2354345410068772,0.2909090909090909,0.0191108228339364,0.0093983913060232
F,NOTEARS,LightGBM,10,10,47b1e5f94b9b1a02,0.8684311469121596,0.2248275912148004,0.3052631578947368,0.0209121306590146,0.0206376803903926
F,NOTEARS,RF,10,10,47b1e5f94b9b1a02,0.8485536038676711,0.1900675209481972,0.2827225130890052,0.0195683287671232,0.0063449818283477
F,NOTEARS,FFMLP,10,10,47b1e5f94b9b1a02,0.7193803330655492,0.0560054863267628,0.1199143468950749,0.021486680019267,0.0045983737023734
F,NOTEARS,Logit,10,10,47b1e5f94b9b1a02,0.5770747841442849,0.0273516597883179,0.0492091388400703,0.0219275327253884,0.0024330827397754
F,NOTEARS,LightGBM,11,11,2bdae9aac38d646c,0.8642660181948455,0.2287534292675558,0.2901554404145077,0.0206770041489554,0.0192678271390524
F,NOTEARS,XGBoost,11,11,2bdae9aac38d646c,0.8572023072858994,0.2474923912876762,0.3380281690140845,0.0189224860941111,0.0104370358006115
F,NOTEARS,RF,11,11,2bdae9aac38d646c,0.85552684716764,0.1807078276335753,0.2573529411764705,0.0196356265026558,0.0039368185630416
F,NOTEARS,FFMLP,11,11,2bdae9aac38d646c,0.7424061489024469,0.0582567595919037,0.1353965183752417,0.0213069519667894,0.003690278956389
F,NOTEARS,Logit,11,11,2bdae9aac38d646c,0.6108228209971702,0.0301974781109428,0.0558766859344894,0.0219383075980893,0.0027235451060414
F,NOTEARS,LightGBM,12,12,35c436b9acad27fc,0.8649897590666638,0.2235934803103515,0.2797927461139896,0.020863720544844,0.021036199002139
F,NOTEARS,XGBoost,12,12,35c436b9acad27fc,0.8610453713152542,0.2524083630676189,0.324074074074074,0.0189310904110193,0.0106862820354247
F,NOTEARS,RF,12,12,35c436b9acad27fc,0.847391999768403,0.1797041953459051,0.2402826855123674,0.0197334145932345,0.0049046687168017
F,NOTEARS,FFMLP,12,12,35c436b9acad27fc,0.7412626383249742,0.0653695810823143,0.123076923076923,0.0211793618784169,0.0014101296021747
F,NOTEARS,Logit,12,12,35c436b9acad27fc,0.7064507023905161,0.0479240159977916,0.0761245674740484,0.0215385184813578,0.00295154029485
F,NOTEARS,XGBoost,13,13,a7a8f4c78d6b8160,0.8664082911754275,0.2510180875434535,0.2827586206896552,0.0188573466622136,0.0106227614320366
F,NOTEARS,LightGBM,13,13,a7a8f4c78d6b8160,0.8655940826946321,0.2085663143306736,0.2751322751322751,0.0211742974231679,0.0205785177630554
F,NOTEARS,RF,13,13,a7a8f4c78d6b8160,0.8407951017217795,0.1779954431373016,0.2295081967213114,0.0197713066815767,0.003874196253844
F,NOTEARS,FFMLP,13,13,a7a8f4c78d6b8160,0.748876392296502,0.0647554290711271,0.1493775933609958,0.0211604163945118,0.0015555506393517
F,NOTEARS,Logit,13,13,a7a8f4c78d6b8160,0.7086363998234072,0.04854022111418,0.08,0.0215022826646148,0.0025627662951482
F,NOTEARS,XGBoost,14,14,1beaf69a6726221e,0.862539896215559,0.2485628273711053,0.3132530120481928,0.0188840269675998,0.0107025842674166
F,NOTEARS,LightGBM,14,14,1beaf69a6726221e,0.8592070695008358,0.2468552589566788,0.3351351351351351,0.0206410327845708,0.0205221533585856
F,NOTEARS,RF,14,14,1beaf69a6726221e,0.8405200801904886,0.1731699360544704,0.2600896860986547,0.0197967973161867,0.0039172490914173
F,NOTEARS,FFMLP,14,14,1beaf69a6726221e,0.7618024042671762,0.0719100770355427,0.1367837338262477,0.0212295580745014,0.0067718245134878
F,NOTEARS,Logit,14,14,1beaf69a6726221e,0.7085821192580208,0.0485187003939917,0.0794701986754966,0.0214999245074639,0.0025392577943332
F,NOTEARS,XGBoost,15,15,99f71147c0b37466,0.8611611698547452,0.2373202025799345,0.3130434782608696,0.0191326343958333,0.0103771082701789
F,NOTEARS,RF,15,15,99f71147c0b37466,0.8589374760260836,0.1627607941089973,0.2445414847161572,0.0199851428571428,0.0053899916130835
F,NOTEARS,LightGBM,15,15,99f71147c0b37466,0.8545968401473536,0.2083852931012126,0.2793296089385474,0.0208853629212146,0.0198866400676373
F,NOTEARS,FFMLP,15,15,99f71147c0b37466,0.7565263333116211,0.0639832481933286,0.1282798833819242,0.0212490490979222,0.0011972847389698
F,NOTEARS,Logit,15,15,99f71147c0b37466,0.7088788530154664,0.0485924226796008,0.081081081081081,0.021493886798483,0.0025304595808994
F,NOTEARS,LightGBM,16,16,2e09a38d203e2519,0.8659740466523366,0.2357313778282235,0.2921348314606741,0.0202318506461851,0.0200425737188031
F,NOTEARS,XGBoost,16,16,2e09a38d203e2519,0.8560479405953493,0.251708383799014,0.3278688524590163,0.0188471233205239,0.0107905813809177
F,NOTEARS,RF,16,16,2e09a38d203e2519,0.8502236359293918,0.1832552721134574,0.2521739130434782,0.0197209639362594,0.0049124965054514
F,NOTEARS,FFMLP,16,16,2e09a38d203e2519,0.7489161980444521,0.0640895918830063,0.1425576519916142,0.0212718503265726,0.0012287969362779
F,NOTEARS,Logit,16,16,2e09a38d203e2519,0.7078330474556889,0.0481267540432398,0.0813559322033898,0.0215075296162898,0.0024978656995352
F,NOTEARS,XGBoost,17,17,e9b5583403fe4d36,0.8548610055655674,0.2417089605850203,0.3035019455252918,0.0191025143811081,0.011910684641085
F,NOTEARS,LightGBM,17,17,e9b5583403fe4d36,0.852432854940617,0.2306893462691074,0.2777777777777778,0.0205102701684078,0.0202236354630187
F,NOTEARS,RF,17,17,e9b5583403fe4d36,0.8389640373160794,0.1760141394701109,0.24,0.019840291864691,0.0043416270617836
F,NOTEARS,FFMLP,17,17,e9b5583403fe4d36,0.7488872484095794,0.0690549581234813,0.141491395793499,0.0212011425925125,0.0058848309344441
F,NOTEARS,Logit,17,17,e9b5583403fe4d36,0.7079814143344118,0.0471908269992789,0.0894568690095846,0.0215091750245515,0.0029748960050544
F,PC,XGBoost,1,1,2acb74dbd7bd057e,0.5359970616120604,0.0254940940304241,0.0503833515881708,0.0218632773594238,0.0033599525327651
F,PC,LightGBM,1,1,2acb74dbd7bd057e,0.5343849288200853,0.025357648109314,0.0108695652173913,0.022065405924793,0.0050426586890668
F,PC,RF,1,1,2acb74dbd7bd057e,0.5050444738765731,0.0219133111991108,0.024390243902439,0.0326093553256919,0.0412446183953033
F,PC,Logit,1,1,2acb74dbd7bd057e,0.4570930224142548,0.0246702953592727,0.0432166301969365,0.021595464257094,0.0005181973129045
F,PC,FFMLP,1,1,2acb74dbd7bd057e,0.4495824015169609,0.0224936375306799,0.0432166301969365,0.0216360432483233,0.0025370185879736
F,PC,LightGBM,2,2,a5b5b295620f8bed,0.698339376569613,0.0501114306489601,0.1034482758620689,0.0258596758368897,0.0242463079471585
F,PC,XGBoost,2,2,a5b5b295620f8bed,0.680774185610584,0.051208470088186,0.0992063492063492,0.0217449477163723,0.0062214049799922
F,PC,RF,2,2,a5b5b295620f8bed,0.6214220060649485,0.0386964663876906,0.0779220779220779,0.0236344500978473,0.0232144254962258
F,PC,Logit,2,2,a5b5b295620f8bed,0.4250421579057834,0.0212301947211959,0.0432166301969365,0.0216327563661958,0.0008648080559322
F,PC,FFMLP,2,2,a5b5b295620f8bed,0.4035723849432949,0.0174549854849864,0.0432166301969365,0.0217953981925989,0.0062836527533835
F,PC,XGBoost,3,3,5cf90b5edf72667f,0.773968488322441,0.0778219053035976,0.0821917808219178,0.0216549565626449,0.0084478530305343
F,PC,LightGBM,3,3,5cf90b5edf72667f,0.7421329367233356,0.0528212729021622,0.1152737752161383,0.0251624880964509,0.0232623972645158
F,PC,RF,3,3,5cf90b5edf72667f,0.6991173980068176,0.0528072403734681,0.0959595959595959,0.0223496046966731,0.0167917249091417
F,PC,Logit,3,3,5cf90b5edf72667f,0.4187709432514782,0.0212884317673305,0.0432166301969365,0.0216287719321555,0.0008420555366232
F,PC,FFMLP,3,3,5cf90b5edf72667f,0.3632654464395567,0.0160867049381738,0.0432166301969365,0.0217357948852355,0.0050419457782729
F,PC,XGBoost,4,4,950d85bca05dd77f,0.8127410961779244,0.1069745825576363,0.1818181818181818,0.0213777909849792,0.0096679911158535
F,PC,RF,4,4,950d85bca05dd77f,0.7863426478783537,0.0855807623415443,0.1709844559585492,0.0214157819401733,0.0083483365949119
F,PC,LightGBM,4,4,950d85bca05dd77f,0.7477763061713385,0.0799290708614913,0.1333333333333333,0.0226685994115564,0.0202147873106966
F,PC,Logit,4,4,950d85bca05dd77f,0.4165201091401234,0.0203524722238144,0.0432166301969365,0.0216335068775929,0.0009063802737436
F,PC,FFMLP,4,4,950d85bca05dd77f,0.3946341851763395,0.0187707223572657,0.0432166301969365,0.0218702923232276,0.0122286015806466
F,PC,XGBoost,5,5,b3389ea9a2d038ca,0.8919310130200983,0.2044815622341521,0.2589928057553957,0.0199616164449034,0.0097624806513833
F,PC,RF,5,5,b3389ea9a2d038ca,0.8639909966635544,0.2058158516312829,0.3052208835341365,0.019383060665362,0.0061392228124126
F,PC,LightGBM,5,5,b3389ea9a2d038ca,0.8545027538340173,0.1896988909458848,0.2672064777327935,0.0212444456951227,0.019456224863726
F,PC,FFMLP,5,5,b3389ea9a2d038ca,0.4789698996171411,0.0196019876263295,0.0441603718768158,0.0217144008107584,0.0031832194256239
F,PC,Logit,5,5,b3389ea9a2d038ca,0.4268913158332791,0.0206951273813976,0.0432166301969365,0.0216346040750631,0.0009081950184393
F,PC,XGBoost,6,6,46c7802b88378834,0.9055246759450246,0.2642615183305282,0.3122362869198312,0.0185739153863348,0.0090923003662561
F,PC,RF,6,6,46c7802b88378834,0.8953325951176442,0.2529211207459712,0.3636363636363636,0.0185063203802068,0.0045820519988817
F,PC,LightGBM,6,6,46c7802b88378834,0.8948404513248076,0.2190823439577085,0.3315508021390374,0.0212659783194398,0.0193217954656594
F,PC,Logit,6,6,46c7802b88378834,0.4517590521889542,0.0199587434317354,0.0433114035087719,0.0216502557950062,0.0009889492157142
F,PC,FFMLP,6,6,46c7802b88378834,0.3936354227732302,0.0195901233329855,0.0445878556761513,0.0216730442275912,0.0050987088737755
F,PC,XGBoost,7,7,42ad0f30d99576ea,0.9047249422816654,0.2670619242025094,0.3119266055045872,0.0187097439284014,0.0094159184056804
F,PC,LightGBM,7,7,42ad0f30d99576ea,0.8949490124555803,0.2263701610993707,0.3285024154589372,0.0209318372788282,0.0193912981323467
F,PC,RF,7,7,42ad0f30d99576ea,0.8927289373312779,0.2355953632089825,0.3522727272727273,0.0186876913614761,0.0057858540676544
F,PC,FFMLP,7,7,42ad0f30d99576ea,0.5947955793907549,0.0338523500207696,0.0432166301969365,0.0217141625379731,0.0006322826537167
F,PC,Logit,7,7,42ad0f30d99576ea,0.5440251572327044,0.0237384909084748,0.0439560439560439,0.0217101179764812,0.0013516330154354
F,PC,LightGBM,8,8,c2f13db4fa9587a8,0.9037207518220176,0.2257583494178736,0.3,0.020548998377481,0.0203352817637567
F,PC,XGBoost,8,8,c2f13db4fa9587a8,0.903337169159954,0.2322474896371313,0.2962962962962963,0.0194583651662853,0.0124466551185541
F,PC,RF,8,8,c2f13db4fa9587a8,0.8998071230576605,0.2580584303298977,0.3351955307262569,0.0184199608610567,0.0035348057031031
F,PC,FFMLP,8,8,c2f13db4fa9587a8,0.6675966736869531,0.045132696182427,0.0566037735849056,0.0215823057040364,0.0033557374344871
F,PC,Logit,8,8,c2f13db4fa9587a8,0.5469056459025411,0.0247502786038171,0.0432166301969365,0.0217059388940985,0.0013478488777288
F,PC,LightGBM,9,9,f1dae46cde9d5ed0,0.9039523489009996,0.2669575047227251,0.3529411764705882,0.0203426455212951,0.0196317065004294
F,PC,XGBoost,9,9,f1dae46cde9d5ed0,0.8991069037641762,0.277492304084608,0.3568075117370892,0.0188355612206712,0.01165144699075
F,PC,RF,9,9,f1dae46cde9d5ed0,0.8969284437400034,0.2676629629702091,0.3687150837988827,0.0183096594911937,0.0037310595471065
F,PC,FFMLP,9,9,f1dae46cde9d5ed0,0.6878216123499143,0.0429365484559066,0.0661157024793388,0.0218102533986985,0.0031210817203971
F,PC,Logit,9,9,f1dae46cde9d5ed0,0.5918789036773274,0.0275095925291716,0.0441426146010186,0.0217768409111562,0.0018520492618555
F,PC,XGBoost,10,10,dcdfcb1839ed0107,0.8989657742941717,0.2911629673421124,0.3595505617977528,0.0184338517170202,0.0105990237557178
F,PC,RF,10,10,dcdfcb1839ed0107,0.8944514406062054,0.2712388407504378,0.358974358974359,0.0182803679060665,0.0064092815208275
F,PC,LightGBM,10,10,dcdfcb1839ed0107,0.8934146818073256,0.2698030079373247,0.35,0.0202760574120874,0.0192437626285448
F,PC,FFMLP,10,10,dcdfcb1839ed0107,0.723610598461327,0.0559425797724789,0.0947368421052631,0.0214057719275404,0.0039131038030466
F,PC,Logit,10,10,dcdfcb1839ed0107,0.5755911153570575,0.0261189981097566,0.0504277352543899,0.0217546796400416,0.0017657904406962
F,PC,XGBoost,11,11,b2d9e3ac65acdcce,0.9054287802795088,0.3029673156481099,0.3846153846153846,0.0180537524969267,0.0099442223321801
F,PC,LightGBM,11,11,b2d9e3ac65acdcce,0.8955171490399577,0.2959485322303528,0.3756906077348066,0.0196871004655779,0.0189260182418491
F,PC,RF,11,11,b2d9e3ac65acdcce,0.8919093007939438,0.2660290180972159,0.3544303797468354,0.0183174201845121,0.0033888733575622
F,PC,FFMLP,11,11,b2d9e3ac65acdcce,0.7042650049576249,0.0553121886906315,0.0951008645533141,0.0215322035290521,0.003314262938701
F,PC,Logit,11,11,b2d9e3ac65acdcce,0.5767418633432486,0.0261997072477036,0.0502242152466367,0.0217948988294958,0.0018668193240072
F,PC,RF,12,12,3a4f3db67c20c422,0.909262797547966,0.2630828590586874,0.3604651162790697,0.0183993324014537,0.0053100363433044
F,PC,XGBoost,12,12,3a4f3db67c20c422,0.902349262869922,0.2961032443367382,0.358974358974359,0.0184414985795075,0.0119236931614869
F,PC,LightGBM,12,12,3a4f3db67c20c422,0.8873678268232841,0.2835434599639579,0.3658536585365853,0.0201514365240412,0.0195694913311812
F,PC,FFMLP,12,12,3a4f3db67c20c422,0.7129716076455985,0.0587057506294471,0.0957446808510638,0.0212907983952759,0.0027951463028009
F,PC,Logit,12,12,3a4f3db67c20c422,0.5776501581373805,0.0261039591808235,0.0507016749660479,0.0217776737797701,0.0018723129814769
F,PC,XGBoost,13,13,78129d8c0793f97e,0.9057942694197768,0.3055932150645695,0.3478260869565217,0.0183662017258097,0.0122496259413338
F,PC,RF,13,13,78129d8c0793f97e,0.8981949902656853,0.2791955103758213,0.348993288590604,0.0182621045568912,0.005259714844842
F,PC,LightGBM,13,13,78129d8c0793f97e,0.8858443522881069,0.3141449708440754,0.4,0.0193186527023882,0.0186896579775867
F,PC,FFMLP,13,13,78129d8c0793f97e,0.7300229425856367,0.0619734928158535,0.1295774647887324,0.0213269463364889,0.0044186363891829
F,PC,Logit,13,13,78129d8c0793f97e,0.5793798988210261,0.0262779664830174,0.0511182108626198,0.0217782595368649,0.0020050406118452
F,PC,XGBoost,14,14,2640d16d5eb10fde,0.9213148924159194,0.3455257896862427,0.3915343915343915,0.0176889457490387,0.0111060548745051
F,PC,RF,14,14,2640d16d5eb10fde,0.9174157384689986,0.2801310012530332,0.3834196891191709,0.0182547162426614,0.0039899357003075
F,PC,LightGBM,14,14,2640d16d5eb10fde,0.9049909170520588,0.3473248022170105,0.4055944055944055,0.0186934853536057,0.0186296400044797
F,PC,FFMLP,14,14,2640d16d5eb10fde,0.7104747016378256,0.0492063767940622,0.1072902338376891,0.0216381798789571,0.0042481751134059
F,PC,Logit,14,14,2640d16d5eb10fde,0.5818731861244401,0.0266989665508946,0.0502467474203678,0.022035214474193,0.0020504570231971
F,PC,XGBoost,15,15,db530282923044dc,0.9185574396942918,0.3454813854878412,0.3357664233576642,0.0177725213025636,0.0124419768423421
F,PC,RF,15,15,db530282923044dc,0.909588480940284,0.2859408268315321,0.3333333333333333,0.0182223461000838,0.0052272854347218
F,PC,LightGBM,15,15,db530282923044dc,0.9010175796657764,0.3649476537337129,0.4429530201342282,0.0183168601105918,0.0179118331060354
F,PC,FFMLP,15,15,db530282923044dc,0.7109523706132257,0.0537062256717588,0.1030927835051546,0.0214458041022774,0.0026462868966218
F,PC,Logit,15,15,db530282923044dc,0.5834075167726946,0.0268905612040249,0.0493938033228558,0.0220450336854382,0.002125198715142
F,PC,XGBoost,16,16,fe0a618a4400ef48,0.9153367928147006,0.3499509901323088,0.3166666666666666,0.0177191254402011,0.0123630183249522
F,PC,RF,16,16,fe0a618a4400ef48,0.909110811964884,0.2765905150131845,0.3428571428571428,0.0183970321498462,0.0060206877271456
F,PC,LightGBM,16,16,fe0a618a4400ef48,0.9001997524806218,0.3729167177659513,0.4625850340136054,0.0182193109577849,0.017428801158837
F,PC,FFMLP,16,16,fe0a618a4400ef48,0.721153498201504,0.059210745646978,0.1291759465478842,0.0215007896427682,0.0040761274492603
F,PC,Logit,16,16,fe0a618a4400ef48,0.5897800551490545,0.0279310249903025,0.0509786071916249,0.0221205913298176,0.0027162541251031
F,PC,XGBoost,17,17,8e947346f7ed3fe0,0.9257478052558062,0.3714062827008166,0.4,0.0172585138196514,0.0113662028292583
F,PC,RF,17,17,8e947346f7ed3fe0,0.9077519884780452,0.2824228367150729,0.3205128205128205,0.0182365826111266,0.0049326251048364
F,PC,LightGBM,17,17,8e947346f7ed3fe0,0.9017557953550313,0.3712184142359708,0.4137931034482758,0.0183004667607056,0.0176831657249919
F,PC,FFMLP,17,17,8e947346f7ed3fe0,0.7287310651294411,0.0606405046638361,0.1191489361702127,0.0219245741012528,0.0028547317389506
F,PC,Logit,17,17,8e947346f7ed3fe0,0.6511894681228333,0.0357792966983546,0.0598368087035358,0.0221893361492796,0.0030636334984423
F,PC,XGBoost,18,18,c83c26238669a20a,0.920981971614883,0.3505762139342279,0.3560209424083769,0.0174876695769811,0.0118831699291753
F,PC,LightGBM,18,18,c83c26238669a20a,0.9082441322708816,0.3848311213070963,0.4320987654320987,0.0185178374897282,0.0186448525326915
F,PC,RF,18,18,c83c26238669a20a,0.9008764501957718,0.2906850811543026,0.3043478260869565,0.0180812759295499,0.0057886497064579
F,PC,FFMLP,18,18,c83c26238669a20a,0.7169268515100853,0.0618094501227345,0.136150234741784,0.0213679349741307,0.0036990190768936
F,PC,Logit,18,18,c83c26238669a20a,0.6473102170498874,0.0349525062423272,0.0593878483325719,0.0223295454308762,0.0033671603622687
F,PC,XGBoost,19,19,9795ed9fa640803b,0.924944452888088,0.3536807300618494,0.3712574850299401,0.0175675590861025,0.012734044102982
F,PC,LightGBM,19,19,9795ed9fa640803b,0.9107229447568592,0.3884162344168822,0.4431137724550898,0.0185391790815434,0.0178381335106806
F,PC,RF,19,19,9795ed9fa640803b,0.9066953268051906,0.293349182822113,0.3287671232876712,0.0181709689684092,0.004302488118535
F,PC,FFMLP,19,19,9795ed9fa640803b,0.7337393519624232,0.0594759529171901,0.117829457364341,0.0216317707012071,0.005231235124252
F,PC,Logit,19,19,9795ed9fa640803b,0.6482619362963287,0.0351514449313756,0.059880239520958,0.0223440426995036,0.0033843188590492
F,PC,XGBoost,20,20,6a70cabfe5104abc,0.919313748905342,0.3945017909550939,0.4042553191489361,0.0168315249629409,0.0113032306957159
F,PC,RF,20,20,6a70cabfe5104abc,0.9185664864551896,0.3680745384533607,0.3689320388349514,0.0169395180318702,0.003925076880067
F,PC,LightGBM,20,20,6a70cabfe5104abc,0.9065361038133908,0.4179111329390951,0.4294478527607362,0.0177279803052548,0.0172665818282907
F,PC,FFMLP,20,20,6a70cabfe5104abc,0.757829066880894,0.0724897246036278,0.1432098765432098,0.0214590526228727,0.0045852542219296
F,PC,Logit,20,20,6a70cabfe5104abc,0.6547285609860245,0.0363610316815917,0.0599630996309963,0.0223749915613098,0.0034532339474238
F,PC,RF,21,21,ac0713d3eecfcacd,0.9214107880814352,0.3735761799716888,0.4,0.0168467207156835,0.0026826949958065
F,PC,XGBoost,21,21,ac0713d3eecfcacd,0.9104515419299274,0.391586828819831,0.4,0.0169432865728176,0.0131110320935743
F,PC,LightGBM,21,21,ac0713d3eecfcacd,0.9071259526239224,0.4216572341800201,0.4431137724550898,0.017596580274729,0.0166424736374694
F,PC,FFMLP,21,21,ac0713d3eecfcacd,0.7405714657923876,0.0622008363559097,0.0946745562130177,0.0213958039614162,0.0027037761482673
F,PC,Logit,21,21,ac0713d3eecfcacd,0.6840002605467139,0.0407967280624214,0.0566037735849056,0.0224014887108189,0.003556324385348
F,PC,XGBoost,22,22,53a85c01fe6d0b7e,0.9122717502225502,0.3894325271299061,0.4,0.0170516169648517,0.0111787549268453
F,PC,RF,22,22,53a85c01fe6d0b7e,0.9117524661470208,0.3726858105319081,0.4177215189873418,0.0168563857981548,0.0034268940452893
F,PC,LightGBM,22,22,53a85c01fe6d0b7e,0.9080161538962588,0.4242496923180013,0.4320987654320987,0.0174730508131209,0.0172477760211935
F,PC,FFMLP,22,22,53a85c01fe6d0b7e,0.7482250255118658,0.0707104494465878,0.0952380952380952,0.0216850691891963,0.0046339491171346
F,PC,Logit,22,22,53a85c01fe6d0b7e,0.6844598360003185,0.0410676866751649,0.0632603406326034,0.0223956134420841,0.0036730473870078
F,PC,XGBoost,23,23,cdc2001fb0e0a04f,0.9137011384443914,0.409733721974481,0.3896103896103896,0.0166668666283269,0.011877821917537
F,PC,RF,23,23,cdc2001fb0e0a04f,0.9126010523192276,0.3807190631954297,0.4023668639053254,0.0167846754263349,0.0035873637126083
F,PC,LightGBM,23,23,cdc2001fb0e0a04f,0.9083309811755,0.413449183583201,0.3969465648854962,0.01777751196481,0.0171008610330353
F,PC,FFMLP,23,23,cdc2001fb0e0a04f,0.7608144979771443,0.0747141778917802,0.1413721413721413,0.0214641801866509,0.0041001715299251
F,PC,Logit,23,23,cdc2001fb0e0a04f,0.6876117274970869,0.0421189716338756,0.0707964601769911,0.0223951803977511,0.0033874108538658
F,PC,RF,24,24,f013b14af9b65489,0.9195960078453512,0.3888754447299936,0.425,0.016687558289069,0.0041123846798993
F,PC,XGBoost,24,24,f013b14af9b65489,0.913523821930796,0.4011285480278559,0.4,0.0168422996317655,0.0122178533151725
F,PC,LightGBM,24,24,f013b14af9b65489,0.9079546359221544,0.4148535457690646,0.4052287581699346,0.0178723605945554,0.0175259523030255
F,PC,FFMLP,24,24,f013b14af9b65489,0.7482069319900703,0.0670673662511168,0.146788990825688,0.0215599395578461,0.0045378219527899
F,PC,Logit,24,24,f013b14af9b65489,0.6904741226451281,0.0428019974093661,0.0762463343108504,0.0223953092481009,0.0035238459697428
OF,GES,XGBoost,1,14,daa9910e8071bea2,0.9376497238928574,0.458589996308276,0.4204545454545454,0.0161361800722135,0.0099687353163819
OF,GES,RF,1,14,daa9910e8071bea2,0.9284907831599974,0.4357058736595255,0.4444444444444444,0.0159594520547945,0.0045893206597707
OF,GES,Logit,1,14,daa9910e8071bea2,0.9244848774344832,0.2587406751480727,0.2733812949640288,0.0188716225188031,0.0117203041970203
OF,GES,LightGBM,1,14,daa9910e8071bea2,0.922288323888515,0.4531199701591147,0.4477611940298507,0.0167667990372081,0.01639313194231
OF,GES,FFMLP,1,14,daa9910e8071bea2,0.8754369585513603,0.2620465585306179,0.3647058823529411,0.0196014096946719,0.0073244984154681
OF,GES,XGBoost,2,15,94a6f15dee14fabd,0.937436220335671,0.4706221447701582,0.4680851063829787,0.0159390445116264,0.0114293996385786
OF,GES,LightGBM,2,15,94a6f15dee14fabd,0.9277959919230518,0.4475024028763625,0.4923076923076923,0.0165032941846344,0.015257204406443
OF,GES,Logit,2,15,94a6f15dee14fabd,0.9233666977875242,0.2560757300714327,0.2666666666666666,0.0189802782079705,0.0109889111427048
OF,GES,RF,2,15,94a6f15dee14fabd,0.9126137177844844,0.4270833788546,0.4113475177304964,0.0160560413754542,0.0044344422700587
OF,GES,FFMLP,2,15,94a6f15dee14fabd,0.860357817487027,0.2384175065190397,0.3142857142857143,0.019857078610717,0.0080916598571481
OF,GES,XGBoost,3,16,074ddd55b1ae863a,0.9342155734560798,0.4498703450767093,0.4186046511627907,0.0163069965567806,0.011896076608269
OF,GES,LightGBM,3,16,074ddd55b1ae863a,0.929344797388743,0.4420466703338404,0.4624277456647399,0.0165573851421675,0.0162651452093373
OF,GES,Logit,3,16,074ddd55b1ae863a,0.923247280543674,0.2550498136766053,0.3522727272727273,0.0189744393754001,0.0107989056630591
OF,GES,RF,3,16,074ddd55b1ae863a,0.9187293281513488,0.4345363895131011,0.4027777777777778,0.0159833167458764,0.0050707296617277
OF,GES,FFMLP,3,16,074ddd55b1ae863a,0.8727156928733235,0.2419556704507389,0.2903225806451613,0.0197602402155778,0.0099490381618985
OF,GES,XGBoost,4,17,ddad07b04d5a43ea,0.9333687966360524,0.4599022632906456,0.4503311258278146,0.0159383455397804,0.0102260417888409
OF,GES,LightGBM,4,17,ddad07b04d5a43ea,0.9235042085531696,0.4408455405208732,0.4482758620689655,0.0163833016024892,0.0161098403694686
OF,GES,Logit,4,17,ddad07b04d5a43ea,0.9209349284582148,0.2467096510817495,0.2836879432624113,0.0195702203328901,0.0108521388936542
OF,GES,RF,4,17,ddad07b04d5a43ea,0.9168512205889804,0.4324432284730956,0.4117647058823529,0.0160628828627341,0.0034951076320939
OF,GES,FFMLP,4,17,ddad07b04d5a43ea,0.88977426522208,0.2650266028497291,0.3708609271523179,0.0196226649058363,0.00902410109624
OF,GES,XGBoost,5,18,ae5e4415360a9a1b,0.9386882920439166,0.4603103764251811,0.463768115942029,0.016119293385141,0.0109939763089707
OF,GES,LightGBM,5,18,ae5e4415360a9a1b,0.9296958117115748,0.4384548784418293,0.4470588235294118,0.0165241353972395,0.0159158214866556
OF,GES,RF,5,18,ae5e4415360a9a1b,0.9273183229476518,0.4181867824316328,0.4335664335664335,0.0161935253005311,0.0030740844282918
OF,GES,Logit,5,18,ae5e4415360a9a1b,0.9216514319213148,0.2418412397384821,0.39,0.0197882829837937,0.0120866222330916
OF,GES,FFMLP,5,18,ae5e4415360a9a1b,0.8600683211382997,0.2142741851818952,0.3233532934131736,0.0203367828407701,0.0078715634810081
OF,GES,XGBoost,6,19,ce6ce007ddb29321,0.9370562563779664,0.469611128032501,0.4444444444444444,0.0158798226508511,0.0110509083274338
OF,GES,LightGBM,6,19,ce6ce007ddb29321,0.9325871564944886,0.4498798668698809,0.4642857142857143,0.0163369736232465,0.0154138933615856
OF,GES,RF,6,19,ce6ce007ddb29321,0.9268967438898176,0.4357543659298319,0.4233576642335766,0.0160042907464355,0.0061688565837293
OF,GES,Logit,6,19,ce6ce007ddb29321,0.920033871072801,0.2438821590462792,0.3137254901960784,0.0196238956989122,0.0122676213953594
OF,GES,FFMLP,6,19,ce6ce007ddb29321,0.8806334180110152,0.2371053162572061,0.3469387755102041,0.0199370510207637,0.0092435986960141
OF,GES,XGBoost,7,20,21dc070e2e7bdef2,0.940769047050394,0.4809025893337739,0.4722222222222222,0.0157669260537274,0.0116392756471978
OF,GES,LightGBM,7,20,21dc070e2e7bdef2,0.9384711697823712,0.4603663260983572,0.4878048780487805,0.0165108143040087,0.0159902072799922
OF,GES,RF,7,20,21dc070e2e7bdef2,0.931709620687409,0.4293800185546236,0.4026845637583892,0.0160890008386916,0.0044109589041095
OF,GES,Logit,7,20,21dc070e2e7bdef2,0.9209494032756512,0.2521198949958499,0.3820224719101123,0.0198311634581496,0.0133102141055525
OF,GES,FFMLP,7,20,21dc070e2e7bdef2,0.8658075862518184,0.265032615614733,0.3592814371257485,0.0198055965957098,0.0086870757096934
OF,GES,XGBoost,8,21,0a51d1df36fd1f1a,0.9433708954845806,0.470265491529299,0.4666666666666667,0.0157977285131957,0.0107182926119653
OF,GES,LightGBM,8,21,0a51d1df36fd1f1a,0.9339296958117116,0.4625062971212708,0.4793388429752066,0.0164733106069801,0.0163592057016208
OF,GES,RF,8,21,0a51d1df36fd1f1a,0.9252086183063016,0.4255935200245203,0.3973509933774834,0.0160832910259994,0.0045350852669835
OF,GES,Logit,8,21,0a51d1df36fd1f1a,0.9214306909554104,0.2521569750806702,0.384180790960452,0.0198437567926146,0.0133235710034357
OF,GES,FFMLP,8,21,0a51d1df36fd1f1a,0.8790954686584015,0.248362953963199,0.354066985645933,0.0196133655239296,0.0081442152036716
OF,GES,XGBoost,9,22,50839a69584b8c59,0.9399403637521622,0.4592900776916133,0.445859872611465,0.0159355018473261,0.0107965988764705
OF,GES,LightGBM,9,22,50839a69584b8c59,0.9343096597694162,0.4713449144311177,0.48,0.0162870872717442,0.015946383128799
OF,GES,RF,9,22,50839a69584b8c59,0.9230717733822582,0.417146511137378,0.4133333333333333,0.016314668157674,0.0040939334637964
OF,GES,Logit,9,22,50839a69584b8c59,0.9213293672333556,0.2513029878297942,0.3820224719101123,0.0198539317680731,0.0132470106501361
OF,GES,FFMLP,9,22,50839a69584b8c59,0.8841109929001021,0.2935604288739947,0.4,0.0195634406905288,0.0078344091477259
OF,GES,XGBoost,10,23,45d462aac5c1d505,0.9397775220560032,0.4581493644497184,0.4662576687116564,0.0159493384770157,0.0113327684980182
OF,GES,LightGBM,10,23,45d462aac5c1d505,0.9333181347750252,0.4617376337371078,0.4539877300613497,0.016756657876975,0.017147030663055
OF,GES,RF,10,23,45d462aac5c1d505,0.928867128413343,0.4205363313068603,0.4129032258064516,0.0162532513279284,0.0042571987699189
OF,GES,Logit,10,23,45d462aac5c1d505,0.9183294613196692,0.2487827258414705,0.3756906077348066,0.0195453671619402,0.0119437647544792
OF,GES,FFMLP,10,23,45d462aac5c1d505,0.8837744533947066,0.2571160039189255,0.3825136612021858,0.0194361782713821,0.006813697490361
OF,GES,XGBoost,11,24,96b3c98edb6bf132,0.940888464294244,0.4765051737550928,0.4823529411764706,0.0158602323395409,0.0117121959208758
OF,GES,LightGBM,11,24,96b3c98edb6bf132,0.9355581127733026,0.4628647535089888,0.4732824427480916,0.0169214229305292,0.0166188445935835
OF,GES,RF,11,24,96b3c98edb6bf132,0.9223371763973628,0.4201939164416702,0.4210526315789473,0.0161715851272015,0.0038177243500139
OF,GES,Logit,11,24,96b3c98edb6bf132,0.9195851517322738,0.2522402142462577,0.3891891891891892,0.0193436865775246,0.0111443000497479
OF,GES,FFMLP,11,24,96b3c98edb6bf132,0.8727554986212737,0.262087034321206,0.4099378881987577,0.0195431890283529,0.0081864472240134
OF,GES,XGBoost,12,25,169f448468e9c4da,0.9409897880162986,0.4702620524030801,0.4794520547945205,0.0158490921894194,0.0107237258652651
OF,GES,LightGBM,12,25,169f448468e9c4da,0.9354386955294528,0.4557553581115869,0.4512195121951219,0.0166289011191144,0.016185830097604
OF,GES,RF,12,25,169f448468e9c4da,0.931172243090084,0.4137555167854371,0.3859649122807017,0.0163017914453452,0.0054934302488118
OF,GES,Logit,12,25,169f448468e9c4da,0.9189265475389192,0.2513629689329558,0.3804347826086957,0.0194795917930317,0.0114693055319105
OF,GES,FFMLP,12,25,169f448468e9c4da,0.878476670212997,0.2368236150990459,0.3363636363636363,0.0201958337229662,0.0112473705670488
OF,GES,XGBoost,13,26,2c764abfb8fe9cff,0.9390248315493122,0.4563887107655244,0.4729729729729729,0.0160012666460028,0.011645384087038
OF,GES,LightGBM,13,26,2c764abfb8fe9cff,0.9328296096865478,0.4531547734175477,0.4819277108433735,0.0167164912049698,0.0168740785334315
OF,GES,RF,13,26,2c764abfb8fe9cff,0.9305118295445498,0.4090665019659021,0.3878787878787879,0.016381334078837,0.0036745876432764
OF,GES,Logit,13,26,2c764abfb8fe9cff,0.9173089866904054,0.2389735382315867,0.3125,0.0195173395487451,0.0103040135185089
OF,GES,FFMLP,13,26,2c764abfb8fe9cff,0.8783355407429925,0.2438535073904549,0.3684210526315789,0.0197556458950306,0.0087046165400446
OF,GES,XGBoost,14,27,840d63bf7908ab2c,0.9421188237763352,0.460716981736295,0.4671532846715328,0.0160249156843264,0.0113656865523985
OF,GES,LightGBM,14,27,840d63bf7908ab2c,0.938225097885953,0.4639032998535384,0.4732824427480916,0.0170245207131846,0.0167332264308058
OF,GES,RF,14,27,840d63bf7908ab2c,0.9197371373153556,0.394685703297909,0.3853211009174312,0.0165218518311434,0.0040793961420184
OF,GES,Logit,14,27,840d63bf7908ab2c,0.91669380694936,0.2388753798994027,0.3125,0.0195611923797144,0.0106099362608831
OF,GES,FFMLP,14,27,840d63bf7908ab2c,0.8807311230287108,0.2529209585435703,0.3252032520325203,0.0194357950340851,0.0087848894731843
OF,GES,XGBoost,15,28,ba79a71676c6c3c9,0.9418329461319668,0.4485206861416407,0.4417177914110429,0.0159591096091454,0.0121390190555331
OF,GES,LightGBM,15,28,ba79a71676c6c3c9,0.9369223643166802,0.4627215266586704,0.453781512605042,0.0167370039236984,0.0166814485180154
OF,GES,RF,15,28,ba79a71676c6c3c9,0.9243654601906331,0.4022596721502705,0.4129032258064516,0.0164495745037741,0.0034240984064858
OF,GES,Logit,15,28,ba79a71676c6c3c9,0.919078533122001,0.241502015104421,0.3636363636363636,0.0193837365522689,0.0100990094001448
OF,GES,FFMLP,15,28,ba79a71676c6c3c9,0.8677653053100868,0.2525150242674708,0.311284046692607,0.0198710964764015,0.0073214166026759
OF,GES,XGBoost,16,29,fe323861148b30cc,0.9421694856373624,0.4715383098803908,0.4755244755244755,0.015982700360055,0.0116156373329998
OF,GES,RF,16,29,fe323861148b30cc,0.9389343639403348,0.3996536451775055,0.3793103448275862,0.0164820564719038,0.0032804025719876
OF,GES,LightGBM,16,29,fe323861148b30cc,0.9345883000050662,0.4786129759666701,0.4444444444444444,0.016695249556402,0.0162770679151805
OF,GES,Logit,16,29,fe323861148b30cc,0.9178264614137556,0.2440030035654014,0.3272727272727272,0.0197232386786501,0.0099924738871711
OF,GES,FFMLP,16,29,fe323861148b30cc,0.8888804452453843,0.2385979176479266,0.3699421965317919,0.0197323121447121,0.0075181040788933
OF,GES,XGBoost,17,30,261681e890b8b726,0.9429077013266168,0.46939702094364,0.5063291139240507,0.0160196601755625,0.0118643005710769
OF,GES,LightGBM,17,30,261681e890b8b726,0.9348633215363572,0.4678938640773474,0.5112781954887218,0.0170048866293386,0.0166357732606535
OF,GES,RF,17,30,261681e890b8b726,0.9283225134072997,0.398301108217971,0.3626943005181347,0.0165415398378529,0.0035672351132233
OF,GES,Logit,17,30,261681e890b8b726,0.9198601732635648,0.2486327561960094,0.3863636363636363,0.019703357708451,0.0101704831929394
OF,GES,FFMLP,17,30,261681e890b8b726,0.887555999449957,0.2481350061978245,0.369047619047619,0.0199237889559982,0.0073159265152012
OF,GES,XGBoost,18,31,0c1af224819db96e,0.9463273769459584,0.468759529698862,0.4790419161676646,0.0158895548345347,0.0112593966104149
OF,GES,LightGBM,18,31,0c1af224819db96e,0.9355798249994572,0.4734056957948622,0.5,0.0166393710160891,0.0170115770234309
OF,GES,RF,18,31,0c1af224819db96e,0.9305045921358316,0.3850684827660256,0.4,0.0165559329046687,0.0036695554934302
OF,GES,Logit,18,31,0c1af224819db96e,0.920858935666674,0.2552031933243611,0.3098591549295774,0.0193557075250885,0.0098843615151063
OF,GES,FFMLP,18,31,0c1af224819db96e,0.8763380159367741,0.243363578019041,0.3023255813953488,0.0198325440900034,0.0086713223177851
OF,GES,XGBoost,19,32,c9c1abdc21450643,0.9454516504910582,0.4558327515825941,0.4594594594594595,0.016105684224125,0.0118702138920681
OF,GES,RF,19,32,c9c1abdc21450643,0.9333814621013092,0.4046644837456485,0.3883495145631068,0.0163808454011741,0.003316186748672
OF,GES,LightGBM,19,32,c9c1abdc21450643,0.9317838041267704,0.4747191450378265,0.5070422535211268,0.0167259902311089,0.016858593707336
OF,GES,Logit,19,32,c9c1abdc21450643,0.9198529358548466,0.2503864233752014,0.3771428571428571,0.0195767535047745,0.0102410625165798
OF,GES,FFMLP,19,32,c9c1abdc21450643,0.889267646611807,0.257908803782145,0.3863636363636363,0.0192761950689611,0.0079091755287429
OF,GES,XGBoost,20,33,e28ed0ae4fdd67ed,0.9406242988760304,0.4672893592268843,0.4933333333333333,0.0159394721018739,0.0112110275509232
OF,GES,LightGBM,20,33,e28ed0ae4fdd67ed,0.9300938691910748,0.4745341983411681,0.4963503649635036,0.0165133514442705,0.0165064046583686
OF,GES,RF,20,33,e28ed0ae4fdd67ed,0.9282591860810157,0.403034471454296,0.3854166666666667,0.016430041934582,0.0056287391668996
OF,GES,Logit,20,33,e28ed0ae4fdd67ed,0.9196032452540692,0.2418143462501265,0.3636363636363636,0.0198044038914839,0.0101886573320351
OF,GES,FFMLP,20,33,e28ed0ae4fdd67ed,0.8922277467775437,0.2401569853969685,0.3699421965317919,0.0198509659134245,0.0075705623249493
OF,GES,XGBoost,21,34,b6f5c3753592fbac,0.9388692272618712,0.4666948945286163,0.4805194805194805,0.0161161525756694,0.011726176529263
OF,GES,RF,21,34,b6f5c3753592fbac,0.9322976601457614,0.4075508154419958,0.4,0.0164110930947721,0.0035549343024881
OF,GES,LightGBM,21,34,b6f5c3753592fbac,0.923287086291624,0.4642726380517322,0.4892086330935252,0.0168277130451522,0.0162463321993443
OF,GES,Logit,21,34,b6f5c3753592fbac,0.9190097777391784,0.2406126748963225,0.367816091954023,0.019866295181277,0.0104222074892127
OF,GES,FFMLP,21,34,b6f5c3753592fbac,0.8740690883036237,0.2530017688235606,0.3798882681564245,0.0195984982779484,0.0063019758165882
OF,GES,XGBoost,22,35,62c0349a1ac0df37,0.9416556296183716,0.4711135401640097,0.48,0.0161263743619641,0.0116079701910038
OF,GES,LightGBM,22,35,62c0349a1ac0df37,0.9268913158332792,0.4697705524973135,0.5106382978723404,0.0164964413461007,0.0164479345090879
OF,GES,RF,22,35,62c0349a1ac0df37,0.92294511872969,0.4056129838176723,0.3940886699507389,0.016415034945485,0.0032244897959183
OF,GES,Logit,22,35,62c0349a1ac0df37,0.9190387273740512,0.242378074829054,0.3542857142857142,0.0198225539699171,0.0104119896592014
OF,GES,FFMLP,22,35,62c0349a1ac0df37,0.8718472038271416,0.2489719508753991,0.3451776649746192,0.0196837342343229,0.0070535103543897
OF,GES,XGBoost,23,36,d832fe6ef0aac2d6,0.9397123853775392,0.462388136611187,0.4871794871794871,0.0158825375583236,0.0107563214701633
OF,GES,RF,23,36,d832fe6ef0aac2d6,0.9348705589450752,0.4368184724572361,0.3963133640552995,0.0159715079675705,0.0052776069331842
OF,GES,LightGBM,23,36,d832fe6ef0aac2d6,0.9259504526999154,0.4684585062398481,0.3783783783783784,0.0170748538867967,0.0167858254206928
OF,GES,Logit,23,36,d832fe6ef0aac2d6,0.91975884954151,0.2469504977339569,0.3448275862068966,0.0198107533036306,0.0102939314121564
OF,GES,FFMLP,23,36,d832fe6ef0aac2d6,0.894413444210435,0.2714751362280377,0.4074074074074074,0.0189911140635127,0.0070933111044267
OF,GES,XGBoost,24,37,b5832dd67cdef271,0.9400416874742168,0.4701238562863362,0.5,0.0157878255486024,0.0114493025678345
OF,GES,RF,24,37,b5832dd67cdef271,0.9296071534547772,0.4301574088620084,0.3814432989690721,0.0159900229242381,0.0056460721274811
OF,GES,LightGBM,24,37,b5832dd67cdef271,0.9284365025946112,0.4682520707706687,0.5103448275862069,0.0169486630044213,0.0167996141160786
OF,GES,Logit,24,37,b5832dd67cdef271,0.9206816191530784,0.2462415643070523,0.3488372093023256,0.0198637669429908,0.0107152356798876
OF,GES,FFMLP,24,37,b5832dd67cdef271,0.8788132097183925,0.2536568278501019,0.3724137931034483,0.0192288702822274,0.007293853445329
OF,GES,RF,25,38,194007dcdcd65c9b,0.9375031663663144,0.43494853500308,0.3953488372093023,0.0160237070170534,0.005854067654459
OF,GES,XGBoost,25,38,194007dcdcd65c9b,0.93743983904003,0.469815955025696,0.4933333333333333,0.015751833471688,0.0119012996959501
OF,GES,LightGBM,25,38,194007dcdcd65c9b,0.922650194324424,0.4654003831241798,0.5034013605442177,0.0170241984659726,0.0168487334410212
OF,GES,Logit,25,38,194007dcdcd65c9b,0.9202365185169102,0.2412576623404289,0.2758620689655172,0.019943766691734,0.010756801835548
OF,GES,FFMLP,25,38,194007dcdcd65c9b,0.9009705365091084,0.2747853316718556,0.3661971830985915,0.0190246202491253,0.0070326299705225
OF,GES,XGBoost,26,39,6be7cf554753353e,0.93525052290278,0.4684667304697764,0.4895104895104895,0.0159430274743605,0.0109599459909063
OF,GES,LightGBM,26,39,6be7cf554753353e,0.925820179342988,0.471855938573388,0.4310344827586206,0.0169168723199724,0.0172229187187274
OF,GES,RF,26,39,6be7cf554753353e,0.9208354140883398,0.4201599759145288,0.3829787234042553,0.0160976527816606,0.004566955549343
OF,GES,Logit,26,39,6be7cf554753353e,0.919436784853551,0.2457941534613106,0.3055555555555556,0.0198380621823138,0.0108390602680705
OF,GES,FFMLP,26,39,6be7cf554753353e,0.8967366524089715,0.2663762903703494,0.3636363636363636,0.0192886073031128,0.0088055753699762
OF,GES,XGBoost,27,40,b5fbcc1d3922e9e2,0.9372444290046392,0.4665375065612723,0.4903225806451612,0.0159352517499539,0.0114944878302208
OF,GES,LightGBM,27,40,b5fbcc1d3922e9e2,0.9297935167292702,0.4747897524208168,0.4923076923076923,0.0170674975198217,0.0170735461649811
OF,GES,Logit,27,40,b5fbcc1d3922e9e2,0.9198058926981784,0.2461774551109597,0.2836879432624113,0.0198180824742332,0.0106639275163247
OF,GES,RF,27,40,b5fbcc1d3922e9e2,0.918150335453894,0.416328431160426,0.3956043956043956,0.0161575342465753,0.0051053955828906
OF,GES,FFMLP,27,40,b5fbcc1d3922e9e2,0.8960418611720259,0.2699367710521611,0.4047619047619047,0.0190438632689218,0.0087076113193494
OF,GES,XGBoost,28,41,07b11b13c21a88e8,0.9397558098298486,0.4735352277253288,0.5095541401273885,0.015610682133375,0.0104029473075619
OF,GES,RF,28,41,07b11b13c21a88e8,0.9311089157638,0.4332423546987412,0.4021164021164021,0.0159319955269779,0.0046469108191221
OF,GES,LightGBM,28,41,07b11b13c21a88e8,0.9240035897547244,0.4865707074761812,0.4938271604938271,0.0166920430552403,0.0164843217520491
OF,GES,Logit,28,41,07b11b13c21a88e8,0.9194259287404738,0.2457803331244769,0.3055555555555556,0.0198378409999791,0.0108039080437863
OF,GES,FFMLP,28,41,07b11b13c21a88e8,0.8947789333507031,0.2893764312829163,0.3952095808383233,0.0191676197706538,0.0090770524805935
OF,GES,XGBoost,29,42,3e834183c2b917ff,0.942469838099167,0.4759019746837795,0.4848484848484848,0.015581919125917,0.0109589526754967
OF,GES,LightGBM,29,42,3e834183c2b917ff,0.9276874307922792,0.4798038590121672,0.4925373134328358,0.0167729309630456,0.0167960619967433
OF,GES,RF,29,42,3e834183c2b917ff,0.921893885113374,0.4401184376142074,0.4,0.0158286429969247,0.0066547386077718
OF,GES,Logit,29,42,3e834183c2b917ff,0.91959962654971,0.2457262914816358,0.3478260869565217,0.0198198655637262,0.0107809617930553
OF,GES,FFMLP,29,42,3e834183c2b917ff,0.880463338906138,0.2675512048121777,0.3809523809523809,0.0192715076966554,0.0086289027373563
OF,GES,XGBoost,30,43,18e3a83b1f31caef,0.937074349899762,0.4749152825650085,0.4583333333333333,0.0158224159580473,0.0123035319924468
OF,GES,RF,30,43,18e3a83b1f31caef,0.9359579796049822,0.4379406304986329,0.4148936170212766,0.0158068582611126,0.0035208275090858
OF,GES,LightGBM,30,43,18e3a83b1f31caef,0.9299346461992748,0.4814519368388536,0.4755244755244755,0.0165724881032989,0.0165216641002644
OF,GES,Logit,30,43,18e3a83b1f31caef,0.9201460509079328,0.2465558896859435,0.2816901408450704,0.0197465321629425,0.010310612950975
OF,GES,FFMLP,30,43,18e3a83b1f31caef,0.8774417207662969,0.2599954875836688,0.4,0.0193494252138277,0.0085247236855696
OF,GES,XGBoost,31,44,9085e09d1c8276c3,0.9409463635639896,0.468641999152265,0.4581005586592179,0.0158615652029815,0.0114493651298906
OF,GES,RF,31,44,9085e09d1c8276c3,0.9279678803801088,0.4281509302062163,0.4,0.015904053676265,0.0041520827509085
OF,GES,LightGBM,31,44,9085e09d1c8276c3,0.9250023521578334,0.4832598473882386,0.4925373134328358,0.0164214733084408,0.0155547525955029
OF,GES,Logit,31,44,9085e09d1c8276c3,0.9194874467145784,0.246259947801585,0.345679012345679,0.0197732062935853,0.0104024857703981
OF,GES,FFMLP,31,44,9085e09d1c8276c3,0.883510287976493,0.2786959953611682,0.3976608187134502,0.0196802393162245,0.0078727105027858
OF,GES,XGBoost,32,45,e759bc3ca9235cbe,0.9386557237046848,0.4662313748797306,0.4516129032258064,0.0160003773682319,0.0121593595234281
OF,GES,RF,32,45,e759bc3ca9235cbe,0.932256045045632,0.4371529947111947,0.4122807017543859,0.0158582745317305,0.0046519429689684
OF,GES,LightGBM,32,45,e759bc3ca9235cbe,0.9311215812290567,0.4853481456210773,0.5,0.0166620973162345,0.016495188791168
OF,GES,Logit,32,45,e759bc3ca9235cbe,0.920500683935124,0.2481333145124015,0.2836879432624113,0.0197412112202104,0.0106095018298751
OF,GES,FFMLP,32,45,e759bc3ca9235cbe,0.8880155749035615,0.2838798732986338,0.3972602739726027,0.0191235310108435,0.008777127267159
OF,GES,XGBoost,33,46,45302385731be391,0.9437544781466444,0.4728393642203303,0.5034013605442177,0.0157322908471111,0.0112629616661697
OF,GES,RF,33,46,45302385731be391,0.9404325075449986,0.4390129436126019,0.4090909090909091,0.0158345988258317,0.0039429689684092
OF,GES,LightGBM,33,46,45302385731be391,0.9308357035846884,0.4880446457379183,0.484375,0.0167919608939263,0.0170236698205132
OF,GES,Logit,33,46,45302385731be391,0.919954259576901,0.2470172932685364,0.345679012345679,0.0197418413402234,0.0103259894759744
OF,GES,FFMLP,33,46,45302385731be391,0.8872484095794342,0.2441781412515827,0.3602484472049689,0.0193938732858848,0.0059794379449778
OF,GES,XGBoost,34,47,084da68000a6f7f1,0.9404759319973076,0.4756243101628221,0.4536082474226804,0.0158616976452531,0.0118908672466606
OF,GES,RF,34,47,084da68000a6f7f1,0.9369422671906552,0.4342110630115633,0.3934426229508196,0.0159201185350852,0.0035023762929829
OF,GES,LightGBM,34,47,084da68000a6f7f1,0.9342517604996706,0.4890866630831582,0.4625,0.0167595664980781,0.0167490496800233
OF,GES,Logit,34,47,084da68000a6f7f1,0.9200157775510056,0.2483920593277314,0.2957746478873239,0.0197114187076727,0.0102655811405587
OF,GES,FFMLP,34,47,084da68000a6f7f1,0.8779664328983651,0.2795795858188579,0.3783783783783784,0.0192358190647935,0.0076073394197348
OF,GES,XGBoost,35,48,7cbbb70fa5e09b6e,0.9428606581699488,0.4681442920172616,0.4195121951219512,0.0159529980823531,0.0118162232770868
OF,GES,RF,35,48,7cbbb70fa5e09b6e,0.9344399331263432,0.4287263356029702,0.4370860927152318,0.0159270438915292,0.0049186469108191
OF,GES,LightGBM,35,48,7cbbb70fa5e09b6e,0.930376128131084,0.4815656630727417,0.4806201550387597,0.0165936640007267,0.0163828304231511
OF,GES,Logit,35,48,7cbbb70fa5e09b6e,0.9203342235346058,0.2483945489525327,0.2836879432624113,0.0197090469906345,0.0104713898868773
OF,GES,FFMLP,35,48,7cbbb70fa5e09b6e,0.8869625319350659,0.2497310195222488,0.3866666666666666,0.019439654248283,0.0084105194300238
OF,GOLEM,XGBoost,1,14,1764f1430f80689c,0.9349537891453344,0.4523601318968185,0.4302325581395348,0.016243996497565,0.0108740158977394
OF,GOLEM,RF,1,14,1764f1430f80689c,0.92720614311252,0.4281347657681119,0.4137931034482758,0.0160922191780821,0.0036852110707296
OF,GOLEM,Logit,1,14,1764f1430f80689c,0.9235331581880424,0.2570074242107522,0.3522727272727273,0.0189462901069652,0.0113778595261138
OF,GOLEM,LightGBM,1,14,1764f1430f80689c,0.9195453459843238,0.4382346120188729,0.48,0.0166533909336655,0.0163387451209773
OF,GOLEM,FFMLP,1,14,1764f1430f80689c,0.8798734900956062,0.2896799901113284,0.352,0.01951676375772,0.0084846247532263
OF,GOLEM,XGBoost,2,15,a6c4d708f5adb6d5,0.9347547604055844,0.4510558908683423,0.4041450777202072,0.0162044745426104,0.0113922003433363
OF,GOLEM,LightGBM,2,15,a6c4d708f5adb6d5,0.930057682147484,0.4440997195333122,0.4539877300613497,0.0163062757331152,0.0163867678161994
OF,GOLEM,RF,2,15,a6c4d708f5adb6d5,0.9273617473999608,0.4182945059795677,0.4,0.0162393089180877,0.0038188426055353
OF,GOLEM,Logit,2,15,a6c4d708f5adb6d5,0.9233703164918832,0.2560292046624611,0.3522727272727273,0.0189747682983747,0.0113225118360501
OF,GOLEM,FFMLP,2,15,a6c4d708f5adb6d5,0.8540504157891309,0.2478231190171919,0.3,0.0200654445280589,0.0078123804548406
OF,GOLEM,XGBoost,3,16,72486b97342b5a81,0.9371865297348936,0.443048194319597,0.4370860927152318,0.0164497376976555,0.0122843896736476
OF,GOLEM,RF,3,16,72486b97342b5a81,0.9296216282722134,0.4363411190318907,0.4017857142857143,0.0160030282359519,0.0044238188426055
OF,GOLEM,LightGBM,3,16,72486b97342b5a81,0.9262761360922336,0.4279250253587399,0.4748201438848921,0.0164566612545114,0.0159471092187707
OF,GOLEM,Logit,3,16,72486b97342b5a81,0.9227044748898104,0.2549138879117835,0.3270440251572327,0.0191610677764124,0.0125382401321973
OF,GOLEM,FFMLP,3,16,72486b97342b5a81,0.8700414703519551,0.2478843687811342,0.323943661971831,0.0202632351447423,0.0098967230187503
OF,GOLEM,XGBoost,4,17,283d566f7c427ce1,0.9362673788276844,0.4411636735830225,0.4558823529411764,0.0162596506983955,0.0106392130451623
OF,GOLEM,RF,4,17,283d566f7c427ce1,0.9316915271656137,0.4260921886001487,0.3857868020304568,0.0160036488677662,0.0049656136427173
OF,GOLEM,Logit,4,17,283d566f7c427ce1,0.924148337929088,0.2539724906027158,0.3270440251572327,0.0193612329705599,0.0122025454513967
OF,GOLEM,LightGBM,4,17,283d566f7c427ce1,0.9220313958790196,0.4309327892650129,0.4375,0.01650742492037,0.0160261936117472
OF,GOLEM,FFMLP,4,17,283d566f7c427ce1,0.8925172431262711,0.242050673386577,0.3431952662721893,0.019377028367651,0.0070764991695096
OF,GOLEM,XGBoost,5,18,648fe30c933c651d,0.9382142417728756,0.471399513629172,0.4817518248175182,0.0158933120485584,0.0113509783535874
OF,GOLEM,LightGBM,5,18,648fe30c933c651d,0.92776342358382,0.4447688136763887,0.4923076923076923,0.0163460108341325,0.0158775236105411
OF,GOLEM,Logit,5,18,648fe30c933c651d,0.9226284820982696,0.2590568525640068,0.3333333333333333,0.019143772457395,0.0125717716335772
OF,GOLEM,RF,5,18,648fe30c933c651d,0.9210398708846284,0.4245088072022189,0.3715846994535519,0.0161032809616997,0.005141179759575
OF,GOLEM,FFMLP,5,18,648fe30c933c651d,0.8672550679954549,0.2173301890644055,0.3034482758620689,0.0199974771104501,0.0073654931614022
OF,GOLEM,XGBoost,6,19,47ac225f8366a49b,0.9417135288881168,0.4661368558891773,0.4680851063829787,0.0160997544941907,0.0128746412418207
OF,GOLEM,LightGBM,6,19,47ac225f8366a49b,0.932163768084475,0.4535436144666361,0.4397163120567376,0.0169550977282942,0.0167147307056914
OF,GOLEM,RF,6,19,47ac225f8366a49b,0.9250566327232198,0.4246929326904872,0.3926380368098159,0.0161449303885937,0.0052356723511322
OF,GOLEM,Logit,6,19,47ac225f8366a49b,0.9224692591064696,0.2649898120852637,0.3221476510067114,0.0194464094931589,0.012664191488947
OF,GOLEM,FFMLP,6,19,47ac225f8366a49b,0.884863683406793,0.2805836870043062,0.4134078212290503,0.0195340120303112,0.0082791509462933
OF,GOLEM,XGBoost,7,20,8df3c6eaed0221da,0.9419234137409442,0.4788747677301053,0.4363636363636363,0.0158479363806388,0.0126781139344701
OF,GOLEM,LightGBM,7,20,8df3c6eaed0221da,0.934700479840198,0.4567552638157767,0.4655172413793103,0.0165035774564991,0.0158212817241964
OF,GOLEM,RF,7,20,8df3c6eaed0221da,0.9261802404267176,0.4285286386931972,0.4246575342465753,0.0161353547665641,0.0045071288789488
OF,GOLEM,Logit,7,20,8df3c6eaed0221da,0.9229324532644332,0.2637459360672903,0.3850267379679144,0.0193771611456057,0.012021126249789
OF,GOLEM,FFMLP,7,20,8df3c6eaed0221da,0.8713731535561008,0.2418993016948059,0.3484848484848485,0.0198173569175914,0.0071862524102978
OF,GOLEM,XGBoost,8,21,ec85353a21c9d2f4,0.938387939582112,0.4870779281535523,0.4722222222222222,0.0156583585041961,0.0107446639656813
OF,GOLEM,LightGBM,8,21,ec85353a21c9d2f4,0.9333181347750252,0.4462215801695161,0.4958677685950413,0.0167417529152511,0.0169149857684201
OF,GOLEM,Logit,8,21,ec85353a21c9d2f4,0.9215428707905422,0.2502951879014037,0.3820224719101123,0.0199489517389243,0.012766093968546
OF,GOLEM,RF,8,21,ec85353a21c9d2f4,0.9155249654413732,0.4185568050836044,0.4,0.0162473458205199,0.0041034386357282
OF,GOLEM,FFMLP,8,21,ec85353a21c9d2f4,0.8815380941007881,0.2485586543089561,0.334763948497854,0.0195782978410947,0.007197258578442
OF,GOLEM,XGBoost,9,22,0c4c0616521c3b2a,0.9382323352946712,0.4666142687577909,0.4755244755244755,0.0157467092105576,0.0108357936764583
OF,GOLEM,LightGBM,9,22,0c4c0616521c3b2a,0.9364193644107665,0.4588305603204288,0.4881889763779528,0.0165965970230934,0.0165326255039032
OF,GOLEM,RF,9,22,0c4c0616521c3b2a,0.9350044510063616,0.4126853293497623,0.3924050632911392,0.0162684059267542,0.005133911098686
OF,GOLEM,Logit,9,22,0c4c0616521c3b2a,0.9205006839351236,0.2391189088100712,0.3715846994535519,0.0197369682485122,0.0108820871163288
OF,GOLEM,FFMLP,9,22,0c4c0616521c3b2a,0.8808034971158927,0.2360631349434637,0.3231441048034934,0.0197061629217272,0.0056429578684976
OF,GOLEM,XGBoost,10,23,7d9a63074f68ccad,0.943019881161749,0.4760114690100842,0.4661654135338345,0.0158420890156906,0.0106436868063086
OF,GOLEM,LightGBM,10,23,7d9a63074f68ccad,0.9345919187094252,0.4511444318599155,0.4683544303797468,0.0167830202824172,0.0168693436131404
OF,GOLEM,RF,10,23,7d9a63074f68ccad,0.9265041144668564,0.4093683329657392,0.3949044585987261,0.0163999530332681,0.0049818283477774
OF,GOLEM,Logit,10,23,7d9a63074f68ccad,0.9167046630624373,0.2381746407278651,0.326797385620915,0.0196485289190045,0.0084768842090815
OF,GOLEM,FFMLP,10,23,7d9a63074f68ccad,0.8804090583407517,0.2420590422489581,0.3508771929824561,0.0195168633739047,0.0070149505881684
OF,GOLEM,XGBoost,11,24,18138564e117358f,0.9403818456839712,0.4826439231133516,0.4539007092198581,0.0157219608059461,0.010648240713074
OF,GOLEM,LightGBM,11,24,18138564e117358f,0.9358620839394663,0.4571286572550949,0.4967320261437908,0.0166415058457637,0.016333803574442
OF,GOLEM,RF,11,24,18138564e117358f,0.9233956474223968,0.4014755999890832,0.384180790960452,0.0164174336035784,0.0041666200726866
OF,GOLEM,Logit,11,24,18138564e117358f,0.9166105767491008,0.2385683704712506,0.3289473684210526,0.0196605279923169,0.0077237427319538
OF,GOLEM,FFMLP,11,24,18138564e117358f,0.8720281390450962,0.2482277574204555,0.2954545454545454,0.0196752297070685,0.007578299599024
OF,GOLEM,XGBoost,12,25,215b222793dcdbfb,0.9409897880162988,0.4716996045271992,0.4390243902439024,0.0158323739970024,0.0115513576357762
OF,GOLEM,RF,12,25,215b222793dcdbfb,0.9324912608289728,0.4145765970611634,0.3757575757575757,0.0162877036622868,0.0046614481409001
OF,GOLEM,LightGBM,12,25,215b222793dcdbfb,0.932246998284734,0.4602053852228674,0.4567901234567901,0.0166501614947984,0.0163119700423199
OF,GOLEM,Logit,12,25,215b222793dcdbfb,0.9161727135216506,0.2380552084585794,0.3333333333333333,0.0197213487046593,0.0080392741744005
OF,GOLEM,FFMLP,12,25,215b222793dcdbfb,0.8741704120256784,0.2489840394210075,0.3461538461538461,0.0197227795841564,0.0083739422126325
OF,GOLEM,XGBoost,13,26,472fc3f159d772f3,0.9392672847413712,0.464135765819514,0.4635761589403973,0.0158247094764855,0.012100912167305
OF,GOLEM,LightGBM,13,26,472fc3f159d772f3,0.9351926236330343,0.449626894182805,0.4705882352941176,0.0167929693232479,0.0167061202246415
OF,GOLEM,RF,13,26,472fc3f159d772f3,0.9236507660797127,0.4081162437639683,0.4295302013422818,0.0163525132792843,0.0034660329885378
OF,GOLEM,Logit,13,26,472fc3f159d772f3,0.9145768648992916,0.2385775445538137,0.3333333333333333,0.0193410423268093,0.0066302016226429
OF,GOLEM,FFMLP,13,26,472fc3f159d772f3,0.8773150661137288,0.2509883740355543,0.3428571428571428,0.0195897311804583,0.0066461597436761
OF,GOLEM,XGBoost,14,27,4bae1f31c7f9b591,0.9383372777210848,0.457300641543892,0.4647887323943662,0.0160613089622199,0.0114607083596089
OF,GOLEM,LightGBM,14,27,4bae1f31c7f9b591,0.9330612067655296,0.4622626337311509,0.4768211920529801,0.0164931637764698,0.0161939586163436
OF,GOLEM,RF,14,27,4bae1f31c7f9b591,0.9249335967750107,0.4075145327221837,0.4217687074829932,0.0163706726306961,0.0040861056751467
OF,GOLEM,Logit,14,27,4bae1f31c7f9b591,0.9145515339687778,0.2401980146424494,0.3439490445859872,0.0192858605018881,0.007000187610573
OF,GOLEM,FFMLP,14,27,4bae1f31c7f9b591,0.8757554045349604,0.2300767061118721,0.3333333333333333,0.0197333818612887,0.0077799871050473
OF,GOLEM,XGBoost,15,28,6c0c6915847c8118,0.9401140615613984,0.4702375051305923,0.4444444444444444,0.0160138767792557,0.0123647811013121
OF,GOLEM,RF,15,28,6c0c6915847c8118,0.9306656244798112,0.4101764598591945,0.3814432989690721,0.0163963902711769,0.0038434442270058
OF,GOLEM,LightGBM,15,28,6c0c6915847c8118,0.9289214089787292,0.4615730543556039,0.4539877300613497,0.0166299091965464,0.0166229125422393
OF,GOLEM,Logit,15,28,6c0c6915847c8118,0.913882073662346,0.2409543680409482,0.3150684931506849,0.0192573397126872,0.007421279812465
OF,GOLEM,FFMLP,15,28,6c0c6915847c8118,0.8594748536234086,0.2181082717175462,0.2868525896414343,0.0199552494332116,0.0090644627110186
OF,GOLEM,XGBoost,16,29,b3a50edf227de16f,0.9352215732679072,0.4585569857354793,0.4347826086956521,0.0158864467192464,0.0119296674136783
OF,GOLEM,LightGBM,16,29,b3a50edf227de16f,0.9338211346809387,0.4504873566937287,0.4592592592592592,0.0167797447197317,0.0161658146104292
OF,GOLEM,RF,16,29,b3a50edf227de16f,0.9270414920641812,0.3960929732191913,0.4137931034482758,0.0165550405367626,0.0044478613363153
OF,GOLEM,Logit,16,29,b3a50edf227de16f,0.913968922566964,0.2393515446006474,0.3150684931506849,0.0193389607401209,0.0069124755685443
OF,GOLEM,FFMLP,16,29,b3a50edf227de16f,0.8814765761266836,0.2388179328345257,0.3425414364640884,0.0193971408094227,0.0063319422131748
OF,GOLEM,XGBoost,17,30,77593e6cf28cc0b7,0.9359706450702392,0.4656248698065156,0.4596273291925465,0.0160828470950248,0.0125758766013371
OF,GOLEM,LightGBM,17,30,77593e6cf28cc0b7,0.9345702064832708,0.4677400094060907,0.464,0.0166723246878669,0.0161549847962491
OF,GOLEM,RF,17,30,77593e6cf28cc0b7,0.9255523952204154,0.3918718551612261,0.3658536585365853,0.0167201230081073,0.0046675985462678
OF,GOLEM,Logit,17,30,77593e6cf28cc0b7,0.9159519725557462,0.2468937802420766,0.32,0.0193181309189993,0.0081224611838575
OF,GOLEM,FFMLP,17,30,77593e6cf28cc0b7,0.883119467905711,0.2298419255731914,0.3192488262910798,0.0195164335801977,0.0062150814978477
OF,GOLEM,XGBoost,18,31,aecda8e9d3172999,0.9378523713369664,0.4502182915527163,0.4556962025316455,0.0160956872218251,0.0118179607892714
OF,GOLEM,LightGBM,18,31,aecda8e9d3172999,0.9355183070253528,0.4576771790592049,0.4885496183206106,0.0166001750347048,0.0163160257131933
OF,GOLEM,RF,18,31,aecda8e9d3172999,0.9268026575764812,0.3928750955595996,0.3850931677018633,0.0166792384679899,0.0046446743080793
OF,GOLEM,Logit,18,31,aecda8e9d3172999,0.9165201091401236,0.2480312024080369,0.3216783216783216,0.019279313083338,0.0086431132738572
OF,GOLEM,FFMLP,18,31,aecda8e9d3172999,0.8606617886531907,0.2394358860940654,0.2771535580524344,0.0199387090016681,0.0077521505877313
OF,GOLEM,XGBoost,19,32,d201257e9537b66f,0.9322868040326842,0.4519227706229978,0.4895104895104895,0.0161876112879833,0.0129250133676188
OF,GOLEM,LightGBM,19,32,d201257e9537b66f,0.9317801854224114,0.4538500340574181,0.4714285714285714,0.016783051602364,0.0167970795249698
OF,GOLEM,RF,19,32,d201257e9537b66f,0.9180779613667122,0.4002940420012713,0.4285714285714285,0.0165388314229801,0.0050422141459323
OF,GOLEM,Logit,19,32,d201257e9537b66f,0.9159555912601052,0.2494582464657202,0.3333333333333333,0.0192420051373324,0.0095027403236478
OF,GOLEM,FFMLP,19,32,d201257e9537b66f,0.8754369585513603,0.234091816799379,0.3406593406593406,0.0197900095863984,0.0076446080789165
OF,GOLEM,XGBoost,20,33,00037b2451cb07a3,0.9336221059411888,0.4643400290591561,0.4691358024691358,0.016012515501364,0.0106202692763558
OF,GOLEM,LightGBM,20,33,00037b2451cb07a3,0.933307278661948,0.4447737324326506,0.460431654676259,0.017009025558659,0.0166625729213774
OF,GOLEM,RF,20,33,00037b2451cb07a3,0.9212027125807876,0.3934948927424365,0.4166666666666667,0.0166573396701146,0.0065149566675985
OF,GOLEM,Logit,20,33,00037b2451cb07a3,0.91657438970551,0.248666053732937,0.3150684931506849,0.0192646924426958,0.0079104647096424
OF,GOLEM,FFMLP,20,33,00037b2451cb07a3,0.8793487779635378,0.2382728580242001,0.3496503496503496,0.0199448353752038,0.006825605504473
OF,GOLEM,LightGBM,21,34,5929e7ecaee6ba5d,0.9358512278263892,0.4479536636449108,0.48,0.0168048633693079,0.01688695784098
OF,GOLEM,XGBoost,21,34,5929e7ecaee6ba5d,0.934421839604548,0.456122003411646,0.4523809523809524,0.016145946965134,0.0122045364904172
OF,GOLEM,RF,21,34,5929e7ecaee6ba5d,0.924872078800906,0.3788019956163287,0.3647058823529411,0.0167505798154878,0.0055689124965054
OF,GOLEM,Logit,21,34,5929e7ecaee6ba5d,0.9162776559480644,0.2480047144592237,0.323943661971831,0.01926393908154,0.0077777106053655
OF,GOLEM,FFMLP,21,34,5929e7ecaee6ba5d,0.8805248568802426,0.2487699020055148,0.34375,0.0194296045730014,0.0076173922739066
OF,GOLEM,LightGBM,22,35,b2b3bca1258ab915,0.937074349899762,0.4537490674964614,0.4848484848484848,0.0169779628095032,0.0167306977683177
OF,GOLEM,XGBoost,22,35,b2b3bca1258ab915,0.9350840625022616,0.4594949971986222,0.4539877300613497,0.0160921918128487,0.0110665443738693
OF,GOLEM,RF,22,35,b2b3bca1258ab915,0.9216441945125966,0.3817812103174216,0.384180790960452,0.0167334056471903,0.0063695834498182
OF,GOLEM,Logit,22,35,b2b3bca1258ab915,0.9165056343226872,0.2498373792080652,0.3194444444444444,0.0192181448863838,0.0086488393030301
OF,GOLEM,FFMLP,22,35,b2b3bca1258ab915,0.874517807644151,0.2487246081223964,0.3580246913580246,0.0194737724014547,0.0082205857835274
OF,GOLEM,XGBoost,23,36,552939458212efbd,0.9361407241751164,0.4571595966429713,0.4567901234567901,0.0159516037145367,0.0119473851121324
OF,GOLEM,LightGBM,23,36,552939458212efbd,0.933669149097857,0.4622489321137521,0.4888888888888889,0.0167048318564976,0.016575276980653
OF,GOLEM,RF,23,36,552939458212efbd,0.9215012556904126,0.4111768302529066,0.3736263736263736,0.016411296617277,0.0056248252725747
OF,GOLEM,Logit,23,36,552939458212efbd,0.915904929399078,0.2496049851477518,0.3262411347517731,0.0192507702086699,0.0090077404341475
OF,GOLEM,FFMLP,23,36,552939458212efbd,0.874633606183642,0.2573963879023296,0.3455497382198952,0.0195709349378546,0.0063698653564969
OF,GOLEM,XGBoost,24,37,b2e53f58cc65415c,0.9352360480853436,0.4681139132998049,0.4817518248175182,0.0158353697095873,0.0116555641721887
OF,GOLEM,LightGBM,24,37,b2e53f58cc65415c,0.9334809764711842,0.4639135588030315,0.4657534246575342,0.0168407330877642,0.016796652240634
OF,GOLEM,RF,24,37,b2e53f58cc65415c,0.926294229614029,0.4035381923664902,0.3668639053254438,0.0164527156835336,0.0050013978194017
OF,GOLEM,Logit,24,37,b2e53f58cc65415c,0.9159483538513872,0.2489095221712763,0.3194444444444444,0.0192364596163484,0.0088456518105483
OF,GOLEM,FFMLP,24,37,b2e53f58cc65415c,0.8732223114835964,0.2340337111519881,0.3535911602209944,0.0196079827977903,0.0068556945776186
OF,GOLEM,LightGBM,25,38,eb121959e2431b20,0.9343386094042888,0.4672714065639068,0.4805194805194805,0.016543898523694,0.0164158258412848
OF,GOLEM,XGBoost,25,38,eb121959e2431b20,0.9339586454465844,0.4549750278947947,0.4832214765100671,0.0160704318056182,0.0121145286332521
OF,GOLEM,RF,25,38,eb121959e2431b20,0.9242786112860152,0.4024575659322184,0.3820224719101123,0.0164599821079116,0.0045015376013419
OF,GOLEM,Logit,25,38,eb121959e2431b20,0.9159664473731826,0.2507732209954467,0.3194444444444444,0.0192586100476205,0.0084746720421384
OF,GOLEM,FFMLP,25,38,eb121959e2431b20,0.8884462007222934,0.2325877326683461,0.3561643835616438,0.0193246607729136,0.0068277327538053
OF,GOLEM,RF,26,39,0ffa48359963fc99,0.9299563584254292,0.4100335102805093,0.4,0.0163809628180039,0.0046675985462678
OF,GOLEM,XGBoost,26,39,0ffa48359963fc99,0.9274377401915018,0.4522125345272593,0.4210526315789473,0.0161551929703184,0.0122545685141087
OF,GOLEM,LightGBM,26,39,0ffa48359963fc99,0.9270831071643107,0.4654280814644657,0.4805194805194805,0.0166818803642426,0.0168520202998372
OF,GOLEM,Logit,26,39,0ffa48359963fc99,0.9155285841457323,0.2441418385303346,0.323943661971831,0.0193016552631864,0.0079391662276371
OF,GOLEM,FFMLP,26,39,0ffa48359963fc99,0.8816068494836109,0.2617462756422795,0.3660130718954248,0.019182185600373,0.0062925649495982
OF,NOTEARS,XGBoost,1,14,9560cd328a79aa95,0.9349537891453344,0.4523601318968185,0.4302325581395348,0.016243996497565,0.0108740158977394
OF,NOTEARS,RF,1,14,9560cd328a79aa95,0.9276313408747132,0.4278631313767149,0.4137931034482758,0.0160842963377131,0.0033804864411518
OF,NOTEARS,Logit,1,14,9560cd328a79aa95,0.9230663453257196,0.2542435430698968,0.3542857142857142,0.0189697625471315,0.0106706279388576
OF,NOTEARS,LightGBM,1,14,9560cd328a79aa95,0.9195453459843238,0.4382346120188729,0.48,0.0166533909336655,0.0163387451209773
OF,NOTEARS,FFMLP,1,14,9560cd328a79aa95,0.879631036903547,0.2891407265244474,0.2932330827067669,0.0195270914895869,0.0085417343970614
OF,NOTEARS,XGBoost,2,15,df52776712e79ece,0.934107012325307,0.4669039670323948,0.4431137724550898,0.0159500483115956,0.0112701436004301
OF,NOTEARS,LightGBM,2,15,df52776712e79ece,0.9287042867171836,0.4497121905297174,0.4881889763779528,0.0165330282789175,0.0163719450230892
OF,NOTEARS,RF,2,15,df52776712e79ece,0.9257459959036268,0.4238251788719204,0.4039408866995074,0.0161548135308918,0.0036689963656695
OF,NOTEARS,Logit,2,15,df52776712e79ece,0.9237321869277924,0.2573000449894251,0.2666666666666666,0.0189608326034275,0.0113640092232881
OF,NOTEARS,FFMLP,2,15,df52776712e79ece,0.8598258679462405,0.218835167959311,0.2949308755760368,0.0199766026907181,0.0085375402081077
OF,NOTEARS,XGBoost,3,16,117e5679d7d36ee4,0.9343386094042888,0.4680278714641994,0.4520547945205479,0.0161821947988345,0.0126519499423161
OF,NOTEARS,LightGBM,3,16,117e5679d7d36ee4,0.930734379862634,0.4520782008047226,0.4615384615384615,0.0163071910931437,0.0158388878139789
OF,NOTEARS,RF,3,16,117e5679d7d36ee4,0.923562107822915,0.4303988221849321,0.4078947368421052,0.0160377467151244,0.0048034665921162
OF,NOTEARS,Logit,3,16,117e5679d7d36ee4,0.9233739351962424,0.2548155175569365,0.325,0.019189220742455,0.0126320058049485
OF,NOTEARS,FFMLP,3,16,117e5679d7d36ee4,0.8731499373964147,0.2401216565640835,0.3134328358208955,0.0197539358453519,0.0086308381587125
OF,NOTEARS,XGBoost,4,17,587db133f53188a4,0.9436784853551036,0.4811016091760871,0.4551724137931034,0.0157006977498537,0.0107796557014222
OF,NOTEARS,LightGBM,4,17,587db133f53188a4,0.9319032213706204,0.4765391704805426,0.4561403508771929,0.0163367164318909,0.0159604037270069
OF,NOTEARS,Logit,4,17,587db133f53188a4,0.924944452888088,0.2587231073652998,0.326797385620915,0.0193769759867416,0.0122371632573754
OF,NOTEARS,RF,4,17,587db133f53188a4,0.9029373023282744,0.4337803298994768,0.3814432989690721,0.0160337914453452,0.0040581492871121
OF,NOTEARS,FFMLP,4,17,587db133f53188a4,0.8892857401336026,0.255954496698472,0.3561643835616438,0.0194089822320429,0.0087348588898273
OF,NOTEARS,XGBoost,5,18,3db36631c90ecd70,0.9436676292420262,0.4748352782314263,0.4832214765100671,0.0159417521525433,0.0105898931328554
OF,NOTEARS,LightGBM,5,18,3db36631c90ecd70,0.9347221920663524,0.4783827010899547,0.4497041420118343,0.0163582508553842,0.015886475327951
OF,NOTEARS,Logit,5,18,3db36631c90ecd70,0.9258780786127334,0.2587008861650458,0.3246753246753247,0.0192527012962065,0.012025005285256
OF,NOTEARS,RF,5,18,3db36631c90ecd70,0.925286420450022,0.4277837639920556,0.4134078212290503,0.0161268280682135,0.0037070170533967
OF,NOTEARS,FFMLP,5,18,3db36631c90ecd70,0.8638317736717545,0.2187326268368654,0.3076923076923077,0.0201175083001003,0.0066619244286192
OF,NOTEARS,XGBoost,6,19,e4880562677fc7a0,0.9433926077107352,0.482246061705895,0.4714285714285714,0.0157624532831311,0.0113776552851234
OF,NOTEARS,LightGBM,6,19,e4880562677fc7a0,0.9386774359308394,0.4666072807869358,0.4,0.0168976196293008,0.0167225069733843
OF,NOTEARS,RF,6,19,e4880562677fc7a0,0.9223389857495422,0.4172306390494247,0.4177215189873418,0.0162321643835616,0.0040206877271456
OF,NOTEARS,Logit,6,19,e4880562677fc7a0,0.921535633381824,0.2427498778537975,0.3699421965317919,0.0197315251588087,0.0112101487215117
OF,NOTEARS,FFMLP,6,19,e4880562677fc7a0,0.8837056980118837,0.2497136429266606,0.3070175438596491,0.0196615793393337,0.0107916648983163
OF,NOTEARS,XGBoost,7,20,45103d7f1eb73543,0.9430524495009808,0.4746982778203114,0.4430379746835443,0.0158319806175316,0.0112517641337579
OF,NOTEARS,LightGBM,7,20,45103d7f1eb73543,0.9383445151298028,0.4707064477612319,0.467065868263473,0.0168511088780357,0.0165476568571755
OF,NOTEARS,RF,7,20,45103d7f1eb73543,0.929782660616193,0.4164541737992114,0.3877551020408163,0.016212369024322,0.0039401733296058
OF,NOTEARS,Logit,7,20,45103d7f1eb73543,0.9173270802122008,0.2435058337636853,0.3333333333333333,0.0197013268677583,0.0080871600910507
OF,NOTEARS,FFMLP,7,20,45103d7f1eb73543,0.8747638795405692,0.2666130284541007,0.3419689119170984,0.0194878073798364,0.0064471337781801
OF,NOTEARS,XGBoost,8,21,95fb0edc87e00551,0.941684579253244,0.4872804925861314,0.4475524475524475,0.015552017712089,0.0102978120684891
OF,NOTEARS,LightGBM,8,21,95fb0edc87e00551,0.937953695059021,0.4662208046621905,0.4729729729729729,0.0165158343786613,0.0160103259924461
OF,NOTEARS,RF,8,21,95fb0edc87e00551,0.9263575569403132,0.4019386449646885,0.3891891891891892,0.0163049918926474,0.0041682974559686
OF,NOTEARS,Logit,8,21,95fb0edc87e00551,0.915941116442669,0.2320335489876122,0.345679012345679,0.0202812892008903,0.0080536625068788
OF,NOTEARS,FFMLP,8,21,95fb0edc87e00551,0.8785092385522288,0.2124206467808947,0.2857142857142857,0.0196433366488254,0.0071166502845572
OF,NOTEARS,XGBoost,9,22,fd45e8eb1e0402f7,0.9420573058022306,0.4811802424736014,0.4415584415584415,0.0157732404620617,0.0108252862911111
OF,NOTEARS,LightGBM,9,22,fd45e8eb1e0402f7,0.936238429192812,0.4497406242147174,0.4417177914110429,0.0168242839403475,0.0166553756354485
OF,NOTEARS,RF,9,22,fd45e8eb1e0402f7,0.925047585962322,0.4070202556255137,0.4078947368421052,0.0163075627620911,0.0032843164663125
OF,NOTEARS,Logit,9,22,fd45e8eb1e0402f7,0.9153729798582916,0.2337116000602189,0.3354037267080745,0.0202602846379367,0.0079993729064141
OF,NOTEARS,FFMLP,9,22,fd45e8eb1e0402f7,0.8773584905660378,0.263866377552273,0.3020408163265306,0.0193814393975926,0.0061287006291932
OF,NOTEARS,XGBoost,10,23,64d36f8c9c030f0d,0.9434360321630444,0.4694009971774486,0.435754189944134,0.0160377829391875,0.0104126367610711
OF,NOTEARS,RF,10,23,64d36f8c9c030f0d,0.9349031272843072,0.3981199830132379,0.3902439024390244,0.0163644953871959,0.0028191221694157
OF,NOTEARS,LightGBM,10,23,64d36f8c9c030f0d,0.933987595081457,0.4568800264331549,0.4417177914110429,0.0168649742523534,0.0163465998430838
OF,NOTEARS,Logit,10,23,64d36f8c9c030f0d,0.9171171953593736,0.2279504429226196,0.3225806451612903,0.0200660262406789,0.008209875536007
OF,NOTEARS,FFMLP,10,23,64d36f8c9c030f0d,0.8803909648189563,0.2327601239398148,0.3381642512077294,0.0194331689995955,0.0069142656485678
OF,NOTEARS,XGBoost,11,24,47cefbe35f92b4fb,0.9367052420551344,0.4728666432246329,0.4540540540540541,0.0159337480196929,0.0114186208368155
OF,NOTEARS,LightGBM,11,24,47cefbe35f92b4fb,0.9330539693568116,0.4549757260409094,0.4390243902439024,0.0169824722277287,0.0167510711366121
OF,NOTEARS,RF,11,24,47cefbe35f92b4fb,0.9241411005203696,0.4023286314906068,0.3720930232558139,0.0164929795918367,0.0043349175286552
OF,NOTEARS,Logit,11,24,47cefbe35f92b4fb,0.9171497636986056,0.2305208551929618,0.3096774193548387,0.0200300915968927,0.0082599465516107
OF,NOTEARS,FFMLP,11,24,47cefbe35f92b4fb,0.8796744613558561,0.2384489616620381,0.3298969072164948,0.0197211540883993,0.0069970846895273
OF,NOTEARS,XGBoost,12,25,8047115df588c02f,0.9378559900413256,0.465887873739204,0.4505494505494505,0.0160241770949436,0.0106364616095501
OF,NOTEARS,LightGBM,12,25,8047115df588c02f,0.9286138191082064,0.4594829598871318,0.4096385542168674,0.0166215474626033,0.0161507390171544
OF,NOTEARS,RF,12,25,8047115df588c02f,0.9229396906731514,0.4059668117817402,0.4050632911392405,0.0164756477495107,0.0031210511601901
OF,NOTEARS,Logit,12,25,8047115df588c02f,0.9164477350529416,0.2282317803116594,0.3137254901960784,0.0200278363152176,0.0085643460319215
OF,NOTEARS,FFMLP,12,25,8047115df588c02f,0.8737976854766919,0.2173582243759911,0.2943396226415094,0.0198700976132091,0.0075551998052461
OF,NOTEARS,XGBoost,13,26,68ef7380626a1b30,0.939781140760362,0.4535877792943695,0.4683544303797468,0.0161739719503111,0.0103414530840722
OF,NOTEARS,LightGBM,13,26,68ef7380626a1b30,0.9328838902519344,0.4599245415620759,0.4337349397590361,0.0167322704632797,0.0166510987483269
OF,NOTEARS,RF,13,26,68ef7380626a1b30,0.9246802874698744,0.4068412844243057,0.3850931677018633,0.0164376885658372,0.0039793122728543
OF,NOTEARS,Logit,13,26,68ef7380626a1b30,0.9165997206360236,0.2284607960050137,0.3184713375796178,0.0199714814302978,0.0094001450100529
OF,NOTEARS,FFMLP,13,26,68ef7380626a1b30,0.8771124186696194,0.2511696858118918,0.3522727272727273,0.0197563780468367,0.0072911256830019
OF,NOTEARS,XGBoost,14,27,a049e56c5593b22c,0.940964457085785,0.4578373221292673,0.4567901234567901,0.0160625655844254,0.0113759941210814
OF,NOTEARS,RF,14,27,a049e56c5593b22c,0.9311776711466226,0.4087130929334326,0.3850931677018633,0.0164347005870841,0.0041269220016773
OF,NOTEARS,LightGBM,14,27,a049e56c5593b22c,0.9289612147266793,0.4580861514351597,0.4662576687116564,0.0165984578293888,0.016291139423544
OF,NOTEARS,Logit,14,27,a049e56c5593b22c,0.91689283568911,0.2283078032834477,0.3205128205128205,0.0199620263523638,0.0092117729168544
OF,NOTEARS,FFMLP,14,27,a049e56c5593b22c,0.869683218620405,0.2336894054376232,0.3626373626373626,0.0196974039377802,0.0063562139468816
OF,NOTEARS,XGBoost,15,28,4c18467cb3445b9d,0.9382232885337736,0.4528697237554153,0.4588235294117647,0.0161049035392454,0.010500086420407
OF,NOTEARS,LightGBM,15,28,4c18467cb3445b9d,0.9320913939972932,0.4553628563896942,0.5,0.0168939169020744,0.0168660578864044
OF,NOTEARS,RF,15,28,4c18467cb3445b9d,0.9211556694241194,0.3948593800170127,0.3974358974358974,0.0166127727145652,0.0042135868045848
OF,NOTEARS,Logit,15,28,4c18467cb3445b9d,0.9165128717314052,0.2283716163912936,0.3292682926829268,0.0199884252078208,0.008951571740682
OF,NOTEARS,FFMLP,15,28,4c18467cb3445b9d,0.8558995737166265,0.2200581044709891,0.3382352941176471,0.0200568170618839,0.0076448264150878
OF,NOTEARS,XGBoost,16,29,50f34c7124434fa2,0.9367414290987256,0.4662750923409397,0.4444444444444444,0.0159067790858671,0.0110476404793772
OF,NOTEARS,LightGBM,16,29,50f34c7124434fa2,0.9361190119489616,0.4678024297847931,0.4429530201342282,0.0167029467356627,0.0170838612421834
OF,NOTEARS,RF,16,29,50f34c7124434fa2,0.92967409948542,0.397276763688142,0.379746835443038,0.0165713525300531,0.0043958624545708
OF,NOTEARS,Logit,16,29,50f34c7124434fa2,0.9149857784918688,0.2244270277422621,0.3205128205128205,0.0200065113729143,0.0084946835529379
OF,NOTEARS,FFMLP,16,29,50f34c7124434fa2,0.8770653755129514,0.2268780467103734,0.3422459893048128,0.0195492290786766,0.0065985282943973
OF,NOTEARS,XGBoost,17,30,8e81714289f30c0d,0.9380550187810756,0.4737092309437793,0.4533333333333333,0.0158756558887785,0.0114493059567994
OF,NOTEARS,LightGBM,17,30,8e81714289f30c0d,0.9335352570365708,0.463148449704875,0.4689655172413793,0.0166653899245488,0.0166042524229259
OF,NOTEARS,RF,17,30,8e81714289f30c0d,0.9233884100136788,0.3862599660224113,0.3975903614457831,0.0166834900754822,0.0037824993010902
OF,NOTEARS,Logit,17,30,8e81714289f30c0d,0.9131402392687322,0.2225382447436128,0.3205128205128205,0.0200017159789869,0.0079245832999708
OF,NOTEARS,FFMLP,17,30,8e81714289f30c0d,0.8763452533454922,0.2483635738362171,0.3647798742138364,0.0193582819655522,0.0071282731397777
OF,PC,XGBoost,1,14,721bb5b3791b65b8,0.9376497238928574,0.458589996308276,0.4204545454545454,0.0161361800722135,0.0099687353163819
OF,PC,RF,1,14,721bb5b3791b65b8,0.9284853551034588,0.4356289897483723,0.4444444444444444,0.0159601386636846,0.0045915571708135
OF,PC,Logit,1,14,721bb5b3791b65b8,0.9242062371988332,0.2581962836069481,0.2733812949640288,0.0188971936060232,0.0117317496805406
OF,PC,LightGBM,1,14,721bb5b3791b65b8,0.922288323888515,0.4531199701591147,0.4477611940298507,0.0167667990372081,0.01639313194231
OF,PC,FFMLP,1,14,721bb5b3791b65b8,0.8754912391167466,0.2630600793529851,0.3625730994152046,0.019599201475133,0.007330784633514
OF,PC,XGBoost,2,15,fc59b09fb5ee3839,0.937436220335671,0.4706221447701582,0.4680851063829787,0.0159390445116264,0.0114293996385786
OF,PC,LightGBM,2,15,fc59b09fb5ee3839,0.9277959919230518,0.4475024028763625,0.4923076923076923,0.0165032941846344,0.015257204406443
OF,PC,Logit,2,15,fc59b09fb5ee3839,0.9235259207793242,0.2568189753938862,0.3522727272727273,0.0189649824794426,0.0113958463626369
OF,PC,RF,2,15,fc59b09fb5ee3839,0.9126137177844844,0.4270833788546,0.4113475177304964,0.0160560413754542,0.0044344422700587
OF,PC,FFMLP,2,15,fc59b09fb5ee3839,0.8606111267921632,0.2410788367063291,0.3262411347517731,0.0198493669077629,0.0080818784151612
OF,PC,XGBoost,3,16,0d11386dd824b4c1,0.9342155734560798,0.4498703450767093,0.4186046511627907,0.0163069965567806,0.011896076608269
OF,PC,LightGBM,3,16,0d11386dd824b4c1,0.929344797388743,0.4420466703338404,0.4624277456647399,0.0165573851421675,0.0162651452093373
OF,PC,Logit,3,16,0d11386dd824b4c1,0.9231821438652104,0.2555804872626798,0.2627737226277372,0.0189708648141491,0.011164061251822
OF,PC,RF,3,16,0d11386dd824b4c1,0.918707615925194,0.4344776755586639,0.4027777777777778,0.0159835705898797,0.0050679340229242
OF,PC,FFMLP,3,16,0d11386dd824b4c1,0.8725094267248554,0.2396351240781616,0.2903225806451613,0.0197724425837486,0.0101572816026612
OF,PC,XGBoost,4,17,285c77ccbcb26f76,0.9360828249053708,0.4732357597957139,0.4459459459459459,0.0159598455174199,0.010730082140535
OF,PC,LightGBM,4,17,285c77ccbcb26f76,0.929822466364143,0.4276592861138832,0.4470588235294118,0.0165947907162448,0.0159111202817605
OF,PC,Logit,4,17,285c77ccbcb26f76,0.9235150646662468,0.2556448952838167,0.3291139240506329,0.0191580800769967,0.0121981939537853
OF,PC,RF,4,17,285c77ccbcb26f76,0.9158976919903598,0.4294980455137371,0.4172661870503597,0.0160458920883421,0.0036494268940452
OF,PC,FFMLP,4,17,285c77ccbcb26f76,0.892832070405512,0.2344435539061245,0.3466666666666667,0.0194985409129371,0.0073782657175477
OF,PC,XGBoost,5,18,3b96f3c5e78883cd,0.940284140666276,0.4639089284131805,0.4776119402985074,0.0159255504434658,0.0107047329021491
OF,PC,LightGBM,5,18,3b96f3c5e78883cd,0.9316571494742022,0.4476344418779207,0.4705882352941176,0.0162726313931119,0.0165672525267787
OF,PC,Logit,5,18,3b96f3c5e78883cd,0.9213546981638694,0.2572416257978669,0.3291139240506329,0.0191719764539928,0.0124666612613413
OF,PC,RF,5,18,3b96f3c5e78883cd,0.918532108763778,0.4353780785719619,0.4125,0.0160497489516354,0.0044987419625384
OF,PC,FFMLP,5,18,3b96f3c5e78883cd,0.854336293433499,0.2071279058810017,0.2781456953642384,0.0201085926160907,0.0076410560250315
OF,PC,XGBoost,6,19,bcb0b960f2d60d8e,0.9389741696882848,0.467558820102956,0.4661654135338345,0.0160255843634387,0.0111567003868295
OF,PC,LightGBM,6,19,bcb0b960f2d60d8e,0.9375266879446482,0.4618135642496457,0.4697986577181208,0.0163693700740636,0.0155819334878949
OF,PC,Logit,6,19,bcb0b960f2d60d8e,0.9216622880343922,0.2614383773334434,0.3829787234042553,0.0194609021344522,0.0124958597981191
OF,PC,RF,6,19,bcb0b960f2d60d8e,0.9192214719441852,0.4347305580015744,0.4202898550724637,0.0160589611406206,0.0042415431926195
OF,PC,FFMLP,6,19,bcb0b960f2d60d8e,0.8826779859739019,0.2745564865443016,0.3466666666666667,0.0197187264102968,0.0091529923121723
OF,PC,XGBoost,7,20,fc2a48d3efdcf9d2,0.9413371836347714,0.4770255552215067,0.4888888888888889,0.0158044713526488,0.0118345063551271
OF,PC,LightGBM,7,20,fc2a48d3efdcf9d2,0.939853514847544,0.4627982717486886,0.449438202247191,0.0165875243269149,0.016341568600327
OF,PC,RF,7,20,fc2a48d3efdcf9d2,0.9266669561630154,0.4274755517323785,0.4054054054054054,0.0161196511042773,0.0036265026558568
OF,PC,Logit,7,20,fc2a48d3efdcf9d2,0.9211086262674512,0.2514974570698047,0.3850267379679144,0.0198299065038941,0.0135459655974499
OF,PC,FFMLP,7,20,fc2a48d3efdcf9d2,0.8692055496450052,0.2524358419128842,0.3583815028901734,0.019905548852979,0.0094936136609354
OF,PC,XGBoost,8,21,6c77d017e3138a39,0.9458678014923536,0.4800491205006383,0.4583333333333333,0.0157344311774155,0.0110077139256776
OF,PC,LightGBM,8,21,6c77d017e3138a39,0.9383843208777528,0.440764048114715,0.45,0.0169648540376939,0.0166724975845674
OF,PC,RF,8,21,6c77d017e3138a39,0.9263792691664676,0.4263299744760333,0.4305555555555556,0.0161568174447861,0.0049113782499301
OF,PC,Logit,8,21,6c77d017e3138a39,0.917214900377069,0.2563668797320722,0.3726708074534161,0.0197496526596763,0.0099049325645677
OF,PC,FFMLP,8,21,6c77d017e3138a39,0.8768663467732013,0.2464025913393637,0.3166666666666666,0.0197485647373956,0.0097555161495702
OF,PC,XGBoost,9,22,0f710de7b3c7092d,0.941803996497094,0.4670956034570749,0.4415584415584415,0.01589233334754,0.0115015909092921
OF,PC,LightGBM,9,22,0f710de7b3c7092d,0.9388438963313576,0.4411936053396408,0.4578313253012048,0.0167563516423193,0.0161193253988278
OF,PC,RF,9,22,0f710de7b3c7092d,0.9325853471423092,0.4242863045637032,0.4133333333333333,0.0161651160190103,0.0044925915571708
OF,PC,Logit,9,22,0f710de7b3c7092d,0.9160026344167732,0.2325847501127389,0.3225806451612903,0.0199548200103083,0.0079104081395474
OF,PC,FFMLP,9,22,0f710de7b3c7092d,0.8797215045125244,0.2399919143163285,0.325,0.0195596334957538,0.0069180713364526
OF,PC,XGBoost,10,23,9710632908b0d396,0.9423287086291624,0.4762643773503591,0.4895104895104895,0.0156784154416193,0.0099964538822926
OF,PC,LightGBM,10,23,9710632908b0d396,0.9334918325842616,0.4575357817654845,0.4512195121951219,0.0164962571223189,0.0164428212410648
OF,PC,RF,10,23,9710632908b0d396,0.9305226856576272,0.4044030732091037,0.3973509933774834,0.0163569046687168,0.0040559127760693
OF,PC,Logit,10,23,9710632908b0d396,0.9166901882450008,0.2340341300061989,0.3246753246753247,0.0199336824134219,0.0080674623559065
OF,PC,FFMLP,10,23,9710632908b0d396,0.8816575113446382,0.2467532765071689,0.3220338983050847,0.0194550659541564,0.0073381228956191
OF,PC,XGBoost,11,24,20cc5c9a42ed1752,0.9420211187586396,0.4798220348826055,0.4804469273743016,0.0158147037261616,0.0105338074038571
OF,PC,LightGBM,11,24,20cc5c9a42ed1752,0.936090062314089,0.4570310440175957,0.4596273291925465,0.0165955644713653,0.0166984636387775
OF,PC,RF,11,24,20cc5c9a42ed1752,0.9205929608962806,0.4106056945718833,0.3805309734513274,0.0163311982107911,0.0033077998322616
OF,PC,Logit,11,24,20cc5c9a42ed1752,0.917254706125019,0.2403685824638385,0.3289473684210526,0.0196015788735656,0.0083150265310976
OF,PC,FFMLP,11,24,20cc5c9a42ed1752,0.8762764979626694,0.2639712762958865,0.384180790960452,0.0193711878873936,0.0069512035015544
OF,PC,XGBoost,12,25,0857a78345413e0e,0.9428063776045624,0.4695986861405636,0.4776119402985074,0.0158822347235458,0.010907016318645
OF,PC,LightGBM,12,25,0857a78345413e0e,0.9369513139515528,0.4684824098725641,0.45,0.0162629367511606,0.0157304126142247
OF,PC,RF,12,25,0857a78345413e0e,0.9264661180710858,0.4007707692382619,0.4054054054054054,0.016417154039698,0.0052256080514397
OF,PC,Logit,12,25,0857a78345413e0e,0.9158036056770236,0.2374690130150283,0.3246753246753247,0.0196633206296565,0.0085049006524978
OF,PC,FFMLP,12,25,0857a78345413e0e,0.8816032307792517,0.2418029668743018,0.3318385650224215,0.0196908686324398,0.009113163534455
OF,PC,XGBoost,13,26,463c4174acb2abb3,0.9382468101121076,0.4753246586533999,0.4657534246575342,0.0158554276496103,0.0111892989866314
OF,PC,LightGBM,13,26,463c4174acb2abb3,0.932319372371916,0.4676740789034567,0.4596273291925465,0.0165303609423684,0.0159952797108872
OF,PC,RF,13,26,463c4174acb2abb3,0.9261331972700496,0.4136044793730682,0.3975155279503105,0.0163088398098965,0.003447581772435
OF,PC,Logit,13,26,463c4174acb2abb3,0.914837411613146,0.2395233155974072,0.3421052631578947,0.0197109599603342,0.0083424457575714
OF,PC,FFMLP,13,26,463c4174acb2abb3,0.8812051732997517,0.2376541503506946,0.3271028037383177,0.0198682114515169,0.0090702199696065
OF,PC,XGBoost,14,27,5046c221cf89c9d1,0.9383951769908302,0.4766369966349705,0.4408602150537634,0.0157338750851866,0.0099327221434945
OF,PC,LightGBM,14,27,5046c221cf89c9d1,0.9315196387085568,0.4699168469410826,0.4810126582278481,0.0168506407006053,0.0169918828166963
OF,PC,RF,14,27,5046c221cf89c9d1,0.9266542906977586,0.4001726254868972,0.3820224719101123,0.0165441218898518,0.0040128599384959
OF,PC,Logit,14,27,5046c221cf89c9d1,0.9145660087862142,0.2433955602943928,0.3421052631578947,0.0196763996348183,0.0100460665929171
OF,PC,FFMLP,14,27,5046c221cf89c9d1,0.8767215985988377,0.264619681518148,0.32,0.0194067397825727,0.0073447857942012
OF,PC,XGBoost,15,28,e8553ac2e8a1b18f,0.9378125655890166,0.4743100362459336,0.4354838709677419,0.0160435687387718,0.0109414233078074
OF,PC,LightGBM,15,28,e8553ac2e8a1b18f,0.9296560059636249,0.4723475138053742,0.4696969696969697,0.0165868471595576,0.0162935156022597
OF,PC,RF,15,28,e8553ac2e8a1b18f,0.9263358447141586,0.3973478462020924,0.4054054054054054,0.0165952720156555,0.0038646910819122
OF,PC,Logit,15,28,e8553ac2e8a1b18f,0.91657438970551,0.2441034566163856,0.3262411347517731,0.0196678465356518,0.0095676771504784
OF,PC,FFMLP,15,28,e8553ac2e8a1b18f,0.8647292123528092,0.2588968214690425,0.2992125984251969,0.0199355934621107,0.0086035526922321
OF,PC,XGBoost,16,29,f58cd5bcf72e5cb2,0.941561543305035,0.4789509524976599,0.5034013605442177,0.0159008154931082,0.0109879364964346
OF,PC,RF,16,29,f58cd5bcf72e5cb2,0.934819897084048,0.400128491078332,0.3942307692307692,0.0165422689404528,0.0031154598825831
OF,PC,LightGBM,16,29,f58cd5bcf72e5cb2,0.9317801854224114,0.4793659328662911,0.484472049689441,0.0164221003952345,0.0161773780812781
OF,PC,Logit,16,29,f58cd5bcf72e5cb2,0.9167336126973098,0.2449836348397847,0.3401360544217687,0.0196663615673437,0.0095818407055839
OF,PC,FFMLP,16,29,f58cd5bcf72e5cb2,0.8856018990960477,0.2378209983910889,0.310204081632653,0.0196266181885613,0.0076793060076405
OF,PC,XGBoost,17,30,4762f86d5d8bbacb,0.9362167169666572,0.4666681870947207,0.4776119402985074,0.0159320071331037,0.0104929337983334
OF,PC,RF,17,30,4762f86d5d8bbacb,0.9323646061764048,0.4046007040560685,0.4133333333333333,0.0164748571428571,0.0031596309756779
OF,PC,LightGBM,17,30,4762f86d5d8bbacb,0.9313206099688068,0.4607554254368213,0.5,0.0169022127859028,0.0166677684256
OF,PC,Logit,17,30,4762f86d5d8bbacb,0.9168457925324416,0.2444644681999502,0.3401360544217687,0.0196833352237231,0.0096088977750895
OF,PC,FFMLP,17,30,4762f86d5d8bbacb,0.87997843252202,0.2476970990280529,0.309623430962343,0.0195257954699313,0.0068810444402276
OF,PC,XGBoost,18,31,ef62e99782aa5a11,0.9363687025497393,0.4634858147813436,0.4683544303797468,0.016216319993808,0.0131112807744065
OF,PC,RF,18,31,ef62e99782aa5a11,0.9253587945372038,0.4002827500227761,0.410958904109589,0.0165209728823036,0.0053497344143136
OF,PC,LightGBM,18,31,ef62e99782aa5a11,0.9222231872100514,0.4608088683435409,0.4743589743589743,0.016893549971126,0.0166607044819271
OF,PC,Logit,18,31,ef62e99782aa5a11,0.9165201091401234,0.2442534905759899,0.3142857142857143,0.0196864929483551,0.0100468591726534
OF,PC,FFMLP,18,31,ef62e99782aa5a11,0.8688183482785824,0.2375293036725651,0.2773722627737226,0.0198239751958412,0.0070456718765084
OF,PC,RF,19,32,176f018cb5c2c8cf,0.9417840936231192,0.4022459566599346,0.4025974025974026,0.016472133072407,0.0041369863013698
OF,PC,XGBoost,19,32,176f018cb5c2c8cf,0.9335714440801616,0.4576233616366308,0.4497041420118343,0.0162200069773639,0.0117630511161688
OF,PC,LightGBM,19,32,176f018cb5c2c8cf,0.9273545099912428,0.4753077929010941,0.4878048780487805,0.0168183300083413,0.0166344547499481
OF,PC,Logit,19,32,176f018cb5c2c8cf,0.9163717422614008,0.2435470146535927,0.3120567375886525,0.0196990240208663,0.0098821018870317
OF,PC,FFMLP,19,32,176f018cb5c2c8cf,0.8833619210977702,0.2425713276257951,0.3457943925233644,0.0193739396326237,0.0064344260607801
OF,PC,XGBoost,20,33,d94ce2ce605d4851,0.9338971274724798,0.4640243189611494,0.4651162790697674,0.0159087962200316,0.0120640826373271
OF,PC,RF,20,33,d94ce2ce605d4851,0.9175405837693872,0.4235415309090962,0.4121212121212121,0.0161646038579815,0.0041504053676265
OF,PC,Logit,20,33,d94ce2ce605d4851,0.9173849794819462,0.2491199061809389,0.3401360544217687,0.019699761572212,0.0099634479132404
OF,PC,LightGBM,20,33,d94ce2ce605d4851,0.9148953108828914,0.4600861896425894,0.5109489051094891,0.0169518991079266,0.0165008359623682
OF,PC,FFMLP,20,33,d94ce2ce605d4851,0.8817552163623336,0.2392720996569964,0.2857142857142857,0.0195213260482917,0.0055193248589444
OF,PC,XGBoost,21,34,2cd73d9141134774,0.931128818637775,0.4580407011954513,0.4900662251655629,0.0158931862990206,0.0104870749623164
OF,PC,RF,21,34,2cd73d9141134774,0.9307705669062248,0.4235947202570938,0.3870967741935484,0.016134249930109,0.0044568073804864
OF,PC,Logit,21,34,2cd73d9141134774,0.9177251376917008,0.2484082485710029,0.3333333333333333,0.0197612908911002,0.010032559999167
OF,PC,LightGBM,21,34,2cd73d9141134774,0.9165273465488416,0.4620044900907526,0.496551724137931,0.0168888359608427,0.0164820479079252
OF,PC,FFMLP,21,34,2cd73d9141134774,0.8729870957002555,0.2434871224841323,0.3275862068965517,0.0196202604287432,0.0058014584348013
OF,PC,RF,22,35,d3c7b2ea7e48d507,0.9352469041984208,0.420530366116553,0.379746835443038,0.0162257936818563,0.0043477774671512
OF,PC,XGBoost,22,35,d3c7b2ea7e48d507,0.931801897648566,0.4466018288210291,0.5063291139240507,0.0160593361997887,0.0106636931917163
OF,PC,Logit,22,35,d3c7b2ea7e48d507,0.9175912456304144,0.2506594175624882,0.2753623188405797,0.0196338697772436,0.0093898525173194
OF,PC,LightGBM,22,35,d3c7b2ea7e48d507,0.9121885200222912,0.4605714909106466,0.5217391304347826,0.0168707145419668,0.0169242865022283
OF,PC,FFMLP,22,35,d3c7b2ea7e48d507,0.8719630023666327,0.2392012292268957,0.3097345132743362,0.0197567314829115,0.0076401871122651
OF,PC,RF,23,36,2088c05c8d8f760b,0.9349755013714888,0.4275824864853197,0.4217687074829932,0.0160593625943528,0.0042577578976796
OF,PC,XGBoost,23,36,2088c05c8d8f760b,0.9343675590391616,0.4630554870448373,0.4654088050314465,0.0158686984990325,0.0114189179285867
OF,PC,LightGBM,23,36,2088c05c8d8f760b,0.9189772093999464,0.472753880867725,0.5034965034965035,0.0168272227474799,0.0161812661438221
OF,PC,Logit,23,36,2088c05c8d8f760b,0.9174247852298963,0.2493138692112625,0.3356643356643357,0.019656758986796,0.0090836224049596
OF,PC,FFMLP,23,36,2088c05c8d8f760b,0.882920439165961,0.2557805816375506,0.3333333333333333,0.0195950800271588,0.0075265467770945
OF,PC,XGBoost,24,37,56b4aac031f87554,0.9348850337625116,0.4640871078922224,0.4605263157894737,0.0159416098994847,0.01109470404313
OF,PC,RF,24,37,56b4aac031f87554,0.9301951929131296,0.4260904877693704,0.4024390243902439,0.0160830394185071,0.0035817724350013
OF,PC,LightGBM,24,37,56b4aac031f87554,0.9228962662208424,0.4703527923710949,0.4929577464788732,0.0166890965244106,0.016674664655677
OF,PC,Logit,24,37,56b4aac031f87554,0.9172004255596328,0.2497514201683689,0.2753623188405797,0.019640508740257,0.0088825024649048
OF,PC,FFMLP,24,37,56b4aac031f87554,0.8756866491521376,0.2432822775573324,0.3482587064676617,0.0195676724076308,0.0063951796518005
OFR,GES,XGBoost,5,5,,0.8206005601754349,0.1855863097068956,0.2218723550431997,0.0202424810637286,0.0120444402846681
OFR,GES,LightGBM,5,5,,0.8085509984005329,0.1503472822240789,0.1976184938044027,0.0213625956970633,0.0198542528973608
OFR,GES,RF,5,5,,0.792489379102706,0.1724341487462184,0.2192749393714224,0.020167712608331,0.0109753424657534
OFR,GES,FFMLP,5,5,,0.7246737738020279,0.0593536921538575,0.1064519563063019,0.021375882253136,0.0014373383037214
OFR,GES,Logit,5,5,,0.7106100411808556,0.0442273905753313,0.069300405508065,0.0215134123204347,0.001157505186104
OFR,GES,XGBoost,10,10,,0.8738657171186428,0.293486974651353,0.3200415891063373,0.0183350718810844,0.0100637687460787
OFR,GES,LightGBM,10,10,,0.8666485731448713,0.2829369974817253,0.3340136277028895,0.0196616374634159,0.0189513088070965
OFR,GES,RF,10,10,,0.8606610649123188,0.2766549869476315,0.3009173827543303,0.018475455409561,0.0050330444506569
OFR,GES,FFMLP,10,10,,0.7315225336720441,0.0671610997290584,0.1289887141639679,0.0212380506821421,0.0024624683834593
OFR,GES,Logit,10,10,,0.7071896418206425,0.048803181934893,0.0796264236025891,0.0217912151398805,0.0022744804122281
OFR,GES,XGBoost,20,20,,0.9294772419682856,0.4377854662984592,0.4413426624245536,0.0162717639210794,0.0115043139719811
OFR,GES,RF,20,20,,0.926859471234919,0.4349459982238516,0.4352684197429218,0.015883273133911,0.0042635728263908
OFR,GES,LightGBM,20,20,,0.9167755896678754,0.449529368635939,0.4840171681107915,0.0171007602252959,0.0167243303558096
OFR,GES,Logit,20,20,,0.895675648290886,0.2004606296296848,0.271621259672036,0.0199559732616529,0.0090683165154648
OFR,GES,FFMLP,20,20,,0.8565813376178794,0.2144244056123729,0.3225955461057177,0.0199535197126571,0.0073504227698619
OFR,GES,XGBoost,30,30,,0.935904060910032,0.4541310091430152,0.4513773561797878,0.0161501648172028,0.0119072005678898
OFR,GES,RF,30,30,,0.9321691961410136,0.4264520528231222,0.4100884660330631,0.0160082842605535,0.0047240704500978
OFR,GES,LightGBM,30,30,,0.9270556050111818,0.4649930545187459,0.4679659938105587,0.0168637969077648,0.0169911707196237
OFR,GES,Logit,30,30,,0.8939748572421131,0.2019873318557304,0.3160567173916605,0.020476637400945,0.0091061842404541
OFR,GES,FFMLP,30,30,,0.8705039407690471,0.2478627600628525,0.3548017855336496,0.0194528891954671,0.0078508161433793
OFR,GES,XGBoost,40,40,,0.9364548277134854,0.4499775543408629,0.4432105516085311,0.0162017971315153,0.0115018354306637
OFR,GES,RF,40,40,,0.9336995462144736,0.4294592369069355,0.4226749482401656,0.0159481914453452,0.0038442270058708
OFR,GES,LightGBM,40,40,,0.9235686214907616,0.4683034250128108,0.4680037390825314,0.0171317831565219,0.0171383276026269
OFR,GES,Logit,40,40,,0.9027183707145496,0.2215899259700575,0.3207075120186156,0.0200152978020904,0.0099759517432743
OFR,GES,FFMLP,40,40,,0.8807492165505064,0.2518246489047283,0.3638092249808078,0.0193539532433129,0.0069706216339945
OFR,GES,XGBoost,ALL,48,,0.9404281650997676,0.4718318715052273,0.476937356172938,0.0158987114490081,0.0118975890220395
OFR,GES,RF,ALL,48,,0.9355971947803808,0.4360101382082731,0.4108187279646289,0.0158381718758736,0.0048778305842885
OFR,GES,LightGBM,ALL,48,,0.9301184763807168,0.4883083016093845,0.4796245690573092,0.0164335458095102,0.0164789197576223
OFR,GES,Logit,ALL,48,,0.9203183012354256,0.24843280389164,0.2861052841873939,0.0197073438606431,0.0106430013470698
OFR,GES,FFMLP,ALL,48,,0.893883665892264,0.266505990476172,0.3746534702363299,0.0192911309122451,0.0072894092644014
OFR,GOLEM,XGBoost,5,5,,0.8227167784846314,0.1319117519384085,0.196654720585355,0.0210392761030103,0.0111327168124245
OFR,GOLEM,LightGBM,5,5,,0.809281976681069,0.1214669121501718,0.1830962716927962,0.0221897802744879,0.0202783013822798
OFR,GOLEM,RF,5,5,,0.7899088810242383,0.1283865933550979,0.1941499962528474,0.0207910060944925,0.0094141459323455
OFR,GOLEM,FFMLP,5,5,,0.7224518893255458,0.0645317242491255,0.1060443501151723,0.0212360881653493,0.0012948671859387
OFR,GOLEM,Logit,5,5,,0.7057204478508514,0.0466832502004083,0.0893258091796324,0.0214218785555912,0.0015238791971801
OFR,GOLEM,XGBoost,10,10,,0.8862026040196568,0.311064396577253,0.3554651493598862,0.0181982839476536,0.0115906007040884
OFR,GOLEM,LightGBM,10,10,,0.8758169225090648,0.2986982519132367,0.3312785317516246,0.0193756040038432,0.0187494869801725
OFR,GOLEM,RF,10,10,,0.8752661557056113,0.2903407115742776,0.3337328875314476,0.0182155717081353,0.0061471624266144
OFR,GOLEM,FFMLP,10,10,,0.7649694943222529,0.0825661725995951,0.1292664921852198,0.0210632241455734,0.0024111711416734
OFR,GOLEM,Logit,10,10,,0.7605698735624697,0.0599432514584063,0.1068457185559827,0.0215960741021436,0.0025083425521749
OFR,GOLEM,XGBoost,20,20,,0.9170419263087044,0.4056091144154736,0.4114217278127052,0.0168619533763938,0.0108054800345964
OFR,GOLEM,LightGBM,20,20,,0.910003546330272,0.4005002798631064,0.4151591221930667,0.0182541190897633,0.0176808619096679
OFR,GOLEM,RF,20,20,,0.9056658054150292,0.3615167876067557,0.3892406349026414,0.0170255273133911,0.0043297735532569
OFR,GOLEM,FFMLP,20,20,,0.8304564633678557,0.1578358278823903,0.239001711899147,0.0204484784121932,0.0070210590789358
OFR,GOLEM,Logit,20,20,,0.8235476330054787,0.1163730795358928,0.1918382205085174,0.0210685768811845,0.0047315820892814
OFR,GOLEM,XGBoost,30,30,,0.9252672413169188,0.4400202065266261,0.447860377176278,0.0163055645090504,0.0120418779745823
OFR,GOLEM,LightGBM,30,30,,0.9190770856402576,0.4450568006908753,0.4478924752643884,0.0168959918643767,0.0167929906927823
OFR,GOLEM,RF,30,30,,0.9158401545910502,0.3997161594043742,0.3842453630860659,0.0165899951915012,0.0054711769639362
OFR,GOLEM,Logit,30,30,,0.8973525558908888,0.2171601918562304,0.3151364883151269,0.0199032772604621,0.0078459495969307
OFR,GOLEM,FFMLP,30,30,,0.8748130939198531,0.2446567791956871,0.339028138239606,0.0194656005976157,0.0070245370865576
OFR,GOLEM,XGBoost,40,39,,0.930730037417403,0.4526639966822283,0.4725266106442577,0.0160982394084308,0.0118794822643089
OFR,GOLEM,LightGBM,40,39,,0.9300410361074322,0.4719116277797444,0.4728301225713112,0.0165218641130498,0.0163820875673935
OFR,GOLEM,RF,40,39,,0.9242427861128604,0.4121240448508459,0.387595387864585,0.0163824310875034,0.0046853788090578
OFR,GOLEM,Logit,40,39,,0.9155394402588096,0.2434624282900631,0.3199098373430573,0.0193026954320736,0.0081360901729376
OFR,GOLEM,FFMLP,40,39,,0.8880756453959225,0.2682302609171172,0.3631790565687575,0.0192837200655645,0.0072478819558298
OFR,GOLEM,XGBoost,ALL,39,,0.930730037417403,0.4526639966822283,0.4725266106442577,0.0160982394084308,0.0118794822643089
OFR,GOLEM,LightGBM,ALL,39,,0.9300410361074322,0.4719116277797444,0.4728301225713112,0.0165218641130498,0.0163820875673935
OFR,GOLEM,RF,ALL,39,,0.9242427861128604,0.4121240448508459,0.387595387864585,0.0163824310875034,0.0046853788090578
OFR,GOLEM,Logit,ALL,39,,0.9155394402588096,0.2434624282900631,0.3199098373430573,0.0193026954320736,0.0081360901729376
OFR,GOLEM,FFMLP,ALL,39,,0.8880756453959225,0.2682302609171172,0.3631790565687575,0.0192837200655645,0.0072478819558298
OFR,NOTEARS,XGBoost,5,5,,0.8234477567651679,0.1565364061757395,0.223229178374733,0.0208315170702955,0.0112937717460802
OFR,NOTEARS,RF,5,5,,0.808239427955215,0.1520762704811271,0.2053530961264622,0.0204953359798714,0.0092617277047805
OFR,NOTEARS,LightGBM,5,5,,0.8037381216029413,0.1466976400941651,0.2152926063115025,0.0221727927797227,0.0209306585988745
OFR,NOTEARS,FFMLP,5,5,,0.7651298029253606,0.0808783489182691,0.1283297835482034,0.0209597913393611,0.0024638907518888
OFR,NOTEARS,Logit,5,5,,0.7435670292608434,0.068696984458368,0.1224323065054482,0.0212211621923135,0.0033103515076204
OFR,NOTEARS,XGBoost,10,10,,0.8630030903735225,0.2447174289985786,0.2945044357662706,0.0192282608112947,0.010667335539473
OFR,NOTEARS,RF,10,10,,0.8546811559589205,0.2221749998275297,0.2608072713760195,0.0192828374615599,0.0073689684092815
OFR,NOTEARS,LightGBM,10,10,,0.8502876869965478,0.2255988459346929,0.2910457375785374,0.0206201301992859,0.0195849633069597
OFR,NOTEARS,FFMLP,10,10,,0.8197820092494084,0.1646917146567394,0.24089949645428,0.0203807652024979,0.0061791467993018
OFR,NOTEARS,Logit,10,10,,0.8142562476930759,0.1211695857556124,0.1787590311434715,0.0207039569132688,0.007311670623461
OFR,NOTEARS,XGBoost,20,20,,0.926915199282049,0.4191543958930303,0.4171737844788737,0.0166206202900676,0.0114563274746778
OFR,NOTEARS,RF,20,20,,0.9230848007179508,0.3794967602447764,0.3811694486391692,0.01677196354487,0.0042019569471624
OFR,NOTEARS,LightGBM,20,20,,0.9213612118317158,0.4159834274218802,0.4227440727732208,0.017457652235923,0.0172830584247801
OFR,NOTEARS,Logit,20,20,,0.8864095939089968,0.2062431526565072,0.2856142885047716,0.0199282782453335,0.0079720237906094
OFR,NOTEARS,FFMLP,20,20,,0.8616446287571199,0.228598510050611,0.3209655402990685,0.0197991513036092,0.0074645486434045
OFR,NOTEARS,XGBoost,30,30,,0.9340570742051516,0.4519069843055394,0.4242919687180311,0.0162949998458284,0.0118501729513905
OFR,NOTEARS,LightGBM,30,30,,0.9300287325126112,0.4557842010410957,0.4501444032158318,0.0168536324436163,0.0165825725837254
OFR,NOTEARS,RF,30,30,,0.9268059144104044,0.3883179910738608,0.3950379244372001,0.0166867750629018,0.0039864691081912
OFR,NOTEARS,Logit,30,30,,0.9129216695254432,0.2227079544654677,0.3201097922692334,0.019988641973263,0.0077042770270218
OFR,NOTEARS,FFMLP,30,30,,0.8781451968937043,0.2325316719724227,0.3477324592729476,0.0196251946411672,0.0074778727013362
OFR,NOTEARS,XGBoost,40,30,,0.9340570742051516,0.4519069843055394,0.4242919687180311,0.0162949998458284,0.0118501729513905
OFR,NOTEARS,LightGBM,40,30,,0.9300287325126112,0.4557842010410957,0.4501444032158318,0.0168533986659386,0.0165828704604508
OFR,NOTEARS,RF,40,30,,0.9268059144104044,0.3883179910738608,0.3950379244372001,0.0166867750629018,0.0039864691081912
OFR,NOTEARS,Logit,40,30,,0.9129216695254432,0.2227079544654677,0.3201097922692334,0.019988641973263,0.0077042770270218
OFR,NOTEARS,FFMLP,40,30,,0.8781451968937043,0.2325316719724227,0.3477324592729476,0.0196251946411672,0.0074778727013362
OFR,NOTEARS,XGBoost,ALL,30,,0.9340570742051516,0.4519069843055394,0.4242919687180311,0.0162949998458284,0.0118501729513905
OFR,NOTEARS,LightGBM,ALL,30,,0.9300287325126112,0.4557842010410957,0.4501444032158318,0.0168531074403336,0.0165826486174699
OFR,NOTEARS,RF,ALL,30,,0.9268059144104044,0.3883179910738608,0.3950379244372001,0.0166867750629018,0.0039864691081912
OFR,NOTEARS,Logit,ALL,30,,0.9129216695254432,0.2227079544654677,0.3201097922692334,0.019988641973263,0.0077042770270218
OFR,NOTEARS,FFMLP,ALL,30,,0.8781451968937043,0.2325316719724227,0.3477324592729476,0.0196251946411672,0.0074778727013362
OFR,PC,XGBoost,5,5,,0.8491991807253332,0.1859689734832623,0.227488327368926,0.0201901325606375,0.0114394641548513
OFR,PC,RF,5,5,,0.8413241562990788,0.1948787012063929,0.2721506000330991,0.0196598839250768,0.0079885937936818
OFR,PC,LightGBM,5,5,,0.8386998718978657,0.1779240875112444,0.2368698959262689,0.0210803468538332,0.0193679176506395
OFR,PC,FFMLP,5,5,,0.731518914967685,0.0671119205448476,0.1171272695395873,0.0212821273585811,0.001875717254959
OFR,PC,Logit,5,5,,0.6987616793683189,0.0444486812177873,0.0802490709133687,0.0215148514444552,0.0017054474349301
OFR,PC,XGBoost,10,10,,0.9065086016602616,0.3507970852988011,0.3856517706443171,0.017525073263697,0.0106191473600092
OFR,PC,RF,10,10,,0.8975997133986147,0.3367703873687755,0.3494339592676497,0.0175474464635169,0.0050393066815767
OFR,PC,LightGBM,10,10,,0.8958001317208387,0.3493770126554812,0.4081583874258679,0.0189024466263722,0.0181494006994327
OFR,PC,FFMLP,10,10,,0.7791349125359156,0.1093973271958326,0.1816279573491141,0.0208194509503271,0.0039070471129251
OFR,PC,Logit,10,10,,0.7512176940168342,0.0937404607327773,0.1343057597776786,0.0211655865415588,0.0041838635292042
OFR,PC,XGBoost,20,20,,0.921144813311042,0.430529462806681,0.4250663016459534,0.0163319369251412,0.010545922277627
OFR,PC,LightGBM,20,20,,0.9159990157124144,0.4232722553087013,0.4440031182569739,0.017552349749963,0.0173076975801603
OFR,PC,RF,20,20,,0.9080577689963883,0.3775053973617716,0.3842661900712721,0.0169059450936539,0.0049117137265865
OFR,PC,FFMLP,20,20,,0.8281043055344464,0.1598183616255324,0.2410335321572053,0.0204876623584033,0.0078674627510168
OFR,PC,Logit,20,20,,0.8259243980285298,0.119322761341021,0.1887370950733091,0.0211252217895578,0.0055457350864922
OFR,PC,XGBoost,30,30,,0.9356500278640236,0.4570531851595539,0.4635451782756071,0.0160753723137126,0.011650429768834
OFR,PC,RF,30,30,,0.9315807948122254,0.4059185137846535,0.4062258019220558,0.0163588410399776,0.0047134470226446
OFR,PC,LightGBM,30,30,,0.9217129498954192,0.4596817280609954,0.4829123560317397,0.0170272846124763,0.0165367190500027
OFR,PC,Logit,30,30,,0.9170325176773708,0.2439222218100399,0.2694953738824934,0.0200082955572659,0.0092111623782631
OFR,PC,FFMLP,30,30,,0.8840447706103307,0.2559189904511249,0.3642124833497953,0.0196737582840388,0.0083925638306726
OFR,PC,XGBoost,40,37,,0.933720534699756,0.4646179536380323,0.4698227541983051,0.0159101789496954,0.011450430292645
OFR,PC,RF,40,37,,0.9308910697613826,0.427230169155094,0.3942018089432709,0.0161001643835616,0.004323399496785
OFR,PC,LightGBM,40,37,,0.9220480419190712,0.4707399355480438,0.4903216292121469,0.0167130523770329,0.0165293857226005
OFR,PC,Logit,40,37,,0.9175514398824643,0.2502364148590901,0.339254173244321,0.0196625700141455,0.0094740899170672
OFR,PC,FFMLP,40,37,,0.880873699980459,0.2575021338048591,0.3449530033904698,0.0196655598098869,0.007143192287448
OFR,PC,XGBoost,ALL,37,,0.933720534699756,0.4646179536380323,0.4698227541983051,0.0159101789496954,0.011450430292645
OFR,PC,RF,ALL,37,,0.9308910697613826,0.427230169155094,0.3942018089432709,0.0161001643835616,0.004323399496785
OFR,PC,LightGBM,ALL,37,,0.9220480419190712,0.4707399355480438,0.4903216292121469,0.0167130523770329,0.0165293857226005
OFR,PC,Logit,ALL,37,,0.9175514398824643,0.2502364148590901,0.339254173244321,0.0196625700141455,0.0094740899170672
OFR,PC,FFMLP,ALL,37,,0.880873699980459,0.2575021338048591,0.3449530033904698,0.0196655598098869,0.007143192287448
