SET,DAG,MODEL,K_EDGE,N_FEAT,FEATURE_KEY,N_RUNS,AUROC (Mean ± SD),AUPRC (Mean ± SD),F1-Score (Mean ± SD),Brier (Mean ± SD),ECE (Mean ± SD)
F,GES,FFMLP,1,1,1d7f152d06cd3fe6,5,0.470 ± 0.041,0.024 ± 0.002,0.043 ± 0.000,0.02167 ± 0.00004,0.00642 ± 0.00294
F,GES,FFMLP,2,2,ff0397322a3d5d90,5,0.405 ± 0.040,0.019 ± 0.004,0.043 ± 0.000,0.02170 ± 0.00006,0.00270 ± 0.00243
F,GES,FFMLP,3,3,050527a740ae0026,5,0.460 ± 0.097,0.025 ± 0.009,0.043 ± 0.000,0.02167 ± 0.00004,0.00316 ± 0.00200
F,GES,FFMLP,4,4,e6c20743d2697131,5,0.511 ± 0.015,0.023 ± 0.001,0.044 ± 0.001,0.02167 ± 0.00009,0.00135 ± 0.00154
F,GES,FFMLP,5,5,84c9d88f2762407d,5,0.488 ± 0.012,0.021 ± 0.001,0.045 ± 0.002,0.02170 ± 0.00006,0.00104 ± 0.00075
F,GES,FFMLP,6,6,82d6016092529b79,5,0.670 ± 0.042,0.045 ± 0.012,0.047 ± 0.006,0.02163 ± 0.00005,0.00143 ± 0.00041
F,GES,FFMLP,7,7,e100ab5953b3e063,5,0.598 ± 0.025,0.032 ± 0.004,0.046 ± 0.003,0.02167 ± 0.00003,0.00125 ± 0.00112
F,GES,FFMLP,8,8,89de563635bcbd2c,5,0.638 ± 0.052,0.039 ± 0.010,0.047 ± 0.002,0.02182 ± 0.00030,0.00226 ± 0.00100
F,GES,FFMLP,9,9,d7b238a88ea0323e,5,0.663 ± 0.011,0.039 ± 0.002,0.079 ± 0.008,0.02181 ± 0.00015,0.00256 ± 0.00104
F,GES,FFMLP,10,10,0de4f86da9a59fff,5,0.666 ± 0.010,0.038 ± 0.003,0.080 ± 0.006,0.02180 ± 0.00017,0.00235 ± 0.00096
F,GES,FFMLP,11,11,56570fad43698001,5,0.667 ± 0.008,0.038 ± 0.002,0.078 ± 0.005,0.02192 ± 0.00030,0.00208 ± 0.00059
F,GES,FFMLP,12,12,00d70da8e9622c65,5,0.666 ± 0.015,0.043 ± 0.007,0.090 ± 0.025,0.02198 ± 0.00028,0.00183 ± 0.00027
F,GES,FFMLP,13,13,a32e33bf80e29d23,5,0.710 ± 0.008,0.052 ± 0.002,0.107 ± 0.015,0.02181 ± 0.00029,0.00254 ± 0.00094
F,GES,FFMLP,14,14,5f6720543a9e57a0,5,0.719 ± 0.005,0.052 ± 0.003,0.105 ± 0.014,0.02195 ± 0.00018,0.00346 ± 0.00128
F,GES,FFMLP,15,15,85cfaa789ded5eb5,5,0.725 ± 0.017,0.058 ± 0.004,0.091 ± 0.028,0.02176 ± 0.00024,0.00283 ± 0.00073
F,GES,FFMLP,16,16,f1d74ec51da3a8a5,5,0.729 ± 0.009,0.060 ± 0.002,0.099 ± 0.032,0.02163 ± 0.00028,0.00255 ± 0.00077
F,GES,FFMLP,17,17,e937e198b6c28991,5,0.722 ± 0.019,0.059 ± 0.006,0.122 ± 0.023,0.02198 ± 0.00013,0.00352 ± 0.00097
F,GES,FFMLP,18,18,42098d9aa1628d19,5,0.795 ± 0.008,0.101 ± 0.007,0.141 ± 0.015,0.02144 ± 0.00024,0.00567 ± 0.00157
F,GES,FFMLP,19,19,c938b24dda604106,5,0.792 ± 0.014,0.100 ± 0.005,0.147 ± 0.047,0.02144 ± 0.00021,0.00515 ± 0.00199
F,GES,FFMLP,20,20,95736524a3320dfa,5,0.796 ± 0.012,0.100 ± 0.006,0.162 ± 0.031,0.02142 ± 0.00036,0.00552 ± 0.00162
F,GES,FFMLP,21,21,b1013a58f6a863d3,5,0.792 ± 0.012,0.101 ± 0.006,0.170 ± 0.017,0.02131 ± 0.00027,0.00595 ± 0.00271
F,GES,FFMLP,22,22,69b21fa79c76dd71,5,0.796 ± 0.012,0.106 ± 0.005,0.183 ± 0.036,0.02139 ± 0.00020,0.00545 ± 0.00165
F,GES,FFMLP,23,23,f3e9e90c8bf117ce,5,0.821 ± 0.012,0.114 ± 0.014,0.168 ± 0.047,0.02129 ± 0.00021,0.00476 ± 0.00073
F,GES,FFMLP,24,24,c8ff01f260326497,5,0.820 ± 0.006,0.111 ± 0.007,0.137 ± 0.037,0.02130 ± 0.00018,0.00628 ± 0.00188
F,GES,FFMLP,25,25,abf08a8f8a6d539b,5,0.819 ± 0.018,0.115 ± 0.008,0.186 ± 0.040,0.02131 ± 0.00025,0.00541 ± 0.00115
F,GES,FFMLP,26,26,4ef501c58a6274ae,5,0.806 ± 0.007,0.128 ± 0.006,0.198 ± 0.042,0.02104 ± 0.00005,0.00908 ± 0.00182
F,GES,FFMLP,27,27,cf0e758521eb792f,5,0.809 ± 0.004,0.127 ± 0.009,0.185 ± 0.050,0.02087 ± 0.00015,0.00842 ± 0.00098
F,GES,FFMLP,28,28,c043e118307ea018,5,0.813 ± 0.008,0.136 ± 0.008,0.203 ± 0.022,0.02094 ± 0.00024,0.00887 ± 0.00169
F,GES,FFMLP,29,29,dace13742e348e7e,5,0.806 ± 0.005,0.132 ± 0.003,0.250 ± 0.022,0.02090 ± 0.00016,0.00953 ± 0.00198
F,GES,FFMLP,30,30,bcd5503e9fd4ef7a,5,0.807 ± 0.006,0.130 ± 0.007,0.201 ± 0.041,0.02097 ± 0.00011,0.00911 ± 0.00212
F,GES,FFMLP,31,31,1b74e3840f4dcb5e,5,0.809 ± 0.016,0.135 ± 0.012,0.206 ± 0.034,0.02090 ± 0.00032,0.00928 ± 0.00189
F,GES,FFMLP,32,32,f8e9eae69271f27d,5,0.802 ± 0.008,0.130 ± 0.008,0.225 ± 0.015,0.02097 ± 0.00015,0.00914 ± 0.00037
F,GES,FFMLP,33,33,270cd88962214341,5,0.805 ± 0.007,0.135 ± 0.008,0.214 ± 0.036,0.02095 ± 0.00026,0.00955 ± 0.00076
F,GES,FFMLP,34,34,b154670abb75bb96,5,0.804 ± 0.007,0.133 ± 0.005,0.197 ± 0.048,0.02088 ± 0.00024,0.00860 ± 0.00089
F,GES,FFMLP,35,35,78535073af7929c5,5,0.810 ± 0.003,0.133 ± 0.007,0.208 ± 0.024,0.02088 ± 0.00025,0.00981 ± 0.00086
F,GES,LightGBM,1,1,1d7f152d06cd3fe6,5,0.534 ± 0.000,0.025 ± 0.000,0.011 ± 0.000,0.02207 ± 0.00000,0.00504 ± 0.00000
F,GES,LightGBM,2,2,ff0397322a3d5d90,5,0.698 ± 0.000,0.050 ± 0.000,0.103 ± 0.000,0.02586 ± 0.00000,0.02425 ± 0.00000
F,GES,LightGBM,3,3,050527a740ae0026,5,0.715 ± 0.026,0.047 ± 0.004,0.088 ± 0.033,0.02492 ± 0.00052,0.02422 ± 0.00074
F,GES,LightGBM,4,4,e6c20743d2697131,5,0.757 ± 0.003,0.068 ± 0.002,0.117 ± 0.013,0.02400 ± 0.00013,0.02275 ± 0.00027
F,GES,LightGBM,5,5,84c9d88f2762407d,5,0.783 ± 0.007,0.093 ± 0.002,0.170 ± 0.013,0.02270 ± 0.00014,0.02001 ± 0.00048
F,GES,LightGBM,6,6,82d6016092529b79,5,0.858 ± 0.002,0.197 ± 0.005,0.281 ± 0.010,0.02105 ± 0.00011,0.01860 ± 0.00015
F,GES,LightGBM,7,7,e100ab5953b3e063,5,0.897 ± 0.003,0.236 ± 0.005,0.329 ± 0.022,0.02068 ± 0.00017,0.01912 ± 0.00041
F,GES,LightGBM,8,8,89de563635bcbd2c,5,0.895 ± 0.005,0.244 ± 0.002,0.326 ± 0.017,0.02041 ± 0.00014,0.01882 ± 0.00054
F,GES,LightGBM,9,9,d7b238a88ea0323e,5,0.901 ± 0.003,0.277 ± 0.003,0.325 ± 0.015,0.01965 ± 0.00011,0.01817 ± 0.00023
F,GES,LightGBM,10,10,0de4f86da9a59fff,5,0.905 ± 0.001,0.295 ± 0.008,0.333 ± 0.009,0.01953 ± 0.00010,0.01843 ± 0.00044
F,GES,LightGBM,11,11,56570fad43698001,5,0.901 ± 0.002,0.312 ± 0.005,0.338 ± 0.011,0.01937 ± 0.00021,0.01840 ± 0.00034
F,GES,LightGBM,12,12,00d70da8e9622c65,5,0.904 ± 0.003,0.322 ± 0.005,0.367 ± 0.008,0.01917 ± 0.00021,0.01829 ± 0.00027
F,GES,LightGBM,13,13,a32e33bf80e29d23,5,0.890 ± 0.005,0.304 ± 0.006,0.389 ± 0.014,0.01949 ± 0.00011,0.01862 ± 0.00043
F,GES,LightGBM,14,14,5f6720543a9e57a0,5,0.899 ± 0.004,0.325 ± 0.008,0.415 ± 0.008,0.01912 ± 0.00020,0.01859 ± 0.00051
F,GES,LightGBM,15,15,85cfaa789ded5eb5,5,0.905 ± 0.004,0.330 ± 0.011,0.390 ± 0.012,0.01903 ± 0.00033,0.01810 ± 0.00044
F,GES,LightGBM,16,16,f1d74ec51da3a8a5,5,0.918 ± 0.005,0.369 ± 0.005,0.436 ± 0.015,0.01851 ± 0.00023,0.01775 ± 0.00027
F,GES,LightGBM,17,17,e937e198b6c28991,5,0.916 ± 0.003,0.365 ± 0.003,0.415 ± 0.008,0.01864 ± 0.00020,0.01798 ± 0.00017
F,GES,LightGBM,18,18,42098d9aa1628d19,5,0.913 ± 0.003,0.389 ± 0.008,0.414 ± 0.013,0.01788 ± 0.00024,0.01721 ± 0.00063
F,GES,LightGBM,19,19,c938b24dda604106,5,0.914 ± 0.002,0.394 ± 0.003,0.422 ± 0.006,0.01795 ± 0.00026,0.01769 ± 0.00064
F,GES,LightGBM,20,20,95736524a3320dfa,5,0.914 ± 0.004,0.398 ± 0.007,0.431 ± 0.016,0.01770 ± 0.00032,0.01731 ± 0.00046
F,GES,LightGBM,21,21,b1013a58f6a863d3,5,0.919 ± 0.005,0.403 ± 0.005,0.424 ± 0.015,0.01807 ± 0.00010,0.01824 ± 0.00037
F,GES,LightGBM,22,22,69b21fa79c76dd71,5,0.925 ± 0.003,0.408 ± 0.005,0.426 ± 0.017,0.01795 ± 0.00022,0.01767 ± 0.00055
F,GES,LightGBM,23,23,f3e9e90c8bf117ce,5,0.916 ± 0.002,0.436 ± 0.009,0.460 ± 0.012,0.01738 ± 0.00018,0.01734 ± 0.00027
F,GES,LightGBM,24,24,c8ff01f260326497,5,0.915 ± 0.003,0.434 ± 0.006,0.456 ± 0.015,0.01743 ± 0.00017,0.01719 ± 0.00056
F,GES,LightGBM,25,25,abf08a8f8a6d539b,5,0.917 ± 0.002,0.427 ± 0.005,0.455 ± 0.009,0.01750 ± 0.00011,0.01758 ± 0.00028
F,GES,LightGBM,26,26,4ef501c58a6274ae,5,0.919 ± 0.003,0.432 ± 0.005,0.443 ± 0.013,0.01760 ± 0.00010,0.01764 ± 0.00018
F,GES,LightGBM,27,27,cf0e758521eb792f,5,0.917 ± 0.003,0.441 ± 0.006,0.445 ± 0.010,0.01753 ± 0.00008,0.01735 ± 0.00040
F,GES,LightGBM,28,28,c043e118307ea018,5,0.920 ± 0.003,0.443 ± 0.003,0.436 ± 0.012,0.01751 ± 0.00014,0.01721 ± 0.00007
F,GES,LightGBM,29,29,dace13742e348e7e,5,0.922 ± 0.002,0.438 ± 0.004,0.428 ± 0.006,0.01777 ± 0.00017,0.01746 ± 0.00035
F,GES,LightGBM,30,30,bcd5503e9fd4ef7a,5,0.924 ± 0.002,0.441 ± 0.006,0.443 ± 0.015,0.01748 ± 0.00021,0.01742 ± 0.00041
F,GES,LightGBM,31,31,1b74e3840f4dcb5e,5,0.919 ± 0.001,0.437 ± 0.005,0.436 ± 0.006,0.01747 ± 0.00013,0.01697 ± 0.00027
F,GES,LightGBM,32,32,f8e9eae69271f27d,5,0.925 ± 0.002,0.461 ± 0.005,0.455 ± 0.016,0.01703 ± 0.00010,0.01649 ± 0.00019
F,GES,LightGBM,33,33,270cd88962214341,5,0.926 ± 0.002,0.459 ± 0.003,0.451 ± 0.008,0.01705 ± 0.00013,0.01668 ± 0.00015
F,GES,LightGBM,34,34,b154670abb75bb96,5,0.928 ± 0.002,0.468 ± 0.004,0.453 ± 0.007,0.01690 ± 0.00023,0.01684 ± 0.00039
F,GES,LightGBM,35,35,78535073af7929c5,5,0.925 ± 0.003,0.468 ± 0.005,0.453 ± 0.011,0.01695 ± 0.00006,0.01679 ± 0.00023
F,GES,Logit,1,1,1d7f152d06cd3fe6,5,0.457 ± 0.000,0.025 ± 0.000,0.043 ± 0.000,0.02160 ± 0.00000,0.00052 ± 0.00000
F,GES,Logit,2,2,ff0397322a3d5d90,5,0.425 ± 0.000,0.021 ± 0.000,0.043 ± 0.000,0.02163 ± 0.00000,0.00086 ± 0.00000
F,GES,Logit,3,3,050527a740ae0026,5,0.419 ± 0.000,0.021 ± 0.000,0.043 ± 0.000,0.02163 ± 0.00000,0.00084 ± 0.00000
F,GES,Logit,4,4,e6c20743d2697131,5,0.571 ± 0.000,0.028 ± 0.000,0.044 ± 0.000,0.02171 ± 0.00000,0.00120 ± 0.00000
F,GES,Logit,5,5,84c9d88f2762407d,5,0.560 ± 0.000,0.026 ± 0.000,0.044 ± 0.000,0.02169 ± 0.00000,0.00124 ± 0.00000
F,GES,Logit,6,6,82d6016092529b79,5,0.560 ± 0.000,0.026 ± 0.000,0.044 ± 0.000,0.02169 ± 0.00000,0.00125 ± 0.00000
F,GES,Logit,7,7,e100ab5953b3e063,5,0.544 ± 0.000,0.024 ± 0.000,0.044 ± 0.000,0.02171 ± 0.00000,0.00137 ± 0.00000
F,GES,Logit,8,8,89de563635bcbd2c,5,0.529 ± 0.000,0.023 ± 0.000,0.044 ± 0.000,0.02202 ± 0.00000,0.00185 ± 0.00000
F,GES,Logit,9,9,d7b238a88ea0323e,5,0.566 ± 0.000,0.025 ± 0.000,0.044 ± 0.000,0.02214 ± 0.00000,0.00222 ± 0.00000
F,GES,Logit,10,10,0de4f86da9a59fff,5,0.587 ± 0.000,0.027 ± 0.000,0.044 ± 0.000,0.02238 ± 0.00000,0.00234 ± 0.00000
F,GES,Logit,11,11,56570fad43698001,5,0.587 ± 0.000,0.027 ± 0.000,0.044 ± 0.000,0.02237 ± 0.00000,0.00236 ± 0.00000
F,GES,Logit,12,12,00d70da8e9622c65,5,0.587 ± 0.000,0.027 ± 0.000,0.044 ± 0.000,0.02239 ± 0.00000,0.00251 ± 0.00000
F,GES,Logit,13,13,a32e33bf80e29d23,5,0.613 ± 0.000,0.030 ± 0.000,0.044 ± 0.000,0.02230 ± 0.00000,0.00261 ± 0.00000
F,GES,Logit,14,14,5f6720543a9e57a0,5,0.618 ± 0.000,0.031 ± 0.000,0.044 ± 0.000,0.02228 ± 0.00000,0.00254 ± 0.00000
F,GES,Logit,15,15,85cfaa789ded5eb5,5,0.628 ± 0.000,0.033 ± 0.000,0.044 ± 0.000,0.02231 ± 0.00000,0.00278 ± 0.00000
F,GES,Logit,16,16,f1d74ec51da3a8a5,5,0.628 ± 0.000,0.033 ± 0.000,0.044 ± 0.000,0.02234 ± 0.00000,0.00273 ± 0.00000
F,GES,Logit,17,17,e937e198b6c28991,5,0.627 ± 0.000,0.033 ± 0.000,0.044 ± 0.000,0.02238 ± 0.00000,0.00301 ± 0.00000
F,GES,Logit,18,18,42098d9aa1628d19,5,0.724 ± 0.000,0.053 ± 0.000,0.093 ± 0.000,0.02257 ± 0.00000,0.00391 ± 0.00000
F,GES,Logit,19,19,c938b24dda604106,5,0.733 ± 0.000,0.057 ± 0.000,0.132 ± 0.000,0.02266 ± 0.00000,0.00414 ± 0.00000
F,GES,Logit,20,20,95736524a3320dfa,5,0.732 ± 0.000,0.058 ± 0.000,0.131 ± 0.000,0.02272 ± 0.00000,0.00425 ± 0.00000
F,GES,Logit,21,21,b1013a58f6a863d3,5,0.729 ± 0.000,0.056 ± 0.000,0.130 ± 0.000,0.02288 ± 0.00000,0.00446 ± 0.00000
F,GES,Logit,22,22,69b21fa79c76dd71,5,0.727 ± 0.000,0.056 ± 0.000,0.131 ± 0.000,0.02289 ± 0.00000,0.00447 ± 0.00000
F,GES,Logit,23,23,f3e9e90c8bf117ce,5,0.730 ± 0.000,0.057 ± 0.000,0.129 ± 0.000,0.02289 ± 0.00000,0.00455 ± 0.00000
F,GES,Logit,24,24,c8ff01f260326497,5,0.735 ± 0.000,0.058 ± 0.000,0.141 ± 0.000,0.02285 ± 0.00000,0.00441 ± 0.00000
F,GES,Logit,25,25,abf08a8f8a6d539b,5,0.741 ± 0.000,0.059 ± 0.000,0.136 ± 0.000,0.02279 ± 0.00000,0.00435 ± 0.00000
F,GES,Logit,26,26,4ef501c58a6274ae,5,0.745 ± 0.000,0.083 ± 0.000,0.183 ± 0.000,0.02229 ± 0.00000,0.00430 ± 0.00000
F,GES,Logit,27,27,cf0e758521eb792f,5,0.746 ± 0.000,0.083 ± 0.000,0.190 ± 0.000,0.02230 ± 0.00000,0.00443 ± 0.00000
F,GES,Logit,28,28,c043e118307ea018,5,0.748 ± 0.000,0.084 ± 0.000,0.190 ± 0.000,0.02237 ± 0.00000,0.00445 ± 0.00000
F,GES,Logit,29,29,dace13742e348e7e,5,0.748 ± 0.000,0.085 ± 0.000,0.131 ± 0.000,0.02235 ± 0.00000,0.00445 ± 0.00000
F,GES,Logit,30,30,bcd5503e9fd4ef7a,5,0.749 ± 0.000,0.085 ± 0.000,0.190 ± 0.000,0.02231 ± 0.00000,0.00437 ± 0.00000
F,GES,Logit,31,31,1b74e3840f4dcb5e,5,0.749 ± 0.000,0.085 ± 0.000,0.190 ± 0.000,0.02228 ± 0.00000,0.00434 ± 0.00000
F,GES,Logit,32,32,f8e9eae69271f27d,5,0.749 ± 0.000,0.085 ± 0.000,0.190 ± 0.000,0.02227 ± 0.00000,0.00407 ± 0.00000
F,GES,Logit,33,33,270cd88962214341,5,0.751 ± 0.000,0.085 ± 0.000,0.190 ± 0.000,0.02233 ± 0.00000,0.00436 ± 0.00000
F,GES,Logit,34,34,b154670abb75bb96,5,0.751 ± 0.000,0.085 ± 0.000,0.190 ± 0.000,0.02234 ± 0.00000,0.00439 ± 0.00000
F,GES,Logit,35,35,78535073af7929c5,5,0.751 ± 0.000,0.085 ± 0.000,0.192 ± 0.000,0.02231 ± 0.00000,0.00413 ± 0.00000
F,GES,RF,1,1,1d7f152d06cd3fe6,5,0.489 ± 0.010,0.022 ± 0.000,0.020 ± 0.005,0.03241 ± 0.00013,0.04106 ± 0.00018
F,GES,RF,2,2,ff0397322a3d5d90,5,0.633 ± 0.009,0.042 ± 0.002,0.073 ± 0.007,0.02346 ± 0.00010,0.02248 ± 0.00063
F,GES,RF,3,3,050527a740ae0026,5,0.704 ± 0.003,0.054 ± 0.001,0.100 ± 0.006,0.02230 ± 0.00003,0.01564 ± 0.00066
F,GES,RF,4,4,e6c20743d2697131,5,0.730 ± 0.009,0.062 ± 0.001,0.110 ± 0.007,0.02256 ± 0.00006,0.01773 ± 0.00053
F,GES,RF,5,5,84c9d88f2762407d,5,0.783 ± 0.005,0.086 ± 0.002,0.184 ± 0.010,0.02142 ± 0.00004,0.00927 ± 0.00046
F,GES,RF,6,6,82d6016092529b79,5,0.880 ± 0.005,0.199 ± 0.005,0.304 ± 0.010,0.01947 ± 0.00008,0.00575 ± 0.00076
F,GES,RF,7,7,e100ab5953b3e063,5,0.895 ± 0.005,0.244 ± 0.007,0.350 ± 0.010,0.01863 ± 0.00008,0.00534 ± 0.00095
F,GES,RF,8,8,89de563635bcbd2c,5,0.897 ± 0.002,0.249 ± 0.002,0.355 ± 0.026,0.01849 ± 0.00003,0.00541 ± 0.00062
F,GES,RF,9,9,d7b238a88ea0323e,5,0.910 ± 0.004,0.286 ± 0.009,0.356 ± 0.030,0.01804 ± 0.00008,0.00478 ± 0.00120
F,GES,RF,10,10,0de4f86da9a59fff,5,0.904 ± 0.005,0.282 ± 0.007,0.355 ± 0.008,0.01816 ± 0.00009,0.00368 ± 0.00039
F,GES,RF,11,11,56570fad43698001,5,0.909 ± 0.004,0.289 ± 0.006,0.351 ± 0.015,0.01816 ± 0.00006,0.00436 ± 0.00065
F,GES,RF,12,12,00d70da8e9622c65,5,0.903 ± 0.002,0.287 ± 0.003,0.348 ± 0.030,0.01819 ± 0.00003,0.00465 ± 0.00118
F,GES,RF,13,13,a32e33bf80e29d23,5,0.904 ± 0.005,0.274 ± 0.005,0.360 ± 0.007,0.01825 ± 0.00006,0.00406 ± 0.00096
F,GES,RF,14,14,5f6720543a9e57a0,5,0.909 ± 0.003,0.260 ± 0.007,0.331 ± 0.009,0.01847 ± 0.00006,0.00367 ± 0.00072
F,GES,RF,15,15,85cfaa789ded5eb5,5,0.908 ± 0.005,0.267 ± 0.004,0.351 ± 0.015,0.01837 ± 0.00006,0.00390 ± 0.00052
F,GES,RF,16,16,f1d74ec51da3a8a5,5,0.919 ± 0.003,0.282 ± 0.003,0.327 ± 0.011,0.01826 ± 0.00004,0.00469 ± 0.00135
F,GES,RF,17,17,e937e198b6c28991,5,0.919 ± 0.002,0.283 ± 0.002,0.317 ± 0.015,0.01832 ± 0.00003,0.00420 ± 0.00038
F,GES,RF,18,18,42098d9aa1628d19,5,0.923 ± 0.002,0.324 ± 0.004,0.374 ± 0.005,0.01784 ± 0.00003,0.00447 ± 0.00061
F,GES,RF,19,19,c938b24dda604106,5,0.922 ± 0.003,0.322 ± 0.005,0.378 ± 0.013,0.01781 ± 0.00004,0.00443 ± 0.00092
F,GES,RF,20,20,95736524a3320dfa,5,0.921 ± 0.006,0.311 ± 0.003,0.344 ± 0.025,0.01794 ± 0.00006,0.00497 ± 0.00108
F,GES,RF,21,21,b1013a58f6a863d3,5,0.924 ± 0.006,0.321 ± 0.005,0.368 ± 0.011,0.01772 ± 0.00007,0.00388 ± 0.00109
F,GES,RF,22,22,69b21fa79c76dd71,5,0.924 ± 0.004,0.326 ± 0.005,0.356 ± 0.016,0.01765 ± 0.00005,0.00374 ± 0.00082
F,GES,RF,23,23,f3e9e90c8bf117ce,5,0.920 ± 0.005,0.398 ± 0.003,0.394 ± 0.010,0.01650 ± 0.00003,0.00376 ± 0.00052
F,GES,RF,24,24,c8ff01f260326497,5,0.919 ± 0.005,0.401 ± 0.005,0.395 ± 0.016,0.01650 ± 0.00003,0.00418 ± 0.00054
F,GES,RF,25,25,abf08a8f8a6d539b,5,0.924 ± 0.007,0.399 ± 0.002,0.403 ± 0.014,0.01649 ± 0.00002,0.00401 ± 0.00103
F,GES,RF,26,26,4ef501c58a6274ae,5,0.921 ± 0.005,0.393 ± 0.007,0.406 ± 0.025,0.01654 ± 0.00008,0.00453 ± 0.00043
F,GES,RF,27,27,cf0e758521eb792f,5,0.915 ± 0.004,0.399 ± 0.006,0.404 ± 0.022,0.01644 ± 0.00005,0.00408 ± 0.00066
F,GES,RF,28,28,c043e118307ea018,5,0.924 ± 0.002,0.402 ± 0.005,0.407 ± 0.007,0.01629 ± 0.00008,0.00429 ± 0.00043
F,GES,RF,29,29,dace13742e348e7e,5,0.920 ± 0.007,0.404 ± 0.003,0.391 ± 0.026,0.01629 ± 0.00004,0.00360 ± 0.00039
F,GES,RF,30,30,bcd5503e9fd4ef7a,5,0.919 ± 0.006,0.414 ± 0.003,0.418 ± 0.013,0.01617 ± 0.00001,0.00458 ± 0.00055
F,GES,RF,31,31,1b74e3840f4dcb5e,5,0.917 ± 0.007,0.404 ± 0.003,0.420 ± 0.018,0.01627 ± 0.00006,0.00426 ± 0.00053
F,GES,RF,32,32,f8e9eae69271f27d,5,0.921 ± 0.006,0.419 ± 0.008,0.429 ± 0.031,0.01610 ± 0.00009,0.00376 ± 0.00077
F,GES,RF,33,33,270cd88962214341,5,0.922 ± 0.009,0.418 ± 0.009,0.451 ± 0.012,0.01610 ± 0.00010,0.00395 ± 0.00093
F,GES,RF,34,34,b154670abb75bb96,5,0.927 ± 0.006,0.415 ± 0.007,0.436 ± 0.022,0.01610 ± 0.00007,0.00411 ± 0.00077
F,GES,RF,35,35,78535073af7929c5,5,0.925 ± 0.004,0.414 ± 0.003,0.439 ± 0.037,0.01611 ± 0.00003,0.00446 ± 0.00103
F,GES,XGBoost,1,1,1d7f152d06cd3fe6,5,0.533 ± 0.002,0.025 ± 0.001,0.048 ± 0.001,0.02186 ± 0.00001,0.00377 ± 0.00032
F,GES,XGBoost,2,2,ff0397322a3d5d90,5,0.685 ± 0.003,0.052 ± 0.001,0.097 ± 0.014,0.02174 ± 0.00002,0.00589 ± 0.00049
F,GES,XGBoost,3,3,050527a740ae0026,5,0.772 ± 0.002,0.076 ± 0.005,0.113 ± 0.018,0.02165 ± 0.00007,0.00918 ± 0.00071
F,GES,XGBoost,4,4,e6c20743d2697131,5,0.784 ± 0.002,0.078 ± 0.001,0.130 ± 0.011,0.02185 ± 0.00006,0.01167 ± 0.00101
F,GES,XGBoost,5,5,84c9d88f2762407d,5,0.821 ± 0.004,0.118 ± 0.007,0.203 ± 0.009,0.02112 ± 0.00020,0.00823 ± 0.00073
F,GES,XGBoost,6,6,82d6016092529b79,5,0.892 ± 0.003,0.208 ± 0.010,0.289 ± 0.022,0.01985 ± 0.00024,0.00892 ± 0.00131
F,GES,XGBoost,7,7,e100ab5953b3e063,5,0.906 ± 0.003,0.266 ± 0.006,0.328 ± 0.007,0.01861 ± 0.00009,0.00933 ± 0.00043
F,GES,XGBoost,8,8,89de563635bcbd2c,5,0.911 ± 0.003,0.271 ± 0.010,0.334 ± 0.016,0.01860 ± 0.00016,0.00873 ± 0.00052
F,GES,XGBoost,9,9,d7b238a88ea0323e,5,0.914 ± 0.002,0.276 ± 0.007,0.366 ± 0.016,0.01850 ± 0.00010,0.01011 ± 0.00035
F,GES,XGBoost,10,10,0de4f86da9a59fff,5,0.912 ± 0.002,0.274 ± 0.003,0.352 ± 0.007,0.01867 ± 0.00005,0.01086 ± 0.00118
F,GES,XGBoost,11,11,56570fad43698001,5,0.911 ± 0.002,0.273 ± 0.011,0.356 ± 0.012,0.01861 ± 0.00016,0.01024 ± 0.00067
F,GES,XGBoost,12,12,00d70da8e9622c65,5,0.911 ± 0.002,0.285 ± 0.013,0.349 ± 0.017,0.01842 ± 0.00024,0.00992 ± 0.00047
F,GES,XGBoost,13,13,a32e33bf80e29d23,5,0.907 ± 0.002,0.317 ± 0.007,0.383 ± 0.013,0.01802 ± 0.00019,0.01075 ± 0.00062
F,GES,XGBoost,14,14,5f6720543a9e57a0,5,0.909 ± 0.001,0.314 ± 0.014,0.371 ± 0.027,0.01815 ± 0.00017,0.01167 ± 0.00067
F,GES,XGBoost,15,15,85cfaa789ded5eb5,5,0.910 ± 0.004,0.311 ± 0.007,0.370 ± 0.013,0.01834 ± 0.00017,0.01155 ± 0.00050
F,GES,XGBoost,16,16,f1d74ec51da3a8a5,5,0.932 ± 0.002,0.340 ± 0.006,0.363 ± 0.033,0.01810 ± 0.00018,0.01215 ± 0.00036
F,GES,XGBoost,17,17,e937e198b6c28991,5,0.933 ± 0.003,0.340 ± 0.006,0.386 ± 0.007,0.01796 ± 0.00009,0.01177 ± 0.00055
F,GES,XGBoost,18,18,42098d9aa1628d19,5,0.932 ± 0.002,0.359 ± 0.006,0.402 ± 0.012,0.01755 ± 0.00016,0.01097 ± 0.00057
F,GES,XGBoost,19,19,c938b24dda604106,5,0.931 ± 0.003,0.380 ± 0.006,0.402 ± 0.015,0.01723 ± 0.00020,0.01119 ± 0.00064
F,GES,XGBoost,20,20,95736524a3320dfa,5,0.931 ± 0.003,0.379 ± 0.007,0.401 ± 0.028,0.01725 ± 0.00019,0.01154 ± 0.00054
F,GES,XGBoost,21,21,b1013a58f6a863d3,5,0.931 ± 0.003,0.387 ± 0.009,0.405 ± 0.016,0.01718 ± 0.00021,0.01196 ± 0.00104
F,GES,XGBoost,22,22,69b21fa79c76dd71,5,0.933 ± 0.002,0.391 ± 0.010,0.411 ± 0.007,0.01707 ± 0.00019,0.01161 ± 0.00082
F,GES,XGBoost,23,23,f3e9e90c8bf117ce,5,0.930 ± 0.002,0.415 ± 0.007,0.428 ± 0.021,0.01670 ± 0.00010,0.01194 ± 0.00086
F,GES,XGBoost,24,24,c8ff01f260326497,5,0.932 ± 0.004,0.415 ± 0.007,0.421 ± 0.010,0.01675 ± 0.00021,0.01149 ± 0.00073
F,GES,XGBoost,25,25,abf08a8f8a6d539b,5,0.932 ± 0.003,0.410 ± 0.007,0.422 ± 0.014,0.01680 ± 0.00022,0.01192 ± 0.00094
F,GES,XGBoost,26,26,4ef501c58a6274ae,5,0.930 ± 0.002,0.413 ± 0.013,0.412 ± 0.025,0.01677 ± 0.00024,0.01153 ± 0.00089
F,GES,XGBoost,27,27,cf0e758521eb792f,5,0.929 ± 0.002,0.419 ± 0.003,0.417 ± 0.009,0.01658 ± 0.00008,0.01165 ± 0.00050
F,GES,XGBoost,28,28,c043e118307ea018,5,0.930 ± 0.003,0.427 ± 0.006,0.399 ± 0.015,0.01654 ± 0.00013,0.01185 ± 0.00109
F,GES,XGBoost,29,29,dace13742e348e7e,5,0.932 ± 0.002,0.424 ± 0.008,0.393 ± 0.004,0.01657 ± 0.00015,0.01244 ± 0.00100
F,GES,XGBoost,30,30,bcd5503e9fd4ef7a,5,0.929 ± 0.002,0.434 ± 0.006,0.395 ± 0.010,0.01643 ± 0.00011,0.01160 ± 0.00056
F,GES,XGBoost,31,31,1b74e3840f4dcb5e,5,0.927 ± 0.003,0.432 ± 0.010,0.408 ± 0.012,0.01647 ± 0.00019,0.01141 ± 0.00074
F,GES,XGBoost,32,32,f8e9eae69271f27d,5,0.933 ± 0.002,0.442 ± 0.007,0.400 ± 0.015,0.01627 ± 0.00022,0.01199 ± 0.00041
F,GES,XGBoost,33,33,270cd88962214341,5,0.936 ± 0.002,0.442 ± 0.007,0.409 ± 0.019,0.01623 ± 0.00010,0.01217 ± 0.00050
F,GES,XGBoost,34,34,b154670abb75bb96,5,0.933 ± 0.003,0.442 ± 0.010,0.396 ± 0.022,0.01623 ± 0.00016,0.01161 ± 0.00046
F,GES,XGBoost,35,35,78535073af7929c5,5,0.933 ± 0.002,0.439 ± 0.007,0.414 ± 0.035,0.01628 ± 0.00009,0.01189 ± 0.00080
F,GOLEM,FFMLP,1,1,5d44aec594d57af8,5,0.451 ± 0.059,0.020 ± 0.002,0.026 ± 0.014,0.02167 ± 0.00003,0.00432 ± 0.00228
F,GOLEM,FFMLP,2,2,140b79aa06813104,5,0.412 ± 0.007,0.018 ± 0.001,0.036 ± 0.010,0.02174 ± 0.00009,0.00545 ± 0.00221
F,GOLEM,FFMLP,3,3,5932bb55e9f26353,5,0.417 ± 0.015,0.018 ± 0.001,0.026 ± 0.013,0.02171 ± 0.00004,0.00521 ± 0.00242
F,GOLEM,FFMLP,4,4,fe6d7575b1d442f2,5,0.419 ± 0.017,0.018 ± 0.000,0.038 ± 0.010,0.02171 ± 0.00003,0.00470 ± 0.00153
F,GOLEM,FFMLP,5,5,d91dafb8999ed110,5,0.520 ± 0.067,0.024 ± 0.005,0.043 ± 0.000,0.02166 ± 0.00003,0.00373 ± 0.00243
F,GOLEM,FFMLP,6,6,b5a36bb5b1ae7ab4,5,0.467 ± 0.057,0.021 ± 0.002,0.038 ± 0.015,0.02168 ± 0.00007,0.00441 ± 0.00104
F,GOLEM,FFMLP,7,7,6e8b26da04cb79b4,5,0.564 ± 0.064,0.031 ± 0.012,0.049 ± 0.010,0.02165 ± 0.00003,0.00352 ± 0.00179
F,GOLEM,FFMLP,8,8,688de5612780ce0a,5,0.609 ± 0.034,0.036 ± 0.011,0.050 ± 0.007,0.02160 ± 0.00006,0.00200 ± 0.00096
F,GOLEM,FFMLP,9,9,0dab5d0cf7d47bc3,5,0.733 ± 0.005,0.048 ± 0.002,0.072 ± 0.026,0.02153 ± 0.00017,0.00214 ± 0.00077
F,GOLEM,FFMLP,10,10,7f59bd501c3dbaab,5,0.724 ± 0.013,0.050 ± 0.005,0.080 ± 0.014,0.02143 ± 0.00006,0.00218 ± 0.00102
F,GOLEM,FFMLP,11,11,0511ae592ab833b7,5,0.728 ± 0.009,0.057 ± 0.003,0.061 ± 0.033,0.02144 ± 0.00025,0.00157 ± 0.00125
F,GOLEM,FFMLP,12,12,96fce1d1ba2fa699,5,0.738 ± 0.011,0.062 ± 0.004,0.076 ± 0.027,0.02137 ± 0.00020,0.00213 ± 0.00105
F,GOLEM,FFMLP,13,13,da2acca4fb88b2aa,5,0.743 ± 0.010,0.065 ± 0.005,0.077 ± 0.015,0.02138 ± 0.00018,0.00212 ± 0.00098
F,GOLEM,FFMLP,14,14,40021117058bf5f8,5,0.743 ± 0.005,0.065 ± 0.004,0.099 ± 0.013,0.02121 ± 0.00004,0.00142 ± 0.00054
F,GOLEM,FFMLP,15,15,06292a569571a05e,5,0.748 ± 0.004,0.067 ± 0.002,0.115 ± 0.020,0.02129 ± 0.00015,0.00262 ± 0.00082
F,GOLEM,FFMLP,16,16,b7b5c4109c72032c,5,0.741 ± 0.005,0.064 ± 0.002,0.100 ± 0.022,0.02138 ± 0.00025,0.00201 ± 0.00090
F,GOLEM,FFMLP,17,17,3a806dc9661ea3e8,5,0.746 ± 0.009,0.070 ± 0.007,0.112 ± 0.023,0.02130 ± 0.00017,0.00369 ± 0.00297
F,GOLEM,FFMLP,18,18,823207e695be1ff0,5,0.749 ± 0.006,0.071 ± 0.004,0.114 ± 0.012,0.02126 ± 0.00021,0.00222 ± 0.00040
F,GOLEM,FFMLP,19,19,1d74dd8a956d56e1,5,0.746 ± 0.009,0.068 ± 0.005,0.099 ± 0.004,0.02133 ± 0.00016,0.00240 ± 0.00136
F,GOLEM,FFMLP,20,20,1049748cd586d498,5,0.754 ± 0.004,0.073 ± 0.005,0.122 ± 0.022,0.02134 ± 0.00031,0.00274 ± 0.00088
F,GOLEM,FFMLP,21,21,d9428be70001da5d,5,0.763 ± 0.004,0.079 ± 0.005,0.126 ± 0.025,0.02135 ± 0.00022,0.00400 ± 0.00198
F,GOLEM,FFMLP,22,22,9147b30f4345a55a,5,0.763 ± 0.005,0.079 ± 0.007,0.126 ± 0.028,0.02128 ± 0.00035,0.00309 ± 0.00180
F,GOLEM,FFMLP,23,23,d48478f1798435b8,5,0.757 ± 0.007,0.075 ± 0.005,0.141 ± 0.021,0.02131 ± 0.00033,0.00388 ± 0.00102
F,GOLEM,FFMLP,24,24,6f2d862936d8ad71,5,0.767 ± 0.006,0.083 ± 0.004,0.135 ± 0.022,0.02120 ± 0.00024,0.00495 ± 0.00224
F,GOLEM,FFMLP,25,25,710761342f601788,5,0.770 ± 0.011,0.087 ± 0.011,0.153 ± 0.030,0.02133 ± 0.00021,0.00406 ± 0.00123
F,GOLEM,FFMLP,26,26,9dd66c347bd7a388,5,0.774 ± 0.005,0.087 ± 0.007,0.122 ± 0.031,0.02127 ± 0.00022,0.00410 ± 0.00099
F,GOLEM,LightGBM,1,1,5d44aec594d57af8,5,0.557 ± 0.000,0.027 ± 0.000,0.040 ± 0.000,0.02190 ± 0.00000,0.00357 ± 0.00000
F,GOLEM,LightGBM,2,2,140b79aa06813104,5,0.733 ± 0.000,0.044 ± 0.000,0.090 ± 0.000,0.02719 ± 0.00000,0.02704 ± 0.00000
F,GOLEM,LightGBM,3,3,5932bb55e9f26353,5,0.757 ± 0.002,0.065 ± 0.006,0.114 ± 0.021,0.02309 ± 0.00061,0.01928 ± 0.00149
F,GOLEM,LightGBM,4,4,fe6d7575b1d442f2,5,0.805 ± 0.006,0.117 ± 0.005,0.188 ± 0.013,0.02202 ± 0.00017,0.01903 ± 0.00077
F,GOLEM,LightGBM,5,5,d91dafb8999ed110,5,0.863 ± 0.004,0.166 ± 0.009,0.251 ± 0.024,0.02223 ± 0.00039,0.02073 ± 0.00058
F,GOLEM,LightGBM,6,6,b5a36bb5b1ae7ab4,5,0.895 ± 0.003,0.257 ± 0.008,0.319 ± 0.012,0.01956 ± 0.00026,0.01790 ± 0.00065
F,GOLEM,LightGBM,7,7,6e8b26da04cb79b4,5,0.889 ± 0.004,0.253 ± 0.011,0.343 ± 0.024,0.01994 ± 0.00027,0.01834 ± 0.00053
F,GOLEM,LightGBM,8,8,688de5612780ce0a,5,0.894 ± 0.004,0.254 ± 0.008,0.339 ± 0.012,0.02006 ± 0.00010,0.01884 ± 0.00029
F,GOLEM,LightGBM,9,9,0dab5d0cf7d47bc3,5,0.888 ± 0.002,0.284 ± 0.006,0.355 ± 0.007,0.02053 ± 0.00013,0.02002 ± 0.00042
F,GOLEM,LightGBM,10,10,7f59bd501c3dbaab,5,0.895 ± 0.003,0.272 ± 0.010,0.356 ± 0.009,0.02028 ± 0.00029,0.01947 ± 0.00044
F,GOLEM,LightGBM,11,11,0511ae592ab833b7,5,0.894 ± 0.002,0.283 ± 0.003,0.344 ± 0.020,0.02022 ± 0.00011,0.01975 ± 0.00055
F,GOLEM,LightGBM,12,12,96fce1d1ba2fa699,5,0.892 ± 0.004,0.301 ± 0.013,0.380 ± 0.032,0.02004 ± 0.00028,0.01955 ± 0.00055
F,GOLEM,LightGBM,13,13,da2acca4fb88b2aa,5,0.894 ± 0.003,0.311 ± 0.005,0.371 ± 0.031,0.01972 ± 0.00019,0.01907 ± 0.00030
F,GOLEM,LightGBM,14,14,40021117058bf5f8,5,0.884 ± 0.003,0.309 ± 0.007,0.368 ± 0.023,0.01964 ± 0.00021,0.01886 ± 0.00046
F,GOLEM,LightGBM,15,15,06292a569571a05e,5,0.887 ± 0.002,0.311 ± 0.012,0.351 ± 0.018,0.01945 ± 0.00032,0.01875 ± 0.00036
F,GOLEM,LightGBM,16,16,b7b5c4109c72032c,5,0.886 ± 0.002,0.314 ± 0.006,0.397 ± 0.013,0.01963 ± 0.00018,0.01916 ± 0.00043
F,GOLEM,LightGBM,17,17,3a806dc9661ea3e8,5,0.883 ± 0.005,0.336 ± 0.004,0.394 ± 0.011,0.01888 ± 0.00009,0.01804 ± 0.00035
F,GOLEM,LightGBM,18,18,823207e695be1ff0,5,0.883 ± 0.003,0.337 ± 0.007,0.370 ± 0.012,0.01887 ± 0.00023,0.01817 ± 0.00020
F,GOLEM,LightGBM,19,19,1d74dd8a956d56e1,5,0.879 ± 0.003,0.334 ± 0.006,0.373 ± 0.013,0.01894 ± 0.00014,0.01807 ± 0.00055
F,GOLEM,LightGBM,20,20,1049748cd586d498,5,0.879 ± 0.002,0.324 ± 0.006,0.357 ± 0.011,0.01914 ± 0.00016,0.01858 ± 0.00030
F,GOLEM,LightGBM,21,21,d9428be70001da5d,5,0.878 ± 0.004,0.341 ± 0.012,0.387 ± 0.010,0.01899 ± 0.00023,0.01825 ± 0.00037
F,GOLEM,LightGBM,22,22,9147b30f4345a55a,5,0.878 ± 0.004,0.341 ± 0.003,0.380 ± 0.008,0.01886 ± 0.00010,0.01817 ± 0.00023
F,GOLEM,LightGBM,23,23,d48478f1798435b8,5,0.891 ± 0.004,0.346 ± 0.008,0.374 ± 0.015,0.01920 ± 0.00014,0.01865 ± 0.00034
F,GOLEM,LightGBM,24,24,6f2d862936d8ad71,5,0.886 ± 0.005,0.346 ± 0.012,0.377 ± 0.022,0.01916 ± 0.00024,0.01867 ± 0.00029
F,GOLEM,LightGBM,25,25,710761342f601788,5,0.889 ± 0.005,0.350 ± 0.012,0.386 ± 0.027,0.01903 ± 0.00031,0.01880 ± 0.00077
F,GOLEM,LightGBM,26,26,9dd66c347bd7a388,5,0.889 ± 0.004,0.347 ± 0.007,0.379 ± 0.036,0.01910 ± 0.00026,0.01904 ± 0.00037
F,GOLEM,Logit,1,1,5d44aec594d57af8,5,0.422 ± 0.000,0.021 ± 0.000,0.043 ± 0.000,0.02161 ± 0.00000,0.00078 ± 0.00000
F,GOLEM,Logit,2,2,140b79aa06813104,5,0.426 ± 0.000,0.021 ± 0.000,0.043 ± 0.000,0.02163 ± 0.00000,0.00087 ± 0.00000
F,GOLEM,Logit,3,3,5932bb55e9f26353,5,0.424 ± 0.000,0.021 ± 0.000,0.043 ± 0.000,0.02164 ± 0.00000,0.00091 ± 0.00000
F,GOLEM,Logit,4,4,fe6d7575b1d442f2,5,0.422 ± 0.000,0.021 ± 0.000,0.043 ± 0.000,0.02165 ± 0.00000,0.00100 ± 0.00000
F,GOLEM,Logit,5,5,d91dafb8999ed110,5,0.355 ± 0.000,0.019 ± 0.000,0.043 ± 0.000,0.02167 ± 0.00000,0.00096 ± 0.00000
F,GOLEM,Logit,6,6,b5a36bb5b1ae7ab4,5,0.381 ± 0.000,0.018 ± 0.000,0.043 ± 0.000,0.02169 ± 0.00000,0.00118 ± 0.00000
F,GOLEM,Logit,7,7,6e8b26da04cb79b4,5,0.383 ± 0.000,0.018 ± 0.000,0.043 ± 0.000,0.02169 ± 0.00000,0.00118 ± 0.00000
F,GOLEM,Logit,8,8,688de5612780ce0a,5,0.538 ± 0.000,0.023 ± 0.000,0.044 ± 0.000,0.02180 ± 0.00000,0.00164 ± 0.00000
F,GOLEM,Logit,9,9,0dab5d0cf7d47bc3,5,0.610 ± 0.000,0.030 ± 0.000,0.044 ± 0.000,0.02184 ± 0.00000,0.00205 ± 0.00000
F,GOLEM,Logit,10,10,7f59bd501c3dbaab,5,0.590 ± 0.000,0.027 ± 0.000,0.044 ± 0.000,0.02185 ± 0.00000,0.00204 ± 0.00000
F,GOLEM,Logit,11,11,0511ae592ab833b7,5,0.583 ± 0.000,0.027 ± 0.000,0.049 ± 0.000,0.02191 ± 0.00000,0.00250 ± 0.00000
F,GOLEM,Logit,12,12,96fce1d1ba2fa699,5,0.704 ± 0.000,0.047 ± 0.000,0.083 ± 0.000,0.02169 ± 0.00000,0.00339 ± 0.00000
F,GOLEM,Logit,13,13,da2acca4fb88b2aa,5,0.704 ± 0.000,0.049 ± 0.000,0.079 ± 0.000,0.02212 ± 0.00000,0.00394 ± 0.00000
F,GOLEM,Logit,14,14,40021117058bf5f8,5,0.706 ± 0.000,0.049 ± 0.000,0.118 ± 0.000,0.02206 ± 0.00000,0.00400 ± 0.00000
F,GOLEM,Logit,15,15,06292a569571a05e,5,0.707 ± 0.000,0.049 ± 0.000,0.086 ± 0.000,0.02206 ± 0.00000,0.00400 ± 0.00000
F,GOLEM,Logit,16,16,b7b5c4109c72032c,5,0.708 ± 0.000,0.049 ± 0.000,0.086 ± 0.000,0.02205 ± 0.00000,0.00430 ± 0.00000
F,GOLEM,Logit,17,17,3a806dc9661ea3e8,5,0.710 ± 0.000,0.050 ± 0.000,0.079 ± 0.000,0.02200 ± 0.00000,0.00406 ± 0.00000
F,GOLEM,Logit,18,18,823207e695be1ff0,5,0.711 ± 0.000,0.050 ± 0.000,0.080 ± 0.000,0.02201 ± 0.00000,0.00345 ± 0.00000
F,GOLEM,Logit,19,19,1d74dd8a956d56e1,5,0.711 ± 0.000,0.051 ± 0.000,0.080 ± 0.000,0.02202 ± 0.00000,0.00344 ± 0.00000
F,GOLEM,Logit,20,20,1049748cd586d498,5,0.716 ± 0.000,0.052 ± 0.000,0.086 ± 0.000,0.02204 ± 0.00000,0.00316 ± 0.00000
F,GOLEM,Logit,21,21,d9428be70001da5d,5,0.734 ± 0.000,0.058 ± 0.000,0.128 ± 0.000,0.02205 ± 0.00000,0.00392 ± 0.00000
F,GOLEM,Logit,22,22,9147b30f4345a55a,5,0.735 ± 0.000,0.060 ± 0.000,0.130 ± 0.000,0.02212 ± 0.00000,0.00409 ± 0.00000
F,GOLEM,Logit,23,23,d48478f1798435b8,5,0.736 ± 0.000,0.060 ± 0.000,0.130 ± 0.000,0.02205 ± 0.00000,0.00413 ± 0.00000
F,GOLEM,Logit,24,24,6f2d862936d8ad71,5,0.736 ± 0.000,0.060 ± 0.000,0.130 ± 0.000,0.02205 ± 0.00000,0.00420 ± 0.00000
F,GOLEM,Logit,25,25,710761342f601788,5,0.740 ± 0.000,0.063 ± 0.000,0.145 ± 0.000,0.02198 ± 0.00000,0.00361 ± 0.00000
F,GOLEM,Logit,26,26,9dd66c347bd7a388,5,0.741 ± 0.000,0.064 ± 0.000,0.148 ± 0.000,0.02197 ± 0.00000,0.00349 ± 0.00000
F,GOLEM,RF,1,1,5d44aec594d57af8,5,0.502 ± 0.009,0.022 ± 0.000,0.004 ± 0.010,0.03402 ± 0.00008,0.04289 ± 0.00014
F,GOLEM,RF,2,2,140b79aa06813104,5,0.681 ± 0.005,0.041 ± 0.001,0.092 ± 0.006,0.02378 ± 0.00006,0.02125 ± 0.00074
F,GOLEM,RF,3,3,5932bb55e9f26353,5,0.754 ± 0.003,0.071 ± 0.001,0.081 ± 0.032,0.02152 ± 0.00002,0.00951 ± 0.00083
F,GOLEM,RF,4,4,fe6d7575b1d442f2,5,0.802 ± 0.008,0.122 ± 0.003,0.174 ± 0.026,0.02085 ± 0.00005,0.00952 ± 0.00072
F,GOLEM,RF,5,5,d91dafb8999ed110,5,0.871 ± 0.003,0.199 ± 0.004,0.254 ± 0.008,0.01983 ± 0.00008,0.00917 ± 0.00122
F,GOLEM,RF,6,6,b5a36bb5b1ae7ab4,5,0.879 ± 0.005,0.282 ± 0.005,0.334 ± 0.013,0.01834 ± 0.00003,0.00544 ± 0.00050
F,GOLEM,RF,7,7,6e8b26da04cb79b4,5,0.890 ± 0.009,0.273 ± 0.004,0.344 ± 0.005,0.01833 ± 0.00009,0.00399 ± 0.00076
F,GOLEM,RF,8,8,688de5612780ce0a,5,0.891 ± 0.005,0.253 ± 0.004,0.350 ± 0.003,0.01854 ± 0.00005,0.00573 ± 0.00051
F,GOLEM,RF,9,9,0dab5d0cf7d47bc3,5,0.887 ± 0.012,0.268 ± 0.006,0.348 ± 0.016,0.01842 ± 0.00008,0.00485 ± 0.00077
F,GOLEM,RF,10,10,7f59bd501c3dbaab,5,0.894 ± 0.008,0.271 ± 0.007,0.353 ± 0.010,0.01830 ± 0.00009,0.00398 ± 0.00060
F,GOLEM,RF,11,11,0511ae592ab833b7,5,0.895 ± 0.005,0.275 ± 0.004,0.375 ± 0.021,0.01824 ± 0.00006,0.00374 ± 0.00066
F,GOLEM,RF,12,12,96fce1d1ba2fa699,5,0.894 ± 0.008,0.275 ± 0.003,0.329 ± 0.014,0.01823 ± 0.00003,0.00453 ± 0.00144
F,GOLEM,RF,13,13,da2acca4fb88b2aa,5,0.892 ± 0.005,0.268 ± 0.006,0.356 ± 0.016,0.01836 ± 0.00008,0.00494 ± 0.00097
F,GOLEM,RF,14,14,40021117058bf5f8,5,0.896 ± 0.008,0.270 ± 0.003,0.359 ± 0.008,0.01830 ± 0.00003,0.00348 ± 0.00025
F,GOLEM,RF,15,15,06292a569571a05e,5,0.893 ± 0.003,0.270 ± 0.006,0.339 ± 0.014,0.01832 ± 0.00007,0.00468 ± 0.00091
F,GOLEM,RF,16,16,b7b5c4109c72032c,5,0.898 ± 0.009,0.258 ± 0.003,0.315 ± 0.003,0.01859 ± 0.00003,0.00395 ± 0.00039
F,GOLEM,RF,17,17,3a806dc9661ea3e8,5,0.895 ± 0.005,0.261 ± 0.006,0.317 ± 0.010,0.01850 ± 0.00011,0.00519 ± 0.00064
F,GOLEM,RF,18,18,823207e695be1ff0,5,0.891 ± 0.006,0.263 ± 0.003,0.317 ± 0.027,0.01845 ± 0.00005,0.00430 ± 0.00053
F,GOLEM,RF,19,19,1d74dd8a956d56e1,5,0.895 ± 0.004,0.266 ± 0.005,0.318 ± 0.016,0.01841 ± 0.00007,0.00401 ± 0.00064
F,GOLEM,RF,20,20,1049748cd586d498,5,0.895 ± 0.008,0.263 ± 0.004,0.323 ± 0.010,0.01845 ± 0.00005,0.00440 ± 0.00043
F,GOLEM,RF,21,21,d9428be70001da5d,5,0.893 ± 0.007,0.271 ± 0.009,0.315 ± 0.018,0.01834 ± 0.00013,0.00358 ± 0.00081
F,GOLEM,RF,22,22,9147b30f4345a55a,5,0.898 ± 0.008,0.275 ± 0.005,0.338 ± 0.008,0.01828 ± 0.00011,0.00341 ± 0.00067
F,GOLEM,RF,23,23,d48478f1798435b8,5,0.895 ± 0.006,0.307 ± 0.010,0.367 ± 0.008,0.01773 ± 0.00006,0.00346 ± 0.00091
F,GOLEM,RF,24,24,6f2d862936d8ad71,5,0.893 ± 0.003,0.309 ± 0.007,0.354 ± 0.014,0.01772 ± 0.00005,0.00293 ± 0.00059
F,GOLEM,RF,25,25,710761342f601788,5,0.895 ± 0.008,0.324 ± 0.007,0.374 ± 0.030,0.01749 ± 0.00005,0.00422 ± 0.00079
F,GOLEM,RF,26,26,9dd66c347bd7a388,5,0.897 ± 0.005,0.326 ± 0.006,0.382 ± 0.017,0.01750 ± 0.00006,0.00457 ± 0.00084
F,GOLEM,XGBoost,1,1,5d44aec594d57af8,5,0.568 ± 0.002,0.030 ± 0.000,0.047 ± 0.004,0.02171 ± 0.00000,0.00294 ± 0.00014
F,GOLEM,XGBoost,2,2,140b79aa06813104,5,0.707 ± 0.001,0.050 ± 0.000,0.089 ± 0.004,0.02184 ± 0.00003,0.00896 ± 0.00030
F,GOLEM,XGBoost,3,3,5932bb55e9f26353,5,0.805 ± 0.002,0.086 ± 0.004,0.164 ± 0.015,0.02148 ± 0.00011,0.01020 ± 0.00081
F,GOLEM,XGBoost,4,4,fe6d7575b1d442f2,5,0.833 ± 0.003,0.142 ± 0.004,0.186 ± 0.006,0.02089 ± 0.00011,0.01018 ± 0.00083
F,GOLEM,XGBoost,5,5,d91dafb8999ed110,5,0.891 ± 0.002,0.197 ± 0.007,0.266 ± 0.037,0.02033 ± 0.00023,0.00992 ± 0.00056
F,GOLEM,XGBoost,6,6,b5a36bb5b1ae7ab4,5,0.900 ± 0.002,0.276 ± 0.005,0.316 ± 0.007,0.01873 ± 0.00011,0.01036 ± 0.00060
F,GOLEM,XGBoost,7,7,6e8b26da04cb79b4,5,0.906 ± 0.003,0.280 ± 0.006,0.318 ± 0.018,0.01856 ± 0.00007,0.00952 ± 0.00069
F,GOLEM,XGBoost,8,8,688de5612780ce0a,5,0.906 ± 0.002,0.278 ± 0.010,0.328 ± 0.018,0.01846 ± 0.00013,0.00928 ± 0.00047
F,GOLEM,XGBoost,9,9,0dab5d0cf7d47bc3,5,0.897 ± 0.002,0.317 ± 0.004,0.372 ± 0.013,0.01810 ± 0.00017,0.01060 ± 0.00103
F,GOLEM,XGBoost,10,10,7f59bd501c3dbaab,5,0.898 ± 0.003,0.296 ± 0.013,0.364 ± 0.024,0.01831 ± 0.00019,0.01073 ± 0.00067
F,GOLEM,XGBoost,11,11,0511ae592ab833b7,5,0.899 ± 0.002,0.299 ± 0.009,0.364 ± 0.017,0.01823 ± 0.00014,0.01079 ± 0.00057
F,GOLEM,XGBoost,12,12,96fce1d1ba2fa699,5,0.891 ± 0.002,0.307 ± 0.008,0.364 ± 0.009,0.01811 ± 0.00008,0.01108 ± 0.00045
F,GOLEM,XGBoost,13,13,da2acca4fb88b2aa,5,0.888 ± 0.004,0.297 ± 0.007,0.343 ± 0.025,0.01826 ± 0.00009,0.01196 ± 0.00084
F,GOLEM,XGBoost,14,14,40021117058bf5f8,5,0.884 ± 0.002,0.305 ± 0.009,0.339 ± 0.017,0.01821 ± 0.00015,0.01161 ± 0.00050
F,GOLEM,XGBoost,15,15,06292a569571a05e,5,0.882 ± 0.003,0.314 ± 0.010,0.340 ± 0.014,0.01811 ± 0.00015,0.01151 ± 0.00034
F,GOLEM,XGBoost,16,16,b7b5c4109c72032c,5,0.883 ± 0.004,0.306 ± 0.008,0.331 ± 0.015,0.01841 ± 0.00010,0.01260 ± 0.00053
F,GOLEM,XGBoost,17,17,3a806dc9661ea3e8,5,0.883 ± 0.006,0.312 ± 0.007,0.351 ± 0.013,0.01817 ± 0.00015,0.01196 ± 0.00028
F,GOLEM,XGBoost,18,18,823207e695be1ff0,5,0.884 ± 0.005,0.322 ± 0.011,0.359 ± 0.016,0.01807 ± 0.00017,0.01230 ± 0.00051
F,GOLEM,XGBoost,19,19,1d74dd8a956d56e1,5,0.882 ± 0.003,0.323 ± 0.010,0.372 ± 0.010,0.01808 ± 0.00015,0.01179 ± 0.00047
F,GOLEM,XGBoost,20,20,1049748cd586d498,5,0.884 ± 0.003,0.321 ± 0.006,0.378 ± 0.007,0.01807 ± 0.00016,0.01229 ± 0.00035
F,GOLEM,XGBoost,21,21,d9428be70001da5d,5,0.886 ± 0.002,0.334 ± 0.007,0.392 ± 0.014,0.01782 ± 0.00024,0.01211 ± 0.00095
F,GOLEM,XGBoost,22,22,9147b30f4345a55a,5,0.885 ± 0.002,0.329 ± 0.010,0.387 ± 0.016,0.01792 ± 0.00019,0.01219 ± 0.00088
F,GOLEM,XGBoost,23,23,d48478f1798435b8,5,0.887 ± 0.006,0.330 ± 0.010,0.388 ± 0.010,0.01799 ± 0.00022,0.01255 ± 0.00039
F,GOLEM,XGBoost,24,24,6f2d862936d8ad71,5,0.885 ± 0.005,0.336 ± 0.008,0.378 ± 0.025,0.01792 ± 0.00020,0.01249 ± 0.00056
F,GOLEM,XGBoost,25,25,710761342f601788,5,0.883 ± 0.005,0.342 ± 0.013,0.396 ± 0.019,0.01776 ± 0.00035,0.01234 ± 0.00021
F,GOLEM,XGBoost,26,26,9dd66c347bd7a388,5,0.882 ± 0.003,0.328 ± 0.013,0.384 ± 0.013,0.01808 ± 0.00032,0.01251 ± 0.00048
F,NOTEARS,FFMLP,1,1,b93202c111b3750e,5,0.456 ± 0.063,0.020 ± 0.002,0.035 ± 0.014,0.02167 ± 0.00004,0.00451 ± 0.00243
F,NOTEARS,FFMLP,2,2,4f5cf972f16a40f0,5,0.415 ± 0.019,0.019 ± 0.002,0.043 ± 0.000,0.02170 ± 0.00008,0.00308 ± 0.00146
F,NOTEARS,FFMLP,3,3,d64d609cce45d57b,5,0.414 ± 0.018,0.018 ± 0.001,0.027 ± 0.015,0.02171 ± 0.00004,0.00367 ± 0.00185
F,NOTEARS,FFMLP,4,4,8adff992fd0706d4,5,0.424 ± 0.023,0.020 ± 0.002,0.026 ± 0.018,0.02170 ± 0.00004,0.00383 ± 0.00143
F,NOTEARS,FFMLP,5,5,b1dec7466d19e199,5,0.528 ± 0.024,0.023 ± 0.001,0.046 ± 0.002,0.02166 ± 0.00006,0.00198 ± 0.00044
F,NOTEARS,FFMLP,6,6,4219c68b6a956822,5,0.713 ± 0.015,0.049 ± 0.005,0.095 ± 0.024,0.02145 ± 0.00010,0.00205 ± 0.00062
F,NOTEARS,FFMLP,7,7,d340e014abdbde54,5,0.684 ± 0.030,0.041 ± 0.006,0.083 ± 0.013,0.02168 ± 0.00016,0.00163 ± 0.00047
F,NOTEARS,FFMLP,8,8,8e781898f93fae4c,5,0.725 ± 0.006,0.051 ± 0.002,0.079 ± 0.020,0.02147 ± 0.00008,0.00244 ± 0.00118
F,NOTEARS,FFMLP,9,9,7857f6e9cbcb7625,5,0.712 ± 0.006,0.054 ± 0.002,0.098 ± 0.022,0.02147 ± 0.00012,0.00282 ± 0.00138
F,NOTEARS,FFMLP,10,10,47b1e5f94b9b1a02,5,0.734 ± 0.010,0.058 ± 0.001,0.125 ± 0.006,0.02144 ± 0.00018,0.00283 ± 0.00148
F,NOTEARS,FFMLP,11,11,2bdae9aac38d646c,5,0.742 ± 0.006,0.060 ± 0.002,0.133 ± 0.004,0.02127 ± 0.00005,0.00157 ± 0.00125
F,NOTEARS,FFMLP,12,12,35c436b9acad27fc,5,0.749 ± 0.009,0.067 ± 0.005,0.128 ± 0.022,0.02126 ± 0.00012,0.00238 ± 0.00134
F,NOTEARS,FFMLP,13,13,a7a8f4c78d6b8160,5,0.749 ± 0.008,0.066 ± 0.003,0.119 ± 0.028,0.02137 ± 0.00025,0.00310 ± 0.00150
F,NOTEARS,FFMLP,14,14,1beaf69a6726221e,5,0.756 ± 0.006,0.070 ± 0.003,0.138 ± 0.007,0.02121 ± 0.00011,0.00384 ± 0.00235
F,NOTEARS,FFMLP,15,15,99f71147c0b37466,5,0.755 ± 0.002,0.068 ± 0.003,0.135 ± 0.009,0.02117 ± 0.00009,0.00376 ± 0.00189
F,NOTEARS,FFMLP,16,16,2e09a38d203e2519,5,0.753 ± 0.005,0.070 ± 0.006,0.131 ± 0.009,0.02133 ± 0.00022,0.00366 ± 0.00172
F,NOTEARS,FFMLP,17,17,e9b5583403fe4d36,5,0.754 ± 0.007,0.072 ± 0.005,0.131 ± 0.018,0.02114 ± 0.00006,0.00335 ± 0.00212
F,NOTEARS,LightGBM,1,1,b93202c111b3750e,5,0.557 ± 0.000,0.027 ± 0.000,0.040 ± 0.000,0.02190 ± 0.00000,0.00357 ± 0.00000
F,NOTEARS,LightGBM,2,2,4f5cf972f16a40f0,5,0.698 ± 0.000,0.050 ± 0.000,0.103 ± 0.000,0.02586 ± 0.00000,0.02425 ± 0.00000
F,NOTEARS,LightGBM,3,3,d64d609cce45d57b,5,0.749 ± 0.006,0.066 ± 0.003,0.125 ± 0.006,0.02403 ± 0.00056,0.02138 ± 0.00072
F,NOTEARS,LightGBM,4,4,8adff992fd0706d4,5,0.815 ± 0.005,0.134 ± 0.006,0.228 ± 0.013,0.02194 ± 0.00020,0.01940 ± 0.00050
F,NOTEARS,LightGBM,5,5,b1dec7466d19e199,5,0.836 ± 0.006,0.169 ± 0.005,0.278 ± 0.014,0.02196 ± 0.00019,0.02086 ± 0.00045
F,NOTEARS,LightGBM,6,6,4219c68b6a956822,5,0.849 ± 0.006,0.223 ± 0.005,0.295 ± 0.012,0.02093 ± 0.00014,0.01965 ± 0.00058
F,NOTEARS,LightGBM,7,7,d340e014abdbde54,5,0.860 ± 0.007,0.225 ± 0.006,0.283 ± 0.013,0.02115 ± 0.00014,0.02033 ± 0.00015
F,NOTEARS,LightGBM,8,8,8e781898f93fae4c,5,0.868 ± 0.002,0.219 ± 0.005,0.286 ± 0.010,0.02117 ± 0.00016,0.02052 ± 0.00023
F,NOTEARS,LightGBM,9,9,7857f6e9cbcb7625,5,0.872 ± 0.002,0.213 ± 0.007,0.292 ± 0.012,0.02106 ± 0.00010,0.02005 ± 0.00031
F,NOTEARS,LightGBM,10,10,47b1e5f94b9b1a02,5,0.870 ± 0.003,0.225 ± 0.004,0.313 ± 0.016,0.02094 ± 0.00006,0.02031 ± 0.00038
F,NOTEARS,LightGBM,11,11,2bdae9aac38d646c,5,0.863 ± 0.003,0.224 ± 0.008,0.296 ± 0.014,0.02079 ± 0.00010,0.01995 ± 0.00047
F,NOTEARS,LightGBM,12,12,35c436b9acad27fc,5,0.864 ± 0.003,0.225 ± 0.003,0.295 ± 0.010,0.02085 ± 0.00011,0.02030 ± 0.00055
F,NOTEARS,LightGBM,13,13,a7a8f4c78d6b8160,5,0.865 ± 0.002,0.224 ± 0.009,0.300 ± 0.018,0.02086 ± 0.00020,0.02020 ± 0.00030
F,NOTEARS,LightGBM,14,14,1beaf69a6726221e,5,0.860 ± 0.002,0.236 ± 0.007,0.308 ± 0.018,0.02063 ± 0.00011,0.02014 ± 0.00034
F,NOTEARS,LightGBM,15,15,99f71147c0b37466,5,0.857 ± 0.002,0.219 ± 0.006,0.285 ± 0.010,0.02073 ± 0.00015,0.02003 ± 0.00025
F,NOTEARS,LightGBM,16,16,2e09a38d203e2519,5,0.861 ± 0.006,0.238 ± 0.008,0.301 ± 0.010,0.02036 ± 0.00015,0.02007 ± 0.00032
F,NOTEARS,LightGBM,17,17,e9b5583403fe4d36,5,0.853 ± 0.002,0.230 ± 0.008,0.292 ± 0.009,0.02049 ± 0.00011,0.01997 ± 0.00044
F,NOTEARS,Logit,1,1,b93202c111b3750e,5,0.422 ± 0.000,0.021 ± 0.000,0.043 ± 0.000,0.02161 ± 0.00000,0.00078 ± 0.00000
F,NOTEARS,Logit,2,2,4f5cf972f16a40f0,5,0.425 ± 0.000,0.021 ± 0.000,0.043 ± 0.000,0.02163 ± 0.00000,0.00086 ± 0.00000
F,NOTEARS,Logit,3,3,d64d609cce45d57b,5,0.418 ± 0.000,0.020 ± 0.000,0.043 ± 0.000,0.02163 ± 0.00000,0.00091 ± 0.00000
F,NOTEARS,Logit,4,4,8adff992fd0706d4,5,0.436 ± 0.000,0.019 ± 0.000,0.043 ± 0.000,0.02165 ± 0.00000,0.00098 ± 0.00000
F,NOTEARS,Logit,5,5,b1dec7466d19e199,5,0.521 ± 0.000,0.023 ± 0.000,0.043 ± 0.000,0.02166 ± 0.00000,0.00107 ± 0.00000
F,NOTEARS,Logit,6,6,4219c68b6a956822,5,0.665 ± 0.000,0.031 ± 0.000,0.048 ± 0.000,0.02170 ± 0.00000,0.00147 ± 0.00000
F,NOTEARS,Logit,7,7,d340e014abdbde54,5,0.528 ± 0.000,0.022 ± 0.000,0.046 ± 0.000,0.02170 ± 0.00000,0.00136 ± 0.00000
F,NOTEARS,Logit,8,8,8e781898f93fae4c,5,0.582 ± 0.000,0.027 ± 0.000,0.050 ± 0.000,0.02180 ± 0.00000,0.00176 ± 0.00000
F,NOTEARS,Logit,9,9,7857f6e9cbcb7625,5,0.579 ± 0.000,0.027 ± 0.000,0.050 ± 0.000,0.02182 ± 0.00000,0.00232 ± 0.00000
F,NOTEARS,Logit,10,10,47b1e5f94b9b1a02,5,0.577 ± 0.000,0.027 ± 0.000,0.049 ± 0.000,0.02193 ± 0.00000,0.00243 ± 0.00000
F,NOTEARS,Logit,11,11,2bdae9aac38d646c,5,0.611 ± 0.000,0.030 ± 0.000,0.056 ± 0.000,0.02194 ± 0.00000,0.00272 ± 0.00000
F,NOTEARS,Logit,12,12,35c436b9acad27fc,5,0.706 ± 0.000,0.048 ± 0.000,0.076 ± 0.000,0.02154 ± 0.00000,0.00295 ± 0.00000
F,NOTEARS,Logit,13,13,a7a8f4c78d6b8160,5,0.709 ± 0.000,0.049 ± 0.000,0.080 ± 0.000,0.02150 ± 0.00000,0.00256 ± 0.00000
F,NOTEARS,Logit,14,14,1beaf69a6726221e,5,0.709 ± 0.000,0.049 ± 0.000,0.079 ± 0.000,0.02150 ± 0.00000,0.00254 ± 0.00000
F,NOTEARS,Logit,15,15,99f71147c0b37466,5,0.709 ± 0.000,0.049 ± 0.000,0.081 ± 0.000,0.02149 ± 0.00000,0.00253 ± 0.00000
F,NOTEARS,Logit,16,16,2e09a38d203e2519,5,0.708 ± 0.000,0.048 ± 0.000,0.081 ± 0.000,0.02151 ± 0.00000,0.00250 ± 0.00000
F,NOTEARS,Logit,17,17,e9b5583403fe4d36,5,0.708 ± 0.000,0.047 ± 0.000,0.089 ± 0.000,0.02151 ± 0.00000,0.00297 ± 0.00000
F,NOTEARS,RF,1,1,b93202c111b3750e,5,0.502 ± 0.009,0.022 ± 0.000,0.004 ± 0.010,0.03402 ± 0.00008,0.04289 ± 0.00014
F,NOTEARS,RF,2,2,4f5cf972f16a40f0,5,0.636 ± 0.010,0.042 ± 0.002,0.070 ± 0.006,0.02346 ± 0.00006,0.02291 ± 0.00065
F,NOTEARS,RF,3,3,d64d609cce45d57b,5,0.734 ± 0.004,0.075 ± 0.002,0.146 ± 0.013,0.02177 ± 0.00007,0.01137 ± 0.00051
F,NOTEARS,RF,4,4,8adff992fd0706d4,5,0.825 ± 0.002,0.133 ± 0.001,0.227 ± 0.015,0.02049 ± 0.00002,0.00685 ± 0.00028
F,NOTEARS,RF,5,5,b1dec7466d19e199,5,0.852 ± 0.009,0.182 ± 0.002,0.290 ± 0.016,0.01971 ± 0.00005,0.00706 ± 0.00102
F,NOTEARS,RF,6,6,4219c68b6a956822,5,0.849 ± 0.005,0.210 ± 0.006,0.266 ± 0.014,0.01946 ± 0.00008,0.00731 ± 0.00060
F,NOTEARS,RF,7,7,d340e014abdbde54,5,0.855 ± 0.008,0.204 ± 0.003,0.270 ± 0.014,0.01945 ± 0.00004,0.00456 ± 0.00080
F,NOTEARS,RF,8,8,8e781898f93fae4c,5,0.858 ± 0.007,0.200 ± 0.006,0.275 ± 0.018,0.01945 ± 0.00004,0.00482 ± 0.00063
F,NOTEARS,RF,9,9,7857f6e9cbcb7625,5,0.854 ± 0.007,0.192 ± 0.009,0.282 ± 0.011,0.01957 ± 0.00004,0.00502 ± 0.00093
F,NOTEARS,RF,10,10,47b1e5f94b9b1a02,5,0.858 ± 0.006,0.194 ± 0.006,0.277 ± 0.014,0.01953 ± 0.00008,0.00478 ± 0.00113
F,NOTEARS,RF,11,11,2bdae9aac38d646c,5,0.855 ± 0.005,0.187 ± 0.004,0.259 ± 0.008,0.01958 ± 0.00005,0.00409 ± 0.00047
F,NOTEARS,RF,12,12,35c436b9acad27fc,5,0.846 ± 0.005,0.181 ± 0.006,0.252 ± 0.013,0.01972 ± 0.00006,0.00398 ± 0.00066
F,NOTEARS,RF,13,13,a7a8f4c78d6b8160,5,0.840 ± 0.009,0.174 ± 0.005,0.228 ± 0.017,0.01981 ± 0.00007,0.00423 ± 0.00046
F,NOTEARS,RF,14,14,1beaf69a6726221e,5,0.843 ± 0.005,0.174 ± 0.004,0.245 ± 0.013,0.01983 ± 0.00004,0.00408 ± 0.00031
F,NOTEARS,RF,15,15,99f71147c0b37466,5,0.841 ± 0.013,0.161 ± 0.003,0.229 ± 0.012,0.02003 ± 0.00004,0.00598 ± 0.00055
F,NOTEARS,RF,16,16,2e09a38d203e2519,5,0.841 ± 0.009,0.181 ± 0.003,0.241 ± 0.006,0.01976 ± 0.00005,0.00457 ± 0.00039
F,NOTEARS,RF,17,17,e9b5583403fe4d36,5,0.840 ± 0.006,0.176 ± 0.003,0.236 ± 0.021,0.01982 ± 0.00002,0.00470 ± 0.00093
F,NOTEARS,XGBoost,1,1,b93202c111b3750e,5,0.568 ± 0.002,0.030 ± 0.000,0.047 ± 0.004,0.02171 ± 0.00000,0.00294 ± 0.00014
F,NOTEARS,XGBoost,2,2,4f5cf972f16a40f0,5,0.684 ± 0.002,0.051 ± 0.001,0.102 ± 0.009,0.02177 ± 0.00002,0.00616 ± 0.00066
F,NOTEARS,XGBoost,3,3,d64d609cce45d57b,5,0.797 ± 0.001,0.100 ± 0.001,0.149 ± 0.006,0.02155 ± 0.00013,0.01064 ± 0.00081
F,NOTEARS,XGBoost,4,4,8adff992fd0706d4,5,0.842 ± 0.002,0.187 ± 0.008,0.235 ± 0.005,0.01987 ± 0.00011,0.00785 ± 0.00080
F,NOTEARS,XGBoost,5,5,b1dec7466d19e199,5,0.867 ± 0.003,0.225 ± 0.009,0.263 ± 0.036,0.01926 ± 0.00016,0.00900 ± 0.00053
F,NOTEARS,XGBoost,6,6,4219c68b6a956822,5,0.867 ± 0.003,0.247 ± 0.006,0.320 ± 0.022,0.01908 ± 0.00006,0.00969 ± 0.00065
F,NOTEARS,XGBoost,7,7,d340e014abdbde54,5,0.870 ± 0.005,0.230 ± 0.007,0.302 ± 0.027,0.01931 ± 0.00009,0.00974 ± 0.00033
F,NOTEARS,XGBoost,8,8,8e781898f93fae4c,5,0.874 ± 0.004,0.225 ± 0.012,0.303 ± 0.016,0.01939 ± 0.00014,0.01043 ± 0.00112
F,NOTEARS,XGBoost,9,9,7857f6e9cbcb7625,5,0.872 ± 0.004,0.231 ± 0.003,0.314 ± 0.015,0.01923 ± 0.00007,0.00979 ± 0.00028
F,NOTEARS,XGBoost,10,10,47b1e5f94b9b1a02,5,0.875 ± 0.004,0.233 ± 0.007,0.296 ± 0.018,0.01916 ± 0.00014,0.00982 ± 0.00073
F,NOTEARS,XGBoost,11,11,2bdae9aac38d646c,5,0.859 ± 0.002,0.241 ± 0.009,0.325 ± 0.023,0.01901 ± 0.00017,0.00989 ± 0.00047
F,NOTEARS,XGBoost,12,12,35c436b9acad27fc,5,0.862 ± 0.001,0.243 ± 0.012,0.324 ± 0.020,0.01900 ± 0.00020,0.01023 ± 0.00099
F,NOTEARS,XGBoost,13,13,a7a8f4c78d6b8160,5,0.862 ± 0.003,0.246 ± 0.006,0.318 ± 0.030,0.01896 ± 0.00014,0.01107 ± 0.00093
F,NOTEARS,XGBoost,14,14,1beaf69a6726221e,5,0.860 ± 0.003,0.239 ± 0.009,0.295 ± 0.018,0.01906 ± 0.00013,0.01089 ± 0.00062
F,NOTEARS,XGBoost,15,15,99f71147c0b37466,5,0.860 ± 0.004,0.234 ± 0.012,0.310 ± 0.018,0.01922 ± 0.00022,0.01102 ± 0.00058
F,NOTEARS,XGBoost,16,16,2e09a38d203e2519,5,0.857 ± 0.002,0.246 ± 0.008,0.317 ± 0.014,0.01900 ± 0.00014,0.01074 ± 0.00046
F,NOTEARS,XGBoost,17,17,e9b5583403fe4d36,5,0.851 ± 0.003,0.236 ± 0.003,0.292 ± 0.015,0.01918 ± 0.00005,0.01132 ± 0.00041
F,PC,FFMLP,1,1,2acb74dbd7bd057e,5,0.470 ± 0.041,0.024 ± 0.002,0.043 ± 0.000,0.02167 ± 0.00004,0.00633 ± 0.00297
F,PC,FFMLP,2,2,a5b5b295620f8bed,5,0.407 ± 0.041,0.019 ± 0.004,0.043 ± 0.000,0.02170 ± 0.00006,0.00343 ± 0.00236
F,PC,FFMLP,3,3,5cf90b5edf72667f,5,0.460 ± 0.096,0.025 ± 0.010,0.043 ± 0.000,0.02167 ± 0.00004,0.00304 ± 0.00200
F,PC,FFMLP,4,4,950d85bca05dd77f,5,0.450 ± 0.041,0.023 ± 0.005,0.043 ± 0.000,0.02171 ± 0.00009,0.00374 ± 0.00476
F,PC,FFMLP,5,5,b3389ea9a2d038ca,5,0.505 ± 0.063,0.027 ± 0.013,0.043 ± 0.000,0.02167 ± 0.00005,0.00430 ± 0.00119
F,PC,FFMLP,6,6,46c7802b88378834,5,0.489 ± 0.088,0.028 ± 0.011,0.051 ± 0.016,0.02167 ± 0.00003,0.00404 ± 0.00170
F,PC,FFMLP,7,7,42ad0f30d99576ea,5,0.610 ± 0.035,0.040 ± 0.004,0.056 ± 0.015,0.02176 ± 0.00033,0.00177 ± 0.00080
F,PC,FFMLP,8,8,c2f13db4fa9587a8,5,0.650 ± 0.024,0.040 ± 0.005,0.069 ± 0.027,0.02173 ± 0.00026,0.00209 ± 0.00111
F,PC,FFMLP,9,9,f1dae46cde9d5ed0,5,0.695 ± 0.019,0.043 ± 0.003,0.085 ± 0.011,0.02171 ± 0.00014,0.00230 ± 0.00048
F,PC,FFMLP,10,10,dcdfcb1839ed0107,5,0.721 ± 0.005,0.053 ± 0.003,0.082 ± 0.031,0.02144 ± 0.00008,0.00258 ± 0.00106
F,PC,FFMLP,11,11,b2d9e3ac65acdcce,5,0.709 ± 0.005,0.052 ± 0.002,0.072 ± 0.036,0.02153 ± 0.00014,0.00266 ± 0.00039
F,PC,FFMLP,12,12,3a4f3db67c20c422,5,0.706 ± 0.029,0.053 ± 0.008,0.092 ± 0.014,0.02163 ± 0.00030,0.00258 ± 0.00060
F,PC,FFMLP,13,13,78129d8c0793f97e,5,0.726 ± 0.013,0.058 ± 0.005,0.118 ± 0.016,0.02154 ± 0.00032,0.00275 ± 0.00098
F,PC,FFMLP,14,14,2640d16d5eb10fde,5,0.722 ± 0.016,0.054 ± 0.005,0.090 ± 0.026,0.02171 ± 0.00010,0.00292 ± 0.00083
F,PC,FFMLP,15,15,db530282923044dc,5,0.727 ± 0.011,0.059 ± 0.005,0.107 ± 0.022,0.02151 ± 0.00008,0.00228 ± 0.00072
F,PC,FFMLP,16,16,fe0a618a4400ef48,5,0.727 ± 0.006,0.057 ± 0.002,0.116 ± 0.019,0.02155 ± 0.00012,0.00330 ± 0.00054
F,PC,FFMLP,17,17,8e947346f7ed3fe0,5,0.731 ± 0.001,0.060 ± 0.001,0.128 ± 0.015,0.02163 ± 0.00025,0.00230 ± 0.00062
F,PC,FFMLP,18,18,c83c26238669a20a,5,0.723 ± 0.006,0.063 ± 0.002,0.141 ± 0.007,0.02151 ± 0.00028,0.00254 ± 0.00100
F,PC,FFMLP,19,19,9795ed9fa640803b,5,0.732 ± 0.006,0.064 ± 0.004,0.112 ± 0.024,0.02151 ± 0.00019,0.00344 ± 0.00111
F,PC,FFMLP,20,20,6a70cabfe5104abc,5,0.748 ± 0.015,0.070 ± 0.008,0.130 ± 0.017,0.02140 ± 0.00022,0.00262 ± 0.00132
F,PC,FFMLP,21,21,ac0713d3eecfcacd,5,0.749 ± 0.006,0.069 ± 0.004,0.125 ± 0.020,0.02134 ± 0.00006,0.00256 ± 0.00059
F,PC,FFMLP,22,22,53a85c01fe6d0b7e,5,0.756 ± 0.007,0.074 ± 0.008,0.127 ± 0.024,0.02146 ± 0.00030,0.00299 ± 0.00114
F,PC,FFMLP,23,23,cdc2001fb0e0a04f,5,0.756 ± 0.008,0.071 ± 0.004,0.135 ± 0.014,0.02146 ± 0.00009,0.00241 ± 0.00107
F,PC,FFMLP,24,24,f013b14af9b65489,5,0.755 ± 0.010,0.068 ± 0.002,0.120 ± 0.024,0.02147 ± 0.00012,0.00345 ± 0.00114
F,PC,LightGBM,1,1,2acb74dbd7bd057e,5,0.534 ± 0.000,0.025 ± 0.000,0.011 ± 0.000,0.02207 ± 0.00000,0.00504 ± 0.00000
F,PC,LightGBM,2,2,a5b5b295620f8bed,5,0.698 ± 0.000,0.050 ± 0.000,0.103 ± 0.000,0.02586 ± 0.00000,0.02425 ± 0.00000
F,PC,LightGBM,3,3,5cf90b5edf72667f,5,0.715 ± 0.026,0.047 ± 0.004,0.088 ± 0.033,0.02492 ± 0.00052,0.02422 ± 0.00074
F,PC,LightGBM,4,4,950d85bca05dd77f,5,0.752 ± 0.005,0.080 ± 0.002,0.148 ± 0.013,0.02277 ± 0.00014,0.01956 ± 0.00047
F,PC,LightGBM,5,5,b3389ea9a2d038ca,5,0.852 ± 0.002,0.185 ± 0.004,0.278 ± 0.027,0.02152 ± 0.00021,0.01907 ± 0.00076
F,PC,LightGBM,6,6,46c7802b88378834,5,0.893 ± 0.003,0.218 ± 0.002,0.316 ± 0.019,0.02101 ± 0.00017,0.01910 ± 0.00051
F,PC,LightGBM,7,7,42ad0f30d99576ea,5,0.898 ± 0.005,0.234 ± 0.010,0.321 ± 0.010,0.02075 ± 0.00022,0.01923 ± 0.00032
F,PC,LightGBM,8,8,c2f13db4fa9587a8,5,0.905 ± 0.002,0.222 ± 0.004,0.265 ± 0.028,0.02099 ± 0.00025,0.02038 ± 0.00007
F,PC,LightGBM,9,9,f1dae46cde9d5ed0,5,0.901 ± 0.004,0.265 ± 0.006,0.342 ± 0.016,0.02032 ± 0.00024,0.01999 ± 0.00050
F,PC,LightGBM,10,10,dcdfcb1839ed0107,5,0.891 ± 0.002,0.273 ± 0.009,0.347 ± 0.021,0.02015 ± 0.00018,0.01919 ± 0.00030
F,PC,LightGBM,11,11,b2d9e3ac65acdcce,5,0.893 ± 0.004,0.288 ± 0.007,0.378 ± 0.023,0.02006 ± 0.00029,0.01933 ± 0.00044
F,PC,LightGBM,12,12,3a4f3db67c20c422,5,0.888 ± 0.002,0.288 ± 0.005,0.365 ± 0.018,0.02002 ± 0.00012,0.01941 ± 0.00021
F,PC,LightGBM,13,13,78129d8c0793f97e,5,0.886 ± 0.001,0.302 ± 0.009,0.391 ± 0.022,0.01959 ± 0.00028,0.01891 ± 0.00060
F,PC,LightGBM,14,14,2640d16d5eb10fde,5,0.904 ± 0.002,0.347 ± 0.007,0.404 ± 0.007,0.01868 ± 0.00017,0.01835 ± 0.00040
F,PC,LightGBM,15,15,db530282923044dc,5,0.898 ± 0.004,0.371 ± 0.009,0.423 ± 0.018,0.01816 ± 0.00022,0.01755 ± 0.00048
F,PC,LightGBM,16,16,fe0a618a4400ef48,5,0.901 ± 0.002,0.370 ± 0.005,0.438 ± 0.015,0.01829 ± 0.00006,0.01766 ± 0.00033
F,PC,LightGBM,17,17,8e947346f7ed3fe0,5,0.901 ± 0.001,0.369 ± 0.003,0.424 ± 0.017,0.01846 ± 0.00013,0.01789 ± 0.00024
F,PC,LightGBM,18,18,c83c26238669a20a,5,0.906 ± 0.002,0.385 ± 0.002,0.431 ± 0.009,0.01849 ± 0.00006,0.01844 ± 0.00034
F,PC,LightGBM,19,19,9795ed9fa640803b,5,0.911 ± 0.001,0.387 ± 0.007,0.444 ± 0.011,0.01841 ± 0.00030,0.01805 ± 0.00044
F,PC,LightGBM,20,20,6a70cabfe5104abc,5,0.908 ± 0.002,0.416 ± 0.005,0.429 ± 0.010,0.01776 ± 0.00013,0.01728 ± 0.00035
F,PC,LightGBM,21,21,ac0713d3eecfcacd,5,0.906 ± 0.003,0.422 ± 0.004,0.435 ± 0.012,0.01762 ± 0.00014,0.01737 ± 0.00045
F,PC,LightGBM,22,22,53a85c01fe6d0b7e,5,0.908 ± 0.002,0.414 ± 0.006,0.423 ± 0.028,0.01783 ± 0.00024,0.01777 ± 0.00044
F,PC,LightGBM,23,23,cdc2001fb0e0a04f,5,0.909 ± 0.002,0.417 ± 0.003,0.412 ± 0.012,0.01774 ± 0.00009,0.01734 ± 0.00045
F,PC,LightGBM,24,24,f013b14af9b65489,5,0.909 ± 0.004,0.414 ± 0.005,0.415 ± 0.013,0.01785 ± 0.00017,0.01739 ± 0.00038
F,PC,Logit,1,1,2acb74dbd7bd057e,5,0.457 ± 0.000,0.025 ± 0.000,0.043 ± 0.000,0.02160 ± 0.00000,0.00052 ± 0.00000
F,PC,Logit,2,2,a5b5b295620f8bed,5,0.425 ± 0.000,0.021 ± 0.000,0.043 ± 0.000,0.02163 ± 0.00000,0.00086 ± 0.00000
F,PC,Logit,3,3,5cf90b5edf72667f,5,0.419 ± 0.000,0.021 ± 0.000,0.043 ± 0.000,0.02163 ± 0.00000,0.00084 ± 0.00000
F,PC,Logit,4,4,950d85bca05dd77f,5,0.417 ± 0.000,0.020 ± 0.000,0.043 ± 0.000,0.02163 ± 0.00000,0.00091 ± 0.00000
F,PC,Logit,5,5,b3389ea9a2d038ca,5,0.427 ± 0.000,0.021 ± 0.000,0.043 ± 0.000,0.02163 ± 0.00000,0.00091 ± 0.00000
F,PC,Logit,6,6,46c7802b88378834,5,0.452 ± 0.000,0.020 ± 0.000,0.043 ± 0.000,0.02165 ± 0.00000,0.00099 ± 0.00000
F,PC,Logit,7,7,42ad0f30d99576ea,5,0.544 ± 0.000,0.024 ± 0.000,0.044 ± 0.000,0.02171 ± 0.00000,0.00135 ± 0.00000
F,PC,Logit,8,8,c2f13db4fa9587a8,5,0.547 ± 0.000,0.025 ± 0.000,0.043 ± 0.000,0.02171 ± 0.00000,0.00135 ± 0.00000
F,PC,Logit,9,9,f1dae46cde9d5ed0,5,0.592 ± 0.000,0.028 ± 0.000,0.044 ± 0.000,0.02178 ± 0.00000,0.00185 ± 0.00000
F,PC,Logit,10,10,dcdfcb1839ed0107,5,0.576 ± 0.000,0.026 ± 0.000,0.050 ± 0.000,0.02175 ± 0.00000,0.00177 ± 0.00000
F,PC,Logit,11,11,b2d9e3ac65acdcce,5,0.577 ± 0.000,0.026 ± 0.000,0.050 ± 0.000,0.02179 ± 0.00000,0.00187 ± 0.00000
F,PC,Logit,12,12,3a4f3db67c20c422,5,0.578 ± 0.000,0.026 ± 0.000,0.051 ± 0.000,0.02178 ± 0.00000,0.00187 ± 0.00000
F,PC,Logit,13,13,78129d8c0793f97e,5,0.579 ± 0.000,0.026 ± 0.000,0.051 ± 0.000,0.02178 ± 0.00000,0.00201 ± 0.00000
F,PC,Logit,14,14,2640d16d5eb10fde,5,0.582 ± 0.000,0.027 ± 0.000,0.050 ± 0.000,0.02204 ± 0.00000,0.00205 ± 0.00000
F,PC,Logit,15,15,db530282923044dc,5,0.583 ± 0.000,0.027 ± 0.000,0.049 ± 0.000,0.02205 ± 0.00000,0.00213 ± 0.00000
F,PC,Logit,16,16,fe0a618a4400ef48,5,0.590 ± 0.000,0.028 ± 0.000,0.051 ± 0.000,0.02212 ± 0.00000,0.00272 ± 0.00000
F,PC,Logit,17,17,8e947346f7ed3fe0,5,0.651 ± 0.000,0.036 ± 0.000,0.060 ± 0.000,0.02219 ± 0.00000,0.00306 ± 0.00000
F,PC,Logit,18,18,c83c26238669a20a,5,0.647 ± 0.000,0.035 ± 0.000,0.059 ± 0.000,0.02233 ± 0.00000,0.00337 ± 0.00000
F,PC,Logit,19,19,9795ed9fa640803b,5,0.648 ± 0.000,0.035 ± 0.000,0.060 ± 0.000,0.02234 ± 0.00000,0.00338 ± 0.00000
F,PC,Logit,20,20,6a70cabfe5104abc,5,0.655 ± 0.000,0.036 ± 0.000,0.060 ± 0.000,0.02237 ± 0.00000,0.00345 ± 0.00000
F,PC,Logit,21,21,ac0713d3eecfcacd,5,0.684 ± 0.000,0.041 ± 0.000,0.057 ± 0.000,0.02240 ± 0.00000,0.00356 ± 0.00000
F,PC,Logit,22,22,53a85c01fe6d0b7e,5,0.684 ± 0.000,0.041 ± 0.000,0.063 ± 0.000,0.02240 ± 0.00000,0.00367 ± 0.00000
F,PC,Logit,23,23,cdc2001fb0e0a04f,5,0.688 ± 0.000,0.042 ± 0.000,0.071 ± 0.000,0.02240 ± 0.00000,0.00339 ± 0.00000
F,PC,Logit,24,24,f013b14af9b65489,5,0.690 ± 0.000,0.043 ± 0.000,0.076 ± 0.000,0.02240 ± 0.00000,0.00352 ± 0.00000
F,PC,RF,1,1,2acb74dbd7bd057e,5,0.489 ± 0.010,0.022 ± 0.000,0.020 ± 0.005,0.03241 ± 0.00013,0.04106 ± 0.00018
F,PC,RF,2,2,a5b5b295620f8bed,5,0.633 ± 0.009,0.042 ± 0.002,0.073 ± 0.007,0.02346 ± 0.00010,0.02248 ± 0.00063
F,PC,RF,3,3,5cf90b5edf72667f,5,0.704 ± 0.003,0.054 ± 0.001,0.101 ± 0.005,0.02231 ± 0.00003,0.01565 ± 0.00065
F,PC,RF,4,4,950d85bca05dd77f,5,0.780 ± 0.009,0.084 ± 0.002,0.162 ± 0.010,0.02147 ± 0.00006,0.00898 ± 0.00060
F,PC,RF,5,5,b3389ea9a2d038ca,5,0.867 ± 0.004,0.207 ± 0.006,0.292 ± 0.012,0.01944 ± 0.00007,0.00625 ± 0.00047
F,PC,RF,6,6,46c7802b88378834,5,0.890 ± 0.003,0.259 ± 0.005,0.353 ± 0.011,0.01849 ± 0.00005,0.00474 ± 0.00079
F,PC,RF,7,7,42ad0f30d99576ea,5,0.894 ± 0.003,0.244 ± 0.005,0.351 ± 0.007,0.01858 ± 0.00006,0.00568 ± 0.00043
F,PC,RF,8,8,c2f13db4fa9587a8,5,0.898 ± 0.003,0.261 ± 0.009,0.335 ± 0.019,0.01845 ± 0.00007,0.00454 ± 0.00068
F,PC,RF,9,9,f1dae46cde9d5ed0,5,0.899 ± 0.004,0.267 ± 0.004,0.361 ± 0.014,0.01834 ± 0.00006,0.00450 ± 0.00074
F,PC,RF,10,10,dcdfcb1839ed0107,5,0.900 ± 0.006,0.269 ± 0.005,0.348 ± 0.017,0.01830 ± 0.00007,0.00481 ± 0.00095
F,PC,RF,11,11,b2d9e3ac65acdcce,5,0.897 ± 0.005,0.272 ± 0.006,0.361 ± 0.014,0.01827 ± 0.00006,0.00395 ± 0.00082
F,PC,RF,12,12,3a4f3db67c20c422,5,0.903 ± 0.006,0.264 ± 0.004,0.342 ± 0.011,0.01840 ± 0.00003,0.00428 ± 0.00116
F,PC,RF,13,13,78129d8c0793f97e,5,0.909 ± 0.008,0.269 ± 0.008,0.336 ± 0.024,0.01839 ± 0.00009,0.00472 ± 0.00048
F,PC,RF,14,14,2640d16d5eb10fde,5,0.920 ± 0.002,0.285 ± 0.004,0.345 ± 0.031,0.01820 ± 0.00005,0.00367 ± 0.00042
F,PC,RF,15,15,db530282923044dc,5,0.912 ± 0.005,0.283 ± 0.004,0.328 ± 0.020,0.01826 ± 0.00007,0.00486 ± 0.00036
F,PC,RF,16,16,fe0a618a4400ef48,5,0.912 ± 0.003,0.284 ± 0.007,0.331 ± 0.018,0.01825 ± 0.00010,0.00443 ± 0.00106
F,PC,RF,17,17,8e947346f7ed3fe0,5,0.908 ± 0.006,0.282 ± 0.007,0.323 ± 0.029,0.01826 ± 0.00006,0.00455 ± 0.00079
F,PC,RF,18,18,c83c26238669a20a,5,0.915 ± 0.008,0.290 ± 0.004,0.312 ± 0.008,0.01810 ± 0.00006,0.00475 ± 0.00116
F,PC,RF,19,19,9795ed9fa640803b,5,0.915 ± 0.005,0.292 ± 0.003,0.327 ± 0.015,0.01811 ± 0.00008,0.00428 ± 0.00081
F,PC,RF,20,20,6a70cabfe5104abc,5,0.910 ± 0.007,0.373 ± 0.003,0.392 ± 0.014,0.01689 ± 0.00005,0.00340 ± 0.00040
F,PC,RF,21,21,ac0713d3eecfcacd,5,0.912 ± 0.006,0.372 ± 0.006,0.399 ± 0.010,0.01691 ± 0.00008,0.00325 ± 0.00071
F,PC,RF,22,22,53a85c01fe6d0b7e,5,0.911 ± 0.006,0.373 ± 0.007,0.404 ± 0.011,0.01689 ± 0.00008,0.00390 ± 0.00063
F,PC,RF,23,23,cdc2001fb0e0a04f,5,0.916 ± 0.005,0.381 ± 0.005,0.403 ± 0.013,0.01676 ± 0.00007,0.00381 ± 0.00146
F,PC,RF,24,24,f013b14af9b65489,5,0.915 ± 0.007,0.385 ± 0.003,0.417 ± 0.011,0.01674 ± 0.00004,0.00441 ± 0.00062
F,PC,XGBoost,1,1,2acb74dbd7bd057e,5,0.533 ± 0.002,0.025 ± 0.001,0.048 ± 0.001,0.02186 ± 0.00001,0.00377 ± 0.00032
F,PC,XGBoost,2,2,a5b5b295620f8bed,5,0.685 ± 0.003,0.052 ± 0.001,0.097 ± 0.014,0.02174 ± 0.00002,0.00589 ± 0.00049
F,PC,XGBoost,3,3,5cf90b5edf72667f,5,0.772 ± 0.002,0.076 ± 0.005,0.113 ± 0.018,0.02165 ± 0.00007,0.00918 ± 0.00071
F,PC,XGBoost,4,4,950d85bca05dd77f,5,0.814 ± 0.003,0.112 ± 0.006,0.193 ± 0.014,0.02117 ± 0.00017,0.00928 ± 0.00072
F,PC,XGBoost,5,5,b3389ea9a2d038ca,5,0.891 ± 0.001,0.208 ± 0.004,0.281 ± 0.033,0.01995 ± 0.00012,0.01022 ± 0.00144
F,PC,XGBoost,6,6,46c7802b88378834,5,0.905 ± 0.002,0.266 ± 0.007,0.322 ± 0.018,0.01861 ± 0.00016,0.00858 ± 0.00067
F,PC,XGBoost,7,7,42ad0f30d99576ea,5,0.906 ± 0.001,0.261 ± 0.005,0.329 ± 0.012,0.01873 ± 0.00005,0.01003 ± 0.00040
F,PC,XGBoost,8,8,c2f13db4fa9587a8,5,0.907 ± 0.003,0.242 ± 0.012,0.291 ± 0.016,0.01924 ± 0.00026,0.01168 ± 0.00091
F,PC,XGBoost,9,9,f1dae46cde9d5ed0,5,0.902 ± 0.002,0.282 ± 0.011,0.348 ± 0.015,0.01862 ± 0.00021,0.01118 ± 0.00036
F,PC,XGBoost,10,10,dcdfcb1839ed0107,5,0.901 ± 0.003,0.301 ± 0.009,0.361 ± 0.007,0.01820 ± 0.00018,0.01098 ± 0.00079
F,PC,XGBoost,11,11,b2d9e3ac65acdcce,5,0.902 ± 0.004,0.300 ± 0.009,0.356 ± 0.031,0.01816 ± 0.00016,0.01083 ± 0.00068
F,PC,XGBoost,12,12,3a4f3db67c20c422,5,0.904 ± 0.003,0.291 ± 0.005,0.340 ± 0.017,0.01845 ± 0.00004,0.01115 ± 0.00046
F,PC,XGBoost,13,13,78129d8c0793f97e,5,0.902 ± 0.004,0.301 ± 0.005,0.342 ± 0.020,0.01839 ± 0.00011,0.01194 ± 0.00067
F,PC,XGBoost,14,14,2640d16d5eb10fde,5,0.924 ± 0.002,0.338 ± 0.007,0.367 ± 0.036,0.01780 ± 0.00013,0.01151 ± 0.00079
F,PC,XGBoost,15,15,db530282923044dc,5,0.920 ± 0.005,0.353 ± 0.007,0.350 ± 0.022,0.01766 ± 0.00012,0.01185 ± 0.00053
F,PC,XGBoost,16,16,fe0a618a4400ef48,5,0.919 ± 0.003,0.348 ± 0.004,0.350 ± 0.022,0.01778 ± 0.00013,0.01222 ± 0.00053
F,PC,XGBoost,17,17,8e947346f7ed3fe0,5,0.922 ± 0.004,0.360 ± 0.011,0.381 ± 0.012,0.01752 ± 0.00019,0.01126 ± 0.00012
F,PC,XGBoost,18,18,c83c26238669a20a,5,0.919 ± 0.003,0.362 ± 0.009,0.381 ± 0.017,0.01740 ± 0.00009,0.01207 ± 0.00048
F,PC,XGBoost,19,19,9795ed9fa640803b,5,0.923 ± 0.004,0.370 ± 0.011,0.382 ± 0.012,0.01731 ± 0.00015,0.01147 ± 0.00076
F,PC,XGBoost,20,20,6a70cabfe5104abc,5,0.918 ± 0.003,0.397 ± 0.006,0.412 ± 0.030,0.01686 ± 0.00014,0.01147 ± 0.00011
F,PC,XGBoost,21,21,ac0713d3eecfcacd,5,0.909 ± 0.002,0.399 ± 0.008,0.410 ± 0.008,0.01687 ± 0.00011,0.01154 ± 0.00109
F,PC,XGBoost,22,22,53a85c01fe6d0b7e,5,0.911 ± 0.003,0.396 ± 0.007,0.415 ± 0.016,0.01692 ± 0.00014,0.01149 ± 0.00085
F,PC,XGBoost,23,23,cdc2001fb0e0a04f,5,0.913 ± 0.001,0.406 ± 0.009,0.412 ± 0.014,0.01673 ± 0.00009,0.01159 ± 0.00038
F,PC,XGBoost,24,24,f013b14af9b65489,5,0.915 ± 0.002,0.406 ± 0.006,0.413 ± 0.022,0.01683 ± 0.00012,0.01208 ± 0.00048
O,GES,FFMLP,0,13,d142655db65fda0d,5,0.869 ± 0.003,0.332 ± 0.023,0.380 ± 0.034,0.01977 ± 0.00015,0.00953 ± 0.00108
O,GES,LightGBM,0,13,d142655db65fda0d,5,0.921 ± 0.003,0.446 ± 0.006,0.466 ± 0.015,0.01674 ± 0.00017,0.01578 ± 0.00033
O,GES,Logit,0,13,d142655db65fda0d,5,0.924 ± 0.000,0.255 ± 0.000,0.259 ± 0.000,0.01891 ± 0.00000,0.01137 ± 0.00000
O,GES,RF,0,13,d142655db65fda0d,5,0.926 ± 0.008,0.445 ± 0.005,0.425 ± 0.018,0.01588 ± 0.00008,0.00497 ± 0.00099
O,GES,XGBoost,0,13,d142655db65fda0d,5,0.936 ± 0.003,0.455 ± 0.004,0.443 ± 0.022,0.01609 ± 0.00013,0.01101 ± 0.00048
O,GOLEM,FFMLP,0,13,d142655db65fda0d,5,0.869 ± 0.003,0.332 ± 0.023,0.380 ± 0.034,0.01977 ± 0.00015,0.00953 ± 0.00108
O,GOLEM,LightGBM,0,13,d142655db65fda0d,5,0.921 ± 0.003,0.446 ± 0.006,0.466 ± 0.015,0.01674 ± 0.00017,0.01578 ± 0.00033
O,GOLEM,Logit,0,13,d142655db65fda0d,5,0.924 ± 0.000,0.255 ± 0.000,0.259 ± 0.000,0.01891 ± 0.00000,0.01137 ± 0.00000
O,GOLEM,RF,0,13,d142655db65fda0d,5,0.926 ± 0.008,0.445 ± 0.005,0.425 ± 0.018,0.01588 ± 0.00008,0.00497 ± 0.00099
O,GOLEM,XGBoost,0,13,d142655db65fda0d,5,0.936 ± 0.003,0.455 ± 0.004,0.443 ± 0.022,0.01609 ± 0.00013,0.01101 ± 0.00048
O,NOTEARS,FFMLP,0,13,d142655db65fda0d,5,0.869 ± 0.003,0.332 ± 0.023,0.380 ± 0.034,0.01977 ± 0.00015,0.00953 ± 0.00108
O,NOTEARS,LightGBM,0,13,d142655db65fda0d,5,0.921 ± 0.003,0.446 ± 0.006,0.466 ± 0.015,0.01674 ± 0.00017,0.01578 ± 0.00033
O,NOTEARS,Logit,0,13,d142655db65fda0d,5,0.924 ± 0.000,0.255 ± 0.000,0.259 ± 0.000,0.01891 ± 0.00000,0.01137 ± 0.00000
O,NOTEARS,RF,0,13,d142655db65fda0d,5,0.926 ± 0.008,0.445 ± 0.005,0.425 ± 0.018,0.01588 ± 0.00008,0.00497 ± 0.00099
O,NOTEARS,XGBoost,0,13,d142655db65fda0d,5,0.936 ± 0.003,0.455 ± 0.004,0.443 ± 0.022,0.01609 ± 0.00013,0.01101 ± 0.00048
O,PC,FFMLP,0,13,d142655db65fda0d,5,0.869 ± 0.003,0.332 ± 0.023,0.380 ± 0.034,0.01977 ± 0.00015,0.00953 ± 0.00108
O,PC,LightGBM,0,13,d142655db65fda0d,5,0.921 ± 0.003,0.446 ± 0.006,0.466 ± 0.015,0.01674 ± 0.00017,0.01578 ± 0.00033
O,PC,Logit,0,13,d142655db65fda0d,5,0.924 ± 0.000,0.255 ± 0.000,0.259 ± 0.000,0.01891 ± 0.00000,0.01137 ± 0.00000
O,PC,RF,0,13,d142655db65fda0d,5,0.926 ± 0.008,0.445 ± 0.005,0.425 ± 0.018,0.01588 ± 0.00008,0.00497 ± 0.00099
O,PC,XGBoost,0,13,d142655db65fda0d,5,0.936 ± 0.003,0.455 ± 0.004,0.443 ± 0.022,0.01609 ± 0.00013,0.01101 ± 0.00048
OF,GES,FFMLP,1,14,daa9910e8071bea2,5,0.861 ± 0.010,0.236 ± 0.022,0.330 ± 0.023,0.01998 ± 0.00026,0.00797 ± 0.00084
OF,GES,FFMLP,2,15,94a6f15dee14fabd,5,0.871 ± 0.013,0.254 ± 0.015,0.325 ± 0.013,0.01969 ± 0.00021,0.00902 ± 0.00141
OF,GES,FFMLP,3,16,074ddd55b1ae863a,5,0.869 ± 0.007,0.249 ± 0.032,0.316 ± 0.022,0.01978 ± 0.00020,0.00911 ± 0.00079
OF,GES,FFMLP,4,17,ddad07b04d5a43ea,5,0.872 ± 0.011,0.284 ± 0.034,0.359 ± 0.046,0.01965 ± 0.00018,0.00900 ± 0.00101
OF,GES,FFMLP,5,18,ae5e4415360a9a1b,5,0.871 ± 0.013,0.225 ± 0.013,0.335 ± 0.018,0.01991 ± 0.00038,0.00847 ± 0.00082
OF,GES,FFMLP,6,19,ce6ce007ddb29321,5,0.873 ± 0.009,0.235 ± 0.005,0.344 ± 0.018,0.01979 ± 0.00018,0.00933 ± 0.00113
OF,GES,FFMLP,7,20,21dc070e2e7bdef2,5,0.878 ± 0.008,0.263 ± 0.005,0.368 ± 0.022,0.01967 ± 0.00022,0.00973 ± 0.00077
OF,GES,FFMLP,8,21,0a51d1df36fd1f1a,5,0.878 ± 0.005,0.270 ± 0.027,0.364 ± 0.016,0.01952 ± 0.00027,0.00956 ± 0.00110
OF,GES,FFMLP,9,22,50839a69584b8c59,5,0.880 ± 0.011,0.265 ± 0.018,0.381 ± 0.022,0.01954 ± 0.00033,0.00917 ± 0.00102
OF,GES,FFMLP,10,23,45d462aac5c1d505,5,0.878 ± 0.008,0.260 ± 0.014,0.374 ± 0.022,0.01953 ± 0.00013,0.00961 ± 0.00179
OF,GES,FFMLP,11,24,96b3c98edb6bf132,5,0.875 ± 0.006,0.253 ± 0.017,0.366 ± 0.035,0.01974 ± 0.00023,0.00934 ± 0.00121
OF,GES,FFMLP,12,25,169f448468e9c4da,5,0.887 ± 0.007,0.252 ± 0.011,0.359 ± 0.026,0.01967 ± 0.00047,0.00966 ± 0.00100
OF,GES,FFMLP,13,26,2c764abfb8fe9cff,5,0.886 ± 0.010,0.246 ± 0.005,0.367 ± 0.012,0.01957 ± 0.00047,0.00997 ± 0.00090
OF,GES,FFMLP,14,27,840d63bf7908ab2c,5,0.884 ± 0.006,0.253 ± 0.020,0.367 ± 0.027,0.01953 ± 0.00022,0.00980 ± 0.00106
OF,GES,FFMLP,15,28,ba79a71676c6c3c9,5,0.876 ± 0.006,0.244 ± 0.017,0.359 ± 0.035,0.01970 ± 0.00022,0.00911 ± 0.00118
OF,GES,FFMLP,16,29,fe323861148b30cc,5,0.886 ± 0.005,0.250 ± 0.020,0.376 ± 0.009,0.01953 ± 0.00023,0.00934 ± 0.00132
OF,GES,FFMLP,17,30,261681e890b8b726,5,0.887 ± 0.007,0.259 ± 0.013,0.376 ± 0.024,0.01955 ± 0.00024,0.00889 ± 0.00090
OF,GES,FFMLP,18,31,0c1af224819db96e,5,0.889 ± 0.008,0.258 ± 0.011,0.354 ± 0.032,0.01932 ± 0.00030,0.00837 ± 0.00086
OF,GES,FFMLP,19,32,c9c1abdc21450643,5,0.888 ± 0.011,0.250 ± 0.007,0.360 ± 0.025,0.01947 ± 0.00043,0.00896 ± 0.00117
OF,GES,FFMLP,20,33,e28ed0ae4fdd67ed,5,0.892 ± 0.004,0.255 ± 0.013,0.372 ± 0.009,0.01949 ± 0.00030,0.00898 ± 0.00108
OF,GES,FFMLP,21,34,b6f5c3753592fbac,5,0.892 ± 0.014,0.257 ± 0.016,0.371 ± 0.012,0.01929 ± 0.00035,0.00821 ± 0.00120
OF,GES,FFMLP,22,35,62c0349a1ac0df37,5,0.884 ± 0.010,0.252 ± 0.017,0.375 ± 0.019,0.01943 ± 0.00032,0.00853 ± 0.00110
OF,GES,FFMLP,23,36,d832fe6ef0aac2d6,5,0.889 ± 0.009,0.259 ± 0.010,0.383 ± 0.024,0.01935 ± 0.00025,0.00834 ± 0.00091
OF,GES,FFMLP,24,37,b5832dd67cdef271,5,0.888 ± 0.008,0.257 ± 0.008,0.372 ± 0.022,0.01926 ± 0.00017,0.00836 ± 0.00137
OF,GES,FFMLP,25,38,194007dcdcd65c9b,5,0.890 ± 0.008,0.261 ± 0.010,0.370 ± 0.026,0.01935 ± 0.00018,0.00858 ± 0.00120
OF,GES,FFMLP,26,39,6be7cf554753353e,5,0.895 ± 0.010,0.258 ± 0.014,0.362 ± 0.012,0.01921 ± 0.00051,0.00862 ± 0.00066
OF,GES,FFMLP,27,40,b5fbcc1d3922e9e2,5,0.889 ± 0.009,0.260 ± 0.010,0.379 ± 0.015,0.01920 ± 0.00035,0.00891 ± 0.00165
OF,GES,FFMLP,28,41,07b11b13c21a88e8,5,0.894 ± 0.005,0.258 ± 0.019,0.376 ± 0.018,0.01926 ± 0.00021,0.00867 ± 0.00045
OF,GES,FFMLP,29,42,3e834183c2b917ff,5,0.888 ± 0.011,0.270 ± 0.021,0.363 ± 0.018,0.01899 ± 0.00032,0.00829 ± 0.00088
OF,GES,FFMLP,30,43,18e3a83b1f31caef,5,0.883 ± 0.011,0.259 ± 0.010,0.378 ± 0.024,0.01930 ± 0.00018,0.00898 ± 0.00142
OF,GES,FFMLP,31,44,9085e09d1c8276c3,5,0.892 ± 0.007,0.263 ± 0.011,0.380 ± 0.016,0.01924 ± 0.00031,0.00848 ± 0.00082
OF,GES,FFMLP,32,45,e759bc3ca9235cbe,5,0.890 ± 0.009,0.269 ± 0.012,0.388 ± 0.018,0.01913 ± 0.00029,0.00882 ± 0.00057
OF,GES,FFMLP,33,46,45302385731be391,5,0.888 ± 0.006,0.258 ± 0.017,0.372 ± 0.021,0.01932 ± 0.00025,0.00834 ± 0.00163
OF,GES,FFMLP,34,47,084da68000a6f7f1,5,0.889 ± 0.007,0.263 ± 0.015,0.379 ± 0.019,0.01932 ± 0.00022,0.00840 ± 0.00073
OF,GES,FFMLP,35,48,7cbbb70fa5e09b6e,5,0.890 ± 0.008,0.261 ± 0.009,0.374 ± 0.016,0.01917 ± 0.00020,0.00833 ± 0.00075
OF,GES,LightGBM,1,14,daa9910e8071bea2,5,0.923 ± 0.002,0.458 ± 0.007,0.463 ± 0.010,0.01662 ± 0.00017,0.01657 ± 0.00052
OF,GES,LightGBM,2,15,94a6f15dee14fabd,5,0.925 ± 0.002,0.450 ± 0.005,0.479 ± 0.014,0.01652 ± 0.00012,0.01601 ± 0.00060
OF,GES,LightGBM,3,16,074ddd55b1ae863a,5,0.929 ± 0.001,0.447 ± 0.005,0.472 ± 0.016,0.01648 ± 0.00013,0.01606 ± 0.00025
OF,GES,LightGBM,4,17,ddad07b04d5a43ea,5,0.925 ± 0.002,0.446 ± 0.005,0.468 ± 0.017,0.01635 ± 0.00015,0.01572 ± 0.00054
OF,GES,LightGBM,5,18,ae5e4415360a9a1b,5,0.930 ± 0.001,0.441 ± 0.006,0.450 ± 0.010,0.01644 ± 0.00009,0.01618 ± 0.00038
OF,GES,LightGBM,6,19,ce6ce007ddb29321,5,0.931 ± 0.002,0.453 ± 0.006,0.473 ± 0.013,0.01629 ± 0.00011,0.01587 ± 0.00042
OF,GES,LightGBM,7,20,21dc070e2e7bdef2,5,0.938 ± 0.001,0.466 ± 0.004,0.474 ± 0.011,0.01648 ± 0.00005,0.01619 ± 0.00013
OF,GES,LightGBM,8,21,0a51d1df36fd1f1a,5,0.934 ± 0.002,0.463 ± 0.002,0.477 ± 0.020,0.01637 ± 0.00013,0.01607 ± 0.00037
OF,GES,LightGBM,9,22,50839a69584b8c59,5,0.932 ± 0.002,0.471 ± 0.004,0.476 ± 0.014,0.01641 ± 0.00021,0.01590 ± 0.00036
OF,GES,LightGBM,10,23,45d462aac5c1d505,5,0.937 ± 0.003,0.471 ± 0.011,0.477 ± 0.024,0.01654 ± 0.00017,0.01648 ± 0.00054
OF,GES,LightGBM,11,24,96b3c98edb6bf132,5,0.936 ± 0.002,0.473 ± 0.006,0.485 ± 0.012,0.01674 ± 0.00021,0.01662 ± 0.00023
OF,GES,LightGBM,12,25,169f448468e9c4da,5,0.935 ± 0.002,0.469 ± 0.010,0.477 ± 0.018,0.01643 ± 0.00017,0.01610 ± 0.00055
OF,GES,LightGBM,13,26,2c764abfb8fe9cff,5,0.935 ± 0.002,0.467 ± 0.008,0.474 ± 0.014,0.01666 ± 0.00006,0.01657 ± 0.00020
OF,GES,LightGBM,14,27,840d63bf7908ab2c,5,0.936 ± 0.002,0.467 ± 0.006,0.484 ± 0.009,0.01669 ± 0.00020,0.01659 ± 0.00055
OF,GES,LightGBM,15,28,ba79a71676c6c3c9,5,0.937 ± 0.001,0.465 ± 0.003,0.467 ± 0.009,0.01671 ± 0.00011,0.01653 ± 0.00018
OF,GES,LightGBM,16,29,fe323861148b30cc,5,0.935 ± 0.001,0.470 ± 0.006,0.460 ± 0.023,0.01696 ± 0.00019,0.01665 ± 0.00022
OF,GES,LightGBM,17,30,261681e890b8b726,5,0.935 ± 0.001,0.466 ± 0.004,0.475 ± 0.030,0.01699 ± 0.00004,0.01676 ± 0.00024
OF,GES,LightGBM,18,31,0c1af224819db96e,5,0.933 ± 0.003,0.472 ± 0.005,0.498 ± 0.012,0.01674 ± 0.00024,0.01699 ± 0.00027
OF,GES,LightGBM,19,32,c9c1abdc21450643,5,0.930 ± 0.002,0.478 ± 0.005,0.484 ± 0.048,0.01675 ± 0.00024,0.01663 ± 0.00051
OF,GES,LightGBM,20,33,e28ed0ae4fdd67ed,5,0.929 ± 0.003,0.471 ± 0.002,0.491 ± 0.007,0.01653 ± 0.00004,0.01640 ± 0.00038
OF,GES,LightGBM,21,34,b6f5c3753592fbac,5,0.924 ± 0.001,0.471 ± 0.005,0.486 ± 0.019,0.01651 ± 0.00018,0.01624 ± 0.00017
OF,GES,LightGBM,22,35,62c0349a1ac0df37,5,0.924 ± 0.002,0.470 ± 0.003,0.503 ± 0.013,0.01650 ± 0.00014,0.01625 ± 0.00036
OF,GES,LightGBM,23,36,d832fe6ef0aac2d6,5,0.921 ± 0.003,0.465 ± 0.005,0.461 ± 0.052,0.01700 ± 0.00009,0.01699 ± 0.00029
OF,GES,LightGBM,24,37,b5832dd67cdef271,5,0.925 ± 0.003,0.469 ± 0.002,0.466 ± 0.054,0.01693 ± 0.00017,0.01661 ± 0.00014
OF,GES,LightGBM,25,38,194007dcdcd65c9b,5,0.924 ± 0.003,0.466 ± 0.003,0.470 ± 0.051,0.01700 ± 0.00013,0.01690 ± 0.00021
OF,GES,LightGBM,26,39,6be7cf554753353e,5,0.925 ± 0.001,0.470 ± 0.006,0.472 ± 0.036,0.01707 ± 0.00014,0.01702 ± 0.00034
OF,GES,LightGBM,27,40,b5fbcc1d3922e9e2,5,0.927 ± 0.002,0.476 ± 0.004,0.465 ± 0.025,0.01696 ± 0.00015,0.01698 ± 0.00019
OF,GES,LightGBM,28,41,07b11b13c21a88e8,5,0.925 ± 0.002,0.482 ± 0.006,0.486 ± 0.019,0.01664 ± 0.00006,0.01643 ± 0.00018
OF,GES,LightGBM,29,42,3e834183c2b917ff,5,0.927 ± 0.002,0.480 ± 0.004,0.447 ± 0.067,0.01661 ± 0.00012,0.01667 ± 0.00040
OF,GES,LightGBM,30,43,18e3a83b1f31caef,5,0.931 ± 0.003,0.486 ± 0.006,0.472 ± 0.027,0.01655 ± 0.00013,0.01632 ± 0.00032
OF,GES,LightGBM,31,44,9085e09d1c8276c3,5,0.928 ± 0.002,0.483 ± 0.002,0.479 ± 0.036,0.01659 ± 0.00017,0.01602 ± 0.00030
OF,GES,LightGBM,32,45,e759bc3ca9235cbe,5,0.930 ± 0.001,0.485 ± 0.002,0.480 ± 0.025,0.01660 ± 0.00009,0.01635 ± 0.00046
OF,GES,LightGBM,33,46,45302385731be391,5,0.929 ± 0.001,0.487 ± 0.007,0.469 ± 0.039,0.01672 ± 0.00019,0.01649 ± 0.00045
OF,GES,LightGBM,34,47,084da68000a6f7f1,5,0.933 ± 0.001,0.491 ± 0.003,0.479 ± 0.017,0.01658 ± 0.00014,0.01632 ± 0.00036
OF,GES,LightGBM,35,48,7cbbb70fa5e09b6e,5,0.931 ± 0.000,0.488 ± 0.005,0.476 ± 0.008,0.01641 ± 0.00011,0.01626 ± 0.00028
OF,GES,Logit,1,14,daa9910e8071bea2,5,0.924 ± 0.000,0.259 ± 0.000,0.273 ± 0.000,0.01887 ± 0.00000,0.01172 ± 0.00000
OF,GES,Logit,2,15,94a6f15dee14fabd,5,0.923 ± 0.000,0.256 ± 0.000,0.267 ± 0.000,0.01898 ± 0.00000,0.01099 ± 0.00000
OF,GES,Logit,3,16,074ddd55b1ae863a,5,0.923 ± 0.000,0.255 ± 0.000,0.352 ± 0.000,0.01897 ± 0.00000,0.01080 ± 0.00000
OF,GES,Logit,4,17,ddad07b04d5a43ea,5,0.921 ± 0.000,0.247 ± 0.000,0.284 ± 0.000,0.01957 ± 0.00000,0.01085 ± 0.00000
OF,GES,Logit,5,18,ae5e4415360a9a1b,5,0.922 ± 0.000,0.242 ± 0.000,0.390 ± 0.000,0.01979 ± 0.00000,0.01209 ± 0.00000
OF,GES,Logit,6,19,ce6ce007ddb29321,5,0.920 ± 0.000,0.244 ± 0.000,0.314 ± 0.000,0.01962 ± 0.00000,0.01227 ± 0.00000
OF,GES,Logit,7,20,21dc070e2e7bdef2,5,0.921 ± 0.000,0.252 ± 0.000,0.382 ± 0.000,0.01983 ± 0.00000,0.01331 ± 0.00000
OF,GES,Logit,8,21,0a51d1df36fd1f1a,5,0.921 ± 0.000,0.252 ± 0.000,0.384 ± 0.000,0.01984 ± 0.00000,0.01332 ± 0.00000
OF,GES,Logit,9,22,50839a69584b8c59,5,0.921 ± 0.000,0.251 ± 0.000,0.382 ± 0.000,0.01985 ± 0.00000,0.01325 ± 0.00000
OF,GES,Logit,10,23,45d462aac5c1d505,5,0.918 ± 0.000,0.249 ± 0.000,0.376 ± 0.000,0.01955 ± 0.00000,0.01194 ± 0.00000
OF,GES,Logit,11,24,96b3c98edb6bf132,5,0.920 ± 0.000,0.252 ± 0.000,0.389 ± 0.000,0.01934 ± 0.00000,0.01114 ± 0.00000
OF,GES,Logit,12,25,169f448468e9c4da,5,0.919 ± 0.000,0.251 ± 0.000,0.380 ± 0.000,0.01948 ± 0.00000,0.01147 ± 0.00000
OF,GES,Logit,13,26,2c764abfb8fe9cff,5,0.917 ± 0.000,0.239 ± 0.000,0.312 ± 0.000,0.01952 ± 0.00000,0.01030 ± 0.00000
OF,GES,Logit,14,27,840d63bf7908ab2c,5,0.917 ± 0.000,0.239 ± 0.000,0.312 ± 0.000,0.01956 ± 0.00000,0.01061 ± 0.00000
OF,GES,Logit,15,28,ba79a71676c6c3c9,5,0.919 ± 0.000,0.242 ± 0.000,0.364 ± 0.000,0.01938 ± 0.00000,0.01010 ± 0.00000
OF,GES,Logit,16,29,fe323861148b30cc,5,0.918 ± 0.000,0.244 ± 0.000,0.327 ± 0.000,0.01972 ± 0.00000,0.00999 ± 0.00000
OF,GES,Logit,17,30,261681e890b8b726,5,0.920 ± 0.000,0.249 ± 0.000,0.386 ± 0.000,0.01970 ± 0.00000,0.01017 ± 0.00000
OF,GES,Logit,18,31,0c1af224819db96e,5,0.921 ± 0.000,0.255 ± 0.000,0.310 ± 0.000,0.01936 ± 0.00000,0.00988 ± 0.00000
OF,GES,Logit,19,32,c9c1abdc21450643,5,0.920 ± 0.000,0.250 ± 0.000,0.377 ± 0.000,0.01958 ± 0.00000,0.01024 ± 0.00000
OF,GES,Logit,20,33,e28ed0ae4fdd67ed,5,0.920 ± 0.000,0.242 ± 0.000,0.364 ± 0.000,0.01980 ± 0.00000,0.01019 ± 0.00000
OF,GES,Logit,21,34,b6f5c3753592fbac,5,0.919 ± 0.000,0.241 ± 0.000,0.368 ± 0.000,0.01987 ± 0.00000,0.01042 ± 0.00000
OF,GES,Logit,22,35,62c0349a1ac0df37,5,0.919 ± 0.000,0.242 ± 0.000,0.354 ± 0.000,0.01982 ± 0.00000,0.01041 ± 0.00000
OF,GES,Logit,23,36,d832fe6ef0aac2d6,5,0.920 ± 0.000,0.247 ± 0.000,0.345 ± 0.000,0.01981 ± 0.00000,0.01029 ± 0.00000
OF,GES,Logit,24,37,b5832dd67cdef271,5,0.921 ± 0.000,0.246 ± 0.000,0.349 ± 0.000,0.01986 ± 0.00000,0.01072 ± 0.00000
OF,GES,Logit,25,38,194007dcdcd65c9b,5,0.920 ± 0.000,0.241 ± 0.000,0.276 ± 0.000,0.01994 ± 0.00000,0.01076 ± 0.00000
OF,GES,Logit,26,39,6be7cf554753353e,5,0.919 ± 0.000,0.246 ± 0.000,0.306 ± 0.000,0.01984 ± 0.00000,0.01084 ± 0.00000
OF,GES,Logit,27,40,b5fbcc1d3922e9e2,5,0.920 ± 0.000,0.246 ± 0.000,0.284 ± 0.000,0.01982 ± 0.00000,0.01066 ± 0.00000
OF,GES,Logit,28,41,07b11b13c21a88e8,5,0.919 ± 0.000,0.246 ± 0.000,0.306 ± 0.000,0.01984 ± 0.00000,0.01080 ± 0.00000
OF,GES,Logit,29,42,3e834183c2b917ff,5,0.920 ± 0.000,0.246 ± 0.000,0.348 ± 0.000,0.01982 ± 0.00000,0.01078 ± 0.00000
OF,GES,Logit,30,43,18e3a83b1f31caef,5,0.920 ± 0.000,0.247 ± 0.000,0.282 ± 0.000,0.01975 ± 0.00000,0.01031 ± 0.00000
OF,GES,Logit,31,44,9085e09d1c8276c3,5,0.919 ± 0.000,0.246 ± 0.000,0.346 ± 0.000,0.01977 ± 0.00000,0.01040 ± 0.00000
OF,GES,Logit,32,45,e759bc3ca9235cbe,5,0.921 ± 0.000,0.248 ± 0.000,0.284 ± 0.000,0.01974 ± 0.00000,0.01061 ± 0.00000
OF,GES,Logit,33,46,45302385731be391,5,0.920 ± 0.000,0.247 ± 0.000,0.346 ± 0.000,0.01974 ± 0.00000,0.01033 ± 0.00000
OF,GES,Logit,34,47,084da68000a6f7f1,5,0.920 ± 0.000,0.248 ± 0.000,0.296 ± 0.000,0.01971 ± 0.00000,0.01027 ± 0.00000
OF,GES,Logit,35,48,7cbbb70fa5e09b6e,5,0.920 ± 0.000,0.248 ± 0.000,0.284 ± 0.000,0.01971 ± 0.00000,0.01047 ± 0.00000
OF,GES,RF,1,14,daa9910e8071bea2,5,0.931 ± 0.004,0.443 ± 0.005,0.422 ± 0.013,0.01590 ± 0.00006,0.00420 ± 0.00065
OF,GES,RF,2,15,94a6f15dee14fabd,5,0.922 ± 0.006,0.429 ± 0.004,0.421 ± 0.012,0.01607 ± 0.00004,0.00395 ± 0.00060
OF,GES,RF,3,16,074ddd55b1ae863a,5,0.920 ± 0.003,0.436 ± 0.006,0.414 ± 0.012,0.01598 ± 0.00005,0.00469 ± 0.00033
OF,GES,RF,4,17,ddad07b04d5a43ea,5,0.922 ± 0.003,0.432 ± 0.001,0.410 ± 0.012,0.01607 ± 0.00001,0.00413 ± 0.00051
OF,GES,RF,5,18,ae5e4415360a9a1b,5,0.923 ± 0.007,0.422 ± 0.007,0.414 ± 0.014,0.01614 ± 0.00006,0.00393 ± 0.00059
OF,GES,RF,6,19,ce6ce007ddb29321,5,0.923 ± 0.004,0.430 ± 0.004,0.418 ± 0.006,0.01606 ± 0.00004,0.00557 ± 0.00066
OF,GES,RF,7,20,21dc070e2e7bdef2,5,0.928 ± 0.004,0.428 ± 0.005,0.404 ± 0.007,0.01610 ± 0.00002,0.00466 ± 0.00022
OF,GES,RF,8,21,0a51d1df36fd1f1a,5,0.929 ± 0.003,0.428 ± 0.006,0.406 ± 0.015,0.01607 ± 0.00008,0.00472 ± 0.00089
OF,GES,RF,9,22,50839a69584b8c59,5,0.925 ± 0.003,0.418 ± 0.003,0.401 ± 0.011,0.01620 ± 0.00008,0.00398 ± 0.00020
OF,GES,RF,10,23,45d462aac5c1d505,5,0.928 ± 0.002,0.417 ± 0.004,0.399 ± 0.018,0.01626 ± 0.00006,0.00408 ± 0.00068
OF,GES,RF,11,24,96b3c98edb6bf132,5,0.931 ± 0.005,0.417 ± 0.002,0.411 ± 0.007,0.01625 ± 0.00005,0.00376 ± 0.00037
OF,GES,RF,12,25,169f448468e9c4da,5,0.927 ± 0.004,0.415 ± 0.005,0.382 ± 0.005,0.01630 ± 0.00005,0.00470 ± 0.00063
OF,GES,RF,13,26,2c764abfb8fe9cff,5,0.929 ± 0.004,0.409 ± 0.002,0.397 ± 0.015,0.01637 ± 0.00005,0.00390 ± 0.00032
OF,GES,RF,14,27,840d63bf7908ab2c,5,0.926 ± 0.007,0.401 ± 0.011,0.382 ± 0.021,0.01646 ± 0.00014,0.00460 ± 0.00047
OF,GES,RF,15,28,ba79a71676c6c3c9,5,0.925 ± 0.003,0.400 ± 0.006,0.397 ± 0.017,0.01648 ± 0.00002,0.00426 ± 0.00063
OF,GES,RF,16,29,fe323861148b30cc,5,0.933 ± 0.004,0.405 ± 0.005,0.382 ± 0.020,0.01643 ± 0.00006,0.00397 ± 0.00062
OF,GES,RF,17,30,261681e890b8b726,5,0.932 ± 0.004,0.400 ± 0.007,0.378 ± 0.020,0.01647 ± 0.00007,0.00405 ± 0.00075
OF,GES,RF,18,31,0c1af224819db96e,5,0.928 ± 0.005,0.404 ± 0.012,0.384 ± 0.019,0.01637 ± 0.00011,0.00439 ± 0.00090
OF,GES,RF,19,32,c9c1abdc21450643,5,0.927 ± 0.004,0.403 ± 0.003,0.379 ± 0.007,0.01640 ± 0.00002,0.00390 ± 0.00034
OF,GES,RF,20,33,e28ed0ae4fdd67ed,5,0.931 ± 0.002,0.407 ± 0.005,0.378 ± 0.011,0.01638 ± 0.00008,0.00440 ± 0.00099
OF,GES,RF,21,34,b6f5c3753592fbac,5,0.936 ± 0.002,0.408 ± 0.012,0.397 ± 0.015,0.01633 ± 0.00009,0.00369 ± 0.00020
OF,GES,RF,22,35,62c0349a1ac0df37,5,0.927 ± 0.004,0.409 ± 0.004,0.383 ± 0.013,0.01637 ± 0.00007,0.00359 ± 0.00047
OF,GES,RF,23,36,d832fe6ef0aac2d6,5,0.931 ± 0.004,0.434 ± 0.003,0.388 ± 0.007,0.01597 ± 0.00006,0.00587 ± 0.00094
OF,GES,RF,24,37,b5832dd67cdef271,5,0.933 ± 0.002,0.432 ± 0.003,0.395 ± 0.010,0.01600 ± 0.00002,0.00526 ± 0.00039
OF,GES,RF,25,38,194007dcdcd65c9b,5,0.932 ± 0.007,0.435 ± 0.003,0.398 ± 0.016,0.01598 ± 0.00006,0.00481 ± 0.00059
OF,GES,RF,26,39,6be7cf554753353e,5,0.927 ± 0.004,0.429 ± 0.007,0.393 ± 0.016,0.01606 ± 0.00006,0.00457 ± 0.00047
OF,GES,RF,27,40,b5fbcc1d3922e9e2,5,0.928 ± 0.006,0.425 ± 0.005,0.392 ± 0.002,0.01607 ± 0.00005,0.00472 ± 0.00030
OF,GES,RF,28,41,07b11b13c21a88e8,5,0.932 ± 0.004,0.429 ± 0.003,0.395 ± 0.008,0.01600 ± 0.00007,0.00502 ± 0.00099
OF,GES,RF,29,42,3e834183c2b917ff,5,0.929 ± 0.006,0.434 ± 0.004,0.405 ± 0.021,0.01591 ± 0.00008,0.00596 ± 0.00070
OF,GES,RF,30,43,18e3a83b1f31caef,5,0.928 ± 0.005,0.433 ± 0.005,0.412 ± 0.017,0.01591 ± 0.00010,0.00392 ± 0.00090
OF,GES,RF,31,44,9085e09d1c8276c3,5,0.929 ± 0.006,0.433 ± 0.004,0.407 ± 0.011,0.01594 ± 0.00005,0.00428 ± 0.00059
OF,GES,RF,32,45,e759bc3ca9235cbe,5,0.934 ± 0.003,0.437 ± 0.004,0.410 ± 0.021,0.01586 ± 0.00004,0.00402 ± 0.00088
OF,GES,RF,33,46,45302385731be391,5,0.936 ± 0.005,0.434 ± 0.005,0.411 ± 0.007,0.01589 ± 0.00005,0.00428 ± 0.00078
OF,GES,RF,34,47,084da68000a6f7f1,5,0.934 ± 0.002,0.430 ± 0.005,0.413 ± 0.013,0.01591 ± 0.00004,0.00400 ± 0.00081
OF,GES,RF,35,48,7cbbb70fa5e09b6e,5,0.934 ± 0.004,0.435 ± 0.005,0.414 ± 0.016,0.01586 ± 0.00009,0.00460 ± 0.00044
OF,GES,XGBoost,1,14,daa9910e8071bea2,5,0.938 ± 0.001,0.467 ± 0.008,0.440 ± 0.020,0.01584 ± 0.00019,0.01007 ± 0.00055
OF,GES,XGBoost,2,15,94a6f15dee14fabd,5,0.938 ± 0.001,0.471 ± 0.002,0.447 ± 0.025,0.01584 ± 0.00009,0.01075 ± 0.00064
OF,GES,XGBoost,3,16,074ddd55b1ae863a,5,0.935 ± 0.003,0.460 ± 0.011,0.437 ± 0.018,0.01602 ± 0.00018,0.01092 ± 0.00077
OF,GES,XGBoost,4,17,ddad07b04d5a43ea,5,0.936 ± 0.003,0.462 ± 0.002,0.448 ± 0.015,0.01591 ± 0.00003,0.01072 ± 0.00041
OF,GES,XGBoost,5,18,ae5e4415360a9a1b,5,0.937 ± 0.002,0.463 ± 0.002,0.440 ± 0.017,0.01604 ± 0.00008,0.01171 ± 0.00057
OF,GES,XGBoost,6,19,ce6ce007ddb29321,5,0.938 ± 0.001,0.472 ± 0.007,0.455 ± 0.017,0.01577 ± 0.00017,0.01076 ± 0.00099
OF,GES,XGBoost,7,20,21dc070e2e7bdef2,5,0.940 ± 0.002,0.476 ± 0.008,0.464 ± 0.024,0.01581 ± 0.00018,0.01142 ± 0.00059
OF,GES,XGBoost,8,21,0a51d1df36fd1f1a,5,0.940 ± 0.002,0.471 ± 0.007,0.461 ± 0.015,0.01581 ± 0.00017,0.01103 ± 0.00031
OF,GES,XGBoost,9,22,50839a69584b8c59,5,0.940 ± 0.001,0.465 ± 0.005,0.461 ± 0.012,0.01591 ± 0.00012,0.01107 ± 0.00060
OF,GES,XGBoost,10,23,45d462aac5c1d505,5,0.940 ± 0.002,0.460 ± 0.005,0.467 ± 0.008,0.01600 ± 0.00008,0.01101 ± 0.00031
OF,GES,XGBoost,11,24,96b3c98edb6bf132,5,0.942 ± 0.003,0.461 ± 0.010,0.472 ± 0.009,0.01608 ± 0.00017,0.01147 ± 0.00054
OF,GES,XGBoost,12,25,169f448468e9c4da,5,0.941 ± 0.002,0.462 ± 0.006,0.474 ± 0.007,0.01604 ± 0.00015,0.01105 ± 0.00069
OF,GES,XGBoost,13,26,2c764abfb8fe9cff,5,0.939 ± 0.002,0.455 ± 0.008,0.468 ± 0.011,0.01608 ± 0.00017,0.01144 ± 0.00070
OF,GES,XGBoost,14,27,840d63bf7908ab2c,5,0.941 ± 0.002,0.461 ± 0.016,0.456 ± 0.010,0.01603 ± 0.00022,0.01152 ± 0.00033
OF,GES,XGBoost,15,28,ba79a71676c6c3c9,5,0.940 ± 0.002,0.455 ± 0.011,0.456 ± 0.015,0.01612 ± 0.00015,0.01182 ± 0.00061
OF,GES,XGBoost,16,29,fe323861148b30cc,5,0.943 ± 0.001,0.472 ± 0.009,0.479 ± 0.004,0.01596 ± 0.00008,0.01093 ± 0.00051
OF,GES,XGBoost,17,30,261681e890b8b726,5,0.943 ± 0.002,0.468 ± 0.012,0.487 ± 0.014,0.01605 ± 0.00009,0.01165 ± 0.00035
OF,GES,XGBoost,18,31,0c1af224819db96e,5,0.943 ± 0.003,0.469 ± 0.002,0.484 ± 0.009,0.01598 ± 0.00018,0.01097 ± 0.00034
OF,GES,XGBoost,19,32,c9c1abdc21450643,5,0.943 ± 0.003,0.465 ± 0.010,0.474 ± 0.016,0.01611 ± 0.00012,0.01179 ± 0.00063
OF,GES,XGBoost,20,33,e28ed0ae4fdd67ed,5,0.941 ± 0.003,0.466 ± 0.008,0.492 ± 0.009,0.01601 ± 0.00014,0.01135 ± 0.00025
OF,GES,XGBoost,21,34,b6f5c3753592fbac,5,0.940 ± 0.003,0.461 ± 0.006,0.480 ± 0.008,0.01618 ± 0.00009,0.01187 ± 0.00041
OF,GES,XGBoost,22,35,62c0349a1ac0df37,5,0.940 ± 0.003,0.462 ± 0.006,0.486 ± 0.016,0.01608 ± 0.00012,0.01167 ± 0.00025
OF,GES,XGBoost,23,36,d832fe6ef0aac2d6,5,0.939 ± 0.002,0.464 ± 0.005,0.482 ± 0.018,0.01595 ± 0.00026,0.01175 ± 0.00058
OF,GES,XGBoost,24,37,b5832dd67cdef271,5,0.939 ± 0.003,0.468 ± 0.005,0.488 ± 0.018,0.01584 ± 0.00013,0.01238 ± 0.00071
OF,GES,XGBoost,25,38,194007dcdcd65c9b,5,0.937 ± 0.001,0.467 ± 0.005,0.494 ± 0.016,0.01591 ± 0.00016,0.01213 ± 0.00078
OF,GES,XGBoost,26,39,6be7cf554753353e,5,0.938 ± 0.003,0.468 ± 0.002,0.488 ± 0.017,0.01598 ± 0.00010,0.01182 ± 0.00057
OF,GES,XGBoost,27,40,b5fbcc1d3922e9e2,5,0.937 ± 0.004,0.465 ± 0.006,0.472 ± 0.012,0.01598 ± 0.00014,0.01163 ± 0.00031
OF,GES,XGBoost,28,41,07b11b13c21a88e8,5,0.939 ± 0.002,0.469 ± 0.006,0.494 ± 0.014,0.01578 ± 0.00021,0.01132 ± 0.00079
OF,GES,XGBoost,29,42,3e834183c2b917ff,5,0.941 ± 0.001,0.473 ± 0.004,0.477 ± 0.026,0.01578 ± 0.00015,0.01148 ± 0.00075
OF,GES,XGBoost,30,43,18e3a83b1f31caef,5,0.939 ± 0.002,0.471 ± 0.006,0.479 ± 0.016,0.01585 ± 0.00012,0.01156 ± 0.00052
OF,GES,XGBoost,31,44,9085e09d1c8276c3,5,0.939 ± 0.003,0.470 ± 0.007,0.449 ± 0.027,0.01592 ± 0.00014,0.01161 ± 0.00036
OF,GES,XGBoost,32,45,e759bc3ca9235cbe,5,0.940 ± 0.002,0.467 ± 0.004,0.458 ± 0.018,0.01600 ± 0.00018,0.01198 ± 0.00045
OF,GES,XGBoost,33,46,45302385731be391,5,0.941 ± 0.002,0.470 ± 0.007,0.479 ± 0.022,0.01587 ± 0.00016,0.01187 ± 0.00059
OF,GES,XGBoost,34,47,084da68000a6f7f1,5,0.941 ± 0.002,0.476 ± 0.007,0.466 ± 0.020,0.01580 ± 0.00017,0.01181 ± 0.00027
OF,GES,XGBoost,35,48,7cbbb70fa5e09b6e,5,0.940 ± 0.003,0.470 ± 0.003,0.480 ± 0.035,0.01583 ± 0.00014,0.01200 ± 0.00045
OF,GOLEM,FFMLP,1,14,1764f1430f80689c,5,0.866 ± 0.008,0.287 ± 0.028,0.340 ± 0.010,0.01980 ± 0.00020,0.00807 ± 0.00078
OF,GOLEM,FFMLP,2,15,a6c4d708f5adb6d5,5,0.872 ± 0.015,0.295 ± 0.031,0.351 ± 0.031,0.01968 ± 0.00032,0.00895 ± 0.00117
OF,GOLEM,FFMLP,3,16,72486b97342b5a81,5,0.870 ± 0.006,0.225 ± 0.020,0.307 ± 0.017,0.01990 ± 0.00027,0.00874 ± 0.00065
OF,GOLEM,FFMLP,4,17,283d566f7c427ce1,5,0.882 ± 0.010,0.260 ± 0.041,0.347 ± 0.035,0.01956 ± 0.00019,0.00902 ± 0.00119
OF,GOLEM,FFMLP,5,18,648fe30c933c651d,5,0.877 ± 0.011,0.234 ± 0.024,0.325 ± 0.020,0.01972 ± 0.00028,0.00787 ± 0.00060
OF,GOLEM,FFMLP,6,19,47ac225f8366a49b,5,0.878 ± 0.005,0.254 ± 0.030,0.343 ± 0.045,0.01962 ± 0.00023,0.00883 ± 0.00084
OF,GOLEM,FFMLP,7,20,8df3c6eaed0221da,5,0.880 ± 0.011,0.262 ± 0.029,0.342 ± 0.026,0.01947 ± 0.00034,0.00925 ± 0.00194
OF,GOLEM,FFMLP,8,21,ec85353a21c9d2f4,5,0.881 ± 0.005,0.266 ± 0.021,0.354 ± 0.039,0.01955 ± 0.00006,0.00862 ± 0.00097
OF,GOLEM,FFMLP,9,22,0c4c0616521c3b2a,5,0.880 ± 0.007,0.256 ± 0.015,0.328 ± 0.017,0.01945 ± 0.00028,0.00731 ± 0.00129
OF,GOLEM,FFMLP,10,23,7d9a63074f68ccad,5,0.882 ± 0.004,0.249 ± 0.019,0.344 ± 0.030,0.01946 ± 0.00025,0.00849 ± 0.00105
OF,GOLEM,FFMLP,11,24,18138564e117358f,5,0.874 ± 0.004,0.239 ± 0.011,0.309 ± 0.019,0.01963 ± 0.00016,0.00797 ± 0.00075
OF,GOLEM,FFMLP,12,25,215b222793dcdbfb,5,0.883 ± 0.006,0.245 ± 0.014,0.353 ± 0.010,0.01937 ± 0.00029,0.00794 ± 0.00064
OF,GOLEM,FFMLP,13,26,472fc3f159d772f3,5,0.882 ± 0.007,0.251 ± 0.013,0.359 ± 0.023,0.01935 ± 0.00026,0.00845 ± 0.00144
OF,GOLEM,FFMLP,14,27,4bae1f31c7f9b591,5,0.882 ± 0.006,0.247 ± 0.013,0.356 ± 0.024,0.01936 ± 0.00021,0.00756 ± 0.00132
OF,GOLEM,FFMLP,15,28,6c0c6915847c8118,5,0.876 ± 0.014,0.247 ± 0.023,0.342 ± 0.038,0.01948 ± 0.00035,0.00828 ± 0.00069
OF,GOLEM,FFMLP,16,29,b3a50edf227de16f,5,0.884 ± 0.003,0.256 ± 0.013,0.366 ± 0.015,0.01933 ± 0.00011,0.00837 ± 0.00114
OF,GOLEM,FFMLP,17,30,77593e6cf28cc0b7,5,0.884 ± 0.007,0.246 ± 0.018,0.344 ± 0.036,0.01940 ± 0.00009,0.00806 ± 0.00118
OF,GOLEM,FFMLP,18,31,aecda8e9d3172999,5,0.886 ± 0.014,0.249 ± 0.008,0.340 ± 0.035,0.01941 ± 0.00037,0.00764 ± 0.00039
OF,GOLEM,FFMLP,19,32,d201257e9537b66f,5,0.878 ± 0.006,0.246 ± 0.017,0.345 ± 0.029,0.01941 ± 0.00025,0.00784 ± 0.00070
OF,GOLEM,FFMLP,20,33,00037b2451cb07a3,5,0.884 ± 0.004,0.242 ± 0.019,0.353 ± 0.005,0.01947 ± 0.00028,0.00798 ± 0.00111
OF,GOLEM,FFMLP,21,34,5929e7ecaee6ba5d,5,0.885 ± 0.009,0.257 ± 0.017,0.353 ± 0.026,0.01924 ± 0.00023,0.00818 ± 0.00119
OF,GOLEM,FFMLP,22,35,b2b3bca1258ab915,5,0.883 ± 0.006,0.250 ± 0.015,0.355 ± 0.012,0.01933 ± 0.00012,0.00827 ± 0.00036
OF,GOLEM,FFMLP,23,36,552939458212efbd,5,0.884 ± 0.010,0.256 ± 0.014,0.354 ± 0.016,0.01938 ± 0.00019,0.00800 ± 0.00140
OF,GOLEM,FFMLP,24,37,b2e53f58cc65415c,5,0.886 ± 0.009,0.260 ± 0.020,0.359 ± 0.018,0.01926 ± 0.00026,0.00759 ± 0.00103
OF,GOLEM,FFMLP,25,38,eb121959e2431b20,5,0.883 ± 0.007,0.259 ± 0.026,0.364 ± 0.008,0.01938 ± 0.00016,0.00766 ± 0.00116
OF,GOLEM,FFMLP,26,39,0ffa48359963fc99,5,0.887 ± 0.005,0.253 ± 0.011,0.348 ± 0.030,0.01938 ± 0.00015,0.00780 ± 0.00088
OF,GOLEM,LightGBM,1,14,1764f1430f80689c,5,0.920 ± 0.001,0.445 ± 0.008,0.487 ± 0.012,0.01654 ± 0.00012,0.01606 ± 0.00031
OF,GOLEM,LightGBM,2,15,a6c4d708f5adb6d5,5,0.925 ± 0.003,0.436 ± 0.006,0.445 ± 0.009,0.01651 ± 0.00012,0.01627 ± 0.00025
OF,GOLEM,LightGBM,3,16,72486b97342b5a81,5,0.926 ± 0.003,0.431 ± 0.005,0.472 ± 0.023,0.01667 ± 0.00019,0.01616 ± 0.00017
OF,GOLEM,LightGBM,4,17,283d566f7c427ce1,5,0.922 ± 0.003,0.432 ± 0.007,0.460 ± 0.015,0.01651 ± 0.00018,0.01598 ± 0.00047
OF,GOLEM,LightGBM,5,18,648fe30c933c651d,5,0.927 ± 0.002,0.444 ± 0.005,0.463 ± 0.029,0.01660 ± 0.00019,0.01618 ± 0.00048
OF,GOLEM,LightGBM,6,19,47ac225f8366a49b,5,0.933 ± 0.002,0.451 ± 0.004,0.442 ± 0.021,0.01692 ± 0.00006,0.01652 ± 0.00014
OF,GOLEM,LightGBM,7,20,8df3c6eaed0221da,5,0.936 ± 0.001,0.460 ± 0.008,0.460 ± 0.012,0.01658 ± 0.00005,0.01601 ± 0.00019
OF,GOLEM,LightGBM,8,21,ec85353a21c9d2f4,5,0.935 ± 0.002,0.457 ± 0.007,0.477 ± 0.015,0.01664 ± 0.00026,0.01639 ± 0.00049
OF,GOLEM,LightGBM,9,22,0c4c0616521c3b2a,5,0.934 ± 0.002,0.454 ± 0.006,0.472 ± 0.016,0.01673 ± 0.00013,0.01642 ± 0.00034
OF,GOLEM,LightGBM,10,23,7d9a63074f68ccad,5,0.936 ± 0.001,0.451 ± 0.006,0.454 ± 0.012,0.01677 ± 0.00016,0.01644 ± 0.00046
OF,GOLEM,LightGBM,11,24,18138564e117358f,5,0.936 ± 0.002,0.456 ± 0.004,0.481 ± 0.014,0.01654 ± 0.00012,0.01634 ± 0.00017
OF,GOLEM,LightGBM,12,25,215b222793dcdbfb,5,0.933 ± 0.003,0.458 ± 0.005,0.466 ± 0.024,0.01654 ± 0.00014,0.01621 ± 0.00020
OF,GOLEM,LightGBM,13,26,472fc3f159d772f3,5,0.935 ± 0.001,0.450 ± 0.007,0.461 ± 0.010,0.01673 ± 0.00014,0.01659 ± 0.00052
OF,GOLEM,LightGBM,14,27,4bae1f31c7f9b591,5,0.933 ± 0.002,0.459 ± 0.005,0.478 ± 0.021,0.01663 ± 0.00017,0.01631 ± 0.00019
OF,GOLEM,LightGBM,15,28,6c0c6915847c8118,5,0.930 ± 0.001,0.452 ± 0.005,0.457 ± 0.018,0.01680 ± 0.00010,0.01657 ± 0.00022
OF,GOLEM,LightGBM,16,29,b3a50edf227de16f,5,0.933 ± 0.002,0.459 ± 0.008,0.446 ± 0.019,0.01667 ± 0.00011,0.01625 ± 0.00008
OF,GOLEM,LightGBM,17,30,77593e6cf28cc0b7,5,0.934 ± 0.002,0.459 ± 0.009,0.461 ± 0.010,0.01679 ± 0.00015,0.01647 ± 0.00035
OF,GOLEM,LightGBM,18,31,aecda8e9d3172999,5,0.934 ± 0.002,0.454 ± 0.005,0.475 ± 0.010,0.01688 ± 0.00016,0.01673 ± 0.00029
OF,GOLEM,LightGBM,19,32,d201257e9537b66f,5,0.933 ± 0.002,0.456 ± 0.007,0.471 ± 0.014,0.01675 ± 0.00005,0.01674 ± 0.00025
OF,GOLEM,LightGBM,20,33,00037b2451cb07a3,5,0.938 ± 0.003,0.457 ± 0.007,0.469 ± 0.009,0.01689 ± 0.00010,0.01674 ± 0.00021
OF,GOLEM,LightGBM,21,34,5929e7ecaee6ba5d,5,0.935 ± 0.002,0.453 ± 0.009,0.479 ± 0.010,0.01684 ± 0.00016,0.01671 ± 0.00041
OF,GOLEM,LightGBM,22,35,b2b3bca1258ab915,5,0.937 ± 0.000,0.457 ± 0.004,0.468 ± 0.012,0.01699 ± 0.00008,0.01673 ± 0.00023
OF,GOLEM,LightGBM,23,36,552939458212efbd,5,0.935 ± 0.002,0.463 ± 0.003,0.479 ± 0.012,0.01673 ± 0.00013,0.01674 ± 0.00038
OF,GOLEM,LightGBM,24,37,b2e53f58cc65415c,5,0.933 ± 0.001,0.461 ± 0.004,0.482 ± 0.011,0.01692 ± 0.00008,0.01687 ± 0.00029
OF,GOLEM,LightGBM,25,38,eb121959e2431b20,5,0.931 ± 0.002,0.464 ± 0.007,0.471 ± 0.010,0.01670 ± 0.00018,0.01659 ± 0.00031
OF,GOLEM,LightGBM,26,39,0ffa48359963fc99,5,0.929 ± 0.002,0.463 ± 0.003,0.484 ± 0.012,0.01667 ± 0.00009,0.01665 ± 0.00036
OF,GOLEM,Logit,1,14,1764f1430f80689c,5,0.924 ± 0.000,0.257 ± 0.000,0.352 ± 0.000,0.01895 ± 0.00000,0.01138 ± 0.00000
OF,GOLEM,Logit,2,15,a6c4d708f5adb6d5,5,0.923 ± 0.000,0.256 ± 0.000,0.352 ± 0.000,0.01897 ± 0.00000,0.01132 ± 0.00000
OF,GOLEM,Logit,3,16,72486b97342b5a81,5,0.923 ± 0.000,0.255 ± 0.000,0.327 ± 0.000,0.01916 ± 0.00000,0.01254 ± 0.00000
OF,GOLEM,Logit,4,17,283d566f7c427ce1,5,0.924 ± 0.000,0.254 ± 0.000,0.327 ± 0.000,0.01936 ± 0.00000,0.01220 ± 0.00000
OF,GOLEM,Logit,5,18,648fe30c933c651d,5,0.923 ± 0.000,0.259 ± 0.000,0.333 ± 0.000,0.01914 ± 0.00000,0.01257 ± 0.00000
OF,GOLEM,Logit,6,19,47ac225f8366a49b,5,0.922 ± 0.000,0.265 ± 0.000,0.322 ± 0.000,0.01945 ± 0.00000,0.01266 ± 0.00000
OF,GOLEM,Logit,7,20,8df3c6eaed0221da,5,0.923 ± 0.000,0.264 ± 0.000,0.385 ± 0.000,0.01938 ± 0.00000,0.01202 ± 0.00000
OF,GOLEM,Logit,8,21,ec85353a21c9d2f4,5,0.922 ± 0.000,0.250 ± 0.000,0.382 ± 0.000,0.01995 ± 0.00000,0.01277 ± 0.00000
OF,GOLEM,Logit,9,22,0c4c0616521c3b2a,5,0.921 ± 0.000,0.239 ± 0.000,0.372 ± 0.000,0.01974 ± 0.00000,0.01088 ± 0.00000
OF,GOLEM,Logit,10,23,7d9a63074f68ccad,5,0.917 ± 0.000,0.238 ± 0.000,0.327 ± 0.000,0.01965 ± 0.00000,0.00848 ± 0.00000
OF,GOLEM,Logit,11,24,18138564e117358f,5,0.917 ± 0.000,0.239 ± 0.000,0.329 ± 0.000,0.01966 ± 0.00000,0.00772 ± 0.00000
OF,GOLEM,Logit,12,25,215b222793dcdbfb,5,0.916 ± 0.000,0.238 ± 0.000,0.333 ± 0.000,0.01972 ± 0.00000,0.00804 ± 0.00000
OF,GOLEM,Logit,13,26,472fc3f159d772f3,5,0.915 ± 0.000,0.239 ± 0.000,0.333 ± 0.000,0.01934 ± 0.00000,0.00663 ± 0.00000
OF,GOLEM,Logit,14,27,4bae1f31c7f9b591,5,0.915 ± 0.000,0.240 ± 0.000,0.344 ± 0.000,0.01929 ± 0.00000,0.00700 ± 0.00000
OF,GOLEM,Logit,15,28,6c0c6915847c8118,5,0.914 ± 0.000,0.241 ± 0.000,0.315 ± 0.000,0.01926 ± 0.00000,0.00742 ± 0.00000
OF,GOLEM,Logit,16,29,b3a50edf227de16f,5,0.914 ± 0.000,0.239 ± 0.000,0.315 ± 0.000,0.01934 ± 0.00000,0.00691 ± 0.00000
OF,GOLEM,Logit,17,30,77593e6cf28cc0b7,5,0.916 ± 0.000,0.247 ± 0.000,0.320 ± 0.000,0.01932 ± 0.00000,0.00812 ± 0.00000
OF,GOLEM,Logit,18,31,aecda8e9d3172999,5,0.917 ± 0.000,0.248 ± 0.000,0.322 ± 0.000,0.01928 ± 0.00000,0.00864 ± 0.00000
OF,GOLEM,Logit,19,32,d201257e9537b66f,5,0.916 ± 0.000,0.249 ± 0.000,0.333 ± 0.000,0.01924 ± 0.00000,0.00950 ± 0.00000
OF,GOLEM,Logit,20,33,00037b2451cb07a3,5,0.917 ± 0.000,0.249 ± 0.000,0.315 ± 0.000,0.01926 ± 0.00000,0.00791 ± 0.00000
OF,GOLEM,Logit,21,34,5929e7ecaee6ba5d,5,0.916 ± 0.000,0.248 ± 0.000,0.324 ± 0.000,0.01926 ± 0.00000,0.00778 ± 0.00000
OF,GOLEM,Logit,22,35,b2b3bca1258ab915,5,0.917 ± 0.000,0.250 ± 0.000,0.319 ± 0.000,0.01922 ± 0.00000,0.00865 ± 0.00000
OF,GOLEM,Logit,23,36,552939458212efbd,5,0.916 ± 0.000,0.250 ± 0.000,0.326 ± 0.000,0.01925 ± 0.00000,0.00901 ± 0.00000
OF,GOLEM,Logit,24,37,b2e53f58cc65415c,5,0.916 ± 0.000,0.249 ± 0.000,0.319 ± 0.000,0.01924 ± 0.00000,0.00885 ± 0.00000
OF,GOLEM,Logit,25,38,eb121959e2431b20,5,0.916 ± 0.000,0.251 ± 0.000,0.319 ± 0.000,0.01926 ± 0.00000,0.00847 ± 0.00000
OF,GOLEM,Logit,26,39,0ffa48359963fc99,5,0.916 ± 0.000,0.244 ± 0.000,0.324 ± 0.000,0.01930 ± 0.00000,0.00794 ± 0.00000
OF,GOLEM,RF,1,14,1764f1430f80689c,5,0.925 ± 0.003,0.434 ± 0.004,0.413 ± 0.002,0.01604 ± 0.00005,0.00409 ± 0.00049
OF,GOLEM,RF,2,15,a6c4d708f5adb6d5,5,0.924 ± 0.006,0.430 ± 0.007,0.415 ± 0.011,0.01611 ± 0.00008,0.00389 ± 0.00030
OF,GOLEM,RF,3,16,72486b97342b5a81,5,0.922 ± 0.006,0.431 ± 0.003,0.420 ± 0.012,0.01603 ± 0.00002,0.00459 ± 0.00090
OF,GOLEM,RF,4,17,283d566f7c427ce1,5,0.925 ± 0.004,0.428 ± 0.002,0.401 ± 0.021,0.01606 ± 0.00006,0.00415 ± 0.00053
OF,GOLEM,RF,5,18,648fe30c933c651d,5,0.921 ± 0.005,0.428 ± 0.003,0.406 ± 0.022,0.01608 ± 0.00003,0.00545 ± 0.00055
OF,GOLEM,RF,6,19,47ac225f8366a49b,5,0.927 ± 0.002,0.427 ± 0.002,0.408 ± 0.017,0.01613 ± 0.00003,0.00510 ± 0.00053
OF,GOLEM,RF,7,20,8df3c6eaed0221da,5,0.925 ± 0.003,0.433 ± 0.004,0.416 ± 0.008,0.01604 ± 0.00007,0.00455 ± 0.00052
OF,GOLEM,RF,8,21,ec85353a21c9d2f4,5,0.925 ± 0.006,0.424 ± 0.005,0.405 ± 0.005,0.01613 ± 0.00010,0.00447 ± 0.00075
OF,GOLEM,RF,9,22,0c4c0616521c3b2a,5,0.928 ± 0.006,0.416 ± 0.007,0.401 ± 0.008,0.01627 ± 0.00011,0.00454 ± 0.00039
OF,GOLEM,RF,10,23,7d9a63074f68ccad,5,0.925 ± 0.004,0.408 ± 0.004,0.390 ± 0.010,0.01637 ± 0.00004,0.00463 ± 0.00078
OF,GOLEM,RF,11,24,18138564e117358f,5,0.929 ± 0.003,0.405 ± 0.005,0.395 ± 0.017,0.01637 ± 0.00006,0.00438 ± 0.00068
OF,GOLEM,RF,12,25,215b222793dcdbfb,5,0.926 ± 0.004,0.408 ± 0.008,0.393 ± 0.014,0.01635 ± 0.00011,0.00451 ± 0.00071
OF,GOLEM,RF,13,26,472fc3f159d772f3,5,0.925 ± 0.005,0.408 ± 0.003,0.417 ± 0.012,0.01638 ± 0.00006,0.00450 ± 0.00060
OF,GOLEM,RF,14,27,4bae1f31c7f9b591,5,0.928 ± 0.006,0.409 ± 0.005,0.411 ± 0.008,0.01641 ± 0.00003,0.00459 ± 0.00042
OF,GOLEM,RF,15,28,6c0c6915847c8118,5,0.929 ± 0.002,0.407 ± 0.006,0.401 ± 0.026,0.01641 ± 0.00006,0.00464 ± 0.00070
OF,GOLEM,RF,16,29,b3a50edf227de16f,5,0.928 ± 0.003,0.397 ± 0.003,0.394 ± 0.018,0.01651 ± 0.00008,0.00430 ± 0.00069
OF,GOLEM,RF,17,30,77593e6cf28cc0b7,5,0.924 ± 0.003,0.392 ± 0.007,0.398 ± 0.020,0.01665 ± 0.00005,0.00501 ± 0.00060
OF,GOLEM,RF,18,31,aecda8e9d3172999,5,0.923 ± 0.005,0.394 ± 0.007,0.379 ± 0.021,0.01663 ± 0.00011,0.00447 ± 0.00055
OF,GOLEM,RF,19,32,d201257e9537b66f,5,0.921 ± 0.004,0.391 ± 0.008,0.382 ± 0.028,0.01662 ± 0.00009,0.00467 ± 0.00041
OF,GOLEM,RF,20,33,00037b2451cb07a3,5,0.922 ± 0.005,0.392 ± 0.005,0.379 ± 0.022,0.01667 ± 0.00009,0.00553 ± 0.00061
OF,GOLEM,RF,21,34,5929e7ecaee6ba5d,5,0.923 ± 0.005,0.385 ± 0.004,0.371 ± 0.021,0.01671 ± 0.00003,0.00579 ± 0.00086
OF,GOLEM,RF,22,35,b2b3bca1258ab915,5,0.921 ± 0.006,0.386 ± 0.006,0.377 ± 0.014,0.01666 ± 0.00007,0.00596 ± 0.00073
OF,GOLEM,RF,23,36,552939458212efbd,5,0.925 ± 0.003,0.409 ± 0.008,0.372 ± 0.008,0.01639 ± 0.00010,0.00557 ± 0.00024
OF,GOLEM,RF,24,37,b2e53f58cc65415c,5,0.923 ± 0.003,0.401 ± 0.004,0.377 ± 0.008,0.01649 ± 0.00006,0.00519 ± 0.00090
OF,GOLEM,RF,25,38,eb121959e2431b20,5,0.922 ± 0.002,0.410 ± 0.005,0.389 ± 0.005,0.01637 ± 0.00007,0.00492 ± 0.00056
OF,GOLEM,RF,26,39,0ffa48359963fc99,5,0.922 ± 0.006,0.410 ± 0.004,0.394 ± 0.010,0.01642 ± 0.00007,0.00500 ± 0.00063
OF,GOLEM,XGBoost,1,14,1764f1430f80689c,5,0.934 ± 0.001,0.461 ± 0.007,0.416 ± 0.010,0.01602 ± 0.00018,0.01156 ± 0.00099
OF,GOLEM,XGBoost,2,15,a6c4d708f5adb6d5,5,0.933 ± 0.001,0.453 ± 0.009,0.419 ± 0.015,0.01616 ± 0.00016,0.01134 ± 0.00081
OF,GOLEM,XGBoost,3,16,72486b97342b5a81,5,0.936 ± 0.001,0.450 ± 0.007,0.436 ± 0.025,0.01624 ± 0.00022,0.01222 ± 0.00056
OF,GOLEM,XGBoost,4,17,283d566f7c427ce1,5,0.936 ± 0.003,0.451 ± 0.007,0.448 ± 0.029,0.01619 ± 0.00011,0.01148 ± 0.00078
OF,GOLEM,XGBoost,5,18,648fe30c933c651d,5,0.938 ± 0.002,0.463 ± 0.008,0.465 ± 0.019,0.01593 ± 0.00018,0.01165 ± 0.00042
OF,GOLEM,XGBoost,6,19,47ac225f8366a49b,5,0.940 ± 0.002,0.468 ± 0.003,0.452 ± 0.024,0.01596 ± 0.00011,0.01227 ± 0.00084
OF,GOLEM,XGBoost,7,20,8df3c6eaed0221da,5,0.941 ± 0.002,0.477 ± 0.008,0.457 ± 0.013,0.01580 ± 0.00014,0.01184 ± 0.00057
OF,GOLEM,XGBoost,8,21,ec85353a21c9d2f4,5,0.941 ± 0.003,0.475 ± 0.009,0.465 ± 0.013,0.01581 ± 0.00018,0.01119 ± 0.00057
OF,GOLEM,XGBoost,9,22,0c4c0616521c3b2a,5,0.939 ± 0.002,0.471 ± 0.010,0.476 ± 0.014,0.01582 ± 0.00010,0.01110 ± 0.00083
OF,GOLEM,XGBoost,10,23,7d9a63074f68ccad,5,0.941 ± 0.002,0.468 ± 0.009,0.457 ± 0.007,0.01596 ± 0.00016,0.01155 ± 0.00079
OF,GOLEM,XGBoost,11,24,18138564e117358f,5,0.942 ± 0.001,0.471 ± 0.012,0.456 ± 0.025,0.01595 ± 0.00024,0.01129 ± 0.00045
OF,GOLEM,XGBoost,12,25,215b222793dcdbfb,5,0.941 ± 0.002,0.467 ± 0.006,0.444 ± 0.011,0.01595 ± 0.00016,0.01107 ± 0.00056
OF,GOLEM,XGBoost,13,26,472fc3f159d772f3,5,0.939 ± 0.001,0.457 ± 0.010,0.447 ± 0.022,0.01605 ± 0.00020,0.01162 ± 0.00078
OF,GOLEM,XGBoost,14,27,4bae1f31c7f9b591,5,0.937 ± 0.002,0.462 ± 0.009,0.449 ± 0.015,0.01608 ± 0.00013,0.01149 ± 0.00067
OF,GOLEM,XGBoost,15,28,6c0c6915847c8118,5,0.935 ± 0.004,0.459 ± 0.010,0.439 ± 0.012,0.01613 ± 0.00013,0.01125 ± 0.00094
OF,GOLEM,XGBoost,16,29,b3a50edf227de16f,5,0.935 ± 0.002,0.453 ± 0.011,0.441 ± 0.018,0.01615 ± 0.00025,0.01110 ± 0.00072
OF,GOLEM,XGBoost,17,30,77593e6cf28cc0b7,5,0.933 ± 0.003,0.454 ± 0.012,0.452 ± 0.025,0.01618 ± 0.00017,0.01196 ± 0.00062
OF,GOLEM,XGBoost,18,31,aecda8e9d3172999,5,0.934 ± 0.003,0.458 ± 0.004,0.439 ± 0.031,0.01611 ± 0.00005,0.01204 ± 0.00070
OF,GOLEM,XGBoost,19,32,d201257e9537b66f,5,0.934 ± 0.002,0.455 ± 0.008,0.457 ± 0.019,0.01620 ± 0.00014,0.01236 ± 0.00052
OF,GOLEM,XGBoost,20,33,00037b2451cb07a3,5,0.936 ± 0.003,0.458 ± 0.010,0.456 ± 0.010,0.01610 ± 0.00020,0.01179 ± 0.00067
OF,GOLEM,XGBoost,21,34,5929e7ecaee6ba5d,5,0.934 ± 0.004,0.453 ± 0.015,0.459 ± 0.031,0.01612 ± 0.00025,0.01171 ± 0.00074
OF,GOLEM,XGBoost,22,35,b2b3bca1258ab915,5,0.935 ± 0.004,0.458 ± 0.009,0.449 ± 0.018,0.01605 ± 0.00018,0.01136 ± 0.00032
OF,GOLEM,XGBoost,23,36,552939458212efbd,5,0.936 ± 0.002,0.455 ± 0.005,0.464 ± 0.012,0.01604 ± 0.00015,0.01208 ± 0.00072
OF,GOLEM,XGBoost,24,37,b2e53f58cc65415c,5,0.935 ± 0.001,0.460 ± 0.006,0.454 ± 0.023,0.01601 ± 0.00011,0.01199 ± 0.00022
OF,GOLEM,XGBoost,25,38,eb121959e2431b20,5,0.933 ± 0.002,0.464 ± 0.010,0.462 ± 0.021,0.01591 ± 0.00023,0.01195 ± 0.00109
OF,GOLEM,XGBoost,26,39,0ffa48359963fc99,5,0.931 ± 0.002,0.453 ± 0.003,0.455 ± 0.029,0.01611 ± 0.00014,0.01161 ± 0.00058
OF,NOTEARS,FFMLP,1,14,9560cd328a79aa95,5,0.866 ± 0.008,0.288 ± 0.026,0.328 ± 0.023,0.01980 ± 0.00020,0.00805 ± 0.00087
OF,NOTEARS,FFMLP,2,15,df52776712e79ece,5,0.872 ± 0.013,0.272 ± 0.033,0.337 ± 0.029,0.01967 ± 0.00030,0.00889 ± 0.00093
OF,NOTEARS,FFMLP,3,16,117e5679d7d36ee4,5,0.870 ± 0.006,0.230 ± 0.029,0.308 ± 0.014,0.01977 ± 0.00026,0.00850 ± 0.00060
OF,NOTEARS,FFMLP,4,17,587db133f53188a4,5,0.880 ± 0.008,0.274 ± 0.036,0.341 ± 0.037,0.01950 ± 0.00021,0.00923 ± 0.00044
OF,NOTEARS,FFMLP,5,18,3db36631c90ecd70,5,0.875 ± 0.010,0.227 ± 0.019,0.331 ± 0.036,0.01971 ± 0.00041,0.00830 ± 0.00103
OF,NOTEARS,FFMLP,6,19,e4880562677fc7a0,5,0.876 ± 0.008,0.230 ± 0.029,0.312 ± 0.019,0.01971 ± 0.00030,0.00958 ± 0.00109
OF,NOTEARS,FFMLP,7,20,45103d7f1eb73543,5,0.880 ± 0.010,0.263 ± 0.028,0.331 ± 0.035,0.01931 ± 0.00033,0.00801 ± 0.00117
OF,NOTEARS,FFMLP,8,21,95fb0edc87e00551,5,0.879 ± 0.006,0.243 ± 0.027,0.314 ± 0.022,0.01956 ± 0.00019,0.00848 ± 0.00092
OF,NOTEARS,FFMLP,9,22,fd45e8eb1e0402f7,5,0.879 ± 0.007,0.243 ± 0.014,0.337 ± 0.025,0.01951 ± 0.00036,0.00748 ± 0.00122
OF,NOTEARS,FFMLP,10,23,64d36f8c9c030f0d,5,0.883 ± 0.004,0.242 ± 0.008,0.332 ± 0.036,0.01941 ± 0.00009,0.00793 ± 0.00094
OF,NOTEARS,FFMLP,11,24,47cefbe35f92b4fb,5,0.875 ± 0.007,0.237 ± 0.007,0.317 ± 0.008,0.01970 ± 0.00016,0.00767 ± 0.00048
OF,NOTEARS,FFMLP,12,25,8047115df588c02f,5,0.880 ± 0.006,0.231 ± 0.015,0.339 ± 0.027,0.01959 ± 0.00020,0.00798 ± 0.00118
OF,NOTEARS,FFMLP,13,26,68ef7380626a1b30,5,0.878 ± 0.004,0.244 ± 0.017,0.364 ± 0.009,0.01950 ± 0.00027,0.00860 ± 0.00104
OF,NOTEARS,FFMLP,14,27,a049e56c5593b22c,5,0.876 ± 0.006,0.235 ± 0.016,0.346 ± 0.042,0.01951 ± 0.00015,0.00796 ± 0.00128
OF,NOTEARS,FFMLP,15,28,4c18467cb3445b9d,5,0.874 ± 0.016,0.245 ± 0.023,0.331 ± 0.030,0.01947 ± 0.00049,0.00811 ± 0.00098
OF,NOTEARS,FFMLP,16,29,50f34c7124434fa2,5,0.878 ± 0.003,0.242 ± 0.017,0.353 ± 0.018,0.01949 ± 0.00015,0.00864 ± 0.00137
OF,NOTEARS,FFMLP,17,30,8e81714289f30c0d,5,0.879 ± 0.005,0.241 ± 0.010,0.341 ± 0.032,0.01945 ± 0.00013,0.00842 ± 0.00090
OF,NOTEARS,LightGBM,1,14,9560cd328a79aa95,5,0.920 ± 0.001,0.445 ± 0.008,0.487 ± 0.012,0.01654 ± 0.00012,0.01606 ± 0.00031
OF,NOTEARS,LightGBM,2,15,df52776712e79ece,5,0.926 ± 0.002,0.450 ± 0.003,0.488 ± 0.014,0.01649 ± 0.00014,0.01619 ± 0.00034
OF,NOTEARS,LightGBM,3,16,117e5679d7d36ee4,5,0.930 ± 0.002,0.457 ± 0.007,0.468 ± 0.010,0.01633 ± 0.00017,0.01599 ± 0.00014
OF,NOTEARS,LightGBM,4,17,587db133f53188a4,5,0.934 ± 0.003,0.479 ± 0.004,0.468 ± 0.014,0.01633 ± 0.00007,0.01605 ± 0.00039
OF,NOTEARS,LightGBM,5,18,3db36631c90ecd70,5,0.936 ± 0.001,0.483 ± 0.004,0.447 ± 0.020,0.01641 ± 0.00010,0.01599 ± 0.00012
OF,NOTEARS,LightGBM,6,19,e4880562677fc7a0,5,0.936 ± 0.003,0.473 ± 0.007,0.458 ± 0.035,0.01663 ± 0.00025,0.01654 ± 0.00036
OF,NOTEARS,LightGBM,7,20,45103d7f1eb73543,5,0.938 ± 0.001,0.472 ± 0.010,0.467 ± 0.022,0.01668 ± 0.00021,0.01652 ± 0.00059
OF,NOTEARS,LightGBM,8,21,95fb0edc87e00551,5,0.937 ± 0.002,0.461 ± 0.007,0.448 ± 0.015,0.01665 ± 0.00013,0.01615 ± 0.00037
OF,NOTEARS,LightGBM,9,22,fd45e8eb1e0402f7,5,0.935 ± 0.001,0.456 ± 0.004,0.455 ± 0.020,0.01680 ± 0.00006,0.01660 ± 0.00023
OF,NOTEARS,LightGBM,10,23,64d36f8c9c030f0d,5,0.937 ± 0.002,0.461 ± 0.003,0.446 ± 0.015,0.01690 ± 0.00009,0.01666 ± 0.00018
OF,NOTEARS,LightGBM,11,24,47cefbe35f92b4fb,5,0.933 ± 0.001,0.461 ± 0.005,0.451 ± 0.012,0.01686 ± 0.00013,0.01655 ± 0.00036
OF,NOTEARS,LightGBM,12,25,8047115df588c02f,5,0.933 ± 0.003,0.461 ± 0.013,0.440 ± 0.027,0.01677 ± 0.00010,0.01649 ± 0.00027
OF,NOTEARS,LightGBM,13,26,68ef7380626a1b30,5,0.934 ± 0.001,0.457 ± 0.006,0.458 ± 0.020,0.01693 ± 0.00018,0.01670 ± 0.00033
OF,NOTEARS,LightGBM,14,27,a049e56c5593b22c,5,0.933 ± 0.003,0.460 ± 0.004,0.447 ± 0.013,0.01674 ± 0.00012,0.01646 ± 0.00032
OF,NOTEARS,LightGBM,15,28,4c18467cb3445b9d,5,0.933 ± 0.002,0.462 ± 0.007,0.461 ± 0.026,0.01676 ± 0.00018,0.01675 ± 0.00026
OF,NOTEARS,LightGBM,16,29,50f34c7124434fa2,5,0.934 ± 0.002,0.461 ± 0.006,0.446 ± 0.017,0.01672 ± 0.00018,0.01680 ± 0.00031
OF,NOTEARS,LightGBM,17,30,8e81714289f30c0d,5,0.932 ± 0.002,0.462 ± 0.004,0.460 ± 0.020,0.01676 ± 0.00011,0.01677 ± 0.00022
OF,NOTEARS,Logit,1,14,9560cd328a79aa95,5,0.923 ± 0.000,0.254 ± 0.000,0.354 ± 0.000,0.01897 ± 0.00000,0.01067 ± 0.00000
OF,NOTEARS,Logit,2,15,df52776712e79ece,5,0.924 ± 0.000,0.257 ± 0.000,0.267 ± 0.000,0.01896 ± 0.00000,0.01136 ± 0.00000
OF,NOTEARS,Logit,3,16,117e5679d7d36ee4,5,0.923 ± 0.000,0.255 ± 0.000,0.325 ± 0.000,0.01919 ± 0.00000,0.01263 ± 0.00000
OF,NOTEARS,Logit,4,17,587db133f53188a4,5,0.925 ± 0.000,0.259 ± 0.000,0.327 ± 0.000,0.01938 ± 0.00000,0.01224 ± 0.00000
OF,NOTEARS,Logit,5,18,3db36631c90ecd70,5,0.926 ± 0.000,0.259 ± 0.000,0.325 ± 0.000,0.01925 ± 0.00000,0.01203 ± 0.00000
OF,NOTEARS,Logit,6,19,e4880562677fc7a0,5,0.922 ± 0.000,0.243 ± 0.000,0.370 ± 0.000,0.01973 ± 0.00000,0.01121 ± 0.00000
OF,NOTEARS,Logit,7,20,45103d7f1eb73543,5,0.917 ± 0.000,0.244 ± 0.000,0.333 ± 0.000,0.01970 ± 0.00000,0.00809 ± 0.00000
OF,NOTEARS,Logit,8,21,95fb0edc87e00551,5,0.916 ± 0.000,0.232 ± 0.000,0.346 ± 0.000,0.02028 ± 0.00000,0.00805 ± 0.00000
OF,NOTEARS,Logit,9,22,fd45e8eb1e0402f7,5,0.915 ± 0.000,0.234 ± 0.000,0.335 ± 0.000,0.02026 ± 0.00000,0.00800 ± 0.00000
OF,NOTEARS,Logit,10,23,64d36f8c9c030f0d,5,0.917 ± 0.000,0.228 ± 0.000,0.323 ± 0.000,0.02007 ± 0.00000,0.00821 ± 0.00000
OF,NOTEARS,Logit,11,24,47cefbe35f92b4fb,5,0.917 ± 0.000,0.231 ± 0.000,0.310 ± 0.000,0.02003 ± 0.00000,0.00826 ± 0.00000
OF,NOTEARS,Logit,12,25,8047115df588c02f,5,0.916 ± 0.000,0.228 ± 0.000,0.314 ± 0.000,0.02003 ± 0.00000,0.00856 ± 0.00000
OF,NOTEARS,Logit,13,26,68ef7380626a1b30,5,0.917 ± 0.000,0.228 ± 0.000,0.318 ± 0.000,0.01997 ± 0.00000,0.00940 ± 0.00000
OF,NOTEARS,Logit,14,27,a049e56c5593b22c,5,0.917 ± 0.000,0.228 ± 0.000,0.321 ± 0.000,0.01996 ± 0.00000,0.00921 ± 0.00000
OF,NOTEARS,Logit,15,28,4c18467cb3445b9d,5,0.917 ± 0.000,0.228 ± 0.000,0.329 ± 0.000,0.01999 ± 0.00000,0.00895 ± 0.00000
OF,NOTEARS,Logit,16,29,50f34c7124434fa2,5,0.915 ± 0.000,0.224 ± 0.000,0.321 ± 0.000,0.02001 ± 0.00000,0.00849 ± 0.00000
OF,NOTEARS,Logit,17,30,8e81714289f30c0d,5,0.913 ± 0.000,0.223 ± 0.000,0.321 ± 0.000,0.02000 ± 0.00000,0.00792 ± 0.00000
OF,NOTEARS,RF,1,14,9560cd328a79aa95,5,0.925 ± 0.003,0.434 ± 0.005,0.411 ± 0.004,0.01604 ± 0.00004,0.00410 ± 0.00060
OF,NOTEARS,RF,2,15,df52776712e79ece,5,0.923 ± 0.006,0.430 ± 0.006,0.408 ± 0.008,0.01608 ± 0.00009,0.00379 ± 0.00074
OF,NOTEARS,RF,3,16,117e5679d7d36ee4,5,0.918 ± 0.005,0.434 ± 0.004,0.415 ± 0.009,0.01601 ± 0.00005,0.00456 ± 0.00069
OF,NOTEARS,RF,4,17,587db133f53188a4,5,0.922 ± 0.011,0.432 ± 0.003,0.403 ± 0.015,0.01603 ± 0.00004,0.00426 ± 0.00061
OF,NOTEARS,RF,5,18,3db36631c90ecd70,5,0.925 ± 0.006,0.431 ± 0.006,0.413 ± 0.007,0.01603 ± 0.00008,0.00436 ± 0.00096
OF,NOTEARS,RF,6,19,e4880562677fc7a0,5,0.925 ± 0.002,0.420 ± 0.003,0.397 ± 0.014,0.01618 ± 0.00004,0.00389 ± 0.00059
OF,NOTEARS,RF,7,20,45103d7f1eb73543,5,0.925 ± 0.007,0.419 ± 0.005,0.389 ± 0.018,0.01619 ± 0.00003,0.00362 ± 0.00054
OF,NOTEARS,RF,8,21,95fb0edc87e00551,5,0.927 ± 0.004,0.410 ± 0.006,0.397 ± 0.007,0.01627 ± 0.00002,0.00398 ± 0.00089
OF,NOTEARS,RF,9,22,fd45e8eb1e0402f7,5,0.926 ± 0.002,0.408 ± 0.003,0.398 ± 0.015,0.01634 ± 0.00004,0.00322 ± 0.00068
OF,NOTEARS,RF,10,23,64d36f8c9c030f0d,5,0.928 ± 0.004,0.404 ± 0.006,0.395 ± 0.006,0.01640 ± 0.00004,0.00345 ± 0.00087
OF,NOTEARS,RF,11,24,47cefbe35f92b4fb,5,0.924 ± 0.009,0.402 ± 0.005,0.390 ± 0.012,0.01649 ± 0.00006,0.00387 ± 0.00050
OF,NOTEARS,RF,12,25,8047115df588c02f,5,0.922 ± 0.004,0.404 ± 0.003,0.403 ± 0.008,0.01643 ± 0.00004,0.00431 ± 0.00072
OF,NOTEARS,RF,13,26,68ef7380626a1b30,5,0.928 ± 0.004,0.406 ± 0.004,0.391 ± 0.010,0.01645 ± 0.00002,0.00391 ± 0.00031
OF,NOTEARS,RF,14,27,a049e56c5593b22c,5,0.925 ± 0.006,0.403 ± 0.003,0.385 ± 0.010,0.01646 ± 0.00002,0.00449 ± 0.00050
OF,NOTEARS,RF,15,28,4c18467cb3445b9d,5,0.927 ± 0.004,0.400 ± 0.005,0.396 ± 0.003,0.01650 ± 0.00008,0.00435 ± 0.00070
OF,NOTEARS,RF,16,29,50f34c7124434fa2,5,0.927 ± 0.005,0.395 ± 0.006,0.390 ± 0.008,0.01658 ± 0.00008,0.00405 ± 0.00055
OF,NOTEARS,RF,17,30,8e81714289f30c0d,5,0.929 ± 0.004,0.392 ± 0.006,0.395 ± 0.016,0.01666 ± 0.00003,0.00405 ± 0.00052
OF,NOTEARS,XGBoost,1,14,9560cd328a79aa95,5,0.934 ± 0.001,0.461 ± 0.007,0.416 ± 0.010,0.01602 ± 0.00018,0.01156 ± 0.00099
OF,NOTEARS,XGBoost,2,15,df52776712e79ece,5,0.936 ± 0.002,0.471 ± 0.008,0.439 ± 0.020,0.01583 ± 0.00009,0.01087 ± 0.00040
OF,NOTEARS,XGBoost,3,16,117e5679d7d36ee4,5,0.936 ± 0.002,0.472 ± 0.010,0.444 ± 0.014,0.01590 ± 0.00024,0.01143 ± 0.00082
OF,NOTEARS,XGBoost,4,17,587db133f53188a4,5,0.940 ± 0.004,0.471 ± 0.008,0.449 ± 0.020,0.01592 ± 0.00016,0.01146 ± 0.00062
OF,NOTEARS,XGBoost,5,18,3db36631c90ecd70,5,0.942 ± 0.002,0.472 ± 0.007,0.461 ± 0.027,0.01592 ± 0.00016,0.01090 ± 0.00087
OF,NOTEARS,XGBoost,6,19,e4880562677fc7a0,5,0.940 ± 0.002,0.475 ± 0.006,0.461 ± 0.007,0.01588 ± 0.00008,0.01084 ± 0.00037
OF,NOTEARS,XGBoost,7,20,45103d7f1eb73543,5,0.942 ± 0.002,0.471 ± 0.007,0.440 ± 0.020,0.01597 ± 0.00015,0.01193 ± 0.00044
OF,NOTEARS,XGBoost,8,21,95fb0edc87e00551,5,0.941 ± 0.001,0.476 ± 0.012,0.445 ± 0.007,0.01584 ± 0.00025,0.01115 ± 0.00052
OF,NOTEARS,XGBoost,9,22,fd45e8eb1e0402f7,5,0.942 ± 0.001,0.466 ± 0.010,0.452 ± 0.011,0.01611 ± 0.00022,0.01166 ± 0.00054
OF,NOTEARS,XGBoost,10,23,64d36f8c9c030f0d,5,0.941 ± 0.003,0.456 ± 0.009,0.438 ± 0.017,0.01628 ± 0.00020,0.01182 ± 0.00096
OF,NOTEARS,XGBoost,11,24,47cefbe35f92b4fb,5,0.938 ± 0.003,0.463 ± 0.006,0.438 ± 0.015,0.01616 ± 0.00020,0.01178 ± 0.00077
OF,NOTEARS,XGBoost,12,25,8047115df588c02f,5,0.938 ± 0.002,0.460 ± 0.006,0.438 ± 0.015,0.01620 ± 0.00019,0.01145 ± 0.00096
OF,NOTEARS,XGBoost,13,26,68ef7380626a1b30,5,0.939 ± 0.002,0.450 ± 0.006,0.441 ± 0.017,0.01639 ± 0.00015,0.01136 ± 0.00088
OF,NOTEARS,XGBoost,14,27,a049e56c5593b22c,5,0.937 ± 0.003,0.452 ± 0.006,0.448 ± 0.010,0.01627 ± 0.00015,0.01129 ± 0.00028
OF,NOTEARS,XGBoost,15,28,4c18467cb3445b9d,5,0.937 ± 0.001,0.453 ± 0.004,0.439 ± 0.016,0.01630 ± 0.00013,0.01149 ± 0.00084
OF,NOTEARS,XGBoost,16,29,50f34c7124434fa2,5,0.936 ± 0.002,0.458 ± 0.005,0.452 ± 0.011,0.01618 ± 0.00022,0.01185 ± 0.00080
OF,NOTEARS,XGBoost,17,30,8e81714289f30c0d,5,0.936 ± 0.002,0.454 ± 0.012,0.442 ± 0.017,0.01628 ± 0.00025,0.01208 ± 0.00052
OF,PC,FFMLP,1,14,721bb5b3791b65b8,5,0.860 ± 0.010,0.237 ± 0.024,0.330 ± 0.022,0.01997 ± 0.00026,0.00798 ± 0.00086
OF,PC,FFMLP,2,15,fc59b09fb5ee3839,5,0.871 ± 0.013,0.255 ± 0.015,0.326 ± 0.008,0.01968 ± 0.00022,0.00902 ± 0.00154
OF,PC,FFMLP,3,16,0d11386dd824b4c1,5,0.869 ± 0.007,0.250 ± 0.034,0.314 ± 0.025,0.01978 ± 0.00019,0.00914 ± 0.00091
OF,PC,FFMLP,4,17,285c77ccbcb26f76,5,0.875 ± 0.011,0.238 ± 0.023,0.319 ± 0.019,0.01966 ± 0.00023,0.00864 ± 0.00108
OF,PC,FFMLP,5,18,3b96f3c5e78883cd,5,0.871 ± 0.014,0.221 ± 0.025,0.320 ± 0.030,0.01979 ± 0.00039,0.00822 ± 0.00078
OF,PC,FFMLP,6,19,bcb0b960f2d60d8e,5,0.875 ± 0.008,0.249 ± 0.021,0.340 ± 0.009,0.01971 ± 0.00005,0.00968 ± 0.00061
OF,PC,FFMLP,7,20,fc2a48d3efdcf9d2,5,0.877 ± 0.007,0.255 ± 0.012,0.366 ± 0.015,0.01967 ± 0.00034,0.00939 ± 0.00029
OF,PC,FFMLP,8,21,6c77d017e3138a39,5,0.875 ± 0.004,0.263 ± 0.024,0.345 ± 0.040,0.01966 ± 0.00009,0.00891 ± 0.00060
OF,PC,FFMLP,9,22,0f710de7b3c7092d,5,0.879 ± 0.009,0.250 ± 0.009,0.353 ± 0.020,0.01948 ± 0.00025,0.00844 ± 0.00129
OF,PC,FFMLP,10,23,9710632908b0d396,5,0.875 ± 0.008,0.247 ± 0.011,0.314 ± 0.022,0.01965 ± 0.00025,0.00846 ± 0.00166
OF,PC,FFMLP,11,24,20cc5c9a42ed1752,5,0.876 ± 0.007,0.250 ± 0.009,0.335 ± 0.029,0.01951 ± 0.00018,0.00795 ± 0.00108
OF,PC,FFMLP,12,25,0857a78345413e0e,5,0.882 ± 0.002,0.238 ± 0.011,0.337 ± 0.019,0.01958 ± 0.00022,0.00851 ± 0.00109
OF,PC,FFMLP,13,26,463c4174acb2abb3,5,0.882 ± 0.008,0.242 ± 0.021,0.364 ± 0.033,0.01957 ± 0.00045,0.00926 ± 0.00122
OF,PC,FFMLP,14,27,5046c221cf89c9d1,5,0.878 ± 0.003,0.246 ± 0.017,0.332 ± 0.021,0.01960 ± 0.00024,0.00866 ± 0.00164
OF,PC,FFMLP,15,28,e8553ac2e8a1b18f,5,0.876 ± 0.014,0.246 ± 0.017,0.324 ± 0.034,0.01965 ± 0.00032,0.00830 ± 0.00039
OF,PC,FFMLP,16,29,f58cd5bcf72e5cb2,5,0.886 ± 0.004,0.251 ± 0.010,0.344 ± 0.034,0.01944 ± 0.00017,0.00929 ± 0.00095
OF,PC,FFMLP,17,30,4762f86d5d8bbacb,5,0.883 ± 0.005,0.250 ± 0.018,0.347 ± 0.026,0.01956 ± 0.00015,0.00879 ± 0.00114
OF,PC,FFMLP,18,31,ef62e99782aa5a11,5,0.886 ± 0.011,0.255 ± 0.012,0.351 ± 0.047,0.01941 ± 0.00037,0.00858 ± 0.00109
OF,PC,FFMLP,19,32,176f018cb5c2c8cf,5,0.881 ± 0.008,0.248 ± 0.017,0.343 ± 0.038,0.01948 ± 0.00036,0.00856 ± 0.00162
OF,PC,FFMLP,20,33,d94ce2ce605d4851,5,0.884 ± 0.004,0.247 ± 0.013,0.332 ± 0.045,0.01953 ± 0.00022,0.00893 ± 0.00195
OF,PC,FFMLP,21,34,2cd73d9141134774,5,0.885 ± 0.015,0.257 ± 0.017,0.364 ± 0.025,0.01930 ± 0.00030,0.00815 ± 0.00159
OF,PC,FFMLP,22,35,d3c7b2ea7e48d507,5,0.881 ± 0.008,0.254 ± 0.018,0.344 ± 0.022,0.01946 ± 0.00018,0.00894 ± 0.00102
OF,PC,FFMLP,23,36,2088c05c8d8f760b,5,0.881 ± 0.009,0.253 ± 0.016,0.363 ± 0.022,0.01948 ± 0.00028,0.00906 ± 0.00147
OF,PC,FFMLP,24,37,56b4aac031f87554,5,0.885 ± 0.011,0.260 ± 0.015,0.363 ± 0.016,0.01932 ± 0.00030,0.00849 ± 0.00138
OF,PC,LightGBM,1,14,721bb5b3791b65b8,5,0.923 ± 0.002,0.458 ± 0.007,0.463 ± 0.010,0.01662 ± 0.00017,0.01657 ± 0.00052
OF,PC,LightGBM,2,15,fc59b09fb5ee3839,5,0.925 ± 0.002,0.450 ± 0.005,0.479 ± 0.014,0.01652 ± 0.00012,0.01601 ± 0.00060
OF,PC,LightGBM,3,16,0d11386dd824b4c1,5,0.929 ± 0.001,0.447 ± 0.005,0.472 ± 0.016,0.01648 ± 0.00013,0.01606 ± 0.00025
OF,PC,LightGBM,4,17,285c77ccbcb26f76,5,0.932 ± 0.003,0.437 ± 0.006,0.457 ± 0.020,0.01661 ± 0.00007,0.01631 ± 0.00048
OF,PC,LightGBM,5,18,3b96f3c5e78883cd,5,0.931 ± 0.001,0.450 ± 0.008,0.475 ± 0.015,0.01639 ± 0.00011,0.01594 ± 0.00042
OF,PC,LightGBM,6,19,bcb0b960f2d60d8e,5,0.936 ± 0.002,0.465 ± 0.003,0.467 ± 0.010,0.01647 ± 0.00009,0.01625 ± 0.00049
OF,PC,LightGBM,7,20,fc2a48d3efdcf9d2,5,0.938 ± 0.002,0.467 ± 0.005,0.469 ± 0.021,0.01656 ± 0.00011,0.01634 ± 0.00053
OF,PC,LightGBM,8,21,6c77d017e3138a39,5,0.937 ± 0.002,0.447 ± 0.004,0.459 ± 0.014,0.01675 ± 0.00018,0.01647 ± 0.00012
OF,PC,LightGBM,9,22,0f710de7b3c7092d,5,0.936 ± 0.002,0.446 ± 0.005,0.463 ± 0.016,0.01685 ± 0.00015,0.01661 ± 0.00038
OF,PC,LightGBM,10,23,9710632908b0d396,5,0.938 ± 0.002,0.454 ± 0.006,0.462 ± 0.012,0.01667 ± 0.00012,0.01649 ± 0.00030
OF,PC,LightGBM,11,24,20cc5c9a42ed1752,5,0.937 ± 0.001,0.456 ± 0.006,0.464 ± 0.021,0.01663 ± 0.00016,0.01662 ± 0.00031
OF,PC,LightGBM,12,25,0857a78345413e0e,5,0.937 ± 0.001,0.461 ± 0.005,0.477 ± 0.017,0.01655 ± 0.00020,0.01608 ± 0.00035
OF,PC,LightGBM,13,26,463c4174acb2abb3,5,0.933 ± 0.003,0.455 ± 0.007,0.464 ± 0.008,0.01672 ± 0.00018,0.01655 ± 0.00047
OF,PC,LightGBM,14,27,5046c221cf89c9d1,5,0.930 ± 0.002,0.466 ± 0.005,0.495 ± 0.016,0.01673 ± 0.00019,0.01687 ± 0.00018
OF,PC,LightGBM,15,28,e8553ac2e8a1b18f,5,0.930 ± 0.001,0.470 ± 0.008,0.483 ± 0.018,0.01669 ± 0.00020,0.01662 ± 0.00032
OF,PC,LightGBM,16,29,f58cd5bcf72e5cb2,5,0.931 ± 0.003,0.468 ± 0.009,0.490 ± 0.022,0.01674 ± 0.00025,0.01664 ± 0.00028
OF,PC,LightGBM,17,30,4762f86d5d8bbacb,5,0.929 ± 0.001,0.473 ± 0.010,0.506 ± 0.013,0.01679 ± 0.00018,0.01670 ± 0.00016
OF,PC,LightGBM,18,31,ef62e99782aa5a11,5,0.923 ± 0.002,0.464 ± 0.005,0.495 ± 0.026,0.01683 ± 0.00007,0.01665 ± 0.00017
OF,PC,LightGBM,19,32,176f018cb5c2c8cf,5,0.926 ± 0.002,0.471 ± 0.005,0.509 ± 0.019,0.01682 ± 0.00012,0.01674 ± 0.00030
OF,PC,LightGBM,20,33,d94ce2ce605d4851,5,0.919 ± 0.003,0.467 ± 0.006,0.493 ± 0.027,0.01686 ± 0.00017,0.01676 ± 0.00033
OF,PC,LightGBM,21,34,2cd73d9141134774,5,0.918 ± 0.002,0.468 ± 0.005,0.495 ± 0.012,0.01678 ± 0.00007,0.01653 ± 0.00021
OF,PC,LightGBM,22,35,d3c7b2ea7e48d507,5,0.917 ± 0.003,0.463 ± 0.004,0.495 ± 0.019,0.01690 ± 0.00008,0.01688 ± 0.00020
OF,PC,LightGBM,23,36,2088c05c8d8f760b,5,0.922 ± 0.003,0.475 ± 0.005,0.497 ± 0.013,0.01663 ± 0.00026,0.01633 ± 0.00028
OF,PC,LightGBM,24,37,56b4aac031f87554,5,0.923 ± 0.003,0.468 ± 0.007,0.486 ± 0.012,0.01688 ± 0.00026,0.01666 ± 0.00054
OF,PC,Logit,1,14,721bb5b3791b65b8,5,0.924 ± 0.000,0.258 ± 0.000,0.273 ± 0.000,0.01890 ± 0.00000,0.01173 ± 0.00000
OF,PC,Logit,2,15,fc59b09fb5ee3839,5,0.924 ± 0.000,0.257 ± 0.000,0.352 ± 0.000,0.01896 ± 0.00000,0.01140 ± 0.00000
OF,PC,Logit,3,16,0d11386dd824b4c1,5,0.923 ± 0.000,0.256 ± 0.000,0.263 ± 0.000,0.01897 ± 0.00000,0.01116 ± 0.00000
OF,PC,Logit,4,17,285c77ccbcb26f76,5,0.924 ± 0.000,0.256 ± 0.000,0.329 ± 0.000,0.01916 ± 0.00000,0.01220 ± 0.00000
OF,PC,Logit,5,18,3b96f3c5e78883cd,5,0.921 ± 0.000,0.257 ± 0.000,0.329 ± 0.000,0.01917 ± 0.00000,0.01247 ± 0.00000
OF,PC,Logit,6,19,bcb0b960f2d60d8e,5,0.922 ± 0.000,0.261 ± 0.000,0.383 ± 0.000,0.01946 ± 0.00000,0.01250 ± 0.00000
OF,PC,Logit,7,20,fc2a48d3efdcf9d2,5,0.921 ± 0.000,0.251 ± 0.000,0.385 ± 0.000,0.01983 ± 0.00000,0.01355 ± 0.00000
OF,PC,Logit,8,21,6c77d017e3138a39,5,0.917 ± 0.000,0.256 ± 0.000,0.373 ± 0.000,0.01975 ± 0.00000,0.00990 ± 0.00000
OF,PC,Logit,9,22,0f710de7b3c7092d,5,0.916 ± 0.000,0.233 ± 0.000,0.323 ± 0.000,0.01995 ± 0.00000,0.00791 ± 0.00000
OF,PC,Logit,10,23,9710632908b0d396,5,0.917 ± 0.000,0.234 ± 0.000,0.325 ± 0.000,0.01993 ± 0.00000,0.00807 ± 0.00000
OF,PC,Logit,11,24,20cc5c9a42ed1752,5,0.917 ± 0.000,0.240 ± 0.000,0.329 ± 0.000,0.01960 ± 0.00000,0.00832 ± 0.00000
OF,PC,Logit,12,25,0857a78345413e0e,5,0.916 ± 0.000,0.237 ± 0.000,0.325 ± 0.000,0.01966 ± 0.00000,0.00850 ± 0.00000
OF,PC,Logit,13,26,463c4174acb2abb3,5,0.915 ± 0.000,0.240 ± 0.000,0.342 ± 0.000,0.01971 ± 0.00000,0.00834 ± 0.00000
OF,PC,Logit,14,27,5046c221cf89c9d1,5,0.915 ± 0.000,0.243 ± 0.000,0.342 ± 0.000,0.01968 ± 0.00000,0.01005 ± 0.00000
OF,PC,Logit,15,28,e8553ac2e8a1b18f,5,0.917 ± 0.000,0.244 ± 0.000,0.326 ± 0.000,0.01967 ± 0.00000,0.00957 ± 0.00000
OF,PC,Logit,16,29,f58cd5bcf72e5cb2,5,0.917 ± 0.000,0.245 ± 0.000,0.340 ± 0.000,0.01967 ± 0.00000,0.00958 ± 0.00000
OF,PC,Logit,17,30,4762f86d5d8bbacb,5,0.917 ± 0.000,0.244 ± 0.000,0.340 ± 0.000,0.01968 ± 0.00000,0.00961 ± 0.00000
OF,PC,Logit,18,31,ef62e99782aa5a11,5,0.917 ± 0.000,0.244 ± 0.000,0.314 ± 0.000,0.01969 ± 0.00000,0.01005 ± 0.00000
OF,PC,Logit,19,32,176f018cb5c2c8cf,5,0.916 ± 0.000,0.244 ± 0.000,0.312 ± 0.000,0.01970 ± 0.00000,0.00988 ± 0.00000
OF,PC,Logit,20,33,d94ce2ce605d4851,5,0.917 ± 0.000,0.249 ± 0.000,0.340 ± 0.000,0.01970 ± 0.00000,0.00996 ± 0.00000
OF,PC,Logit,21,34,2cd73d9141134774,5,0.918 ± 0.000,0.248 ± 0.000,0.333 ± 0.000,0.01976 ± 0.00000,0.01003 ± 0.00000
OF,PC,Logit,22,35,d3c7b2ea7e48d507,5,0.918 ± 0.000,0.251 ± 0.000,0.275 ± 0.000,0.01963 ± 0.00000,0.00939 ± 0.00000
OF,PC,Logit,23,36,2088c05c8d8f760b,5,0.917 ± 0.000,0.249 ± 0.000,0.336 ± 0.000,0.01966 ± 0.00000,0.00908 ± 0.00000
OF,PC,Logit,24,37,56b4aac031f87554,5,0.917 ± 0.000,0.250 ± 0.000,0.275 ± 0.000,0.01964 ± 0.00000,0.00888 ± 0.00000
OF,PC,RF,1,14,721bb5b3791b65b8,5,0.931 ± 0.004,0.443 ± 0.005,0.422 ± 0.013,0.01590 ± 0.00006,0.00415 ± 0.00068
OF,PC,RF,2,15,fc59b09fb5ee3839,5,0.922 ± 0.006,0.429 ± 0.004,0.416 ± 0.007,0.01607 ± 0.00005,0.00398 ± 0.00054
OF,PC,RF,3,16,0d11386dd824b4c1,5,0.921 ± 0.003,0.436 ± 0.006,0.414 ± 0.012,0.01598 ± 0.00005,0.00469 ± 0.00033
OF,PC,RF,4,17,285c77ccbcb26f76,5,0.917 ± 0.006,0.431 ± 0.003,0.417 ± 0.014,0.01602 ± 0.00003,0.00406 ± 0.00050
OF,PC,RF,5,18,3b96f3c5e78883cd,5,0.919 ± 0.005,0.435 ± 0.003,0.408 ± 0.011,0.01599 ± 0.00004,0.00481 ± 0.00093
OF,PC,RF,6,19,bcb0b960f2d60d8e,5,0.924 ± 0.004,0.432 ± 0.006,0.421 ± 0.006,0.01605 ± 0.00006,0.00491 ± 0.00049
OF,PC,RF,7,20,fc2a48d3efdcf9d2,5,0.929 ± 0.001,0.425 ± 0.002,0.406 ± 0.009,0.01615 ± 0.00007,0.00450 ± 0.00064
OF,PC,RF,8,21,6c77d017e3138a39,5,0.929 ± 0.005,0.428 ± 0.002,0.418 ± 0.015,0.01612 ± 0.00006,0.00466 ± 0.00103
OF,PC,RF,9,22,0f710de7b3c7092d,5,0.928 ± 0.004,0.417 ± 0.008,0.396 ± 0.012,0.01625 ± 0.00008,0.00494 ± 0.00044
OF,PC,RF,10,23,9710632908b0d396,5,0.923 ± 0.007,0.413 ± 0.006,0.407 ± 0.012,0.01633 ± 0.00005,0.00389 ± 0.00067
OF,PC,RF,11,24,20cc5c9a42ed1752,5,0.930 ± 0.008,0.410 ± 0.010,0.400 ± 0.013,0.01634 ± 0.00010,0.00412 ± 0.00063
OF,PC,RF,12,25,0857a78345413e0e,5,0.929 ± 0.004,0.407 ± 0.005,0.393 ± 0.011,0.01638 ± 0.00007,0.00441 ± 0.00073
OF,PC,RF,13,26,463c4174acb2abb3,5,0.928 ± 0.006,0.406 ± 0.006,0.399 ± 0.015,0.01640 ± 0.00009,0.00475 ± 0.00088
OF,PC,RF,14,27,5046c221cf89c9d1,5,0.931 ± 0.003,0.407 ± 0.005,0.404 ± 0.016,0.01639 ± 0.00009,0.00471 ± 0.00062
OF,PC,RF,15,28,e8553ac2e8a1b18f,5,0.928 ± 0.002,0.398 ± 0.002,0.404 ± 0.004,0.01653 ± 0.00005,0.00411 ± 0.00070
OF,PC,RF,16,29,f58cd5bcf72e5cb2,5,0.928 ± 0.004,0.397 ± 0.008,0.391 ± 0.017,0.01657 ± 0.00008,0.00317 ± 0.00042
OF,PC,RF,17,30,4762f86d5d8bbacb,5,0.930 ± 0.003,0.396 ± 0.006,0.400 ± 0.014,0.01656 ± 0.00006,0.00460 ± 0.00113
OF,PC,RF,18,31,ef62e99782aa5a11,5,0.929 ± 0.004,0.399 ± 0.007,0.398 ± 0.013,0.01655 ± 0.00009,0.00447 ± 0.00054
OF,PC,RF,19,32,176f018cb5c2c8cf,5,0.933 ± 0.006,0.398 ± 0.005,0.401 ± 0.010,0.01655 ± 0.00008,0.00450 ± 0.00051
OF,PC,RF,20,33,d94ce2ce605d4851,5,0.924 ± 0.007,0.424 ± 0.006,0.401 ± 0.009,0.01617 ± 0.00006,0.00438 ± 0.00111
OF,PC,RF,21,34,2cd73d9141134774,5,0.928 ± 0.005,0.423 ± 0.003,0.389 ± 0.013,0.01616 ± 0.00005,0.00414 ± 0.00087
OF,PC,RF,22,35,d3c7b2ea7e48d507,5,0.930 ± 0.005,0.419 ± 0.002,0.382 ± 0.006,0.01621 ± 0.00004,0.00446 ± 0.00037
OF,PC,RF,23,36,2088c05c8d8f760b,5,0.929 ± 0.007,0.427 ± 0.004,0.400 ± 0.017,0.01607 ± 0.00005,0.00395 ± 0.00022
OF,PC,RF,24,37,56b4aac031f87554,5,0.927 ± 0.004,0.426 ± 0.003,0.391 ± 0.012,0.01613 ± 0.00006,0.00430 ± 0.00057
OF,PC,XGBoost,1,14,721bb5b3791b65b8,5,0.938 ± 0.001,0.467 ± 0.008,0.440 ± 0.020,0.01584 ± 0.00019,0.01007 ± 0.00055
OF,PC,XGBoost,2,15,fc59b09fb5ee3839,5,0.938 ± 0.001,0.471 ± 0.002,0.447 ± 0.025,0.01584 ± 0.00009,0.01075 ± 0.00064
OF,PC,XGBoost,3,16,0d11386dd824b4c1,5,0.935 ± 0.003,0.460 ± 0.011,0.437 ± 0.018,0.01602 ± 0.00018,0.01092 ± 0.00077
OF,PC,XGBoost,4,17,285c77ccbcb26f76,5,0.937 ± 0.002,0.471 ± 0.007,0.451 ± 0.004,0.01589 ± 0.00013,0.01118 ± 0.00047
OF,PC,XGBoost,5,18,3b96f3c5e78883cd,5,0.939 ± 0.001,0.476 ± 0.010,0.484 ± 0.005,0.01566 ± 0.00025,0.01042 ± 0.00038
OF,PC,XGBoost,6,19,bcb0b960f2d60d8e,5,0.940 ± 0.001,0.476 ± 0.008,0.470 ± 0.010,0.01584 ± 0.00015,0.01091 ± 0.00042
OF,PC,XGBoost,7,20,fc2a48d3efdcf9d2,5,0.940 ± 0.002,0.474 ± 0.004,0.460 ± 0.027,0.01583 ± 0.00013,0.01134 ± 0.00041
OF,PC,XGBoost,8,21,6c77d017e3138a39,5,0.943 ± 0.002,0.476 ± 0.003,0.458 ± 0.013,0.01571 ± 0.00012,0.01135 ± 0.00040
OF,PC,XGBoost,9,22,0f710de7b3c7092d,5,0.941 ± 0.001,0.473 ± 0.006,0.439 ± 0.020,0.01586 ± 0.00008,0.01166 ± 0.00014
OF,PC,XGBoost,10,23,9710632908b0d396,5,0.941 ± 0.003,0.477 ± 0.005,0.473 ± 0.017,0.01579 ± 0.00011,0.01033 ± 0.00047
OF,PC,XGBoost,11,24,20cc5c9a42ed1752,5,0.942 ± 0.002,0.478 ± 0.006,0.469 ± 0.008,0.01577 ± 0.00016,0.01048 ± 0.00081
OF,PC,XGBoost,12,25,0857a78345413e0e,5,0.941 ± 0.002,0.465 ± 0.011,0.453 ± 0.029,0.01599 ± 0.00025,0.01097 ± 0.00028
OF,PC,XGBoost,13,26,463c4174acb2abb3,5,0.938 ± 0.002,0.465 ± 0.008,0.441 ± 0.017,0.01605 ± 0.00022,0.01151 ± 0.00045
OF,PC,XGBoost,14,27,5046c221cf89c9d1,5,0.938 ± 0.001,0.471 ± 0.007,0.455 ± 0.022,0.01596 ± 0.00023,0.01106 ± 0.00067
OF,PC,XGBoost,15,28,e8553ac2e8a1b18f,5,0.936 ± 0.002,0.470 ± 0.011,0.453 ± 0.019,0.01602 ± 0.00022,0.01167 ± 0.00111
OF,PC,XGBoost,16,29,f58cd5bcf72e5cb2,5,0.937 ± 0.003,0.469 ± 0.011,0.487 ± 0.016,0.01598 ± 0.00020,0.01102 ± 0.00017
OF,PC,XGBoost,17,30,4762f86d5d8bbacb,5,0.937 ± 0.002,0.464 ± 0.008,0.476 ± 0.031,0.01601 ± 0.00013,0.01105 ± 0.00056
OF,PC,XGBoost,18,31,ef62e99782aa5a11,5,0.935 ± 0.002,0.453 ± 0.008,0.468 ± 0.020,0.01625 ± 0.00015,0.01224 ± 0.00092
OF,PC,XGBoost,19,32,176f018cb5c2c8cf,5,0.936 ± 0.003,0.452 ± 0.008,0.464 ± 0.015,0.01619 ± 0.00014,0.01144 ± 0.00065
OF,PC,XGBoost,20,33,d94ce2ce605d4851,5,0.934 ± 0.002,0.456 ± 0.008,0.470 ± 0.011,0.01611 ± 0.00018,0.01219 ± 0.00064
OF,PC,XGBoost,21,34,2cd73d9141134774,5,0.932 ± 0.003,0.464 ± 0.006,0.479 ± 0.007,0.01598 ± 0.00015,0.01171 ± 0.00101
OF,PC,XGBoost,22,35,d3c7b2ea7e48d507,5,0.933 ± 0.003,0.462 ± 0.008,0.479 ± 0.020,0.01601 ± 0.00007,0.01141 ± 0.00066
OF,PC,XGBoost,23,36,2088c05c8d8f760b,5,0.934 ± 0.002,0.463 ± 0.005,0.472 ± 0.009,0.01592 ± 0.00017,0.01100 ± 0.00042
OF,PC,XGBoost,24,37,56b4aac031f87554,5,0.935 ± 0.002,0.464 ± 0.006,0.458 ± 0.018,0.01606 ± 0.00015,0.01184 ± 0.00060
