SET,DAG,MODEL,K_EDGE,FEATURE_KEY,TRIAL,SEED,N_FEAT,AUROC,AUPRC,F1,Brier,ECE
OFR,GES,FFMLP,10,01847fc89eb1d7ba,2.0,10037.0,10.0,0.7541995064087255,0.0823171443963579,0.1656050955414012,0.0210993724724769,0.0058152863184583
OFR,GES,FFMLP,10,021f0a6daa273b88,3.0,10045.0,10.0,0.7458113497043518,0.052235352868093,0.1071428571428571,0.0212757946628354,0.0036434058578013
OFR,GES,FFMLP,10,0cce14addf97561f,3.0,10067.0,10.0,0.7557193622395437,0.0973654854170903,0.2190812720848056,0.021175197675993,0.0047336862715956
OFR,GES,FFMLP,10,10e384b7d0c300a0,4.0,10068.0,10.0,0.7593416853029942,0.0896593709334171,0.1923076923076923,0.0212981589879593,0.0008499240187674
OFR,GES,FFMLP,10,2594098db58cfaad,0.0,10055.0,10.0,0.7918050821084018,0.1177880589798989,0.1782945736434108,0.020899740326864,0.0061203438896963
OFR,GES,FFMLP,10,284f3e5279097b10,1.0,10043.0,10.0,0.7116616366676075,0.0536165736888505,0.1240310077519379,0.0214322506310287,0.0029922208530312
OFR,GES,FFMLP,10,2a58e82159468493,1.0,10036.0,10.0,0.904723132929486,0.2483378812845406,0.3013698630136986,0.0194258761741434,0.0099066002682363
OFR,GES,FFMLP,10,313754397dffdbd3,2.0,10066.0,10.0,0.7771855164976732,0.07003442423134,0.0857142857142857,0.0210409146200033,0.002210167398833
OFR,GES,FFMLP,10,40b4da5e1c8cb15c,4.0,10039.0,10.0,0.810843085741581,0.1090497431145222,0.2277227722772277,0.020579952545181,0.0088573573185831
OFR,GES,FFMLP,10,5055edc4612a04f6,4.0,10059.0,10.0,0.8254228456043597,0.1109205876332495,0.1944444444444444,0.0208898806534337,0.0021806242731252
OFR,GES,FFMLP,10,5954a1a0afc71260,2.0,10102.0,10.0,0.7907049959832382,0.1081617271187989,0.1945525291828793,0.0208541425393989,0.0081230245998219
OFR,GES,FFMLP,10,59f3f2cdd6d6612c,0.0,10100.0,10.0,0.8912941210528983,0.2609277552162319,0.3707317073170731,0.0195680562010663,0.0092752696553113
OFR,GES,FFMLP,10,5eb3a5c8a4465eaa,3.0,10038.0,10.0,0.6939643629994717,0.0388929353193222,0.0793854033290653,0.0213975153399223,0.0021420750930501
OFR,GES,FFMLP,10,5efd59f590a31391,3.0,10058.0,10.0,0.852903286507299,0.1581612619898282,0.2,0.0202573928706065,0.0086069442488009
OFR,GES,FFMLP,10,6d7968a45cefbf15,3.0,10103.0,10.0,0.7467920185856655,0.0684479262845659,0.1408450704225352,0.0211334752218856,0.0020155354908326
OFR,GES,FFMLP,10,847a64aaa2b8123c,4.0,10104.0,10.0,0.8757554045349604,0.1806399087052003,0.308457711442786,0.0199393765640435,0.0092934382298837
OFR,GES,FFMLP,10,8790e5936aa78dbd,2.0,10044.0,10.0,0.7596963183301851,0.0887153026706353,0.1495327102803738,0.0210383563832454,0.0008745835143692
OFR,GES,FFMLP,10,90a6aef793d2d777,0.0,10035.0,10.0,0.6715627736645172,0.0346438842627926,0.0611656087709174,0.0215344703063836,0.0025208445152891
OFR,GES,FFMLP,10,931888e1f2e17f06,0.0,10064.0,10.0,0.7925396790932975,0.1207651833241559,0.2331838565022421,0.0206745530145298,0.007937840047025
OFR,GES,FFMLP,10,af884f5b5ea81ae1,4.0,10046.0,10.0,0.7040623575135158,0.0537678176605427,0.1130742049469964,0.0213148590311891,0.0025495916098847
OFR,GES,FFMLP,10,baf7c5d11c9eedbd,2.0,10057.0,10.0,0.7550064774808027,0.1043710096690707,0.1787709497206704,0.02087667137169,0.0047392923263054
OFR,GES,FFMLP,10,e511f66e4083369c,1.0,10056.0,10.0,0.7863010327782242,0.1202768327169461,0.2303030303030303,0.0210782589993156,0.0029848122681306
OFR,GES,FFMLP,10,f0fc3c526ed21667,1.0,10101.0,10.0,0.7778694516215413,0.071435547581771,0.1461538461538461,0.0211062321387251,0.0003599758877796
OFR,GES,FFMLP,10,fab3594f70bb783a,0.0,10042.0,10.0,0.73638100614456,0.0874704517571702,0.1511627906976744,0.021128992702412,0.0022525400822101
OFR,GES,FFMLP,10,fc9ba9547e6fa4f0,1.0,10065.0,10.0,0.765641849592172,0.0798657631820945,0.154727793696275,0.0209876992712464,0.0041533444896402
OFR,GES,FFMLP,20,0045131bb8647959,1.0,20036.0,20.0,0.8276990106462282,0.1591854576381898,0.2707423580786026,0.0202359829125136,0.0074862692674878
OFR,GES,FFMLP,20,0560ccb0fcafa296,0.0,20064.0,20.0,0.7944431175861794,0.0947388716541665,0.1578947368421052,0.0212929499195332,0.0089644217415331
OFR,GES,FFMLP,20,0656ed161fa23b2c,4.0,20046.0,20.0,0.8288859456760103,0.2207671711412333,0.3058823529411765,0.0202692197887453,0.0047438171988226
OFR,GES,FFMLP,20,1860888d264ca732,1.0,20056.0,20.0,0.9051827083830906,0.2643561889453972,0.3763440860215054,0.018866187803328,0.0087294445058337
OFR,GES,FFMLP,20,1b7d14bf94c53da5,4.0,20059.0,20.0,0.902070622634272,0.2216567842277378,0.3131313131313131,0.0193510375093772,0.00892019958535
OFR,GES,FFMLP,20,26e0308c4f4cdea8,2.0,20102.0,20.0,0.8010400156328028,0.1420331214765547,0.2344827586206896,0.0206918509848684,0.0094136800799234
OFR,GES,FFMLP,20,405ebcd12aa2ca5a,0.0,20055.0,20.0,0.8749629082803194,0.2753502187819427,0.3636363636363636,0.0190095984000021,0.007494062874211
OFR,GES,FFMLP,20,4408d45fd8d32921,3.0,20103.0,20.0,0.7828053643673418,0.1268645568797827,0.2622950819672131,0.0210722817453057,0.0095403470689478
OFR,GES,FFMLP,20,44e79fc74fa5df84,0.0,20100.0,20.0,0.7930462977035703,0.0815085288013848,0.1615384615384615,0.0210311206746433,0.0071789719787162
OFR,GES,FFMLP,20,51df6385cd1fc444,2.0,20066.0,20.0,0.7872238023897925,0.0984886623537121,0.1970802919708029,0.0211342349786991,0.0064305038505637
OFR,GES,FFMLP,20,5a56138013159bf1,1.0,20065.0,20.0,0.7925143481627839,0.0950512004197519,0.1232876712328767,0.0210645904525099,0.0066328290360439
OFR,GES,FFMLP,20,609ca5d7f1a02856,4.0,20039.0,20.0,0.8707760673368508,0.24720665629539,0.3309352517985611,0.0194664337998443,0.0104285363154264
OFR,GES,FFMLP,20,73764585f5f36d41,4.0,20104.0,20.0,0.8691729813057734,0.1890623495764934,0.3056768558951965,0.019848407644648,0.0083921588624043
OFR,GES,FFMLP,20,73f5da7c5bc6cedc,2.0,20057.0,20.0,0.7891019099521608,0.1354389392488548,0.2033898305084746,0.0207373891261096,0.0088127329044704
OFR,GES,FFMLP,20,757a2bf96d6e352b,2.0,20037.0,20.0,0.8922965021603665,0.2065409627057983,0.3025830258302583,0.0193725678979033,0.0085277211549568
OFR,GES,FFMLP,20,780d493872ea21a4,4.0,20068.0,20.0,0.8068009929724761,0.1265189706428445,0.2389937106918239,0.0205632386261584,0.0099512831111893
OFR,GES,FFMLP,20,7cf7a3d99527d660,3.0,20045.0,20.0,0.8908490204167301,0.2452406864008964,0.3571428571428571,0.0196423797283443,0.0074301418672069
OFR,GES,FFMLP,20,7d1a43e361323b88,3.0,20038.0,20.0,0.879468195207388,0.239416999282654,0.36,0.0190640425612751,0.0083303165785824
OFR,GES,FFMLP,20,934d5abbbc2735c2,3.0,20067.0,20.0,0.8628655796078772,0.2688129794764187,0.3703703703703703,0.0196809922229391,0.0077948896331529
OFR,GES,FFMLP,20,9569d77321cf8701,1.0,20101.0,20.0,0.8205846378762548,0.1524425565471914,0.2636363636363636,0.0204469953027335,0.0086132263182044
OFR,GES,FFMLP,20,cbad0443e18a2abb,0.0,20035.0,20.0,0.853022703751149,0.262767717739995,0.3909774436090225,0.0198216831286341,0.0112477884405788
OFR,GES,FFMLP,20,d550b26036263064,0.0,20042.0,20.0,0.870273067430937,0.2314962251511408,0.3699421965317919,0.0197502601144737,0.0077960274070563
OFR,GES,FFMLP,20,e41fd0941b7edc10,1.0,20043.0,20.0,0.8205991126936911,0.1574065137250748,0.2751322751322751,0.0204388021249447,0.0092679724734623
OFR,GES,FFMLP,20,fcef28b27ed7c8d7,3.0,20058.0,20.0,0.8032003821351803,0.1384147565870297,0.2060085836909871,0.0207012411424289,0.0072734747977647
OFR,GES,FFMLP,20,fddc1a0406bab8f4,2.0,20044.0,20.0,0.8722995418720282,0.2172114316435194,0.3048780487804878,0.0196669368067778,0.0075141549027616
OFR,GES,FFMLP,30,008309ea5ab6689b,2.0,30037.0,30.0,0.8321590637688083,0.2027251560619269,0.3209876543209876,0.0199015033421205,0.0113145331541002
OFR,GES,FFMLP,30,031bc97c3cf26c4a,1.0,30043.0,30.0,0.8733779157710373,0.2116445394218696,0.2941176470588235,0.0195908185723847,0.0048346786208082
OFR,GES,FFMLP,30,220cb9e4d83ad634,4.0,30059.0,30.0,0.8796237994948289,0.2382101529140664,0.3647058823529411,0.0194656900418416,0.0092260135686077
OFR,GES,FFMLP,30,254712207843f003,0.0,30035.0,30.0,0.8726143691512692,0.2389768990250458,0.3741007194244604,0.0193476070153037,0.0107218023313551
OFR,GES,FFMLP,30,3ea5e9926d8db5bb,4.0,30046.0,30.0,0.8751221312721194,0.2753223489414661,0.4337349397590361,0.0195425353038086,0.0082959887666145
OFR,GES,FFMLP,30,4453f682ce466cba,0.0,30064.0,30.0,0.9109473044271228,0.2551948404762847,0.3636363636363636,0.0191775530549328,0.0118311015409457
OFR,GES,FFMLP,30,470cc5e60f4a0d05,0.0,30042.0,30.0,0.9003987812203719,0.3061501166588201,0.4150943396226415,0.0184987568701614,0.0072475863552423
OFR,GES,FFMLP,30,4e84cf4d98babdf1,4.0,30039.0,30.0,0.8343230489755448,0.1720525487906763,0.2660944206008583,0.0201898808782111,0.0080507265589766
OFR,GES,FFMLP,30,64553e7df1c50ad0,3.0,30058.0,30.0,0.8754695268905921,0.2862785833275426,0.4242424242424242,0.0194289085684014,0.0091231455050069
OFR,GES,FFMLP,30,657d3d885bf1084f,2.0,30066.0,30.0,0.8711813622250689,0.2095837162409669,0.3017543859649123,0.0197773816452749,0.0080952973180258
OFR,GES,FFMLP,30,6f87895b061e14c2,1.0,30065.0,30.0,0.8257268167705235,0.1445569485134885,0.2883720930232558,0.0203964507431709,0.0087866332683465
OFR,GES,FFMLP,30,81c88b5f0a2968e4,2.0,30057.0,30.0,0.8457382518762981,0.1854479798458209,0.3013698630136986,0.0199457414778318,0.0102299644932284
OFR,GES,FFMLP,30,a3542a9373271e30,0.0,30055.0,30.0,0.879638274312265,0.292326263923672,0.3971631205673759,0.0191786958961096,0.0106190999392873
OFR,GES,FFMLP,30,ab476b1966470b52,3.0,30045.0,30.0,0.8779012962199015,0.282041202267351,0.4088397790055249,0.0193331258548736,0.0110508660375259
OFR,GES,FFMLP,30,b93fd839985d16f3,4.0,30068.0,30.0,0.8728061604823009,0.2646910288628695,0.3389830508474576,0.0194108951812598,0.0106299813500422
OFR,GES,FFMLP,30,bb7891c4e0ce0ca5,0.0,30100.0,30.0,0.8807419791417881,0.2236888390384758,0.3225806451612903,0.0196376166461214,0.0088755928957873
OFR,GES,FFMLP,30,be625465f42920d3,4.0,30104.0,30.0,0.9000007237408718,0.2372312391036878,0.3625,0.0194518520370797,0.0096730299987605
OFR,GES,FFMLP,30,bfe8991f8f6172a4,1.0,30056.0,30.0,0.9218251297305512,0.2764600498350308,0.3762376237623762,0.0188191851796747,0.0103629653698506
OFR,GES,FFMLP,30,c943d5abcd9b1a30,2.0,30044.0,30.0,0.8257195793618053,0.1641555930247556,0.2222222222222222,0.020299209376107,0.0078249609367054
OFR,GES,FFMLP,30,c9a482fab8dd5069,3.0,30067.0,30.0,0.8235990186073778,0.1594816428694171,0.2857142857142857,0.0206162558484422,0.01029157611524
OFR,GES,FFMLP,30,e3350f14a441d057,1.0,30036.0,30.0,0.8194266524813456,0.1799333281872912,0.2827225130890052,0.0203892344500326,0.0098799204275216
OFR,GES,FFMLP,30,ed7805954a2f749d,3.0,30103.0,30.0,0.8691766000101324,0.2513358599233256,0.3703703703703703,0.0195404287420361,0.010943852222077
OFR,GES,FFMLP,30,f1e6ce31307c6673,3.0,30038.0,30.0,0.8105680642102902,0.1376169208225939,0.253393665158371,0.0208370732651107,0.0068292506835856
OFR,GES,FFMLP,30,f3d3dc24ea1e6a55,1.0,30101.0,30.0,0.8245326443320234,0.1783792428299275,0.320855614973262,0.0204143406424065,0.0117408985129891
OFR,GES,FFMLP,30,f7f673a1f9741f1c,2.0,30102.0,30.0,0.9051718522700132,0.2517183222822383,0.3535911602209944,0.0193845271908333,0.0110032241986759
OFR,GES,FFMLP,40,07c29744ea103f3a,1.0,40043.0,40.0,0.8730124266307691,0.2474035700194989,0.3862068965517241,0.0194723574548235,0.0071748928655108
OFR,GES,FFMLP,40,0a4f83f0daa39be1,1.0,40056.0,40.0,0.9041405215276722,0.2420736765813308,0.3529411764705882,0.0193233359122838,0.0082513886905617
OFR,GES,FFMLP,40,0f5db1389b71b2eb,2.0,40102.0,40.0,0.8917536965065027,0.2585545821761728,0.3550295857988165,0.0195290655084224,0.0091636986881786
OFR,GES,FFMLP,40,1d78f32f7b532de5,4.0,40046.0,40.0,0.8952927893696941,0.2992151184450866,0.3878787878787879,0.0189356443665941,0.0068816669456617
OFR,GES,FFMLP,40,2f9c7dbecd8ea5dc,1.0,40036.0,40.0,0.8807057920981972,0.2444100795799018,0.3732057416267942,0.0192468613279143,0.0101388951918167
OFR,GES,FFMLP,40,3e737221e7f651ee,4.0,40068.0,40.0,0.8655253273118093,0.2414297250684792,0.4125,0.0195129934760244,0.0109863296392779
OFR,GES,FFMLP,40,4720456e7015d389,0.0,40055.0,40.0,0.8921155669424119,0.2580672047522115,0.3684210526315789,0.0194232561997468,0.0107657551996645
OFR,GES,FFMLP,40,475e77c41b874279,2.0,40057.0,40.0,0.9046000969812767,0.2587616100396165,0.3977900552486187,0.0189196272560192,0.0094289091890347
OFR,GES,FFMLP,40,58a47c9da44905fc,0.0,40100.0,40.0,0.887566855563034,0.2558059746445966,0.3777777777777777,0.0192736065156276,0.0084502179782784
OFR,GES,FFMLP,40,5ddc2aa3bbd3e06f,1.0,40101.0,40.0,0.8926909409355074,0.2673818735160801,0.4025157232704403,0.0194590966501001,0.0094941241381836
OFR,GES,FFMLP,40,5e27e18855bb2c45,2.0,40044.0,40.0,0.8988101700067308,0.2638121843946452,0.3734939759036144,0.0190868453119924,0.0059557657637824
OFR,GES,FFMLP,40,63d1911d6a3d1d6f,0.0,40064.0,40.0,0.8787335982224925,0.2310890979943291,0.3522012578616352,0.0195152135700278,0.0077442008671828
OFR,GES,FFMLP,40,64dfcdc314abe226,2.0,40037.0,40.0,0.8420688856561797,0.2077787547361002,0.3267326732673267,0.0198920770328081,0.0084342539629661
OFR,GES,FFMLP,40,7d3eeee40eaa9f00,3.0,40103.0,40.0,0.8950213865427623,0.2396170691366342,0.3707865168539326,0.0197213828588966,0.0075885517304507
OFR,GES,FFMLP,40,8bd1fe710ceaa1d9,3.0,40045.0,40.0,0.8925425740567847,0.2554423713071609,0.3956043956043956,0.0192822118139006,0.0075518110514974
OFR,GES,FFMLP,40,92d3bada30370d6a,3.0,40067.0,40.0,0.8259728886669417,0.1739373811337447,0.3068783068783068,0.0203590753541858,0.011342147266274
OFR,GES,FFMLP,40,9bb69dbbd084076c,4.0,40039.0,40.0,0.8906680851987755,0.2862322963401388,0.380281690140845,0.0186402528875133,0.0067440435542369
OFR,GES,FFMLP,40,a6420421a5b42c0b,2.0,40066.0,40.0,0.8868612082130114,0.250313051510221,0.3862068965517241,0.019214253988686,0.0076675615087255
OFR,GES,FFMLP,40,cc40d339edb67d49,0.0,40042.0,40.0,0.8440881226885526,0.1932500003572499,0.2758620689655172,0.0199927072692538,0.0072889715435203
OFR,GES,FFMLP,40,d0be91a57b6610a7,4.0,40104.0,40.0,0.8933567825375802,0.2801081155744228,0.4054054054054054,0.0191975710078615,0.0095326195548837
OFR,GES,FFMLP,40,d35cd97eccc24585,1.0,40065.0,40.0,0.8768446345470469,0.2554121345779186,0.4102564102564102,0.019321741519604,0.0118190923511465
OFR,GES,FFMLP,40,d92a5c4b2fa87f6f,0.0,40035.0,40.0,0.8794211520507198,0.2643754509940307,0.3546099290780142,0.0188131878908122,0.0084712081519808
OFR,GES,FFMLP,40,df7d4e248860cc9f,4.0,40059.0,40.0,0.906706182918268,0.261611919303121,0.410958904109589,0.019097040259139,0.0087334380977466
OFR,GES,FFMLP,40,f135845222536e75,3.0,40058.0,40.0,0.8472508702983983,0.2042230001438461,0.3133640552995391,0.0200581120637023,0.0090341002107299
OFR,GES,FFMLP,40,f2b205f92362fe3a,3.0,40038.0,40.0,0.8806189431935789,0.2409729483896524,0.3850931677018633,0.0192064477696048,0.0079993676182808
OFR,GES,FFMLP,5,27c684b4331006b9,4.0,5039.0,5.0,0.6124657127761975,0.0296935075170813,0.0590486604702023,0.0215632331940574,0.0012023880497675
OFR,GES,FFMLP,5,36842a143bf4e7e2,2.0,5102.0,5.0,0.7559220096836529,0.0895826346380623,0.1269230769230769,0.0210864028935169,0.0047203681171606
OFR,GES,FFMLP,5,3a20e9d025d9e98e,3.0,5103.0,5.0,0.6519964391949106,0.0327237743486052,0.0626587637595258,0.021494760647546,0.0012809788854571
OFR,GES,FFMLP,5,58aca55515a47d92,2.0,5057.0,5.0,0.8031352454567167,0.0801373944651023,0.1588235294117647,0.0209681211238349,0.0042042935489441
OFR,GES,FFMLP,5,68bff4188cc98f13,4.0,5046.0,5.0,0.6428230236446142,0.0325679961768925,0.0686567164179104,0.0214968468045419,0.0006728368195027
OFR,GES,FFMLP,5,7ee6c84b9197a487,1.0,5043.0,5.0,0.683569634727982,0.0526830404669274,0.0703517587939698,0.0214924225008822,0.0021934993315132
OFR,GES,FFMLP,5,82623ffa4724569a,0.0,5055.0,5.0,0.7720397188990453,0.0651418729637064,0.0979381443298969,0.021112204663917,0.0012864360545712
OFR,GES,FFMLP,5,9e955ec573c5b04b,4.0,5068.0,5.0,0.7399237177121104,0.0616885785061287,0.0900473933649289,0.0213096810320642,0.0022955729694074
OFR,GES,FFMLP,5,a3f2d1fdab3f7e19,2.0,5066.0,5.0,0.7752893154135094,0.1028799993058862,0.2222222222222222,0.0211316235728313,0.003160536063219
OFR,GES,FFMLP,5,ab6c0349c6b07c98,4.0,5059.0,5.0,0.4600531225799914,0.0218551724545028,0.0432166301969365,0.0216322474056008,0.003867751887229
OFR,GES,FFMLP,5,acd664bbfc2685c4,2.0,5044.0,5.0,0.7407379261929058,0.0565099047811303,0.0693333333333333,0.0212463629452887,0.0003432672463517
OFR,GES,FFMLP,5,ad6a67c24df40604,0.0,5035.0,5.0,0.78225532130476,0.0718274279629017,0.1666666666666666,0.0210980644009095,0.0041151563846551
OFR,GES,FFMLP,5,b1d292af8c01d3a4,4.0,5104.0,5.0,0.7554045349603028,0.0646097991574292,0.1122661122661122,0.021397627539566,0.0009526824263602
OFR,GES,FFMLP,5,c17b95ed03c70018,2.0,5037.0,5.0,0.758107707116544,0.0677115371482725,0.1463414634146341,0.0210781709491845,0.0014425578199354
OFR,GES,FFMLP,5,cf471ac010c14ddf,1.0,5036.0,5.0,0.7878208886090423,0.0648230501106543,0.1239892183288409,0.0210628487016555,0.0034648635327557
OFR,GES,FFMLP,5,d8b7dee9ebde51b6,1.0,5065.0,5.0,0.905244226357195,0.2261907963249471,0.2906976744186046,0.019354264372717,0.0090691373173979
OFR,GES,FFMLP,5,dac2c82da9595694,3.0,5067.0,5.0,0.6739167408501061,0.046696471918339,0.0461445051608986,0.021623098961811,0.0003416730574732
OFR,GES,FFMLP,5,e28c44d62d092b9a,0.0,5100.0,5.0,0.9026098095837766,0.2574780753034398,0.3370786516853932,0.0195900516952221,0.014409201673753
OFR,GES,FFMLP,5,e38afaaf56247742,3.0,5058.0,5.0,0.7090453134159845,0.0573610223302954,0.0985915492957746,0.0212246906336267,0.0009426327845613
OFR,GES,FFMLP,5,e3b0596c2c9dca91,3.0,5038.0,5.0,0.7622366487902671,0.0766430254646007,0.1791044776119403,0.0211421531339457,0.0015954270168434
OFR,GES,FFMLP,5,ed9e22257cc35e05,1.0,5056.0,5.0,0.6449580592164781,0.0372888365133693,0.0616937745372966,0.0216238937783631,0.0016568144910956
OFR,GES,FFMLP,5,f4c9fc580bf0f7e9,1.0,5101.0,5.0,0.6365662838077455,0.0295671868190068,0.0706062931696085,0.021523902009902,0.0020082570244796
OFR,GES,FFMLP,5,f5a4b6b2820b5f08,0.0,5042.0,5.0,0.8165316889940726,0.0912448405938045,0.1980676328502415,0.0213584625086669,0.0034536391679954
OFR,GES,FFMLP,5,fb040f6920530744,0.0,5064.0,5.0,0.6769727366813585,0.0367639329722588,0.0863309352517985,0.0214760286510703,0.0040876274454067
OFR,GES,FFMLP,5,fe5d7b75c3fd450d,3.0,5045.0,5.0,0.7397065954505648,0.0637626787505328,0.1258503401360544,0.0212853165063002,0.0005234489532441
OFR,GES,FFMLP,ALL,111840a12f112fbd,1.0,48056.0,48.0,0.9011731839532174,0.2567225719620328,0.3502824858757062,0.0192264780440545,0.0080245071339926
OFR,GES,FFMLP,ALL,1f79efc20eaabe39,1.0,48101.0,48.0,0.8968850192876943,0.2757420938352485,0.3943661971830985,0.0192094812841285,0.0100496864794585
OFR,GES,FFMLP,ALL,2026120a3c8e23d0,0.0,48042.0,48.0,0.8905450492505662,0.2658378389543108,0.3862068965517241,0.0193363677647005,0.0071339388871354
OFR,GES,FFMLP,ALL,34bf0fd5595a4d2f,4.0,48039.0,48.0,0.8996605655311172,0.2740085411787167,0.3636363636363636,0.0187793263320644,0.0079189542647652
OFR,GES,FFMLP,ALL,475fa32917e332f4,3.0,48103.0,48.0,0.8928356891098712,0.2987338566590617,0.3741007194244604,0.0190944112901124,0.0090582370742434
OFR,GES,FFMLP,ALL,4c1d41d83a8c3fd2,2.0,48057.0,48.0,0.904285269702036,0.2955528372070067,0.375,0.0184915641963313,0.0079412049837025
OFR,GES,FFMLP,ALL,52a6dcf0029d3520,0.0,48064.0,48.0,0.8899407256225981,0.2627430583357865,0.3892617449664429,0.0195246737539123,0.0072648858811382
OFR,GES,FFMLP,ALL,7221aaa016b3bd2d,3.0,48038.0,48.0,0.8942831708535076,0.2628889389772373,0.3758389261744966,0.0188146504640619,0.008340063048977
OFR,GES,FFMLP,ALL,78a79ca3c727aadf,4.0,48046.0,48.0,0.8992407958254627,0.2756839915222036,0.3947368421052631,0.0192193394294056,0.0081684796099501
OFR,GES,FFMLP,ALL,79aeb09b9cfa1dcf,4.0,48104.0,48.0,0.8901759414059389,0.2677550874145703,0.3950617283950617,0.0194309337074789,0.008136137699261
OFR,GES,FFMLP,ALL,7ac0b15d083996ec,2.0,48044.0,48.0,0.8936390414775893,0.2642373592795355,0.3803680981595092,0.0193254590912204,0.0067129377749568
OFR,GES,FFMLP,ALL,8cc2d7463e937e63,0.0,48100.0,48.0,0.8967221775915352,0.2622744361743001,0.3877551020408163,0.0191566658300452,0.0071077934027068
OFR,GES,FFMLP,ALL,8f7d5b10f1503327,2.0,48037.0,48.0,0.895444774952776,0.2667462631820578,0.3661971830985915,0.0188698176604892,0.0073451266205107
OFR,GES,FFMLP,ALL,939ef04532e74e73,1.0,48036.0,48.0,0.8866694168819796,0.2619567859391197,0.3771428571428571,0.0190311831539725,0.0086974862953588
OFR,GES,FFMLP,ALL,a25e0ee016f08621,0.0,48055.0,48.0,0.8941094730442711,0.257907829685184,0.3932584269662921,0.0191857367626375,0.0083458391870904
OFR,GES,FFMLP,ALL,b4ed8d774cff5272,3.0,48058.0,48.0,0.8923761136562666,0.2789342825903619,0.3661971830985915,0.0188436599084966,0.0093123364606744
OFR,GES,FFMLP,ALL,cc8097b965dd1d58,1.0,48043.0,48.0,0.890613804633389,0.2712991201518316,0.3734939759036144,0.0193225583048563,0.0071879658480413
OFR,GES,FFMLP,ALL,cd3ef10bb9606641,3.0,48067.0,48.0,0.8911529915828936,0.2472418950515222,0.3453237410071942,0.0193216607125422,0.0081856485801471
OFR,GES,FFMLP,ALL,cddafc474643585a,3.0,48045.0,48.0,0.8953796382743123,0.2554716424729786,0.3384615384615385,0.0192519299710426,0.0072437242019233
OFR,GES,FFMLP,ALL,d174b2aee7ebb5bc,1.0,48065.0,48.0,0.8899298695095208,0.2480002915512381,0.3924050632911392,0.0192937085543494,0.0074975327787796
OFR,GES,FFMLP,ALL,d449d4b7d4efb0af,2.0,48066.0,48.0,0.8850482373291065,0.2578603176736315,0.352112676056338,0.019307898812607,0.0081818011225619
OFR,GES,FFMLP,ALL,dd0186cb66168124,2.0,48102.0,48.0,0.8953904943873895,0.2512272622658519,0.375,0.0192141416042671,0.0081832774789565
OFR,GES,FFMLP,ALL,de8353faf654fde9,4.0,48068.0,48.0,0.881017000673079,0.2405940780366453,0.3714285714285714,0.0195489094116775,0.0094578364561448
OFR,GES,FFMLP,ALL,df6af57ba7d13f42,4.0,48059.0,48.0,0.9015422917978448,0.2699367410548858,0.3708609271523179,0.0189176594199506,0.0083111540857272
OFR,GES,FFMLP,ALL,e958d9eef9e4cdf4,0.0,48035.0,48.0,0.8929768185798757,0.2768137938484487,0.379746835443038,0.018912488207832,0.0069315505386136
OFR,GES,LightGBM,10,01847fc89eb1d7ba,2.0,10037.0,10.0,0.88236677739902,0.237857276110541,0.3333333333333333,0.0209995604522984,0.0205981611078638
OFR,GES,LightGBM,10,021f0a6daa273b88,3.0,10045.0,10.0,0.9012745076752718,0.3327483363785485,0.3487179487179487,0.0189462229912826,0.0181903718179598
OFR,GES,LightGBM,10,0cce14addf97561f,3.0,10067.0,10.0,0.8909720563649391,0.3068368507898939,0.3333333333333333,0.0201044949511725,0.0196536032564618
OFR,GES,LightGBM,10,10e384b7d0c300a0,4.0,10068.0,10.0,0.8932156530675758,0.399859379954764,0.4,0.0178095052030193,0.0174050715119996
OFR,GES,LightGBM,10,2594098db58cfaad,0.0,10055.0,10.0,0.90008757264549,0.3214965189811894,0.3354037267080745,0.0187762836216392,0.0176719222354812
OFR,GES,LightGBM,10,284f3e5279097b10,1.0,10043.0,10.0,0.9093659306222,0.3709596592819345,0.4313725490196078,0.0187730998001172,0.0184709415494635
OFR,GES,LightGBM,10,2a58e82159468493,1.0,10036.0,10.0,0.8881639417822843,0.4237971858606821,0.4285714285714285,0.0174386510151068,0.0168855875927791
OFR,GES,LightGBM,10,313754397dffdbd3,2.0,10066.0,10.0,0.8113388482387766,0.1489087734795116,0.2096069868995633,0.021014064889161,0.0194452493443824
OFR,GES,LightGBM,10,40b4da5e1c8cb15c,4.0,10039.0,10.0,0.8553857176976356,0.2720671038682245,0.375,0.020632663921426,0.0203758894078627
OFR,GES,LightGBM,10,5055edc4612a04f6,4.0,10059.0,10.0,0.9252520427586108,0.3605822154469782,0.3971631205673759,0.0188152671739102,0.0186477796419842
OFR,GES,LightGBM,10,5954a1a0afc71260,2.0,10102.0,10.0,0.8871868916053297,0.267109050858265,0.3513513513513513,0.0205764563895967,0.020267091831086
OFR,GES,LightGBM,10,59f3f2cdd6d6612c,0.0,10100.0,10.0,0.8922277467775438,0.3794306574639957,0.4,0.0185550908032081,0.0185243851565724
OFR,GES,LightGBM,10,5eb3a5c8a4465eaa,3.0,10038.0,10.0,0.8971817530451397,0.3031587084907924,0.3815789473684211,0.0196541915823922,0.0190949245232827
OFR,GES,LightGBM,10,5efd59f590a31391,3.0,10058.0,10.0,0.8898032148569527,0.4145995149498832,0.4363636363636363,0.0176963987438208,0.0180800875055357
OFR,GES,LightGBM,10,6d7968a45cefbf15,3.0,10103.0,10.0,0.918412691519928,0.3678204464515734,0.4166666666666667,0.0183891520083694,0.0169800959007068
OFR,GES,LightGBM,10,847a64aaa2b8123c,4.0,10104.0,10.0,0.9067423699618588,0.4146560704004346,0.4301075268817204,0.0175176888289963,0.0161677222804057
OFR,GES,LightGBM,10,8790e5936aa78dbd,2.0,10044.0,10.0,0.8523894304883081,0.2329358371144421,0.282051282051282,0.020413181695684,0.0196184449811784
OFR,GES,LightGBM,10,90a6aef793d2d777,0.0,10035.0,10.0,0.9126119084323048,0.2781426255039165,0.2981366459627329,0.019910559341766,0.019119493280992
OFR,GES,LightGBM,10,931888e1f2e17f06,0.0,10064.0,10.0,0.8619645222224634,0.2294796889495507,0.2676056338028169,0.0211970366146762,0.0199613288427429
OFR,GES,LightGBM,10,af884f5b5ea81ae1,4.0,10046.0,10.0,0.8195714006557093,0.2294429170505329,0.2659574468085106,0.0199791598222425,0.0187479356583684
OFR,GES,LightGBM,10,baf7c5d11c9eedbd,2.0,10057.0,10.0,0.8974784868025852,0.2443896006224698,0.3116883116883117,0.0208621755874399,0.0197499352160341
OFR,GES,LightGBM,10,e511f66e4083369c,1.0,10056.0,10.0,0.8823161155379927,0.310639760265995,0.3018867924528302,0.0187058329725158,0.0187206502684045
OFR,GES,LightGBM,10,f0fc3c526ed21667,1.0,10101.0,10.0,0.8370171743708882,0.1243292529616176,0.2008733624454148,0.0220326325659036,0.0211758008052273
OFR,GES,LightGBM,10,fab3594f70bb783a,0.0,10042.0,10.0,0.850641596282867,0.2485982375831683,0.3419689119170984,0.020196523007753,0.0197288500285123
OFR,GES,LightGBM,10,fc9ba9547e6fa4f0,1.0,10065.0,10.0,0.7802831274290554,0.1148871351205117,0.1981981981981982,0.0220951566558461,0.0215301832228404
OFR,GES,LightGBM,20,0045131bb8647959,1.0,20036.0,20.0,0.8879504382250978,0.4213838467647227,0.4390243902439024,0.017544425526847,0.0169626922056428
OFR,GES,LightGBM,20,0560ccb0fcafa296,0.0,20064.0,20.0,0.8944532499583849,0.4009114445842697,0.4129032258064516,0.0175288259693275,0.0169514684745885
OFR,GES,LightGBM,20,0656ed161fa23b2c,4.0,20046.0,20.0,0.913046152955396,0.4480908693148253,0.4931506849315068,0.0171889112273964,0.0167040527210971
OFR,GES,LightGBM,20,1860888d264ca732,1.0,20056.0,20.0,0.934856084127639,0.4656135542146404,0.4812030075187969,0.0166710103757121,0.0160388280703006
OFR,GES,LightGBM,20,1b7d14bf94c53da5,4.0,20059.0,20.0,0.9255053520637472,0.3840425935555432,0.4431818181818182,0.0182616492398324,0.0173954541485679
OFR,GES,LightGBM,20,26e0308c4f4cdea8,2.0,20102.0,20.0,0.9233884100136788,0.4061033412500158,0.4413793103448276,0.0189080400536646,0.0188476275569416
OFR,GES,LightGBM,20,405ebcd12aa2ca5a,0.0,20055.0,20.0,0.916939878845778,0.4107260942311507,0.4274809160305343,0.0184299475970112,0.0184674736602272
OFR,GES,LightGBM,20,4408d45fd8d32921,3.0,20103.0,20.0,0.9220567268095332,0.4542932896224417,0.4907975460122699,0.0173678677778499,0.0163664423917304
OFR,GES,LightGBM,20,44e79fc74fa5df84,0.0,20100.0,20.0,0.9308972215587932,0.4360306035561744,0.4487179487179487,0.0181317708715733,0.0180101342006459
OFR,GES,LightGBM,20,51df6385cd1fc444,2.0,20066.0,20.0,0.9027183707145492,0.4401589583236613,0.423728813559322,0.0168134826031439,0.016386460898443
OFR,GES,LightGBM,20,5a56138013159bf1,1.0,20065.0,20.0,0.9027690325755766,0.3965839204051326,0.4096385542168674,0.0181816744550625,0.0184318143653878
OFR,GES,LightGBM,20,609ca5d7f1a02856,4.0,20039.0,20.0,0.9188722669735327,0.4526318103298533,0.4444444444444444,0.0168489736349572,0.0169700826957061
OFR,GES,LightGBM,20,73764585f5f36d41,4.0,20104.0,20.0,0.92712653161662,0.4271631180714859,0.4743589743589743,0.0171486560541108,0.0169524993128188
OFR,GES,LightGBM,20,73f5da7c5bc6cedc,2.0,20057.0,20.0,0.9317150487439476,0.4617183994690486,0.4470588235294118,0.0167531389192822,0.0163992878843871
OFR,GES,LightGBM,20,757a2bf96d6e352b,2.0,20037.0,20.0,0.9253750787068198,0.4461918695148286,0.4748201438848921,0.0168678101103422,0.0167106958640836
OFR,GES,LightGBM,20,780d493872ea21a4,4.0,20068.0,20.0,0.9113815489502138,0.4096248069190719,0.4567901234567901,0.0183942773603044,0.0175951149438385
OFR,GES,LightGBM,20,7cf7a3d99527d660,3.0,20045.0,20.0,0.918836079929942,0.4503607363255317,0.4615384615384615,0.0164594006190229,0.0161427591005814
OFR,GES,LightGBM,20,7d1a43e361323b88,3.0,20038.0,20.0,0.9038618812920224,0.4088940601598647,0.4539877300613497,0.0180333790514356,0.0175374418200325
OFR,GES,LightGBM,20,934d5abbbc2735c2,3.0,20067.0,20.0,0.9167553249234645,0.4510208155019594,0.4571428571428571,0.0173374200176461,0.0171401999331287
OFR,GES,LightGBM,20,9569d77321cf8701,1.0,20101.0,20.0,0.912137858161264,0.3797724169389439,0.3905325443786982,0.0183810731578411,0.0173668230775907
OFR,GES,LightGBM,20,cbad0443e18a2abb,0.0,20035.0,20.0,0.9255741074465698,0.414709379375969,0.4242424242424242,0.0177834730384423,0.0182914739510324
OFR,GES,LightGBM,20,d550b26036263064,0.0,20042.0,20.0,0.9268008482243018,0.457169195295929,0.4779874213836478,0.0164430089180047,0.0157682002382767
OFR,GES,LightGBM,20,e41fd0941b7edc10,1.0,20043.0,20.0,0.9021140470865812,0.4237745520435241,0.4651162790697674,0.0178021674388151,0.017752898906487
OFR,GES,LightGBM,20,fcef28b27ed7c8d7,3.0,20058.0,20.0,0.908920829986032,0.4128031088152525,0.4333333333333333,0.0177001118298552,0.017686020376672
OFR,GES,LightGBM,20,fddc1a0406bab8f4,2.0,20044.0,20.0,0.923080820143156,0.4682514901998851,0.5222929936305732,0.0176103129232404,0.0172537408126058
OFR,GES,LightGBM,30,008309ea5ab6689b,2.0,30037.0,30.0,0.9004783927162718,0.4433057106751887,0.4035087719298245,0.0177643057502435,0.0174929487169509
OFR,GES,LightGBM,30,031bc97c3cf26c4a,1.0,30043.0,30.0,0.927401553147911,0.4668456560942869,0.4805194805194805,0.0168249225605299,0.0166133303245816
OFR,GES,LightGBM,30,220cb9e4d83ad634,4.0,30059.0,30.0,0.9330503506524525,0.4732416153319879,0.4567901234567901,0.0171079285196707,0.0173775760202986
OFR,GES,LightGBM,30,254712207843f003,0.0,30035.0,30.0,0.9254329779765652,0.4475526549823465,0.5161290322580645,0.016972055947183,0.0164080904726704
OFR,GES,LightGBM,30,3ea5e9926d8db5bb,4.0,30046.0,30.0,0.9248901723227017,0.4589438296883972,0.4615384615384615,0.0170389531571266,0.017091387808455
OFR,GES,LightGBM,30,4453f682ce466cba,0.0,30064.0,30.0,0.9311143438203384,0.4798869242352335,0.4743589743589743,0.0164796801555846,0.016130136476104
OFR,GES,LightGBM,30,470cc5e60f4a0d05,0.0,30042.0,30.0,0.9238190358324104,0.4763217162881151,0.4936708860759494,0.0163582529770698,0.0167120761664553
OFR,GES,LightGBM,30,4e84cf4d98babdf1,4.0,30039.0,30.0,0.9271482438427746,0.4554933399597728,0.4814814814814814,0.0177678671617473,0.017737953567823
OFR,GES,LightGBM,30,64553e7df1c50ad0,3.0,30058.0,30.0,0.9256320067163152,0.4615801017740293,0.4512195121951219,0.0167333238655711,0.0165967307712673
OFR,GES,LightGBM,30,657d3d885bf1084f,2.0,30066.0,30.0,0.9279696897322882,0.4722934349149068,0.4720496894409938,0.0164721603524199,0.0161831502161701
OFR,GES,LightGBM,30,6f87895b061e14c2,1.0,30065.0,30.0,0.906586765674418,0.4657432490580381,0.4756097560975609,0.0177335638347097,0.0175466075368959
OFR,GES,LightGBM,30,81c88b5f0a2968e4,2.0,30057.0,30.0,0.901393924919122,0.4385393153034313,0.4189189189189189,0.0174864924766846,0.017550830011786
OFR,GES,LightGBM,30,a3542a9373271e30,0.0,30055.0,30.0,0.933868177837607,0.4715948413979688,0.4444444444444444,0.0167003102642678,0.0170994651764908
OFR,GES,LightGBM,30,ab476b1966470b52,3.0,30045.0,30.0,0.935413364598939,0.492125492514484,0.4927536231884058,0.0161689848584752,0.0161756897438723
OFR,GES,LightGBM,30,b93fd839985d16f3,4.0,30068.0,30.0,0.9309297898980248,0.4852994544286295,0.5100671140939598,0.0166246863723795,0.0162994709160441
OFR,GES,LightGBM,30,bb7891c4e0ce0ca5,0.0,30100.0,30.0,0.9287947543261612,0.4630763754493021,0.4875,0.0171322200428962,0.0178296986177433
OFR,GES,LightGBM,30,be625465f42920d3,4.0,30104.0,30.0,0.9340165447163298,0.4607638785038241,0.463768115942029,0.0176115522016518,0.0177850194662067
OFR,GES,LightGBM,30,bfe8991f8f6172a4,1.0,30056.0,30.0,0.9307452359757112,0.4697447270629543,0.4724409448818897,0.0172097239016121,0.0171388790571115
OFR,GES,LightGBM,30,c943d5abcd9b1a30,2.0,30044.0,30.0,0.923753899153947,0.4307285780084462,0.4113475177304964,0.0179278709856225,0.0183633695547545
OFR,GES,LightGBM,30,c9a482fab8dd5069,3.0,30067.0,30.0,0.929822466364143,0.4747191734685539,0.4060150375939849,0.0168574472952673,0.0168856834291587
OFR,GES,LightGBM,30,e3350f14a441d057,1.0,30036.0,30.0,0.924911884548856,0.4263357151224469,0.4186046511627907,0.0184669586070774,0.0183771299466514
OFR,GES,LightGBM,30,ed7805954a2f749d,3.0,30103.0,30.0,0.926174812370179,0.4770186737523185,0.4968152866242038,0.0165614865941138,0.016054688474465
OFR,GES,LightGBM,30,f1e6ce31307c6673,3.0,30038.0,30.0,0.9132307068777096,0.4534331832068959,0.4186046511627907,0.0172215779609701,0.0169758742199131
OFR,GES,LightGBM,30,f3d3dc24ea1e6a55,1.0,30101.0,30.0,0.9273834596261156,0.4743841478523841,0.4545454545454545,0.0168224283465899,0.0163741321836204
OFR,GES,LightGBM,30,f7f673a1f9741f1c,2.0,30102.0,30.0,0.9381599612074892,0.4680187342348271,0.4794520547945205,0.0166130381135486,0.0165939326086217
OFR,GES,LightGBM,40,07c29744ea103f3a,1.0,40043.0,40.0,0.9258382728647836,0.4694919491012732,0.4697986577181208,0.0165398764276459,0.0166071374773543
OFR,GES,LightGBM,40,0a4f83f0daa39be1,1.0,40056.0,40.0,0.9291204377184792,0.4881629886358636,0.5061728395061729,0.0167155901513646,0.0163547664014133
OFR,GES,LightGBM,40,0f5db1389b71b2eb,2.0,40102.0,40.0,0.9285921068820518,0.4780660253918995,0.4805194805194805,0.0165574190778694,0.0165796692571053
OFR,GES,LightGBM,40,1d78f32f7b532de5,4.0,40046.0,40.0,0.930535351122884,0.4657880607746111,0.4585987261146497,0.0173965824861881,0.017261559478826
OFR,GES,LightGBM,40,2f9c7dbecd8ea5dc,1.0,40036.0,40.0,0.9254583089070788,0.4832787055013742,0.4871794871794871,0.0166457777575093,0.0167690098781786
OFR,GES,LightGBM,40,3e737221e7f651ee,4.0,40068.0,40.0,0.9308176100628932,0.482432108840644,0.4683544303797468,0.0164455560300002,0.0160386696448004
OFR,GES,LightGBM,40,4720456e7015d389,0.0,40055.0,40.0,0.930701811523402,0.4753088074712085,0.4743589743589743,0.0165605828104724,0.0163812607308399
OFR,GES,LightGBM,40,475e77c41b874279,2.0,40057.0,40.0,0.931526876117275,0.4757710610838018,0.4848484848484848,0.0164850344564175,0.0163386776680871
OFR,GES,LightGBM,40,58a47c9da44905fc,0.0,40100.0,40.0,0.9292217614405338,0.4879972190821107,0.5157232704402516,0.0166558309871914,0.0164348758576969
OFR,GES,LightGBM,40,5ddc2aa3bbd3e06f,1.0,40101.0,40.0,0.9223100361146694,0.4661019860256627,0.490566037735849,0.0171086219502562,0.0165318032194487
OFR,GES,LightGBM,40,5e27e18855bb2c45,2.0,40044.0,40.0,0.925740567847088,0.4771059428547212,0.4615384615384615,0.0171511350213871,0.0168938918800272
OFR,GES,LightGBM,40,63d1911d6a3d1d6f,0.0,40064.0,40.0,0.9316281998393297,0.4926094847712026,0.5,0.0161611448811018,0.0164491807742272
OFR,GES,LightGBM,40,64dfcdc314abe226,2.0,40037.0,40.0,0.931324228673166,0.4806251989308226,0.4662576687116564,0.0171875057147604,0.0170716060234946
OFR,GES,LightGBM,40,7d3eeee40eaa9f00,3.0,40103.0,40.0,0.9325618255639752,0.4854472637600831,0.4871794871794871,0.0165772301589809,0.0161911856132741
OFR,GES,LightGBM,40,8bd1fe710ceaa1d9,3.0,40045.0,40.0,0.9310564445505932,0.478692640966097,0.4852941176470588,0.016694934067424,0.0169356848610518
OFR,GES,LightGBM,40,92d3bada30370d6a,3.0,40067.0,40.0,0.9159628286688234,0.466328956359731,0.4545454545454545,0.0172506460712641,0.0166736506008434
OFR,GES,LightGBM,40,9bb69dbbd084076c,4.0,40039.0,40.0,0.9268696036071244,0.4846211924736057,0.490566037735849,0.0162811032253631,0.0155499146552794
OFR,GES,LightGBM,40,a6420421a5b42c0b,2.0,40066.0,40.0,0.9312229049511114,0.4882444485213165,0.4903225806451612,0.0166184145364875,0.0165490747243255
OFR,GES,LightGBM,40,cc40d339edb67d49,0.0,40042.0,40.0,0.9046724710684586,0.4504385313673517,0.4647887323943662,0.0178763877799644,0.0179933643158752
OFR,GES,LightGBM,40,d0be91a57b6610a7,4.0,40104.0,40.0,0.9308393222890476,0.4696539281793991,0.4596273291925465,0.0173875793874981,0.0172739331901743
OFR,GES,LightGBM,40,d35cd97eccc24585,1.0,40065.0,40.0,0.935453170346889,0.4804578797365657,0.4035087719298245,0.0171241418419848,0.0173007675767438
OFR,GES,LightGBM,40,d92a5c4b2fa87f6f,0.0,40035.0,40.0,0.932909221182448,0.488419335705037,0.5095541401273885,0.0168393020655732,0.0165685884652701
OFR,GES,LightGBM,40,df7d4e248860cc9f,4.0,40059.0,40.0,0.9342662353171072,0.4959221099236237,0.484472049689441,0.0163413180784466,0.0162639615949551
OFR,GES,LightGBM,40,f135845222536e75,3.0,40058.0,40.0,0.9165454400706372,0.4540687379786086,0.432,0.0177689078565878,0.0176699244006952
OFR,GES,LightGBM,40,f2b205f92362fe3a,3.0,40038.0,40.0,0.9338066598635024,0.4930883012298834,0.4615384615384615,0.016483313162669,0.0163017957458406
OFR,GES,LightGBM,5,27c684b4331006b9,4.0,5039.0,5.0,0.8261067807282281,0.1635893329908232,0.1875,0.0207563393174847,0.0195440985593946
OFR,GES,LightGBM,5,36842a143bf4e7e2,2.0,5102.0,5.0,0.8301452547929739,0.1656785320511069,0.2262443438914027,0.0210701191530074,0.0187444373512249
OFR,GES,LightGBM,5,3a20e9d025d9e98e,3.0,5103.0,5.0,0.8164050343415044,0.131885831555667,0.2116788321167883,0.0217853015411265,0.0195218895268703
OFR,GES,LightGBM,5,58aca55515a47d92,2.0,5057.0,5.0,0.7904263557475882,0.1414965476283075,0.1606648199445983,0.0214718104222999,0.0186334999016947
OFR,GES,LightGBM,5,68bff4188cc98f13,4.0,5046.0,5.0,0.766597187542972,0.1087698411976789,0.1854304635761589,0.0212132876274595,0.0192484772841428
OFR,GES,LightGBM,5,7ee6c84b9197a487,1.0,5043.0,5.0,0.779830789384169,0.112581839274975,0.1505376344086021,0.0216371915030162,0.0200905543838399
OFR,GES,LightGBM,5,82623ffa4724569a,0.0,5055.0,5.0,0.7766825165917595,0.0780117418831025,0.1493506493506493,0.022647882725518,0.021056468462113
OFR,GES,LightGBM,5,9e955ec573c5b04b,4.0,5068.0,5.0,0.8755491383864922,0.2920855012530693,0.3712574850299401,0.0193127322146044,0.0171957546200541
OFR,GES,LightGBM,5,a3f2d1fdab3f7e19,2.0,5066.0,5.0,0.8579296668620767,0.2298847645308709,0.2957746478873239,0.0205356898499902,0.0201477852438491
OFR,GES,LightGBM,5,ab6c0349c6b07c98,4.0,5059.0,5.0,0.8337386282215516,0.2131479968421331,0.2045454545454545,0.019989018959142,0.0181898791533384
OFR,GES,LightGBM,5,acd664bbfc2685c4,2.0,5044.0,5.0,0.7352809200193964,0.0560770055638385,0.0843881856540084,0.0230744046846598,0.0218349210800143
OFR,GES,LightGBM,5,ad6a67c24df40604,0.0,5035.0,5.0,0.8726686497166555,0.2441248787186145,0.3188405797101449,0.0202489171753845,0.0187289684411256
OFR,GES,LightGBM,5,b1d292af8c01d3a4,4.0,5104.0,5.0,0.8057949931606487,0.1863237530517204,0.226950354609929,0.0211526101227613,0.0197480215998993
OFR,GES,LightGBM,5,c17b95ed03c70018,2.0,5037.0,5.0,0.7359141932822372,0.0577260560553807,0.0491803278688524,0.0237747018308216,0.0234311254163561
OFR,GES,LightGBM,5,cf471ac010c14ddf,1.0,5036.0,5.0,0.7909402117665791,0.0953335656271899,0.1761006289308176,0.0228266138259389,0.0222064453393112
OFR,GES,LightGBM,5,d8b7dee9ebde51b6,1.0,5065.0,5.0,0.876533425972165,0.300934015243247,0.3448275862068966,0.0193588761487236,0.0186155576333401
OFR,GES,LightGBM,5,dac2c82da9595694,3.0,5067.0,5.0,0.7990822965745343,0.0871090096757461,0.1428571428571428,0.0229025225179772,0.0224489066360003
OFR,GES,LightGBM,5,e28c44d62d092b9a,0.0,5100.0,5.0,0.8835862807680338,0.2662257334387919,0.2857142857142857,0.020999387197149,0.0205620681473676
OFR,GES,LightGBM,5,e38afaaf56247742,3.0,5058.0,5.0,0.7440779903163471,0.0654413138130064,0.112,0.0224508601276585,0.0211746320873388
OFR,GES,LightGBM,5,e3b0596c2c9dca91,3.0,5038.0,5.0,0.8417178713333477,0.2580973442527822,0.302158273381295,0.0196860204670392,0.017499428419569
OFR,GES,LightGBM,5,ed9e22257cc35e05,1.0,5056.0,5.0,0.7172127291544537,0.0903749841486907,0.1305637982195845,0.0222872029138294,0.0214681406700794
OFR,GES,LightGBM,5,f4c9fc580bf0f7e9,1.0,5101.0,5.0,0.8772065049829559,0.2440084180256823,0.2780748663101604,0.0198319565961423,0.0189665982842686
OFR,GES,LightGBM,5,f5a4b6b2820b5f08,0.0,5042.0,5.0,0.8751438434982739,0.2265244614050736,0.303030303030303,0.0207172240085853,0.0190752783450531
OFR,GES,LightGBM,5,fb040f6920530744,0.0,5064.0,5.0,0.8146716749534997,0.1834669584918626,0.2413793103448276,0.0214240338740366,0.0197949515065206
OFR,GES,LightGBM,5,fe5d7b75c3fd450d,3.0,5045.0,5.0,0.8859022515578523,0.2477832636788285,0.2647058823529412,0.020170870661596,0.0190220333937538
OFR,GES,LightGBM,ALL,111840a12f112fbd,1.0,48056.0,48.0,0.9325618255639752,0.4987552325826713,0.48,0.0162488812241652,0.0165050759359
OFR,GES,LightGBM,ALL,1f79efc20eaabe39,1.0,48101.0,48.0,0.9276693372704836,0.4916649682529656,0.4873949579831932,0.016264929400183,0.0158007864373846
OFR,GES,LightGBM,ALL,2026120a3c8e23d0,0.0,48042.0,48.0,0.9291638621707884,0.4855623396895611,0.4628099173553719,0.0166249224494446,0.0163782577562292
OFR,GES,LightGBM,ALL,34bf0fd5595a4d2f,4.0,48039.0,48.0,0.929261567188484,0.4883313292700149,0.4888888888888889,0.0163234492561995,0.0158397712919517
OFR,GES,LightGBM,ALL,475fa32917e332f4,3.0,48103.0,48.0,0.931530494821634,0.48827386361146,0.4754098360655737,0.0164523423842339,0.0167072234717158
OFR,GES,LightGBM,ALL,4c1d41d83a8c3fd2,2.0,48057.0,48.0,0.9309478834198204,0.4865571238196516,0.4732824427480916,0.0164496072164713,0.0157795122618312
OFR,GES,LightGBM,ALL,52a6dcf0029d3520,0.0,48064.0,48.0,0.932717429851416,0.4944862681021152,0.4552845528455284,0.0162727904264725,0.0161364394733846
OFR,GES,LightGBM,ALL,7221aaa016b3bd2d,3.0,48038.0,48.0,0.9317186674483068,0.490735304711906,0.4779874213836478,0.0165082412006441,0.0164576606135352
OFR,GES,LightGBM,ALL,78a79ca3c727aadf,4.0,48046.0,48.0,0.9311215812290567,0.4856691481757455,0.4788732394366197,0.0163838626949366,0.016860565703052
OFR,GES,LightGBM,ALL,79aeb09b9cfa1dcf,4.0,48104.0,48.0,0.9312771855164976,0.4887520529494103,0.4181818181818181,0.0166726484404342,0.0164393077601678
OFR,GES,LightGBM,ALL,7ac0b15d083996ec,2.0,48044.0,48.0,0.9279335026886972,0.4900781061792192,0.4647887323943662,0.0163735133849528,0.0160754001506813
OFR,GES,LightGBM,ALL,8cc2d7463e937e63,0.0,48100.0,48.0,0.9346860050227616,0.4854808415493031,0.4782608695652174,0.0164724783470978,0.0164463569642739
OFR,GES,LightGBM,ALL,8f7d5b10f1503327,2.0,48037.0,48.0,0.9324930701811524,0.4869132999316906,0.4661654135338345,0.0163746142474795,0.0162306408480778
OFR,GES,LightGBM,ALL,939ef04532e74e73,1.0,48036.0,48.0,0.92732556035637,0.4840247099668191,0.4903225806451612,0.0163305649431266,0.0160240852047672
OFR,GES,LightGBM,ALL,a25e0ee016f08621,0.0,48055.0,48.0,0.9325835377901296,0.4863473344734589,0.4962406015037593,0.0165829254199511,0.0168481731045234
OFR,GES,LightGBM,ALL,b4ed8d774cff5272,3.0,48058.0,48.0,0.9336401994629844,0.4976447799299735,0.4962406015037593,0.016098044290769,0.0163160747883334
OFR,GES,LightGBM,ALL,cc8097b965dd1d58,1.0,48043.0,48.0,0.9301553871651794,0.4922320028578189,0.4810126582278481,0.0164825671861662,0.016334865542266
OFR,GES,LightGBM,ALL,cd3ef10bb9606641,3.0,48067.0,48.0,0.92828089830717,0.4930354892755354,0.46875,0.0163233613174084,0.0162028851263706
OFR,GES,LightGBM,ALL,cddafc474643585a,3.0,48045.0,48.0,0.9322180486498614,0.4879999111445781,0.5106382978723404,0.0163028633320507,0.0167455096358832
OFR,GES,LightGBM,ALL,d174b2aee7ebb5bc,1.0,48065.0,48.0,0.930343559791852,0.4878897221924326,0.4925373134328358,0.0164891041693524,0.0162342599072177
OFR,GES,LightGBM,ALL,d449d4b7d4efb0af,2.0,48066.0,48.0,0.9340346382381252,0.5004661564577987,0.4961240310077519,0.0163802154094466,0.0159665430351341
OFR,GES,LightGBM,ALL,dd0186cb66168124,2.0,48102.0,48.0,0.9316028689088158,0.4904204205888922,0.4732824427480916,0.0164342810180395,0.0164276666618728
OFR,GES,LightGBM,ALL,de8353faf654fde9,4.0,48068.0,48.0,0.9297898980249112,0.4896480996502559,0.4696969696969697,0.0162383019023276,0.0159590223616851
OFR,GES,LightGBM,ALL,df6af57ba7d13f42,4.0,48059.0,48.0,0.9314291710995796,0.4889461416288844,0.484375,0.0167530199309283,0.0164147214876229
OFR,GES,LightGBM,ALL,e958d9eef9e4cdf4,0.0,48035.0,48.0,0.9339405519247888,0.4855146049808506,0.4836601307189542,0.0165812881031703,0.0170298153928625
OFR,GES,Logit,10,01847fc89eb1d7ba,2.0,10037.0,10.0,0.7241497854108315,0.0752673619161471,0.1176470588235294,0.0211689721262814,0.0007377389054158
OFR,GES,Logit,10,021f0a6daa273b88,3.0,10045.0,10.0,0.7501755071614159,0.0460454086067946,0.072289156626506,0.021840737995484,0.0028157429928247
OFR,GES,Logit,10,0cce14addf97561f,3.0,10067.0,10.0,0.7182730095316674,0.0470422075479652,0.0597293513765748,0.0217925730526284,0.0020688272902542
OFR,GES,Logit,10,10e384b7d0c300a0,4.0,10068.0,10.0,0.7228687640677132,0.0418580505187768,0.0570739549839228,0.0216855435814877,0.0019974861341535
OFR,GES,Logit,10,2594098db58cfaad,0.0,10055.0,10.0,0.784509774120474,0.0661847403940939,0.1114982578397212,0.0211469840743466,0.0025124210258723
OFR,GES,Logit,10,284f3e5279097b10,1.0,10043.0,10.0,0.660257941246716,0.0407874595093853,0.0606060606060606,0.0219315489297732,0.0016265690867657
OFR,GES,Logit,10,2a58e82159468493,1.0,10036.0,10.0,0.9129267357115458,0.2240551517958736,0.3005780346820809,0.0198538035576688,0.0131753888758061
OFR,GES,Logit,10,313754397dffdbd3,2.0,10066.0,10.0,0.6877275260365779,0.0377497020451891,0.0825,0.0219935085160907,0.002188384857317
OFR,GES,Logit,10,40b4da5e1c8cb15c,4.0,10039.0,10.0,0.8153737035991635,0.1016303408815603,0.1818181818181818,0.0213349254628971,0.0064370907746484
OFR,GES,Logit,10,5055edc4612a04f6,4.0,10059.0,10.0,0.7699119207358996,0.0586486025282734,0.1285714285714285,0.0217872382185984,0.0025837235510396
OFR,GES,Logit,10,5954a1a0afc71260,2.0,10102.0,10.0,0.712591643687894,0.0490259715417222,0.0785854616895874,0.0218072039720995,0.0023027889077494
OFR,GES,Logit,10,59f3f2cdd6d6612c,0.0,10100.0,10.0,0.8965882855302488,0.1896033197478411,0.2394366197183098,0.0206316464008682,0.0112679354469714
OFR,GES,Logit,10,5eb3a5c8a4465eaa,3.0,10038.0,10.0,0.7418778180660197,0.0637069729334007,0.1307506053268765,0.0220846778228363,0.0026236073576968
OFR,GES,Logit,10,5efd59f590a31391,3.0,10058.0,10.0,0.8150697324329996,0.0852219316067729,0.134453781512605,0.0208839883979147,0.0014338099604183
OFR,GES,Logit,10,6d7968a45cefbf15,3.0,10103.0,10.0,0.6641082426847892,0.0384812231716495,0.0427350427350427,0.0217434551060308,0.0020370219046888
OFR,GES,Logit,10,847a64aaa2b8123c,4.0,10104.0,10.0,0.8965376236692214,0.1550137699354168,0.2706766917293233,0.0204433374989859,0.0097330994958508
OFR,GES,Logit,10,8790e5936aa78dbd,2.0,10044.0,10.0,0.7421057964406423,0.0558800026354429,0.1159420289855072,0.0215190970723417,0.0024326300465951
OFR,GES,Logit,10,90a6aef793d2d777,0.0,10035.0,10.0,0.6323396371163268,0.0295050030131965,0.0363636363636363,0.0221964082019438,0.0015568856237584
OFR,GES,Logit,10,931888e1f2e17f06,0.0,10064.0,10.0,0.7374449052261328,0.0874609349534446,0.1358024691358024,0.0216082496392045,0.0038106197197095
OFR,GES,Logit,10,af884f5b5ea81ae1,4.0,10046.0,10.0,0.6674157384689985,0.0356849920958678,0.0775,0.0218186162690917,0.0016763795322822
OFR,GES,Logit,10,baf7c5d11c9eedbd,2.0,10057.0,10.0,0.7509209602593888,0.1078069075852755,0.1777777777777777,0.0207670045054976,0.0042736377112873
OFR,GES,Logit,10,e511f66e4083369c,1.0,10056.0,10.0,0.7117846726158166,0.0428574606373329,0.0797720797720797,0.0213971059912384,0.0022804151844256
OFR,GES,Logit,10,f0fc3c526ed21667,1.0,10101.0,10.0,0.7753255024571002,0.058229890153868,0.0884955752212389,0.0214665359298479,0.0023099825926147
OFR,GES,Logit,10,fab3594f70bb783a,0.0,10042.0,10.0,0.7159932257854398,0.0656180468269743,0.0717948717948717,0.0218460754327122,0.0028210804026728
OFR,GES,Logit,10,fc9ba9547e6fa4f0,1.0,10065.0,10.0,0.7664415832555311,0.0595420691961854,0.0836236933797909,0.021264178516202,0.0022312719291485
OFR,GES,Logit,20,0045131bb8647959,1.0,20036.0,20.0,0.8304962691158058,0.1155040353633167,0.1456953642384106,0.0213967947380098,0.0046987702899491
OFR,GES,Logit,20,0560ccb0fcafa296,0.0,20064.0,20.0,0.7838945943794284,0.0624802206825125,0.1104651162790697,0.0213282696169306,0.002262316358578
OFR,GES,Logit,20,0656ed161fa23b2c,4.0,20046.0,20.0,0.9221110073749196,0.2515548742236025,0.2686567164179104,0.0193750040188419,0.0118647691016053
OFR,GES,Logit,20,1860888d264ca732,1.0,20056.0,20.0,0.9142367066895368,0.2222069342014332,0.3297872340425531,0.0197992490403827,0.0122312394376687
OFR,GES,Logit,20,1b7d14bf94c53da5,4.0,20059.0,20.0,0.9159555912601052,0.2290017423655837,0.2967741935483871,0.0196049481645526,0.0103558786410857
OFR,GES,Logit,20,26e0308c4f4cdea8,2.0,20102.0,20.0,0.837563598729111,0.1374087894474995,0.1677419354838709,0.0209431237843019,0.0112723248855922
OFR,GES,Logit,20,405ebcd12aa2ca5a,0.0,20055.0,20.0,0.914551533968778,0.2216994577817706,0.3006535947712418,0.0196550355013177,0.0104899461140998
OFR,GES,Logit,20,4408d45fd8d32921,3.0,20103.0,20.0,0.8261574425892553,0.1208737462188903,0.1724137931034483,0.0214715286137522,0.0092362007571592
OFR,GES,Logit,20,44e79fc74fa5df84,0.0,20100.0,20.0,0.7952428512495385,0.0700815049524983,0.1420454545454545,0.0212471601949821,0.0015527010410216
OFR,GES,Logit,20,51df6385cd1fc444,2.0,20066.0,20.0,0.8177511923630864,0.1084868053682438,0.2150537634408602,0.0214867553047,0.006346916205116
OFR,GES,Logit,20,5a56138013159bf1,1.0,20065.0,20.0,0.8444717053506163,0.1103290924581557,0.2082191780821917,0.0212779127428224,0.0069515655618436
OFR,GES,Logit,20,609ca5d7f1a02856,4.0,20039.0,20.0,0.9231749064564924,0.235588283983421,0.3209876543209876,0.0193938124201996,0.0099793318104979
OFR,GES,Logit,20,73764585f5f36d41,4.0,20104.0,20.0,0.8997763640706082,0.2022833091218524,0.3535911602209944,0.0199679987897477,0.0077850803029988
OFR,GES,Logit,20,73f5da7c5bc6cedc,2.0,20057.0,20.0,0.8250899248033233,0.100422824461875,0.1789473684210526,0.0211293224861,0.0054519816506108
OFR,GES,Logit,20,757a2bf96d6e352b,2.0,20037.0,20.0,0.9080378661224136,0.2188769598298419,0.2519685039370078,0.0195621440762387,0.0093206330808635
OFR,GES,Logit,20,780d493872ea21a4,4.0,20068.0,20.0,0.8417902454205296,0.1341363058320268,0.227027027027027,0.0216327605007897,0.0094087986588229
OFR,GES,Logit,20,7cf7a3d99527d660,3.0,20045.0,20.0,0.916024346642928,0.2319127154195999,0.2875816993464052,0.0194017400439828,0.0098913005322459
OFR,GES,Logit,20,7d1a43e361323b88,3.0,20038.0,20.0,0.8955569547879078,0.1990714228741846,0.3295454545454545,0.0198827119944157,0.007318862503423
OFR,GES,Logit,20,934d5abbbc2735c2,3.0,20067.0,20.0,0.9216767628518284,0.2346029396635502,0.2816901408450704,0.0195677533372918,0.0107164451985095
OFR,GES,Logit,20,9569d77321cf8701,1.0,20101.0,20.0,0.8099528844692446,0.1009917586512576,0.1485714285714285,0.0214283681105215,0.0057258885634408
OFR,GES,Logit,20,cbad0443e18a2abb,0.0,20035.0,20.0,0.9075601971470136,0.2580271565085117,0.3764705882352941,0.0196107690340281,0.0097953202468312
OFR,GES,Logit,20,d550b26036263064,0.0,20042.0,20.0,0.9000550043062582,0.1957894041481181,0.2705882352941176,0.0200731010841066,0.008632374900538
OFR,GES,Logit,20,e41fd0941b7edc10,1.0,20043.0,20.0,0.833080024028197,0.1168789992806101,0.1878453038674033,0.0209295658763447,0.0046301868922865
OFR,GES,Logit,20,fcef28b27ed7c8d7,3.0,20058.0,20.0,0.8263745648508007,0.1014490897486418,0.1951219512195122,0.0216680116706374,0.003773314104761
OFR,GES,Logit,20,fddc1a0406bab8f4,2.0,20044.0,20.0,0.9071078591021272,0.2061671550764935,0.3434343434343434,0.0200004552849887,0.0103229511506482
OFR,GES,Logit,30,008309ea5ab6689b,2.0,30037.0,30.0,0.8525776031149807,0.1343170094700578,0.2057142857142857,0.0207797446347692,0.0071257726061522
OFR,GES,Logit,30,031bc97c3cf26c4a,1.0,30043.0,30.0,0.9039993920576678,0.2055354783592635,0.3333333333333333,0.0200458047147637,0.008402297431277
OFR,GES,Logit,30,220cb9e4d83ad634,4.0,30059.0,30.0,0.9184742094940328,0.2275981932274317,0.3431952662721893,0.0200493154932266,0.0105617666690221
OFR,GES,Logit,30,254712207843f003,0.0,30035.0,30.0,0.9266343878237836,0.2525305888041021,0.3595505617977528,0.0199661570998372,0.0128410477311494
OFR,GES,Logit,30,3ea5e9926d8db5bb,4.0,30046.0,30.0,0.9200519645945964,0.243098436625072,0.3604651162790697,0.0200671281758696,0.0119578107000616
OFR,GES,Logit,30,4453f682ce466cba,0.0,30064.0,30.0,0.9173415550296372,0.2306675120564676,0.3497267759562841,0.0200814766865051,0.0098539901154387
OFR,GES,Logit,30,470cc5e60f4a0d05,0.0,30042.0,30.0,0.9161546199998554,0.2284296517236391,0.360655737704918,0.0204352976644122,0.0104725308654548
OFR,GES,Logit,30,4e84cf4d98babdf1,4.0,30039.0,30.0,0.8242214357571416,0.1286980065405449,0.150375939849624,0.0215148649048091,0.0077585429887457
OFR,GES,Logit,30,64553e7df1c50ad0,3.0,30058.0,30.0,0.9168855982803916,0.2401158461698077,0.3313609467455621,0.02007635716871,0.0118144380311455
OFR,GES,Logit,30,657d3d885bf1084f,2.0,30066.0,30.0,0.902302219713254,0.2005873419530478,0.3086419753086419,0.0202816511979607,0.0089267125932948
OFR,GES,Logit,30,6f87895b061e14c2,1.0,30065.0,30.0,0.8042280941731623,0.129913049027774,0.1605839416058394,0.0217616949601319,0.0076670062250771
OFR,GES,Logit,30,81c88b5f0a2968e4,2.0,30057.0,30.0,0.8549406170614673,0.1538027444577125,0.216867469879518,0.0205270640696738,0.0081093242664666
OFR,GES,Logit,30,a3542a9373271e30,0.0,30055.0,30.0,0.9206345759964104,0.24798500685861,0.3375,0.019552075276183,0.0114656502600923
OFR,GES,Logit,30,ab476b1966470b52,3.0,30045.0,30.0,0.9138458866187552,0.2240311922015417,0.348314606741573,0.0200203481724584,0.0093257737890197
OFR,GES,Logit,30,b93fd839985d16f3,4.0,30068.0,30.0,0.9155249654413734,0.22928199193561,0.3205128205128205,0.0201100488700914,0.0111027445116988
OFR,GES,Logit,30,bb7891c4e0ce0ca5,0.0,30100.0,30.0,0.904335931563063,0.231139809457012,0.3333333333333333,0.0195324321797399,0.0088102735938906
OFR,GES,Logit,30,be625465f42920d3,4.0,30104.0,30.0,0.9107699879135274,0.2224945706005832,0.3312883435582822,0.0193658334017266,0.0074567602449646
OFR,GES,Logit,30,bfe8991f8f6172a4,1.0,30056.0,30.0,0.9165128717314052,0.2133930402051015,0.3170731707317073,0.0204142693036048,0.0108283013733772
OFR,GES,Logit,30,c943d5abcd9b1a30,2.0,30044.0,30.0,0.8158224229396907,0.1088419003691355,0.1775147928994082,0.0218146082772211,0.0053725084164573
OFR,GES,Logit,30,c9a482fab8dd5069,3.0,30067.0,30.0,0.8484414240325395,0.1306614818905931,0.1818181818181818,0.0218771242689001,0.0089680096573909
OFR,GES,Logit,30,e3350f14a441d057,1.0,30036.0,30.0,0.8196075876993002,0.1186463123103174,0.1975308641975308,0.0214188690257495,0.0054005416698349
OFR,GES,Logit,30,ed7805954a2f749d,3.0,30103.0,30.0,0.9133863111651505,0.2334925082628076,0.3657142857142857,0.0199501425073362,0.0087586410793625
OFR,GES,Logit,30,f1e6ce31307c6673,3.0,30038.0,30.0,0.8515643658944352,0.1373551459806925,0.1973684210526315,0.0212683444698016,0.0074322280771834
OFR,GES,Logit,30,f3d3dc24ea1e6a55,1.0,30101.0,30.0,0.8538043438927128,0.1588476932169588,0.2590673575129533,0.0217077930781018,0.011872023302966
OFR,GES,Logit,30,f7f673a1f9741f1c,2.0,30102.0,30.0,0.9058738809156768,0.2045594595762614,0.3440860215053763,0.0201354227743943,0.0092435888274644
OFR,GES,Logit,40,07c29744ea103f3a,1.0,40043.0,40.0,0.9168240803062871,0.2336764046574816,0.3478260869565217,0.0202752667608515,0.0095777733762032
OFR,GES,Logit,40,0a4f83f0daa39be1,1.0,40056.0,40.0,0.9152825122493142,0.2376727378758523,0.3645833333333333,0.01964753588964,0.0085861787043105
OFR,GES,Logit,40,0f5db1389b71b2eb,2.0,40102.0,40.0,0.9162161379739598,0.2313535972865202,0.2857142857142857,0.019625092081089,0.0085692399782532
OFR,GES,Logit,40,1d78f32f7b532de5,4.0,40046.0,40.0,0.91916176332226,0.2449384975174856,0.2937062937062937,0.0196671721795092,0.0096050030981693
OFR,GES,Logit,40,2f9c7dbecd8ea5dc,1.0,40036.0,40.0,0.9199976840292102,0.2381038166974092,0.3026315789473684,0.0198655583874645,0.0091612957343437
OFR,GES,Logit,40,3e737221e7f651ee,4.0,40068.0,40.0,0.9148808360654552,0.2347324992402199,0.3295454545454545,0.020001951681734,0.0111579602412992
OFR,GES,Logit,40,4720456e7015d389,0.0,40055.0,40.0,0.9156552387983008,0.2312689135893431,0.3404255319148936,0.0201594848880183,0.0102028344958833
OFR,GES,Logit,40,475e77c41b874279,2.0,40057.0,40.0,0.9138169369838824,0.2304140252844506,0.3351955307262569,0.0202042291029195,0.0094864552846238
OFR,GES,Logit,40,58a47c9da44905fc,0.0,40100.0,40.0,0.9154381165367552,0.2223123682635613,0.3263157894736842,0.0200852506775922,0.0093746393913775
OFR,GES,Logit,40,5ddc2aa3bbd3e06f,1.0,40101.0,40.0,0.91944040355791,0.2477895631160177,0.3536585365853658,0.0200830173872031,0.0117416709134463
OFR,GES,Logit,40,5e27e18855bb2c45,2.0,40044.0,40.0,0.9212316622156604,0.2393980544100445,0.3627450980392157,0.0196492612044927,0.0120153991525732
OFR,GES,Logit,40,63d1911d6a3d1d6f,0.0,40064.0,40.0,0.9185574396942918,0.2381640931404938,0.2933333333333333,0.0199225807971562,0.0087158131925243
OFR,GES,Logit,40,64dfcdc314abe226,2.0,40037.0,40.0,0.8630501335301909,0.1616059144579033,0.2842639593908629,0.0211069210979036,0.0069302385162309
OFR,GES,Logit,40,7d3eeee40eaa9f00,3.0,40103.0,40.0,0.9147650375259642,0.2330217662887766,0.3184713375796178,0.0198682494766905,0.0103172716949191
OFR,GES,Logit,40,8bd1fe710ceaa1d9,3.0,40045.0,40.0,0.9205332522743556,0.2466438365936709,0.3522012578616352,0.0194684406122517,0.0092493731935388
OFR,GES,Logit,40,92d3bada30370d6a,3.0,40067.0,40.0,0.858932047969545,0.1575192400637842,0.2430939226519337,0.0211501557414366,0.0069263333174891
OFR,GES,Logit,40,9bb69dbbd084076c,4.0,40039.0,40.0,0.909796556440932,0.2305503006999816,0.3255813953488372,0.0197703028798305,0.0091915426475511
OFR,GES,Logit,40,a6420421a5b42c0b,2.0,40066.0,40.0,0.9170122529329598,0.2348125895262162,0.3125,0.019890852211585,0.0114183243151937
OFR,GES,Logit,40,cc40d339edb67d49,0.0,40042.0,40.0,0.8358410954541836,0.1432928366716051,0.2470588235294117,0.0210163482533469,0.0094322098958872
OFR,GES,Logit,40,d0be91a57b6610a7,4.0,40104.0,40.0,0.9210398708846284,0.2368700164578208,0.3389830508474576,0.0201146094283631,0.0109963023521602
OFR,GES,Logit,40,d35cd97eccc24585,1.0,40065.0,40.0,0.9209964464323194,0.2504609174909052,0.3625730994152046,0.0197753657387472,0.0100772181551965
OFR,GES,Logit,40,d92a5c4b2fa87f6f,0.0,40035.0,40.0,0.9194946841232964,0.2434968992326574,0.3431952662721893,0.0191639130607822,0.009517845273736
OFR,GES,Logit,40,df7d4e248860cc9f,4.0,40059.0,40.0,0.9153186992929052,0.2470401945522389,0.326797385620915,0.0195865120761487,0.0082750898386515
OFR,GES,Logit,40,f135845222536e75,3.0,40058.0,40.0,0.8478443378132893,0.1495757820118755,0.2528735632183908,0.0210666274757608,0.0092634006018838
OFR,GES,Logit,40,f2b205f92362fe3a,3.0,40038.0,40.0,0.9164585911660188,0.2323458927385981,0.3425414364640884,0.0199962616295308,0.010995543457028
OFR,GES,Logit,5,27c684b4331006b9,4.0,5039.0,5.0,0.5772014387968532,0.0256529544716483,0.0481605351170568,0.0217955692234339,0.0013389621949586
OFR,GES,Logit,5,36842a143bf4e7e2,2.0,5102.0,5.0,0.6845032604526274,0.0453691587789085,0.0869565217391304,0.0216830304281537,0.0017816272159398
OFR,GES,Logit,5,3a20e9d025d9e98e,3.0,5103.0,5.0,0.6592121356869388,0.0328823079022129,0.0573223400078523,0.0216549292687346,0.0011180046429785
OFR,GES,Logit,5,58aca55515a47d92,2.0,5057.0,5.0,0.780786127334969,0.0563135242703967,0.121875,0.0213199538966338,0.0028718791779971
OFR,GES,Logit,5,68bff4188cc98f13,4.0,5046.0,5.0,0.6639562571017072,0.0379903687246636,0.0707964601769911,0.0214597282004927,0.0010709249382465
OFR,GES,Logit,5,7ee6c84b9197a487,1.0,5043.0,5.0,0.6721236728401763,0.035062208737384,0.0469336670838548,0.0216883620121512,0.0011238574087933
OFR,GES,Logit,5,82623ffa4724569a,0.0,5055.0,5.0,0.7806956597259918,0.0591444264031272,0.0975609756097561,0.021157016285173,0.0024244428383956
OFR,GES,Logit,5,9e955ec573c5b04b,4.0,5068.0,5.0,0.6467601739873056,0.0313980466624449,0.0618007458710708,0.0215535134321064,0.0007683040810924
OFR,GES,Logit,5,a3f2d1fdab3f7e19,2.0,5066.0,5.0,0.7046051631673796,0.0390661530494323,0.069634703196347,0.0219393590502447,0.00238908846668
OFR,GES,Logit,5,ab6c0349c6b07c98,4.0,5059.0,5.0,0.4469027509390537,0.0195438098479103,0.0432166301969365,0.0216045114475176,0.0007387300951061
OFR,GES,Logit,5,acd664bbfc2685c4,2.0,5044.0,5.0,0.7635502384726173,0.0566206134243237,0.1003134796238244,0.021233575470666,0.0010773516785438
OFR,GES,Logit,5,ad6a67c24df40604,0.0,5035.0,5.0,0.7561029449016075,0.0489350775775309,0.0498820357263228,0.0218253075061458,0.0013661939492228
OFR,GES,Logit,5,b1d292af8c01d3a4,4.0,5104.0,5.0,0.770241222832577,0.0577746664771792,0.0551826994780014,0.0217186223269191,0.0015762837668193
OFR,GES,Logit,5,c17b95ed03c70018,2.0,5037.0,5.0,0.7745112939763047,0.0580288101634548,0.1034482758620689,0.0211849395096713,0.002986518982719
OFR,GES,Logit,5,cf471ac010c14ddf,1.0,5036.0,5.0,0.7851321912702377,0.0616353583658473,0.1134328358208955,0.0211408506171044,0.000456701450068
OFR,GES,Logit,5,d8b7dee9ebde51b6,1.0,5065.0,5.0,0.8830651873403248,0.1380850189614255,0.2539682539682539,0.0204319763085967,0.0080947806952681
OFR,GES,Logit,5,dac2c82da9595694,3.0,5067.0,5.0,0.6044140955772196,0.0266436086358211,0.04864,0.0216426675412445,0.0007877290536096
OFR,GES,Logit,5,e28c44d62d092b9a,0.0,5100.0,5.0,0.8965484797822988,0.1866139038576865,0.2888086642599278,0.0201355381019702,0.0126247175082337
OFR,GES,Logit,5,e38afaaf56247742,3.0,5058.0,5.0,0.6537732230352246,0.0370437206309642,0.0334728033472803,0.021558567335748,0.0013642782310339
OFR,GES,Logit,5,e3b0596c2c9dca91,3.0,5038.0,5.0,0.6839532173900458,0.0447639788162761,0.088235294117647,0.021758129454058,0.001887093087978
OFR,GES,Logit,5,ed9e22257cc35e05,1.0,5056.0,5.0,0.6045950307951741,0.0273652889183737,0.0488135593220339,0.0217180640703704,0.0014899214870591
OFR,GES,Logit,5,f4c9fc580bf0f7e9,1.0,5101.0,5.0,0.6453090735393101,0.0304286715011546,0.0554875560995512,0.0216288098018719,0.0013485931208869
OFR,GES,Logit,5,f5a4b6b2820b5f08,0.0,5042.0,5.0,0.7766029050958595,0.0541125506854427,0.0497182631753397,0.0217199574299413,0.001228205535091
OFR,GES,Logit,5,fb040f6920530744,0.0,5064.0,5.0,0.6626245738975617,0.0380460855938527,0.0761478163493841,0.0216704148812183,0.0013107975175634
OFR,GES,Logit,5,fe5d7b75c3fd450d,3.0,5045.0,5.0,0.6768171323939177,0.0373512113048425,0.0787401574803149,0.0214654384889221,0.0012871863698456
OFR,GES,Logit,ALL,111840a12f112fbd,1.0,48056.0,48.0,0.9202509933343466,0.2482338544043072,0.2836879432624113,0.019713771284841,0.0106521478253453
OFR,GES,Logit,ALL,1f79efc20eaabe39,1.0,48101.0,48.0,0.9193426985402148,0.2453057862158104,0.3435582822085889,0.0197235494645589,0.0101397589172382
OFR,GES,Logit,ALL,2026120a3c8e23d0,0.0,48042.0,48.0,0.920341460943324,0.248443526137101,0.2836879432624113,0.0197023599221247,0.0106246722067331
OFR,GES,Logit,ALL,34bf0fd5595a4d2f,4.0,48039.0,48.0,0.920261849447424,0.248300975723602,0.2957746478873239,0.0197044444586442,0.0104158458123989
OFR,GES,Logit,ALL,475fa32917e332f4,3.0,48103.0,48.0,0.9200049214379284,0.2482203430083618,0.3478260869565217,0.0197180534443985,0.0102983184807449
OFR,GES,Logit,ALL,4c1d41d83a8c3fd2,2.0,48057.0,48.0,0.9202184249951147,0.2481650196950796,0.2836879432624113,0.0197073634106714,0.0103713280565028
OFR,GES,Logit,ALL,52a6dcf0029d3520,0.0,48064.0,48.0,0.92015690702101,0.2480492555221093,0.2836879432624113,0.0197277140473678,0.0103838962092805
OFR,GES,Logit,ALL,7221aaa016b3bd2d,3.0,48038.0,48.0,0.9202546120387056,0.2480420610722062,0.2957746478873239,0.019715239153266,0.0104426185817316
OFR,GES,Logit,ALL,78a79ca3c727aadf,4.0,48046.0,48.0,0.9204138350305056,0.2484315403605913,0.2836879432624113,0.0197139791915027,0.0104008787526096
OFR,GES,Logit,ALL,79aeb09b9cfa1dcf,4.0,48104.0,48.0,0.9202871803779374,0.2487596631332469,0.3522012578616352,0.019703883113962,0.0103925214256367
OFR,GES,Logit,ALL,7ac0b15d083996ec,2.0,48044.0,48.0,0.9203269861258874,0.2489341850709108,0.2836879432624113,0.0196976033271465,0.0105979035126299
OFR,GES,Logit,ALL,8cc2d7463e937e63,0.0,48100.0,48.0,0.9200447271858784,0.2482192736080744,0.2957746478873239,0.0196959123187918,0.010358346196307
OFR,GES,Logit,ALL,8f7d5b10f1503327,2.0,48037.0,48.0,0.9199144538289512,0.2471603070567501,0.345679012345679,0.019732394142757,0.0102695060003356
OFR,GES,Logit,ALL,939ef04532e74e73,1.0,48036.0,48.0,0.920431928552301,0.2489219151650513,0.2836879432624113,0.0197042534019252,0.0112420504912914
OFR,GES,Logit,ALL,a25e0ee016f08621,0.0,48055.0,48.0,0.920062820707674,0.2477229375249366,0.345679012345679,0.0197127677702783,0.0105545310465214
OFR,GES,Logit,ALL,b4ed8d774cff5272,3.0,48058.0,48.0,0.9201967127689602,0.2480292716013879,0.2957746478873239,0.0197183803689306,0.0102829943079044
OFR,GES,Logit,ALL,cc8097b965dd1d58,1.0,48043.0,48.0,0.9202799429692192,0.2483008556846746,0.2836879432624113,0.0197107020354813,0.0111666609513594
OFR,GES,Logit,ALL,cd3ef10bb9606641,3.0,48067.0,48.0,0.9202980364910148,0.2485588609619267,0.3522012578616352,0.019714741154187,0.0106302210239463
OFR,GES,Logit,ALL,cddafc474643585a,3.0,48045.0,48.0,0.920229281108192,0.2480539122049221,0.2957746478873239,0.0197120748269601,0.0104248913120172
OFR,GES,Logit,ALL,d174b2aee7ebb5bc,1.0,48065.0,48.0,0.9197262812022784,0.2465229409888178,0.3478260869565217,0.0197287086378266,0.0103916253473266
OFR,GES,Logit,ALL,d449d4b7d4efb0af,2.0,48066.0,48.0,0.9202546120387056,0.2487293472060033,0.2836879432624113,0.0197103788317327,0.0103716868619084
OFR,GES,Logit,ALL,dd0186cb66168124,2.0,48102.0,48.0,0.9200483458902374,0.2479664286455447,0.345679012345679,0.0197151660037602,0.0103010692740768
OFR,GES,Logit,ALL,de8353faf654fde9,4.0,48068.0,48.0,0.9201677631340874,0.2480464560369308,0.2836879432624113,0.0197151831090516,0.0105716955966802
OFR,GES,Logit,ALL,df6af57ba7d13f42,4.0,48059.0,48.0,0.9203197487171692,0.2486989472053102,0.2957746478873239,0.0197012963020038,0.0112602964417839
OFR,GES,Logit,ALL,e958d9eef9e4cdf4,0.0,48035.0,48.0,0.9202763242648604,0.2481329949585683,0.2836879432624113,0.0197089097117174,0.0103912499641409
OFR,GES,RF,10,01847fc89eb1d7ba,2.0,10037.0,10.0,0.8767903539816604,0.256458890823093,0.3164556962025316,0.0186553279284316,0.0042913055633212
OFR,GES,RF,10,021f0a6daa273b88,3.0,10045.0,10.0,0.8810785186471836,0.3257236000610994,0.3432835820895522,0.0178732479731618,0.0037327369303885
OFR,GES,RF,10,0cce14addf97561f,3.0,10067.0,10.0,0.9043920214806292,0.2903617928561471,0.2894736842105263,0.0182407246295778,0.0047827788649706
OFR,GES,RF,10,10e384b7d0c300a0,4.0,10068.0,10.0,0.9184977310723668,0.3863361894480155,0.3949044585987261,0.0167412244897959,0.0053609169695275
OFR,GES,RF,10,2594098db58cfaad,0.0,10055.0,10.0,0.9065451505742884,0.3292954406327522,0.327485380116959,0.017848261671792,0.0057400055912776
OFR,GES,RF,10,284f3e5279097b10,1.0,10043.0,10.0,0.919377076231626,0.3528667991881462,0.3166666666666666,0.0171859312272854,0.0061755661168577
OFR,GES,RF,10,2a58e82159468493,1.0,10036.0,10.0,0.923697809236381,0.4430138119890974,0.4409448818897638,0.0159016203522504,0.0061660609449259
OFR,GES,RF,10,313754397dffdbd3,2.0,10066.0,10.0,0.8254934103393621,0.1551173559557056,0.215962441314554,0.0202117416829745,0.0047223930668157
OFR,GES,RF,10,40b4da5e1c8cb15c,4.0,10039.0,10.0,0.8987414146239081,0.2984980126263603,0.3517587939698492,0.0181993301649426,0.0061509644953871
OFR,GES,RF,10,5055edc4612a04f6,4.0,10059.0,10.0,0.9219698779049148,0.3071819129492185,0.3404255319148936,0.0178765524182275,0.0064103997763488
OFR,GES,RF,10,5954a1a0afc71260,2.0,10102.0,10.0,0.8821894608854246,0.2781564961469582,0.325,0.0183750036343304,0.0038786692759295
OFR,GES,RF,10,59f3f2cdd6d6612c,0.0,10100.0,10.0,0.9314943077780432,0.3784454382293741,0.3471074380165289,0.0167581246854906,0.0056019010343863
OFR,GES,RF,10,5eb3a5c8a4465eaa,3.0,10038.0,10.0,0.8965611452475556,0.3306622005382664,0.3542857142857142,0.0176732535644394,0.0032088342186189
OFR,GES,RF,10,5efd59f590a31391,3.0,10058.0,10.0,0.9029409210326336,0.4079692718653724,0.4099378881987577,0.0164054895163544,0.0049007548224769
OFR,GES,RF,10,6d7968a45cefbf15,3.0,10103.0,10.0,0.9267103806153244,0.3625663959930139,0.3742690058479532,0.0171770925356443,0.0052161028795079
OFR,GES,RF,10,847a64aaa2b8123c,4.0,10104.0,10.0,0.9130208220248822,0.4421986190658564,0.4583333333333333,0.0160215733855185,0.0038110148168856
OFR,GES,RF,10,8790e5936aa78dbd,2.0,10044.0,10.0,0.829933560587967,0.2360501962028519,0.2521739130434782,0.0192424243779703,0.0047067374895163
OFR,GES,RF,10,90a6aef793d2d777,0.0,10035.0,10.0,0.9064148772173612,0.2865576354500803,0.3085714285714285,0.0183039183673469,0.0041135029354207
OFR,GES,RF,10,931888e1f2e17f06,0.0,10064.0,10.0,0.9072128015285408,0.2678309191297321,0.3076923076923077,0.0185239563880346,0.0054559686888454
OFR,GES,RF,10,af884f5b5ea81ae1,4.0,10046.0,10.0,0.8126886249647176,0.2488569862924981,0.3067484662576687,0.0190142544031311,0.0045317305004193
OFR,GES,RF,10,baf7c5d11c9eedbd,2.0,10057.0,10.0,0.906371452765052,0.2285223517134656,0.3108108108108108,0.0188807324573665,0.0048437237908862
OFR,GES,RF,10,e511f66e4083369c,1.0,10056.0,10.0,0.8543037250942673,0.3004091578455574,0.348993288590604,0.018320422700587,0.0041956947162426
OFR,GES,RF,10,f0fc3c526ed21667,1.0,10101.0,10.0,0.8392788645953202,0.138887617804007,0.1864406779661017,0.0203505507408442,0.0071244059267542
OFR,GES,RF,10,fab3594f70bb783a,0.0,10042.0,10.0,0.8602275441300996,0.219777352993562,0.2857142857142857,0.0190614190662566,0.0060184512161028
OFR,GES,RF,10,fc9ba9547e6fa4f0,1.0,10065.0,10.0,0.7783742608796347,0.116605876601351,0.1939799331103679,0.0208240111825552,0.008049203242941
OFR,GES,RF,20,0045131bb8647959,1.0,20036.0,20.0,0.9026930397840356,0.4024448538031588,0.4415584415584415,0.0162543818842605,0.0060581492871121
OFR,GES,RF,20,0560ccb0fcafa296,0.0,20064.0,20.0,0.8882942151392115,0.3492060140290424,0.3837209302325581,0.0171804003354766,0.0066396421582331
OFR,GES,RF,20,0656ed161fa23b2c,4.0,20046.0,20.0,0.9217925613913194,0.4454509601990841,0.4327485380116959,0.0158326385239027,0.0043036063740564
OFR,GES,RF,20,1860888d264ca732,1.0,20056.0,20.0,0.9240379674461354,0.4363258432565353,0.4175824175824176,0.0159722370701705,0.0037388873357562
OFR,GES,RF,20,1b7d14bf94c53da5,4.0,20059.0,20.0,0.9084431610106316,0.3759514084746979,0.3981481481481481,0.0166169840648588,0.0043131115459882
OFR,GES,RF,20,26e0308c4f4cdea8,2.0,20102.0,20.0,0.921754564995549,0.3622843359078087,0.4087591240875912,0.0170269097008666,0.0027956388034665
OFR,GES,RF,20,405ebcd12aa2ca5a,0.0,20055.0,20.0,0.917585817573876,0.4032377789793505,0.4327485380116959,0.0162176583729382,0.0048101761252446
OFR,GES,RF,20,4408d45fd8d32921,3.0,20103.0,20.0,0.9261965245963336,0.4282707278840452,0.4228571428571429,0.0160495689124965,0.0020648588202404
OFR,GES,RF,20,44e79fc74fa5df84,0.0,20100.0,20.0,0.9287278082955178,0.3887331919906584,0.4246575342465753,0.0165880290746435,0.0042443388314229
OFR,GES,RF,20,51df6385cd1fc444,2.0,20066.0,20.0,0.9139363542277325,0.411351864610784,0.445859872611465,0.0162027307799832,0.0053597987140061
OFR,GES,RF,20,5a56138013159bf1,1.0,20065.0,20.0,0.915514109328296,0.3286865496151417,0.3513513513513513,0.0174901280402572,0.003498462398658
OFR,GES,RF,20,609ca5d7f1a02856,4.0,20039.0,20.0,0.9304738331487794,0.4404594558468186,0.390625,0.0159531361476097,0.0063707017053396
OFR,GES,RF,20,73764585f5f36d41,4.0,20104.0,20.0,0.9500654985488995,0.3854370855417869,0.4125,0.0165367838971204,0.0034660329885378
OFR,GES,RF,20,73f5da7c5bc6cedc,2.0,20057.0,20.0,0.9330376851871957,0.4127493727758048,0.4,0.0163192641878669,0.0039675705898797
OFR,GES,RF,20,757a2bf96d6e352b,2.0,20037.0,20.0,0.9331426276136092,0.4112686778505717,0.4305555555555556,0.0163377019849035,0.0027620911378249
OFR,GES,RF,20,780d493872ea21a4,4.0,20068.0,20.0,0.9208679824275716,0.3699779016904839,0.3837209302325581,0.0169519429689684,0.0043337992731339
OFR,GES,RF,20,7cf7a3d99527d660,3.0,20045.0,20.0,0.925557823276954,0.4479837642864274,0.453125,0.0157441621470506,0.005112105116019
OFR,GES,RF,20,7d1a43e361323b88,3.0,20038.0,20.0,0.9214071693770762,0.3949697253518788,0.3963963963963964,0.016390093374336,0.0043069611406206
OFR,GES,RF,20,934d5abbbc2735c2,3.0,20067.0,20.0,0.9306963834668636,0.4199421222571434,0.4086021505376344,0.0161984445065697,0.003168577019849
OFR,GES,RF,20,9569d77321cf8701,1.0,20101.0,20.0,0.9223299389886443,0.3218781664826628,0.3571428571428571,0.0177541694157114,0.0036566955549343
OFR,GES,RF,20,cbad0443e18a2abb,0.0,20035.0,20.0,0.9294786894500292,0.4439042825227006,0.4114832535885167,0.0157127861336315,0.0047397260273972
OFR,GES,RF,20,d550b26036263064,0.0,20042.0,20.0,0.929408124715027,0.4261143195315571,0.4361702127659574,0.0160266312552418,0.0033821638244338
OFR,GES,RF,20,e41fd0941b7edc10,1.0,20043.0,20.0,0.9195742956191963,0.4177568779477397,0.4145077720207253,0.0160007257478333,0.0041817165222253
OFR,GES,RF,20,fcef28b27ed7c8d7,3.0,20058.0,20.0,0.901473536415022,0.3848825428057915,0.3681592039800995,0.0168063606374056,0.0058138104556891
OFR,GES,RF,20,fddc1a0406bab8f4,2.0,20044.0,20.0,0.9379645511720984,0.4374240691544497,0.4397905759162304,0.0158122079955269,0.0043382722952194
OFR,GES,RF,30,008309ea5ab6689b,2.0,30037.0,30.0,0.9094473514702794,0.4171651234859197,0.4242424242424242,0.0161823695834498,0.0056069331842325
OFR,GES,RF,30,031bc97c3cf26c4a,1.0,30043.0,30.0,0.9417243850011942,0.441357369783791,0.4,0.0157978149287112,0.0050668157674028
OFR,GES,RF,30,220cb9e4d83ad634,4.0,30059.0,30.0,0.9225615360676264,0.4338289416918265,0.4324324324324324,0.015854408722393,0.0044713447022644
OFR,GES,RF,30,254712207843f003,0.0,30035.0,30.0,0.92171114054324,0.4505144478563241,0.4193548387096774,0.01570512608331,0.0043673469387755
OFR,GES,RF,30,3ea5e9926d8db5bb,4.0,30046.0,30.0,0.9409174139291168,0.4333682485561093,0.4251207729468599,0.0158767179200447,0.0048672071568353
OFR,GES,RF,30,4453f682ce466cba,0.0,30064.0,30.0,0.9387480006658416,0.4499983261552499,0.422360248447205,0.0157485501817165,0.0044545708694436
OFR,GES,RF,30,470cc5e60f4a0d05,0.0,30042.0,30.0,0.92214900377069,0.4365800950319002,0.4083769633507853,0.0157928845401174,0.0047050601062342
OFR,GES,RF,30,4e84cf4d98babdf1,4.0,30039.0,30.0,0.9315160200041976,0.4130857721123634,0.4533333333333333,0.0162473514117975,0.0043925076880067
OFR,GES,RF,30,64553e7df1c50ad0,3.0,30058.0,30.0,0.933354321818616,0.4472758433724607,0.3934426229508196,0.0158907274252166,0.0032088342186189
OFR,GES,RF,30,657d3d885bf1084f,2.0,30066.0,30.0,0.9343910806174957,0.4361787951213173,0.4236453201970443,0.0157864780542353,0.004448420464076
OFR,GES,RF,30,6f87895b061e14c2,1.0,30065.0,30.0,0.9263123231358243,0.4094570052071026,0.4,0.0163300788370142,0.0037411238467989
OFR,GES,RF,30,81c88b5f0a2968e4,2.0,30057.0,30.0,0.9034059245427768,0.4149303256796793,0.4081632653061224,0.0161331954151523,0.0059468828627341
OFR,GES,RF,30,a3542a9373271e30,0.0,30055.0,30.0,0.940861324011551,0.4122729388957064,0.4076433121019108,0.0161930612244897,0.0053033268101761
OFR,GES,RF,30,ab476b1966470b52,3.0,30045.0,30.0,0.9334067930318228,0.4238479916488283,0.4260355029585799,0.0161306077718758,0.0040413754542913
OFR,GES,RF,30,b93fd839985d16f3,4.0,30068.0,30.0,0.938212432420696,0.4397388414237328,0.4285714285714285,0.0158464400335476,0.0029851831143416
OFR,GES,RF,30,bb7891c4e0ce0ca5,0.0,30100.0,30.0,0.9305462072359612,0.3966014621681238,0.4074074074074074,0.0165751467710371,0.0040128599384959
OFR,GES,RF,30,be625465f42920d3,4.0,30104.0,30.0,0.9298061821945272,0.4241368376767622,0.3974358974358974,0.0159075180318702,0.005113782499301
OFR,GES,RF,30,bfe8991f8f6172a4,1.0,30056.0,30.0,0.9280330170585724,0.4227860357762783,0.4134078212290503,0.0161138171652222,0.0047464355605255
OFR,GES,RF,30,c943d5abcd9b1a30,2.0,30044.0,30.0,0.9226483849722446,0.3971065590949822,0.3909090909090909,0.0164433961420184,0.0049398937657254
OFR,GES,RF,30,c9a482fab8dd5069,3.0,30067.0,30.0,0.9145931490689074,0.4060093981220707,0.3867403314917127,0.0162928454011741,0.004510483645513
OFR,GES,RF,30,e3350f14a441d057,1.0,30036.0,30.0,0.9336745771543956,0.4024923942168073,0.4295302013422818,0.0163833816046966,0.0050807939614201
OFR,GES,RF,30,ed7805954a2f749d,3.0,30103.0,30.0,0.9393758458721438,0.4215403040790753,0.4076433121019108,0.0161144903550461,0.0043438635728263
OFR,GES,RF,30,f1e6ce31307c6673,3.0,30038.0,30.0,0.9269256935246905,0.4191589085154831,0.4516129032258064,0.0161557282639083,0.0059692479731618
OFR,GES,RF,30,f3d3dc24ea1e6a55,1.0,30101.0,30.0,0.9245445860564084,0.4405254994164171,0.4507042253521127,0.0158436812971764,0.0041375454291305
OFR,GES,RF,30,f7f673a1f9741f1c,2.0,30102.0,30.0,0.94213872665031,0.4021230355267228,0.4183006535947712,0.0164793670673748,0.0033827229521945
OFR,GES,RF,40,07c29744ea103f3a,1.0,40043.0,40.0,0.9391894825976508,0.4220524968761448,0.422360248447205,0.0160506670394185,0.0024752585965893
OFR,GES,RF,40,0a4f83f0daa39be1,1.0,40056.0,40.0,0.9403836550361508,0.4381598916773814,0.4,0.0157483119932904,0.0037103718199608
OFR,GES,RF,40,0f5db1389b71b2eb,2.0,40102.0,40.0,0.9313549876602182,0.4356016045840403,0.4134078212290503,0.0158500341067934,0.003666200726866
OFR,GES,RF,40,1d78f32f7b532de5,4.0,40046.0,40.0,0.9377365727974756,0.4354921846101544,0.4154589371980676,0.0157532099524741,0.003412915851272
OFR,GES,RF,40,2f9c7dbecd8ea5dc,1.0,40036.0,40.0,0.9252013808975834,0.4418901904462129,0.4558823529411764,0.0158902253284875,0.0037942409840648
OFR,GES,RF,40,3e737221e7f651ee,4.0,40068.0,40.0,0.9331751959528408,0.4357433731479331,0.4,0.0158629343024881,0.0043561643835616
OFR,GES,RF,40,4720456e7015d389,0.0,40055.0,40.0,0.9358349436567732,0.4253926051949767,0.4052287581699346,0.01603879899357,0.0044808498741962
OFR,GES,RF,40,475e77c41b874279,2.0,40057.0,40.0,0.9364338392282028,0.4381112977306192,0.4052287581699346,0.0158888878948839,0.0054582051998881
OFR,GES,RF,40,58a47c9da44905fc,0.0,40100.0,40.0,0.9376804828799096,0.4379161134813575,0.425531914893617,0.0157657433603578,0.0053150684931506
OFR,GES,RF,40,5ddc2aa3bbd3e06f,1.0,40101.0,40.0,0.9345593503701934,0.4301979302026142,0.4,0.0159418305842885,0.0041397819401733
OFR,GES,RF,40,5e27e18855bb2c45,2.0,40044.0,40.0,0.9384386014431392,0.4342669294300062,0.4313725490196078,0.0158553950237629,0.0043069611406206
OFR,GES,RF,40,63d1911d6a3d1d6f,0.0,40064.0,40.0,0.93525052290278,0.4313369861743403,0.4245810055865922,0.0159375856863293,0.0034610008386916
OFR,GES,RF,40,64dfcdc314abe226,2.0,40037.0,40.0,0.9340129260119706,0.42930317555519,0.3861386138613861,0.0161159049482806,0.0060665362035225
OFR,GES,RF,40,7d3eeee40eaa9f00,3.0,40103.0,40.0,0.938487453951987,0.4394986113210736,0.3976608187134502,0.0159406989097008,0.0050053117137265
OFR,GES,RF,40,8bd1fe710ceaa1d9,3.0,40045.0,40.0,0.926616294301988,0.4292436019835093,0.4352941176470588,0.0159002504892367,0.0040900195694716
OFR,GES,RF,40,92d3bada30370d6a,3.0,40067.0,40.0,0.921200903228608,0.4082504010148876,0.4615384615384615,0.0162535879228403,0.0047934022924238
OFR,GES,RF,40,9bb69dbbd084076c,4.0,40039.0,40.0,0.9237792300844604,0.4448289422779422,0.404040404040404,0.0157021615879228,0.0047011462119094
OFR,GES,RF,40,a6420421a5b42c0b,2.0,40066.0,40.0,0.939256428628294,0.4402037603995344,0.3954802259887006,0.0158020922560805,0.0033273693038859
OFR,GES,RF,40,cc40d339edb67d49,0.0,40042.0,40.0,0.9265167799321132,0.426240971634863,0.4088888888888889,0.0161814347218339,0.0049359798714006
OFR,GES,RF,40,d0be91a57b6610a7,4.0,40104.0,40.0,0.9385164035868596,0.4236558749024054,0.4095238095238095,0.0159638054235392,0.0041671792004473
OFR,GES,RF,40,d35cd97eccc24585,1.0,40065.0,40.0,0.9243274637948627,0.4270927877301338,0.4217687074829932,0.0159212133072407,0.0045865250209672
OFR,GES,RF,40,d92a5c4b2fa87f6f,0.0,40035.0,40.0,0.9353645120900912,0.4420414247069894,0.4444444444444444,0.0158118322616717,0.0044288509924517
OFR,GES,RF,40,df7d4e248860cc9f,4.0,40059.0,40.0,0.9398969392998532,0.4469973724322449,0.4020618556701031,0.0157669477215543,0.0059563880346659
OFR,GES,RF,40,f135845222536e75,3.0,40058.0,40.0,0.9243220357383244,0.4179730331881596,0.4366197183098591,0.0160759083030472,0.0038462398658093
OFR,GES,RF,40,f2b205f92362fe3a,3.0,40038.0,40.0,0.939498881820353,0.4411848279953442,0.4148936170212766,0.0157990427732736,0.0056125244618395
OFR,GES,RF,5,27c684b4331006b9,4.0,5039.0,5.0,0.8226364432478596,0.1938944515041047,0.1946902654867256,0.019605936818563,0.0048280682135868
OFR,GES,RF,5,36842a143bf4e7e2,2.0,5102.0,5.0,0.8305614057942694,0.1821230890944701,0.2256410256410256,0.0200091696952753,0.0097198769918926
OFR,GES,RF,5,3a20e9d025d9e98e,3.0,5103.0,5.0,0.7969002178460024,0.1556287008569941,0.2279792746113989,0.0203821537601341,0.0081783617556611
OFR,GES,RF,5,58aca55515a47d92,2.0,5057.0,5.0,0.7864783492918195,0.1338753517206774,0.1958762886597938,0.0206187263069611,0.0086910819122169
OFR,GES,RF,5,68bff4188cc98f13,4.0,5046.0,5.0,0.7721971325386658,0.1348749191044427,0.16,0.0205738641319541,0.0105451495666759
OFR,GES,RF,5,7ee6c84b9197a487,1.0,5043.0,5.0,0.7638903966823718,0.1174836086823037,0.2,0.0207778440033547,0.0104853228962817
OFR,GES,RF,5,82623ffa4724569a,0.0,5055.0,5.0,0.7959032647950728,0.0867845784086811,0.1707317073170731,0.0215139357003075,0.0104048084987419
OFR,GES,RF,5,9e955ec573c5b04b,4.0,5068.0,5.0,0.8627045472638976,0.3203291340493658,0.3377777777777778,0.0180265250209672,0.0056773832820799
OFR,GES,RF,5,a3f2d1fdab3f7e19,2.0,5066.0,5.0,0.8650368022233319,0.2539836286741561,0.28125,0.0189116320939334,0.0068420464076041
OFR,GES,RF,5,ab6c0349c6b07c98,4.0,5059.0,5.0,0.8334310383510288,0.1593258686466616,0.2058823529411764,0.0201034196253844,0.0066843723790886
OFR,GES,RF,5,acd664bbfc2685c4,2.0,5044.0,5.0,0.6862728068842232,0.0513278600655064,0.0776699029126213,0.0226251137824993,0.0181604696673189
OFR,GES,RF,5,ad6a67c24df40604,0.0,5035.0,5.0,0.8389206128637703,0.2663454383971541,0.2790697674418604,0.0185843846798993,0.0051629857422421
OFR,GES,RF,5,b1d292af8c01d3a4,4.0,5104.0,5.0,0.8143007577566928,0.1787154638254806,0.2428571428571428,0.0197595638803466,0.0082046407604137
OFR,GES,RF,5,c17b95ed03c70018,2.0,5037.0,5.0,0.7256660225372908,0.0554590992555866,0.1139896373056994,0.0227107285434721,0.0145803746155996
OFR,GES,RF,5,cf471ac010c14ddf,1.0,5036.0,5.0,0.7918521252650701,0.1306143166081492,0.2470588235294117,0.020513885378809,0.0099278725188705
OFR,GES,RF,5,d8b7dee9ebde51b6,1.0,5065.0,5.0,0.8979633931867035,0.3332716587079857,0.3604651162790697,0.0176180475258596,0.0063589600223651
OFR,GES,RF,5,dac2c82da9595694,3.0,5067.0,5.0,0.7211010269882971,0.0728959952782065,0.1653543307086614,0.021552027956388,0.0075700307520268
OFR,GES,RF,5,e28c44d62d092b9a,0.0,5100.0,5.0,0.8971763249886012,0.3343797191908704,0.445859872611465,0.0172005848476376,0.0051668996365669
OFR,GES,RF,5,e38afaaf56247742,3.0,5058.0,5.0,0.7442028356167358,0.064454854321082,0.127906976744186,0.0219230942130276,0.0106955549343024
OFR,GES,RF,5,e3b0596c2c9dca91,3.0,5038.0,5.0,0.8415767418633433,0.2923683655641709,0.3661971830985915,0.0180667363712608,0.0054777746715124
OFR,GES,RF,5,ed9e22257cc35e05,1.0,5056.0,5.0,0.7308787661665618,0.0677918666827069,0.1077348066298342,0.0220442460162147,0.0105982667039418
OFR,GES,RF,5,f4c9fc580bf0f7e9,1.0,5101.0,5.0,0.8620206121400293,0.2346816640299736,0.2396313364055299,0.019333020967291,0.012561364271736
OFR,GES,RF,5,f5a4b6b2820b5f08,0.0,5042.0,5.0,0.8587438753428722,0.2519610712131339,0.3172413793103448,0.0185587318982387,0.0067855745037741
OFR,GES,RF,5,fb040f6920530744,0.0,5064.0,5.0,0.8317863372198219,0.2092678183600101,0.2666666666666666,0.0193790718479172,0.0075096449538719
OFR,GES,RF,5,fe5d7b75c3fd450d,3.0,5045.0,5.0,0.8813426840653973,0.3065232846657054,0.3414634146341463,0.018303009225608,0.0089001956947162
OFR,GES,RF,ALL,111840a12f112fbd,1.0,48056.0,48.0,0.9374597419140052,0.4289552722267745,0.4111111111111111,0.0158859703662286,0.0037411238467989
OFR,GES,RF,ALL,1f79efc20eaabe39,1.0,48101.0,48.0,0.9385381158130144,0.4335260854310355,0.4,0.0159445636007827,0.0046418786692759
OFR,GES,RF,ALL,2026120a3c8e23d0,0.0,48042.0,48.0,0.9417985684405557,0.4303017279067993,0.4090909090909091,0.0159438277886497,0.0044607212748112
OFR,GES,RF,ALL,34bf0fd5595a4d2f,4.0,48039.0,48.0,0.9386159179567348,0.4320056804526859,0.416289592760181,0.0158530064299692,0.0039904948280682
OFR,GES,RF,ALL,475fa32917e332f4,3.0,48103.0,48.0,0.9308791280369976,0.4296808980503515,0.4069767441860465,0.0158540218059826,0.0041850712887894
OFR,GES,RF,ALL,4c1d41d83a8c3fd2,2.0,48057.0,48.0,0.937810756236837,0.4373185974245783,0.4046242774566474,0.0158503919485602,0.0031629857422421
OFR,GES,RF,ALL,52a6dcf0029d3520,0.0,48064.0,48.0,0.940669532680519,0.4308222814424481,0.425,0.0159288017892088,0.0031395023762929
OFR,GES,RF,ALL,7221aaa016b3bd2d,3.0,48038.0,48.0,0.9364664075674346,0.4420987983328962,0.3953488372093023,0.0158422689404528,0.0049074643556052
OFR,GES,RF,ALL,78a79ca3c727aadf,4.0,48046.0,48.0,0.939167770371496,0.4392436996019622,0.4295302013422818,0.0157044405926754,0.0053139502376292
OFR,GES,RF,ALL,79aeb09b9cfa1dcf,4.0,48104.0,48.0,0.9310166388026432,0.432434892105795,0.419753086419753,0.0158246273413474,0.0049689684092815
OFR,GES,RF,ALL,7ac0b15d083996ec,2.0,48044.0,48.0,0.9302042396740272,0.4318965670204135,0.4129032258064516,0.015928184512161,0.0047889292703382
OFR,GES,RF,ALL,8cc2d7463e937e63,0.0,48100.0,48.0,0.9319882609230592,0.4329987364241033,0.4129032258064516,0.0159215644394744,0.0047609728823036
OFR,GES,RF,ALL,8f7d5b10f1503327,2.0,48037.0,48.0,0.9378957957892756,0.4392326289403476,0.4216867469879518,0.0157968275090858,0.0030981269220016
OFR,GES,RF,ALL,939ef04532e74e73,1.0,48036.0,48.0,0.9337415231850388,0.4357078095923744,0.4086021505376344,0.0158686933184232,0.0041034386357282
OFR,GES,RF,ALL,a25e0ee016f08621,0.0,48055.0,48.0,0.9337107641979866,0.4336224078435641,0.4067796610169492,0.0158563500139781,0.0056030192899077
OFR,GES,RF,ALL,b4ed8d774cff5272,3.0,48058.0,48.0,0.9401158709135782,0.4382612024098739,0.4022988505747126,0.0158614403131115,0.0035644394744199
OFR,GES,RF,ALL,cc8097b965dd1d58,1.0,48043.0,48.0,0.9281904306981928,0.4410285336563402,0.4117647058823529,0.0157796656415991,0.0052300810735253
OFR,GES,RF,ALL,cd3ef10bb9606641,3.0,48067.0,48.0,0.9304810705574976,0.431980916412678,0.4067796610169492,0.0158398523902711,0.0039228403690243
OFR,GES,RF,ALL,cddafc474643585a,3.0,48045.0,48.0,0.9386249647176323,0.4375801628558509,0.3908045977011494,0.0158347408442829,0.0045954710651383
OFR,GES,RF,ALL,d174b2aee7ebb5bc,1.0,48065.0,48.0,0.9323175630197365,0.4350343972218941,0.4413793103448276,0.0158711926195135,0.0043433044450656
OFR,GES,RF,ALL,d449d4b7d4efb0af,2.0,48066.0,48.0,0.9384006050473688,0.4346368945350687,0.4347826086956521,0.0158835448700027,0.0040916969527537
OFR,GES,RF,ALL,dd0186cb66168124,2.0,48102.0,48.0,0.9303471784962112,0.4363792582628233,0.3978494623655914,0.0158057053396701,0.0049974839250768
OFR,GES,RF,ALL,de8353faf654fde9,4.0,48068.0,48.0,0.9355780156472776,0.4382682146218886,0.4335664335664335,0.015867712608331,0.0039273133911098
OFR,GES,RF,ALL,df6af57ba7d13f42,4.0,48059.0,48.0,0.935824087543696,0.4237227575424896,0.4150943396226415,0.0160004897959183,0.0033994967850153
OFR,GES,RF,ALL,e958d9eef9e4cdf4,0.0,48035.0,48.0,0.9374977383097756,0.4356380476870997,0.3977900552486187,0.0157914967850153,0.0064948280682135
OFR,GES,XGBoost,10,01847fc89eb1d7ba,2.0,10037.0,10.0,0.8912506966005891,0.2457117705415598,0.3296703296703296,0.0195574026349337,0.0111803082816421
OFR,GES,XGBoost,10,021f0a6daa273b88,3.0,10045.0,10.0,0.89949048642624,0.3369718870688651,0.328042328042328,0.0176703824665977,0.0086813635761186
OFR,GES,XGBoost,10,0cce14addf97561f,3.0,10067.0,10.0,0.9001201409847218,0.322595905493925,0.3443708609271523,0.017815393331292,0.0123211295592062
OFR,GES,XGBoost,10,10e384b7d0c300a0,4.0,10068.0,10.0,0.8989911052246853,0.39628179818087,0.4067796610169492,0.0167890625593252,0.010309370223478
OFR,GES,XGBoost,10,2594098db58cfaad,0.0,10055.0,10.0,0.8981370909959399,0.3606285865470593,0.3880597014925373,0.0174447413213134,0.0107377683177542
OFR,GES,XGBoost,10,284f3e5279097b10,1.0,10043.0,10.0,0.9171678572204008,0.3735830449600683,0.3741007194244604,0.0172671618234344,0.0113980924897572
OFR,GES,XGBoost,10,2a58e82159468493,1.0,10036.0,10.0,0.9094238298919456,0.4228429888965043,0.4492753623188406,0.0164958208777148,0.0118055229533754
OFR,GES,XGBoost,10,313754397dffdbd3,2.0,10066.0,10.0,0.8270657373833873,0.1234250730568996,0.1983002832861189,0.0211790726350614,0.0105946916262266
OFR,GES,XGBoost,10,40b4da5e1c8cb15c,4.0,10039.0,10.0,0.8883304021828026,0.2839799647811063,0.2790697674418604,0.0191861666887154,0.0120514307893877
OFR,GES,XGBoost,10,5055edc4612a04f6,4.0,10059.0,10.0,0.921018158658474,0.3670124239566886,0.3888888888888889,0.01712431619906,0.0115865738997337
OFR,GES,XGBoost,10,5954a1a0afc71260,2.0,10102.0,10.0,0.8879251072945843,0.2785785995089863,0.3757575757575757,0.018460223249358,0.0095324537539497
OFR,GES,XGBoost,10,59f3f2cdd6d6612c,0.0,10100.0,10.0,0.9091017652039864,0.3636772114867209,0.3725490196078431,0.0175639070053048,0.0105008608618631
OFR,GES,XGBoost,10,5eb3a5c8a4465eaa,3.0,10038.0,10.0,0.9015857162501536,0.3378248728190089,0.3478260869565217,0.017782839000882,0.0092976520976808
OFR,GES,XGBoost,10,5efd59f590a31391,3.0,10058.0,10.0,0.907940161104718,0.3972729480645129,0.4,0.0171891724221291,0.0111339409900857
OFR,GES,XGBoost,10,6d7968a45cefbf15,3.0,10103.0,10.0,0.9226646691418604,0.3861845827313789,0.4166666666666667,0.0169563783464219,0.0091381406003798
OFR,GES,XGBoost,10,847a64aaa2b8123c,4.0,10104.0,10.0,0.9200772955251102,0.4152331843799898,0.4371584699453552,0.0164630512369808,0.0097667366784505
OFR,GES,XGBoost,10,8790e5936aa78dbd,2.0,10044.0,10.0,0.8623806732237589,0.2595332530563592,0.3076923076923077,0.0187305893301379,0.0087452267755113
OFR,GES,XGBoost,10,90a6aef793d2d777,0.0,10035.0,10.0,0.9002359395242128,0.2529233056665376,0.2622950819672131,0.018948149112065,0.009973037387808
OFR,GES,XGBoost,10,931888e1f2e17f06,0.0,10064.0,10.0,0.8847297913455066,0.2678941880341761,0.3312883435582822,0.019271962550704,0.0114171789416994
OFR,GES,XGBoost,10,af884f5b5ea81ae1,4.0,10046.0,10.0,0.8216123499142367,0.2380520762529234,0.2517482517482518,0.0190902861113888,0.0103068835960442
OFR,GES,XGBoost,10,baf7c5d11c9eedbd,2.0,10057.0,10.0,0.9042635574758814,0.259406974114734,0.2816901408450704,0.0191011266961826,0.0122686698759401
OFR,GES,XGBoost,10,e511f66e4083369c,1.0,10056.0,10.0,0.8880517619471524,0.3169516258147811,0.2948207171314741,0.0179872089924092,0.0091876140300956
OFR,GES,XGBoost,10,f0fc3c526ed21667,1.0,10101.0,10.0,0.851321912702376,0.1331122747279266,0.1654135338345864,0.0212068702131639,0.0112729858615385
OFR,GES,XGBoost,10,fab3594f70bb783a,0.0,10042.0,10.0,0.8686772188085778,0.2592946119185489,0.3386243386243386,0.0189169396738631,0.0111872772929623
OFR,GES,XGBoost,10,fc9ba9547e6fa4f0,1.0,10065.0,10.0,0.802552634054903,0.1482641130121272,0.2320441988950276,0.0204922476869234,0.0100350794735186
OFR,GES,XGBoost,20,0045131bb8647959,1.0,20036.0,20.0,0.9155430589631688,0.4343792941800225,0.4077669902912621,0.0165294956122801,0.0133172429730682
OFR,GES,XGBoost,20,0560ccb0fcafa296,0.0,20064.0,20.0,0.8985279110667217,0.3857892591274293,0.3692307692307692,0.0166286705743909,0.0115062508634834
OFR,GES,XGBoost,20,0656ed161fa23b2c,4.0,20046.0,20.0,0.9276765746792018,0.4215844555734361,0.4242424242424242,0.0165877970716963,0.012181047703222
OFR,GES,XGBoost,20,1860888d264ca732,1.0,20056.0,20.0,0.9334556455406706,0.4608031215623708,0.4444444444444444,0.0161737506267568,0.0118729296857155
OFR,GES,XGBoost,20,1b7d14bf94c53da5,4.0,20059.0,20.0,0.9267320928414792,0.3639132178119894,0.4269662921348314,0.0178891696486134,0.0136111853394302
OFR,GES,XGBoost,20,26e0308c4f4cdea8,2.0,20102.0,20.0,0.9276150567050974,0.4194452169326093,0.4417177914110429,0.0165326477390036,0.0110157906450903
OFR,GES,XGBoost,20,405ebcd12aa2ca5a,0.0,20055.0,20.0,0.9239999710503652,0.4123924530107702,0.4395604395604395,0.0170061554418263,0.0127662372217415
OFR,GES,XGBoost,20,4408d45fd8d32921,3.0,20103.0,20.0,0.9299744519472248,0.4426119248418022,0.4296296296296296,0.0163915368988549,0.0107693788456202
OFR,GES,XGBoost,20,44e79fc74fa5df84,0.0,20100.0,20.0,0.9246621939480788,0.4052297507492147,0.4216867469879518,0.0169957947262433,0.0116595057201714
OFR,GES,XGBoost,20,51df6385cd1fc444,2.0,20066.0,20.0,0.9226972374810922,0.4319327070203602,0.4,0.0165634648166941,0.01212287441272
OFR,GES,XGBoost,20,5a56138013159bf1,1.0,20065.0,20.0,0.915713138068046,0.3996577320531478,0.4105960264900662,0.0169295433100654,0.0102627802751375
OFR,GES,XGBoost,20,609ca5d7f1a02856,4.0,20039.0,20.0,0.9349935948932844,0.4470478709643339,0.431578947368421,0.0163003124490202,0.011162302739096
OFR,GES,XGBoost,20,73764585f5f36d41,4.0,20104.0,20.0,0.9410223563555304,0.4216753993470603,0.3697478991596639,0.0167364178939776,0.0118742213416677
OFR,GES,XGBoost,20,73f5da7c5bc6cedc,2.0,20057.0,20.0,0.9408124715027032,0.4467652728414579,0.4216867469879518,0.0162535858773149,0.0120455190490671
OFR,GES,XGBoost,20,757a2bf96d6e352b,2.0,20037.0,20.0,0.9389126517141804,0.4383683433262174,0.5,0.0161182451293048,0.0109565940253105
OFR,GES,XGBoost,20,780d493872ea21a4,4.0,20068.0,20.0,0.9173089866904052,0.4191532816852144,0.4137931034482758,0.0167758004484653,0.0109950771833503
OFR,GES,XGBoost,20,7cf7a3d99527d660,3.0,20045.0,20.0,0.9265547763278836,0.4503839435275729,0.4461538461538462,0.0162941670322012,0.0111889062796401
OFR,GES,XGBoost,20,7d1a43e361323b88,3.0,20038.0,20.0,0.9248105608268016,0.4013082266401285,0.425,0.0164487590272219,0.0105004312556735
OFR,GES,XGBoost,20,934d5abbbc2735c2,3.0,20067.0,20.0,0.932322991076275,0.4392655324633568,0.4242424242424242,0.0164379554156803,0.0111731072861221
OFR,GES,XGBoost,20,9569d77321cf8701,1.0,20101.0,20.0,0.9240506329113924,0.3740193938848465,0.425,0.0173119320940314,0.0119989700271725
OFR,GES,XGBoost,20,cbad0443e18a2abb,0.0,20035.0,20.0,0.9391261552713668,0.4399368516053485,0.4482758620689655,0.0162925464482136,0.0111107456893341
OFR,GES,XGBoost,20,d550b26036263064,0.0,20042.0,20.0,0.9405844931280803,0.4395579012145801,0.435754189944134,0.0161739897426308,0.0118588444130869
OFR,GES,XGBoost,20,e41fd0941b7edc10,1.0,20043.0,20.0,0.9156914258418916,0.4221191607631174,0.4390243902439024,0.0163366694593381,0.0117449413199755
OFR,GES,XGBoost,20,fcef28b27ed7c8d7,3.0,20058.0,20.0,0.9143307930028732,0.4288120193659765,0.3518518518518518,0.0166764513470173,0.0125452426394595
OFR,GES,XGBoost,20,fddc1a0406bab8f4,2.0,20044.0,20.0,0.936878939864371,0.4552818704135895,0.4615384615384615,0.0159661962995308,0.0105478301439809
OFR,GES,XGBoost,30,008309ea5ab6689b,2.0,30037.0,30.0,0.9187419936166056,0.4216549201180926,0.4285714285714285,0.0167033239850042,0.0127596187614621
OFR,GES,XGBoost,30,031bc97c3cf26c4a,1.0,30043.0,30.0,0.935094918615339,0.4539680277219929,0.4680851063829787,0.0162565565176642,0.0127191557350412
OFR,GES,XGBoost,30,220cb9e4d83ad634,4.0,30059.0,30.0,0.933705336141448,0.4592190527843856,0.4563758389261745,0.01619517047139,0.0108080092679031
OFR,GES,XGBoost,30,254712207843f003,0.0,30035.0,30.0,0.9435626868156124,0.4570963601765815,0.4479166666666667,0.0161117130150455,0.0114796985504976
OFR,GES,XGBoost,30,3ea5e9926d8db5bb,4.0,30046.0,30.0,0.9373457527266936,0.4621625991776577,0.4395604395604395,0.0161154959098444,0.0118889591802689
OFR,GES,XGBoost,30,4453f682ce466cba,0.0,30064.0,30.0,0.931801897648566,0.4772364682793502,0.4832214765100671,0.0156054978229078,0.0118090819852801
OFR,GES,XGBoost,30,470cc5e60f4a0d05,0.0,30042.0,30.0,0.938380702173394,0.4675152620167453,0.5,0.0158106397066425,0.0110948984353676
OFR,GES,XGBoost,30,4e84cf4d98babdf1,4.0,30039.0,30.0,0.930538969827243,0.4471576144030939,0.4266666666666667,0.016271747615779,0.012504018029536
OFR,GES,XGBoost,30,64553e7df1c50ad0,3.0,30058.0,30.0,0.9398679896649804,0.4751174941136132,0.4774193548387097,0.0159851373262744,0.0116609680282276
OFR,GES,XGBoost,30,657d3d885bf1084f,2.0,30066.0,30.0,0.933426695905798,0.4721397944506834,0.4444444444444444,0.01584220332349,0.0108187116775219
OFR,GES,XGBoost,30,6f87895b061e14c2,1.0,30065.0,30.0,0.9265403015104472,0.4610907051939558,0.4347826086956521,0.0158080818095168,0.01040803064192
OFR,GES,XGBoost,30,81c88b5f0a2968e4,2.0,30057.0,30.0,0.9162523250175508,0.4355679045138296,0.4181818181818181,0.0161917952986588,0.0113917610980101
OFR,GES,XGBoost,30,a3542a9373271e30,0.0,30055.0,30.0,0.9405265938583348,0.454049483187355,0.4666666666666667,0.0162454148626787,0.0108882751609262
OFR,GES,XGBoost,30,ab476b1966470b52,3.0,30045.0,30.0,0.9384928820085257,0.4680316379926068,0.4512820512820513,0.0159398306354904,0.0111502682467829
OFR,GES,XGBoost,30,b93fd839985d16f3,4.0,30068.0,30.0,0.9422454784289032,0.4791086713515438,0.5034965034965035,0.0154821264354091,0.0114052954406121
OFR,GES,XGBoost,30,bb7891c4e0ce0ca5,0.0,30100.0,30.0,0.9393613710547076,0.4498607889680847,0.4697986577181208,0.0164706058914587,0.0124213999584587
OFR,GES,XGBoost,30,be625465f42920d3,4.0,30104.0,30.0,0.9362601414189664,0.4649122547764369,0.4225352112676056,0.0158943507188424,0.0105972157315181
OFR,GES,XGBoost,30,bfe8991f8f6172a4,1.0,30056.0,30.0,0.9387679035398164,0.4460254177791001,0.4520547945205479,0.0161844634964418,0.0118805537882151
OFR,GES,XGBoost,30,c943d5abcd9b1a30,2.0,30044.0,30.0,0.9302060490262066,0.4189775188060732,0.3979591836734694,0.0166283013163726,0.0126827212419883
OFR,GES,XGBoost,30,c9a482fab8dd5069,3.0,30067.0,30.0,0.9307199050451976,0.4490411780621931,0.4093023255813953,0.0160471172179983,0.0112972418629367
OFR,GES,XGBoost,30,e3350f14a441d057,1.0,30036.0,30.0,0.9263123231358243,0.4224694318274413,0.4079601990049751,0.0169031126741846,0.0138004693239906
OFR,GES,XGBoost,30,ed7805954a2f749d,3.0,30103.0,30.0,0.935058731571748,0.4614135728001708,0.4699453551912568,0.0155642431714159,0.0114438684606705
OFR,GES,XGBoost,30,f1e6ce31307c6673,3.0,30038.0,30.0,0.9257260930296516,0.425277155042214,0.4269662921348314,0.0166187982145519,0.0118991765588092
OFR,GES,XGBoost,30,f3d3dc24ea1e6a55,1.0,30101.0,30.0,0.9261675749614608,0.4642952318642612,0.4827586206896552,0.0160501883129804,0.0122648631400895
OFR,GES,XGBoost,30,f7f673a1f9741f1c,2.0,30102.0,30.0,0.9403854643883304,0.4378844893985172,0.455026455026455,0.0162249652948921,0.0115476412102913
OFR,GES,XGBoost,40,07c29744ea103f3a,1.0,40043.0,40.0,0.9397485724211304,0.4447005117867116,0.4473684210526316,0.0164828088634186,0.0116176086588329
OFR,GES,XGBoost,40,0a4f83f0daa39be1,1.0,40056.0,40.0,0.9407979966852668,0.4597630916087272,0.4375,0.0157309824299904,0.0118509484132137
OFR,GES,XGBoost,40,0f5db1389b71b2eb,2.0,40102.0,40.0,0.9334845951755432,0.4496245910186204,0.4729729729729729,0.0162034898547536,0.0117700637369876
OFR,GES,XGBoost,40,1d78f32f7b532de5,4.0,40046.0,40.0,0.9387606661310984,0.4552789772461748,0.4625,0.01589385037653,0.0118537808565106
OFR,GES,XGBoost,40,2f9c7dbecd8ea5dc,1.0,40036.0,40.0,0.9376822922320892,0.4645409953963771,0.5211267605633803,0.015878545348461,0.0125454950589256
OFR,GES,XGBoost,40,3e737221e7f651ee,4.0,40068.0,40.0,0.9379681698764574,0.4706041455013562,0.4907975460122699,0.0158972028075413,0.0113218948004211
OFR,GES,XGBoost,40,4720456e7015d389,0.0,40055.0,40.0,0.9384386014431392,0.4470066219421899,0.4729729729729729,0.0162963605423408,0.0129962815338918
OFR,GES,XGBoost,40,475e77c41b874279,2.0,40057.0,40.0,0.9400706371090896,0.4506454338624678,0.4814814814814814,0.0163666196811475,0.0115140217030538
OFR,GES,XGBoost,40,58a47c9da44905fc,0.0,40100.0,40.0,0.9423793704901896,0.4714051658189641,0.4072398190045249,0.0159229342525352,0.0122670183684791
OFR,GES,XGBoost,40,5ddc2aa3bbd3e06f,1.0,40101.0,40.0,0.9406315362847486,0.4570258061762733,0.4444444444444444,0.0160377549378487,0.011823825194738
OFR,GES,XGBoost,40,5e27e18855bb2c45,2.0,40044.0,40.0,0.9369476952471936,0.447991286602672,0.4326923076923077,0.0161113492293064,0.0113934235869151
OFR,GES,XGBoost,40,63d1911d6a3d1d6f,0.0,40064.0,40.0,0.9367088607594936,0.4682133509987401,0.448087431693989,0.0161140949119313,0.0125564609138466
OFR,GES,XGBoost,40,64dfcdc314abe226,2.0,40037.0,40.0,0.9354025084858616,0.4466889502635168,0.3981481481481481,0.0162589720850744,0.012367805707153
OFR,GES,XGBoost,40,7d3eeee40eaa9f00,3.0,40103.0,40.0,0.9366256305592346,0.4604440130137798,0.4720496894409938,0.0160678386863892,0.012541753860768
OFR,GES,XGBoost,40,8bd1fe710ceaa1d9,3.0,40045.0,40.0,0.9403058528924304,0.4625706273484559,0.4659090909090909,0.0159830246078285,0.0113005927945613
OFR,GES,XGBoost,40,92d3bada30370d6a,3.0,40067.0,40.0,0.920428309847942,0.4317235751423204,0.4186046511627907,0.0164224986366258,0.0132437510266723
OFR,GES,XGBoost,40,9bb69dbbd084076c,4.0,40039.0,40.0,0.9391080617495712,0.4508471946267728,0.4900662251655629,0.0162672604238488,0.0124251991471336
OFR,GES,XGBoost,40,a6420421a5b42c0b,2.0,40066.0,40.0,0.9372118606654074,0.4584762532742653,0.4933333333333333,0.0162556453705031,0.0119804943487207
OFR,GES,XGBoost,40,cc40d339edb67d49,0.0,40042.0,40.0,0.9265113518755744,0.4393463687203005,0.4075829383886256,0.0165379525804932,0.0113437712564986
OFR,GES,XGBoost,40,d0be91a57b6610a7,4.0,40104.0,40.0,0.9394120329157348,0.4504508830633183,0.4265402843601896,0.0161800619114802,0.0110952892590148
OFR,GES,XGBoost,40,d35cd97eccc24585,1.0,40065.0,40.0,0.939853514847544,0.4751493751915704,0.4607329842931937,0.0158933257114109,0.0114373803017142
OFR,GES,XGBoost,40,d92a5c4b2fa87f6f,0.0,40035.0,40.0,0.9390754934103394,0.4669038593222156,0.4624277456647399,0.0159414158834869,0.0117042069558339
OFR,GES,XGBoost,40,df7d4e248860cc9f,4.0,40059.0,40.0,0.9399077954129303,0.4645095213573568,0.4444444444444444,0.015971438174292,0.0120991466659089
OFR,GES,XGBoost,40,f135845222536e75,3.0,40058.0,40.0,0.927879222123311,0.4303835378469277,0.4021739130434782,0.0167998326997373,0.0125895896309459
OFR,GES,XGBoost,40,f2b205f92362fe3a,3.0,40038.0,40.0,0.9450933987595084,0.4588912739539715,0.4596273291925465,0.0159446054269125,0.0111250011323278
OFR,GES,XGBoost,5,27c684b4331006b9,4.0,5039.0,5.0,0.8524762793929261,0.2002209250476502,0.237037037037037,0.0196403287953283,0.0079374462964941
OFR,GES,XGBoost,5,36842a143bf4e7e2,2.0,5102.0,5.0,0.837444181485261,0.1659442951886278,0.2301587301587301,0.0206045235697745,0.0122126205396016
OFR,GES,XGBoost,5,3a20e9d025d9e98e,3.0,5103.0,5.0,0.8059252665175761,0.1668785990452601,0.2183908045977011,0.0203762097700041,0.0106006132437216
OFR,GES,XGBoost,5,58aca55515a47d92,2.0,5057.0,5.0,0.8114365532564722,0.1344907357008122,0.1806451612903225,0.0210745207150823,0.0112174272533065
OFR,GES,XGBoost,5,68bff4188cc98f13,4.0,5046.0,5.0,0.7782168472400142,0.1585144820819385,0.1674418604651162,0.020524641891905,0.0120414936920768
OFR,GES,XGBoost,5,7ee6c84b9197a487,1.0,5043.0,5.0,0.7837281339789102,0.1540587197745409,0.1808510638297872,0.0208580927512008,0.0133893850212877
OFR,GES,XGBoost,5,82623ffa4724569a,0.0,5055.0,5.0,0.7987747067040117,0.0895664823639855,0.158004158004158,0.0215664087524088,0.0114684807447008
OFR,GES,XGBoost,5,9e955ec573c5b04b,4.0,5068.0,5.0,0.8776696991409196,0.2872101261895488,0.3398692810457516,0.0183133117854622,0.0096762392739954
OFR,GES,XGBoost,5,a3f2d1fdab3f7e19,2.0,5066.0,5.0,0.8700595638737506,0.2290780140421104,0.3333333333333333,0.019293973534801,0.0101840670378334
OFR,GES,XGBoost,5,ab6c0349c6b07c98,4.0,5059.0,5.0,0.847634452960462,0.2325306255811219,0.225,0.0191871503147274,0.0094389360707106
OFR,GES,XGBoost,5,acd664bbfc2685c4,2.0,5044.0,5.0,0.7551114199072164,0.0660164508683771,0.1260504201680672,0.0220968793240588,0.0133798103209356
OFR,GES,XGBoost,5,ad6a67c24df40604,0.0,5035.0,5.0,0.8738230164072055,0.2632333066413559,0.3402061855670103,0.0186555180697376,0.0082653925440651
OFR,GES,XGBoost,5,b1d292af8c01d3a4,4.0,5104.0,5.0,0.8328882326971652,0.1720181480124382,0.273972602739726,0.0203030540403819,0.0131754687572507
OFR,GES,XGBoost,5,c17b95ed03c70018,2.0,5037.0,5.0,0.741255400916256,0.0661649992671553,0.1130952380952381,0.022351207499512,0.0139948486607976
OFR,GES,XGBoost,5,cf471ac010c14ddf,1.0,5036.0,5.0,0.8113858913954448,0.1208570864588979,0.175,0.0210093253318413,0.0100388069357749
OFR,GES,XGBoost,5,d8b7dee9ebde51b6,1.0,5065.0,5.0,0.9006159034819173,0.302028096953516,0.3595505617977528,0.0185120633192916,0.0099309343225766
OFR,GES,XGBoost,5,dac2c82da9595694,3.0,5067.0,5.0,0.7974574983173025,0.0943908810175517,0.1488372093023255,0.0215411167776621,0.0112042818556943
OFR,GES,XGBoost,5,e28c44d62d092b9a,0.0,5100.0,5.0,0.9036121906912448,0.3515912913058767,0.4245810055865922,0.0170909993063317,0.0089333012279853
OFR,GES,XGBoost,5,e38afaaf56247742,3.0,5058.0,5.0,0.7555167147954347,0.0699143024011665,0.1342281879194631,0.0218898168685917,0.0102820500100345
OFR,GES,XGBoost,5,e3b0596c2c9dca91,3.0,5038.0,5.0,0.8533700993696216,0.2573321892687179,0.3418803418803419,0.0187742004143304,0.0099156553996844
OFR,GES,XGBoost,5,ed9e22257cc35e05,1.0,5056.0,5.0,0.7588748724406713,0.0693199942084179,0.14,0.0219119025818751,0.0113003517105042
OFR,GES,XGBoost,5,f4c9fc580bf0f7e9,1.0,5101.0,5.0,0.8823848709208155,0.2362165372522637,0.2556390977443609,0.0196181071371707,0.0118985031568699
OFR,GES,XGBoost,5,f5a4b6b2820b5f08,0.0,5042.0,5.0,0.8890867113938525,0.2605171798672393,0.3127962085308057,0.0189875207589306,0.009868764756979
OFR,GES,XGBoost,5,fb040f6920530744,0.0,5064.0,5.0,0.8384899870450384,0.2024468401074186,0.2589928057553957,0.0200218854384746,0.0107661183648278
OFR,GES,XGBoost,5,fe5d7b75c3fd450d,3.0,5045.0,5.0,0.8968596883571807,0.2888247159423821,0.3222222222222222,0.018745270592548,0.0115427476320616
OFR,GES,XGBoost,ALL,111840a12f112fbd,1.0,48056.0,48.0,0.9351672927025207,0.4518548240127573,0.44,0.0162881436670664,0.0117603499713247
OFR,GES,XGBoost,ALL,1f79efc20eaabe39,1.0,48101.0,48.0,0.9348307531971252,0.4643050845179176,0.4625850340136054,0.0160492454771585,0.011792016381214
OFR,GES,XGBoost,ALL,2026120a3c8e23d0,0.0,48042.0,48.0,0.9420862554371032,0.4628673818446305,0.4727272727272727,0.0158814390944561,0.0124417964763119
OFR,GES,XGBoost,ALL,34bf0fd5595a4d2f,4.0,48039.0,48.0,0.9420898741414624,0.4711885628771207,0.4685714285714286,0.0157946689865951,0.0121296207545632
OFR,GES,XGBoost,ALL,475fa32917e332f4,3.0,48103.0,48.0,0.9414095577219532,0.4688820906034306,0.4632768361581921,0.0160580349556673,0.0121292194649931
OFR,GES,XGBoost,ALL,4c1d41d83a8c3fd2,2.0,48057.0,48.0,0.9361479615838344,0.4592488336930583,0.4489795918367347,0.0161966945267253,0.0126485772541421
OFR,GES,XGBoost,ALL,52a6dcf0029d3520,0.0,48064.0,48.0,0.9396472486990758,0.4498477669145038,0.4230769230769231,0.016253363643438,0.0128264973751902
OFR,GES,XGBoost,ALL,7221aaa016b3bd2d,3.0,48038.0,48.0,0.9370526376736074,0.4651140251026899,0.4900662251655629,0.0161395989188645,0.0119522698400963
OFR,GES,XGBoost,ALL,78a79ca3c727aadf,4.0,48046.0,48.0,0.9412539534345122,0.4703717971722193,0.4832214765100671,0.0160521332751144,0.0117334271174498
OFR,GES,XGBoost,ALL,79aeb09b9cfa1dcf,4.0,48104.0,48.0,0.9393686084634256,0.460844063412257,0.4625,0.0160333410330902,0.0115282815922211
OFR,GES,XGBoost,ALL,7ac0b15d083996ec,2.0,48044.0,48.0,0.9407654283460348,0.4796203420462779,0.4864864864864865,0.0156199518768319,0.011580211842557
OFR,GES,XGBoost,ALL,8cc2d7463e937e63,0.0,48100.0,48.0,0.9402877593706348,0.476581341891185,0.4768211920529801,0.0158517324993878,0.0114684564787618
OFR,GES,XGBoost,ALL,8f7d5b10f1503327,2.0,48037.0,48.0,0.9389705509839256,0.4534372674768364,0.4675324675324675,0.0161842637706059,0.0123245013897406
OFR,GES,XGBoost,ALL,939ef04532e74e73,1.0,48036.0,48.0,0.9409427448596304,0.4651373378873572,0.4966442953020134,0.016152525426745,0.0122749212166455
OFR,GES,XGBoost,ALL,a25e0ee016f08621,0.0,48055.0,48.0,0.940012737839344,0.4611937615682244,0.4421052631578947,0.0161795226142929,0.0127227713087319
OFR,GES,XGBoost,ALL,b4ed8d774cff5272,3.0,48058.0,48.0,0.9384494575562166,0.4730587750965291,0.4200913242009132,0.0160507627931293,0.0118868137015405
OFR,GES,XGBoost,ALL,cc8097b965dd1d58,1.0,48043.0,48.0,0.9388547524444348,0.4817933401372012,0.4858757062146893,0.0156879856202018,0.0112974021882172
OFR,GES,XGBoost,ALL,cd3ef10bb9606641,3.0,48067.0,48.0,0.940606205354235,0.4699096862871594,0.441025641025641,0.015909532544765,0.0116625275300919
OFR,GES,XGBoost,ALL,cddafc474643585a,3.0,48045.0,48.0,0.939180435836753,0.4645064963258076,0.4563758389261745,0.0162520473784363,0.0124351074856617
OFR,GES,XGBoost,ALL,d174b2aee7ebb5bc,1.0,48065.0,48.0,0.937595443327471,0.4636792678410054,0.4561403508771929,0.0160652912920589,0.0117396794771554
OFR,GES,XGBoost,ALL,d449d4b7d4efb0af,2.0,48066.0,48.0,0.9345159259178843,0.4617416728888168,0.490566037735849,0.0159938201724163,0.0124346937173584
OFR,GES,XGBoost,ALL,dd0186cb66168124,2.0,48102.0,48.0,0.940052543587294,0.4616122527548258,0.4857142857142857,0.016158102663729,0.0113360950036449
OFR,GES,XGBoost,ALL,de8353faf654fde9,4.0,48068.0,48.0,0.938746191313662,0.4633422545557726,0.4840764331210191,0.0160364565601644,0.0119716888637304
OFR,GES,XGBoost,ALL,df6af57ba7d13f42,4.0,48059.0,48.0,0.9378125655890166,0.4556385244673098,0.4736842105263157,0.0163468599937198,0.0121480710666469
OFR,GES,XGBoost,ALL,e958d9eef9e4cdf4,0.0,48035.0,48.0,0.9392745221500894,0.4657366025922245,0.4489795918367347,0.0159866715077716,0.0117950978154368
OFR,GOLEM,FFMLP,10,0cf0b651ed560298,0.0,10064.0,10.0,0.788761751742406,0.0945472382786131,0.15,0.0208718799581934,0.0042847933126355
OFR,GOLEM,FFMLP,10,1a1057a3cbad6b3d,4.0,10104.0,10.0,0.9014952486411766,0.3081972952202677,0.3974358974358974,0.0194264250505776,0.0141375775633576
OFR,GOLEM,FFMLP,10,20917f6323ea026e,3.0,10038.0,10.0,0.7795738613746734,0.0767148684244536,0.1341653666146645,0.0209816037240948,0.0045135458309056
OFR,GOLEM,FFMLP,10,21fe084452e99379,0.0,10055.0,10.0,0.7749129701601639,0.1407758021561832,0.1762917933130699,0.0208143578096069,0.0063434635112746
OFR,GOLEM,FFMLP,10,2712b5a02d4f84ed,1.0,10043.0,10.0,0.7397319263810785,0.0746400909194689,0.1416666666666666,0.0210815411532492,0.0017290574201399
OFR,GOLEM,FFMLP,10,39c5f3ca29bd1ebb,2.0,10037.0,10.0,0.925979402334788,0.2586416368396622,0.1584158415841584,0.0191653504681478,0.0159208998638643
OFR,GOLEM,FFMLP,10,614af7542e3d5e04,3.0,10103.0,10.0,0.7541307510259028,0.0740739164173275,0.1576576576576576,0.0212804919064556,0.0012474948832458
OFR,GOLEM,FFMLP,10,65101b40768f2c90,2.0,10102.0,10.0,0.8781582242293969,0.2311636826534323,0.2808988764044944,0.0195503175946485,0.0072838589491784
OFR,GOLEM,FFMLP,10,66fa84e6e8b03cdd,0.0,10035.0,10.0,0.7136265931345941,0.0450349175504424,0.0794871794871794,0.0213681829986444,0.0014153156212906
OFR,GOLEM,FFMLP,10,69ccb1bb215e2366,3.0,10045.0,10.0,0.7930716286340838,0.1147246938148601,0.1459227467811159,0.0208287690362011,0.0039431717572746
OFR,GOLEM,FFMLP,10,974ae32b7cdd9c13,2.0,10044.0,10.0,0.7778224084648732,0.0750584839240724,0.1397590361445783,0.0210994109086631,0.0021924847267778
OFR,GOLEM,FFMLP,10,98536d19f8000ff3,0.0,10100.0,10.0,0.8718327290097054,0.2873048597620464,0.3443708609271523,0.0194707257102315,0.0097534787305572
OFR,GOLEM,FFMLP,10,adae04d1018982ef,1.0,10056.0,10.0,0.787842600835197,0.1154272414456305,0.16,0.0209630082485241,0.009713578384983
OFR,GOLEM,FFMLP,10,adf1eb73cd2fc71d,0.0,10042.0,10.0,0.7626998429482309,0.0711050001589464,0.0987654320987654,0.0211181261433393,0.0018466116414244
OFR,GOLEM,FFMLP,10,af9bdb464ddf5bd4,4.0,10068.0,10.0,0.7494517662895976,0.0768861077976343,0.1260504201680672,0.021160325093896,0.0024486257839684
OFR,GOLEM,FFMLP,10,b55edf23207de50f,1.0,10065.0,10.0,0.9029463490891722,0.2046811019854956,0.3594470046082949,0.0194282962699654,0.0086809643233121
OFR,GOLEM,FFMLP,10,ba0c21c4033772ea,2.0,10057.0,10.0,0.8213771341308957,0.1028224428235706,0.182648401826484,0.0207297264826142,0.0072265570842173
OFR,GOLEM,FFMLP,10,c93016cbcaeff827,2.0,10066.0,10.0,0.7696151869784543,0.0709669638588103,0.1335740072202166,0.0212392872364125,0.0030083821329835
OFR,GOLEM,FFMLP,10,d4cad3dd4f4a7441,3.0,10067.0,10.0,0.738758494908483,0.0644174125648647,0.1008403361344537,0.0211762307555412,0.0010507994435304
OFR,GOLEM,FFMLP,10,dca19e67ffebbb6b,4.0,10059.0,10.0,0.7572971173401076,0.0647788929990068,0.1203830369357045,0.0212755896508014,0.0012155239779355
OFR,GOLEM,FFMLP,10,e644700d3425612c,1.0,10101.0,10.0,0.867928147006246,0.3601255143792324,0.3486238532110092,0.0196963344739993,0.0115919677514102
OFR,GOLEM,FFMLP,10,e94cdaef7ad416ba,4.0,10046.0,10.0,0.7515216651829979,0.0773025941806277,0.1202185792349726,0.0211882734864147,0.0023445301627501
OFR,GOLEM,FFMLP,10,ee21ac18ec2409c1,4.0,10039.0,10.0,0.7673209284147904,0.0650749679067327,0.1352657004830917,0.0210856812278344,0.0017420649460808
OFR,GOLEM,FFMLP,10,f5e04c1c24772c4c,3.0,10058.0,10.0,0.7849078315999739,0.0990419639461525,0.15,0.0208523932725281,0.003249614215452
OFR,GOLEM,FFMLP,10,ffdaabb05d4db37b,1.0,10036.0,10.0,0.7484385290690521,0.0732684979850441,0.1470588235294117,0.0211518109751842,0.00512531580003
OFR,GOLEM,FFMLP,20,0ac9af1d42ea9497,0.0,20064.0,20.0,0.8742862105651692,0.2031908871226654,0.316546762589928,0.0198059285017819,0.0071576614331725
OFR,GOLEM,FFMLP,20,0b5dd9862876bf8d,3.0,20038.0,20.0,0.8965774294171716,0.2320608570191478,0.3815789473684211,0.0192808334954721,0.010798576151234
OFR,GOLEM,FFMLP,20,1a6f4b8259eeee98,0.0,20042.0,20.0,0.8067865181550399,0.1287656499956902,0.1850899742930591,0.020722885429363,0.007656370320607
OFR,GOLEM,FFMLP,20,2ec1a880b786996a,1.0,20101.0,20.0,0.8782342170209377,0.2178608189735189,0.3076923076923077,0.0196271653161206,0.0094207311681788
OFR,GOLEM,FFMLP,20,30641ffb953b7c44,0.0,20055.0,20.0,0.9033299317512358,0.2404672421190224,0.3151515151515151,0.0191558907919304,0.0078151326481776
OFR,GOLEM,FFMLP,20,30bc87bd0cca19f9,0.0,20035.0,20.0,0.8931432789803939,0.2139702070203553,0.3439490445859872,0.0192479379135816,0.0080067979737903
OFR,GOLEM,FFMLP,20,31fe7d76b8c78dd8,1.0,20043.0,20.0,0.8806696050546063,0.2504831953035108,0.3409090909090909,0.0195229027100442,0.0072386062198659
OFR,GOLEM,FFMLP,20,6fd3d5e499c8eb44,1.0,20036.0,20.0,0.8019772600618074,0.0948968419944733,0.2027027027027027,0.0211151290874191,0.0064719271353246
OFR,GOLEM,FFMLP,20,7095aac83b7717b6,3.0,20058.0,20.0,0.8140963009604042,0.1268375706186023,0.2105263157894736,0.0206783838743964,0.0077186564464191
OFR,GOLEM,FFMLP,20,72c61f00f04c9cf0,4.0,20104.0,20.0,0.880977194925129,0.2650435217382806,0.3523316062176165,0.0195368263711286,0.0102830120409988
OFR,GOLEM,FFMLP,20,9f6f4d5948b1c477,2.0,20037.0,20.0,0.885178510686034,0.2721606785229885,0.32,0.019013948417162,0.0069115433614385
OFR,GOLEM,FFMLP,20,a39f214dacaacf62,1.0,20065.0,20.0,0.8723502037330554,0.2225393756849245,0.3829787234042553,0.0195409430061959,0.0094992732001702
OFR,GOLEM,FFMLP,20,a41c31e2840fe010,2.0,20066.0,20.0,0.7753291211614592,0.1126504013075207,0.1843575418994413,0.0209467193257693,0.0037202454930515
OFR,GOLEM,FFMLP,20,a477f5e3ffc1ca4f,0.0,20100.0,20.0,0.7988724117217071,0.1004868489084867,0.202020202020202,0.0208357214333088,0.0067476427428859
OFR,GOLEM,FFMLP,20,a8ef1e02f43ee04e,3.0,20067.0,20.0,0.8692960172539824,0.2206714509602662,0.3398692810457516,0.0197099263115833,0.008179626009446
OFR,GOLEM,FFMLP,20,bfec2fb7f33f94c4,2.0,20102.0,20.0,0.8811834610735972,0.250532521988159,0.3783783783783784,0.0196378192814863,0.0072360161985074
OFR,GOLEM,FFMLP,20,c732b782d7049c8a,3.0,20103.0,20.0,0.7943237003423295,0.094034172359433,0.150313152400835,0.020909932317958,0.0042285419618338
OFR,GOLEM,FFMLP,20,d51bc55a953a7c6a,4.0,20068.0,20.0,0.7784556817277143,0.0763026571820087,0.16,0.0213042284717826,0.0043911887408302
OFR,GOLEM,FFMLP,20,d7fa05d80f4762fd,4.0,20059.0,20.0,0.8243336155922734,0.1353374812039486,0.2258064516129032,0.0207145679023837,0.0098317959521622
OFR,GOLEM,FFMLP,20,db8c9b1344241359,1.0,20056.0,20.0,0.8758784404831694,0.2459710199670916,0.3157894736842105,0.0192527715350179,0.0053020622367744
OFR,GOLEM,FFMLP,20,dcec269e0c0cd404,4.0,20046.0,20.0,0.8156197754955816,0.1196624237710274,0.238095238095238,0.0207806343703993,0.0062078517518764
OFR,GOLEM,FFMLP,20,dd105a8030aa3395,2.0,20057.0,20.0,0.8134413154714086,0.1217359669322024,0.2,0.0205714651337755,0.0035901262831314
OFR,GOLEM,FFMLP,20,f04d2aa5d1002b1c,3.0,20045.0,20.0,0.8407914830174203,0.1597945308725566,0.265625,0.0204960815609163,0.0092264805733741
OFR,GOLEM,FFMLP,20,f0781f8e02a7f8d3,4.0,20039.0,20.0,0.8763163037106195,0.1892838824446208,0.2771535580524344,0.0195994418934837,0.0059430254943541
OFR,GOLEM,FFMLP,20,f3dc95c834e99bbb,2.0,20044.0,20.0,0.8084149351166309,0.1304733394691665,0.1652892561983471,0.0207198879902433,0.0047759865289556
OFR,GOLEM,FFMLP,30,02ac73124323aa53,3.0,30103.0,30.0,0.8244277019056097,0.1636924332764008,0.2522522522522522,0.0206830551615007,0.0082639278164448
OFR,GOLEM,FFMLP,30,0d37bdc5c0a41b53,0.0,30042.0,30.0,0.8976919903597717,0.28391172387641,0.3952095808383233,0.0189698430179644,0.0083968593521048
OFR,GOLEM,FFMLP,30,1248088e4ccb9d57,1.0,30043.0,30.0,0.8176860556846227,0.1465434745397348,0.2149837133550488,0.0205380914299439,0.0055995869567695
OFR,GOLEM,FFMLP,30,2cf5ea26588c2ebc,2.0,30057.0,30.0,0.8788602528750605,0.1889777022865709,0.2995594713656387,0.0196646422054788,0.0066701773122402
OFR,GOLEM,FFMLP,30,3610efdb0d63d746,2.0,30044.0,30.0,0.904368499902295,0.2853992706735098,0.3274336283185841,0.0191430243507168,0.0063043382369775
OFR,GOLEM,FFMLP,30,45c3b6d7371bbb17,4.0,30039.0,30.0,0.8819831947369564,0.216934338337124,0.3414634146341463,0.0195680067431875,0.0069694612841758
OFR,GOLEM,FFMLP,30,55c4546a861b2772,0.0,30064.0,30.0,0.8785671378219743,0.2499438124333317,0.3684210526315789,0.0193416731151436,0.0078007950248841
OFR,GOLEM,FFMLP,30,5b633eb261aa96c0,0.0,30100.0,30.0,0.8103002800877174,0.1763458563759034,0.2769230769230769,0.0205153562506531,0.008672496079482
OFR,GOLEM,FFMLP,30,6133a5bff7718d90,3.0,30038.0,30.0,0.8740075703295191,0.2712445809500755,0.3564356435643564,0.0194274571007533,0.0102508628513348
OFR,GOLEM,FFMLP,30,6441ede1135d13f1,1.0,30101.0,30.0,0.896997199122826,0.2608813338892601,0.334841628959276,0.0193279050295814,0.0091189679309313
OFR,GOLEM,FFMLP,30,6508517991e2b423,3.0,30058.0,30.0,0.8282960968654782,0.1772275243616588,0.2690058479532163,0.0204543685113638,0.0088910811463814
OFR,GOLEM,FFMLP,30,82e4649598e44970,2.0,30102.0,30.0,0.8853522084952704,0.2309272862828552,0.3052631578947368,0.0194307156108105,0.0069021053561721
OFR,GOLEM,FFMLP,30,8cbb60b69e53d532,1.0,30056.0,30.0,0.8907983585557027,0.273122249484014,0.4078947368421052,0.0191518354106431,0.0091972152340864
OFR,GOLEM,FFMLP,30,ac81007dae49f3e7,2.0,30037.0,30.0,0.8686627439911414,0.23552421173398,0.3181818181818182,0.0192469623272061,0.0070739673627116
OFR,GOLEM,FFMLP,30,b40efe9ea2f39bc0,1.0,30036.0,30.0,0.8843498273878021,0.2260585003038591,0.3798882681564245,0.0193657319295012,0.0087385849487208
OFR,GOLEM,FFMLP,30,bfc063949511512d,4.0,30059.0,30.0,0.8839300576821475,0.2200477088126433,0.3473684210526316,0.0194511929993636,0.0086560026805786
OFR,GOLEM,FFMLP,30,c0ec35ae159daee3,4.0,30046.0,30.0,0.8863545896027386,0.2553978419195593,0.4258064516129032,0.0193900514096025,0.0077919203757839
OFR,GOLEM,FFMLP,30,d5f63f9dfc151a60,4.0,30068.0,30.0,0.8011015336069073,0.1179986088511944,0.2295081967213114,0.020855655942531,0.0067047946970531
OFR,GOLEM,FFMLP,30,dbfddca79649f619,0.0,30055.0,30.0,0.878516475960947,0.2370152650226076,0.3953488372093023,0.0194390880353411,0.0096594722645223
OFR,GOLEM,FFMLP,30,e0a49ca25bc97165,3.0,30067.0,30.0,0.902978917428404,0.2656391268549956,0.3707865168539326,0.0191210448904957,0.0068119886490863
OFR,GOLEM,FFMLP,30,e22005fe24c5be58,1.0,30065.0,30.0,0.8764900015198558,0.2026167306777153,0.2894736842105263,0.0198020680920693,0.0081675517621955
OFR,GOLEM,FFMLP,30,e842280f12f38c4f,0.0,30035.0,30.0,0.8661984063226003,0.2386384101945287,0.4025157232704403,0.0194643052863318,0.0110770018400532
OFR,GOLEM,FFMLP,30,f42bdb586710ee03,2.0,30066.0,30.0,0.8876102800153433,0.2324463590573827,0.2689075630252101,0.0194592364470251,0.0085602450573247
OFR,GOLEM,FFMLP,30,f6db519c961958d0,3.0,30045.0,30.0,0.8679643340498369,0.2520315849692219,0.3317073170731707,0.0192869927798509,0.0070299805111522
OFR,GOLEM,FFMLP,30,fee1794651b0ff7f,4.0,30104.0,30.0,0.8150082144588952,0.1481994738297023,0.2476190476190476,0.0206252603020338,0.0062916590328369
OFR,GOLEM,FFMLP,40,11216e701a46e821,1.0,39056.0,39.0,0.8938344515129804,0.2330775284257148,0.3355704697986577,0.0192765774382519,0.007393611928561
OFR,GOLEM,FFMLP,40,119e80ec100183a1,2.0,39037.0,39.0,0.8847695970934568,0.2408641437630073,0.3382352941176471,0.0192910063199485,0.0096417856114992
OFR,GOLEM,FFMLP,40,177964baed2325fd,3.0,39067.0,39.0,0.8709280529199326,0.2376783467214732,0.3271028037383177,0.0195425122514029,0.0075687233120128
OFR,GOLEM,FFMLP,40,2f47575560684a30,4.0,39068.0,39.0,0.8690716575837187,0.2108182189282365,0.3212435233160621,0.0197508049091643,0.0069802605560289
OFR,GOLEM,FFMLP,40,35ae5e2e7e979ad0,3.0,39058.0,39.0,0.8957849331625305,0.245320430654138,0.3483870967741935,0.0190277792444603,0.007852050164641
OFR,GOLEM,FFMLP,40,55aa4a75bc3031d7,3.0,39103.0,39.0,0.9025591477227494,0.2825805064378462,0.3758389261744966,0.0189465616086306,0.0087672482552681
OFR,GOLEM,FFMLP,40,56c05e712d0da73d,0.0,39064.0,39.0,0.8723140166894645,0.2395136967263967,0.3544303797468354,0.0194201494750601,0.0073482632136604
OFR,GOLEM,FFMLP,40,5715129bd36a85dd,3.0,39045.0,39.0,0.895803026684326,0.269283763985073,0.3698630136986301,0.0192134489017573,0.0075718036386464
OFR,GOLEM,FFMLP,40,5fce00ea97a656ff,2.0,39102.0,39.0,0.8951263289691759,0.2812732663972947,0.3924050632911392,0.0192239790900365,0.0077812228219566
OFR,GOLEM,FFMLP,40,71034d579bbbbaf0,2.0,39057.0,39.0,0.8854643883304022,0.2389520949737202,0.327683615819209,0.0195550968003291,0.0079925868864337
OFR,GOLEM,FFMLP,40,71b4e9350f9d5f6a,3.0,39038.0,39.0,0.8872918340317432,0.2374504569440208,0.3404255319148936,0.0190953967678854,0.0081563892279331
OFR,GOLEM,FFMLP,40,8b8ea73d27dccdbb,1.0,39101.0,39.0,0.89925165193854,0.2884842394157406,0.3515151515151515,0.0189617981534455,0.007116104275413
OFR,GOLEM,FFMLP,40,8deb172ce22915e5,0.0,39100.0,39.0,0.8930383365539802,0.2486265718108677,0.3461538461538461,0.0198290873620812,0.0086966355169555
OFR,GOLEM,FFMLP,40,98409814f39fad16,4.0,39046.0,39.0,0.8837853095077839,0.2710240149728979,0.3382352941176471,0.0193804865075098,0.0074480522626025
OFR,GOLEM,FFMLP,40,9c633845ff42fd7e,2.0,39044.0,39.0,0.8851531797555204,0.2476879988772312,0.3580246913580246,0.0192808439566637,0.0064618670076198
OFR,GOLEM,FFMLP,40,a6f465992ad87093,1.0,39036.0,39.0,0.8910227182259663,0.2421344291529908,0.3428571428571428,0.0194384702134185,0.0088797420604888
OFR,GOLEM,FFMLP,40,a76afb14f5fa3202,1.0,39065.0,39.0,0.8799060584348379,0.2421936030856613,0.3771428571428571,0.0195707929007935,0.0095356081117455
OFR,GOLEM,FFMLP,40,ae26530276a38e21,1.0,39043.0,39.0,0.8881892727127979,0.2851102270880064,0.3724137931034483,0.0189762383047173,0.0066292567203601
OFR,GOLEM,FFMLP,40,be2c65a50ac9c1df,2.0,39066.0,39.0,0.8675988449095686,0.2458759625283351,0.3157894736842105,0.0196931614701781,0.0074443177413533
OFR,GOLEM,FFMLP,40,c808eb418a730801,0.0,39042.0,39.0,0.8874474383191842,0.2680452996623774,0.3773584905660377,0.0195675826571742,0.0081284301499202
OFR,GOLEM,FFMLP,40,cab1c4d6241d0a95,4.0,39104.0,39.0,0.8952131778737942,0.249910184675831,0.3790849673202614,0.0193187509464912,0.0085558268177274
OFR,GOLEM,FFMLP,40,d04ef78027c32322,0.0,39055.0,39.0,0.8881675604866434,0.225271355776741,0.3537414965986394,0.0193645944842755,0.008089793357568
OFR,GOLEM,FFMLP,40,dc0485e8e303dc12,4.0,39039.0,39.0,0.8881711791910025,0.2455840649958569,0.3496503496503496,0.0190769949458313,0.0079146948946873
OFR,GOLEM,FFMLP,40,e2568c76ea96202f,4.0,39059.0,39.0,0.8891265171418025,0.2498359927735677,0.3712574850299401,0.0192256082332776,0.0093452719808028
OFR,GOLEM,FFMLP,40,e4fbaa2e50e01735,0.0,39035.0,39.0,0.8880553806515116,0.2571918896059737,0.3478260869565217,0.019014698379397,0.0074989022262683
OFR,GOLEM,FFMLP,5,0c8b526083c42711,0.0,5042.0,5.0,0.7710916183569635,0.0821820696674095,0.1293532338308457,0.0209896003934463,0.0013979129641123
OFR,GOLEM,FFMLP,5,0d500861b9458f12,3.0,5058.0,5.0,0.7835725296914692,0.0713802484243062,0.1241743725231175,0.0211634597232859,0.0035600292597664
OFR,GOLEM,FFMLP,5,15e2cc51a94a540c,3.0,5067.0,5.0,0.6981276823646062,0.046629091653395,0.1077981651376146,0.021380643872114,0.0010793555943466
OFR,GOLEM,FFMLP,5,222e90f43b15c0a1,2.0,5066.0,5.0,0.7376982145312692,0.0686774211615185,0.1428571428571428,0.0212053870523917,0.0020589931756841
OFR,GOLEM,FFMLP,5,280639a75bd0bd9e,1.0,5036.0,5.0,0.7274138567427318,0.0631752878643315,0.0993788819875776,0.0211686673650771,0.0007223863782648
OFR,GOLEM,FFMLP,5,2acd2003382702d1,4.0,5068.0,5.0,0.7202524408160903,0.0503535806954636,0.0988235294117647,0.0213906002219761,0.0016583311247832
OFR,GOLEM,FFMLP,5,3144dfba3402428e,3.0,5038.0,5.0,0.7023941348039748,0.0490025503518348,0.0915492957746478,0.0213541769697339,0.0011178640107685
OFR,GOLEM,FFMLP,5,384b3564631af1e6,1.0,5101.0,5.0,0.7904878737216928,0.0793849372247127,0.0982456140350877,0.0210377420454616,0.0004418085243054
OFR,GOLEM,FFMLP,5,3e020870bd891962,4.0,5039.0,5.0,0.7694776762128088,0.0715389807175692,0.138801261829653,0.0212496552160558,0.0003304962846764
OFR,GOLEM,FFMLP,5,429ce41c279be13b,2.0,5102.0,5.0,0.9109219734966092,0.2645551454526755,0.3057324840764331,0.0193368352179048,0.0141418517606532
OFR,GOLEM,FFMLP,5,50f5094b3729256e,1.0,5056.0,5.0,0.767784122572754,0.0650877197150738,0.1120689655172413,0.0212038769004331,0.0014309664229532
OFR,GOLEM,FFMLP,5,5142bfb5fccb8993,4.0,5046.0,5.0,0.7454820476076744,0.0502061662365885,0.0818414322250639,0.0212628767456716,0.0010216817273327
OFR,GOLEM,FFMLP,5,5871fa5b6b2a1d1b,4.0,5059.0,5.0,0.7155047006969626,0.0500934752886424,0.0525747209218581,0.0215392585083137,0.0008276563053411
OFR,GOLEM,FFMLP,5,5c45bbe529b17a15,0.0,5055.0,5.0,0.5699604113743115,0.0251888335182464,0.0594541910331384,0.0216752927179954,0.0072588333544999
OFR,GOLEM,FFMLP,5,77cdf6301e26d050,2.0,5044.0,5.0,0.7158014344544079,0.0484704648295245,0.0737327188940092,0.0213282944954232,0.000930286739787
OFR,GOLEM,FFMLP,5,7961a1f034afca37,1.0,5065.0,5.0,0.9102923189381276,0.2443677478709378,0.2264150943396226,0.0189248803016074,0.0110408561525521
OFR,GOLEM,FFMLP,5,aca8670b571981bb,2.0,5037.0,5.0,0.770313596919759,0.0853078556111692,0.1393596986817326,0.0211212048682466,0.0018874024891606
OFR,GOLEM,FFMLP,5,aca97e0c8e295b6b,1.0,5043.0,5.0,0.598284010392919,0.0277108103103105,0.0464639562692176,0.0215871529965974,0.0016984993329978
OFR,GOLEM,FFMLP,5,bac97b302d8777f9,2.0,5057.0,5.0,0.710767816690912,0.0434532493534315,0.0805369127516778,0.0214256302453851,0.0013683784892639
OFR,GOLEM,FFMLP,5,c19110ac3cbd4076,3.0,5103.0,5.0,0.7277793458830001,0.0513199690513815,0.0933852140077821,0.0213570949671768,0.0008516375007728
OFR,GOLEM,FFMLP,5,d3ba5c68ba244da8,4.0,5104.0,5.0,0.8030520152564575,0.0735382947861782,0.1240310077519379,0.0210642126835625,0.003869950446918
OFR,GOLEM,FFMLP,5,dd569862cc2b7b9e,0.0,5064.0,5.0,0.7280326551881364,0.0458360358853118,0.0975029726516052,0.0214764669375758,0.0034283613038856
OFR,GOLEM,FFMLP,5,eaf78c049d3b8355,0.0,5100.0,5.0,0.7170896932062444,0.0590368404538783,0.0925925925925925,0.0212978575319142,0.0012299228633519
OFR,GOLEM,FFMLP,5,ed9806edde981766,0.0,5035.0,5.0,0.6975884954151016,0.0532879781172786,0.094240837696335,0.0212893728702822,0.00035249958008
OFR,GOLEM,FFMLP,5,f60ba5f9f5507569,3.0,5045.0,5.0,0.7816003358157646,0.1140891102017944,0.1988304093567251,0.0210125161956078,0.0014259551654639
OFR,GOLEM,FFMLP,ALL,0d6439d915276699,1.0,39101.0,39.0,0.89925165193854,0.2884842394157406,0.3515151515151515,0.0189617981534455,0.007116104275413
OFR,GOLEM,FFMLP,ALL,0e230034ee9400c0,1.0,39065.0,39.0,0.8799060584348379,0.2421936030856613,0.3771428571428571,0.0195707929007935,0.0095356081117455
OFR,GOLEM,FFMLP,ALL,16ae155043d4e2e9,1.0,39056.0,39.0,0.8938344515129804,0.2330775284257148,0.3355704697986577,0.0192765774382519,0.007393611928561
OFR,GOLEM,FFMLP,ALL,1d9e210d3ae0f951,2.0,39044.0,39.0,0.8851531797555204,0.2476879988772312,0.3580246913580246,0.0192808439566637,0.0064618670076198
OFR,GOLEM,FFMLP,ALL,367ca39ad3fd1710,2.0,39037.0,39.0,0.8847695970934568,0.2408641437630073,0.3382352941176471,0.0192910063199485,0.0096417856114992
OFR,GOLEM,FFMLP,ALL,3c798bd22a6eecaf,3.0,39045.0,39.0,0.895803026684326,0.269283763985073,0.3698630136986301,0.0192134489017573,0.0075718036386464
OFR,GOLEM,FFMLP,ALL,4aa3b5ac497009ba,4.0,39046.0,39.0,0.8837853095077839,0.2710240149728979,0.3382352941176471,0.0193804865075098,0.0074480522626025
OFR,GOLEM,FFMLP,ALL,546597550a8824c6,0.0,39064.0,39.0,0.8723140166894645,0.2395136967263967,0.3544303797468354,0.0194201494750601,0.0073482632136604
OFR,GOLEM,FFMLP,ALL,59c906873929a4e2,3.0,39067.0,39.0,0.8709280529199326,0.2376783467214732,0.3271028037383177,0.0195425122514029,0.0075687233120128
OFR,GOLEM,FFMLP,ALL,5e8f89a593fd9b17,1.0,39036.0,39.0,0.8910227182259663,0.2421344291529908,0.3428571428571428,0.0194384702134185,0.0088797420604888
OFR,GOLEM,FFMLP,ALL,678505301fb007ca,0.0,39100.0,39.0,0.8930383365539802,0.2486265718108677,0.3461538461538461,0.0198290873620812,0.0086966355169555
OFR,GOLEM,FFMLP,ALL,6d02bf20f4fb6fd9,4.0,39104.0,39.0,0.8952131778737942,0.249910184675831,0.3790849673202614,0.0193187509464912,0.0085558268177274
OFR,GOLEM,FFMLP,ALL,73b00061d29cb71a,3.0,39058.0,39.0,0.8957849331625305,0.245320430654138,0.3483870967741935,0.0190277792444603,0.007852050164641
OFR,GOLEM,FFMLP,ALL,7710ddd4ae6bd24c,3.0,39038.0,39.0,0.8872918340317432,0.2374504569440208,0.3404255319148936,0.0190953967678854,0.0081563892279331
OFR,GOLEM,FFMLP,ALL,79c41010d8beb1e8,4.0,39068.0,39.0,0.8690716575837187,0.2108182189282365,0.3212435233160621,0.0197508049091643,0.0069802605560289
OFR,GOLEM,FFMLP,ALL,8eaeef9fb7d75f7d,4.0,39059.0,39.0,0.8891265171418025,0.2498359927735677,0.3712574850299401,0.0192256082332776,0.0093452719808028
OFR,GOLEM,FFMLP,ALL,a5eabf228f6767e3,0.0,39035.0,39.0,0.8880553806515116,0.2571918896059737,0.3478260869565217,0.019014698379397,0.0074989022262683
OFR,GOLEM,FFMLP,ALL,ab64c693b4ea0586,0.0,39042.0,39.0,0.8874474383191842,0.2680452996623774,0.3773584905660377,0.0195675826571742,0.0081284301499202
OFR,GOLEM,FFMLP,ALL,b85e6785c2530b23,2.0,39057.0,39.0,0.8854643883304022,0.2389520949737202,0.327683615819209,0.0195550968003291,0.0079925868864337
OFR,GOLEM,FFMLP,ALL,c5f4421a578aa965,2.0,39066.0,39.0,0.8675988449095686,0.2458759625283351,0.3157894736842105,0.0196931614701781,0.0074443177413533
OFR,GOLEM,FFMLP,ALL,cf8c6a7cd42c054d,0.0,39055.0,39.0,0.8881675604866434,0.225271355776741,0.3537414965986394,0.0193645944842755,0.008089793357568
OFR,GOLEM,FFMLP,ALL,d271b05ffbaa8614,3.0,39103.0,39.0,0.9025591477227494,0.2825805064378462,0.3758389261744966,0.0189465616086306,0.0087672482552681
OFR,GOLEM,FFMLP,ALL,e4f41ddc9d566d0c,4.0,39039.0,39.0,0.8881711791910025,0.2455840649958569,0.3496503496503496,0.0190769949458313,0.0079146948946873
OFR,GOLEM,FFMLP,ALL,ea6ea53db4234885,2.0,39102.0,39.0,0.8951263289691759,0.2812732663972947,0.3924050632911392,0.0192239790900365,0.0077812228219566
OFR,GOLEM,FFMLP,ALL,ebd1c0ed3bae0083,1.0,39043.0,39.0,0.8881892727127979,0.2851102270880064,0.3724137931034483,0.0189762383047173,0.0066292567203601
OFR,GOLEM,LightGBM,10,0cf0b651ed560298,0.0,10064.0,10.0,0.8907115096510846,0.3009523554276366,0.3034482758620689,0.0191594584508245,0.0185006329101656
OFR,GOLEM,LightGBM,10,1a1057a3cbad6b3d,4.0,10104.0,10.0,0.9280167328889564,0.4519119451490137,0.4571428571428571,0.0170374554576312,0.0159996766509727
OFR,GOLEM,LightGBM,10,20917f6323ea026e,3.0,10038.0,10.0,0.8104196973315675,0.1697157076100624,0.2448979591836734,0.0212632576273691,0.0198724594303678
OFR,GOLEM,LightGBM,10,21fe084452e99379,0.0,10055.0,10.0,0.8236677739902005,0.2180166127930567,0.2761904761904762,0.0200755055252237,0.01913825527617
OFR,GOLEM,LightGBM,10,2712b5a02d4f84ed,1.0,10043.0,10.0,0.866306967453373,0.2319809072042649,0.2631578947368421,0.0207110981233674,0.0199241979561602
OFR,GOLEM,LightGBM,10,39c5f3ca29bd1ebb,2.0,10037.0,10.0,0.875306685194433,0.3323448625434198,0.34,0.0189564273449657,0.0183576596501761
OFR,GOLEM,LightGBM,10,614af7542e3d5e04,3.0,10103.0,10.0,0.910592671399932,0.3476864027372019,0.4028776978417266,0.0186538191953562,0.0177060330714848
OFR,GOLEM,LightGBM,10,65101b40768f2c90,2.0,10102.0,10.0,0.9144212606118506,0.3820196524210773,0.3902439024390244,0.0182409174095667,0.0178699874682173
OFR,GOLEM,LightGBM,10,66fa84e6e8b03cdd,0.0,10035.0,10.0,0.8758820591875285,0.2332025572991944,0.3308270676691729,0.020614899921247,0.0199673179420072
OFR,GOLEM,LightGBM,10,69ccb1bb215e2366,3.0,10045.0,10.0,0.8657279747559185,0.2862818738215821,0.3243243243243243,0.0192134787818379,0.0185221879029221
OFR,GOLEM,LightGBM,10,974ae32b7cdd9c13,2.0,10044.0,10.0,0.8929876746929529,0.3097493472140947,0.3258426966292135,0.0191842471907424,0.0185199467101073
OFR,GOLEM,LightGBM,10,98536d19f8000ff3,0.0,10100.0,10.0,0.8964037316079351,0.433691556551719,0.4307692307692308,0.0176396665609744,0.0169923348548684
OFR,GOLEM,LightGBM,10,adae04d1018982ef,1.0,10056.0,10.0,0.8605134217744679,0.2556582463298971,0.3260869565217391,0.0202451590479287,0.019746579619755
OFR,GOLEM,LightGBM,10,adf1eb73cd2fc71d,0.0,10042.0,10.0,0.9009524429873128,0.3554840063558325,0.4054054054054054,0.0182658871696755,0.0175300744879454
OFR,GOLEM,LightGBM,10,af9bdb464ddf5bd4,4.0,10068.0,10.0,0.8549406170614673,0.2411457822305884,0.2647058823529412,0.0203054762251964,0.0195438295711058
OFR,GOLEM,LightGBM,10,b55edf23207de50f,1.0,10065.0,10.0,0.9003879251072946,0.4133239396101559,0.421875,0.0181095493735105,0.0174453170428266
OFR,GOLEM,LightGBM,10,ba0c21c4033772ea,2.0,10057.0,10.0,0.8799458641827881,0.3239357960272054,0.3421052631578947,0.0186301542125937,0.0177271811235611
OFR,GOLEM,LightGBM,10,c93016cbcaeff827,2.0,10066.0,10.0,0.8376468289293701,0.1717946643711305,0.2580645161290322,0.0217876242711339,0.0202973295532174
OFR,GOLEM,LightGBM,10,d4cad3dd4f4a7441,3.0,10067.0,10.0,0.8606038893834451,0.1852358813642541,0.2222222222222222,0.02141970623816,0.0205054341221865
OFR,GOLEM,LightGBM,10,dca19e67ffebbb6b,4.0,10059.0,10.0,0.858020134471054,0.2762196555289699,0.3384615384615385,0.0196616568689852,0.0180228562045909
OFR,GOLEM,LightGBM,10,e644700d3425612c,1.0,10101.0,10.0,0.9049945357564178,0.377916114746206,0.4095238095238095,0.0189844908898355,0.0186251083936463
OFR,GOLEM,LightGBM,10,e94cdaef7ad416ba,4.0,10046.0,10.0,0.8531095526557672,0.3099951249704093,0.3376623376623376,0.0195033087535927,0.0192510278437274
OFR,GOLEM,LightGBM,10,ee21ac18ec2409c1,4.0,10039.0,10.0,0.8594386665798178,0.2022569615489442,0.2666666666666666,0.0208463121548053,0.0189323353481404
OFR,GOLEM,LightGBM,10,f5e04c1c24772c4c,3.0,10058.0,10.0,0.8369158506488337,0.1822317509284653,0.2016806722689075,0.0208465154589522,0.0201266966973535
OFR,GOLEM,LightGBM,10,ffdaabb05d4db37b,1.0,10036.0,10.0,0.8965267675561442,0.3714196279252704,0.391304347826087,0.0187508815350601,0.0182149388089275
OFR,GOLEM,LightGBM,20,0ac9af1d42ea9497,0.0,20064.0,20.0,0.927640387635611,0.4090697390281463,0.4081632653061224,0.0177554692005753,0.0173441541865993
OFR,GOLEM,LightGBM,20,0b5dd9862876bf8d,3.0,20038.0,20.0,0.9071585209631544,0.4162665918784592,0.4027777777777778,0.0183313266883631,0.0172588004944597
OFR,GOLEM,LightGBM,20,1a6f4b8259eeee98,0.0,20042.0,20.0,0.9250602514275788,0.438757906057478,0.4563758389261745,0.0174549474658842,0.0166911532410483
OFR,GOLEM,LightGBM,20,2ec1a880b786996a,1.0,20101.0,20.0,0.8998994000188173,0.3676894470279456,0.3910614525139664,0.0185721204575386,0.0182996327870071
OFR,GOLEM,LightGBM,20,30641ffb953b7c44,0.0,20055.0,20.0,0.9097024701275956,0.40701765174274,0.3826086956521739,0.0179087822028106,0.0176870552306726
OFR,GOLEM,LightGBM,20,30bc87bd0cca19f9,0.0,20035.0,20.0,0.9038220755440722,0.3942107941612058,0.4335664335664335,0.0180264656258667,0.017828165770945
OFR,GOLEM,LightGBM,20,31fe7d76b8c78dd8,1.0,20043.0,20.0,0.9146130519428824,0.4236771657517635,0.4057971014492754,0.0182905500983675,0.0181587376327395
OFR,GOLEM,LightGBM,20,6fd3d5e499c8eb44,1.0,20036.0,20.0,0.9046254279117903,0.2981079953576117,0.2735042735042735,0.0200374650044837,0.0192235567097181
OFR,GOLEM,LightGBM,20,7095aac83b7717b6,3.0,20058.0,20.0,0.8683841037554914,0.320425835983005,0.3195266272189349,0.018561643338205,0.0185995041810842
OFR,GOLEM,LightGBM,20,72c61f00f04c9cf0,4.0,20104.0,20.0,0.9172474687163008,0.3979955002413732,0.4444444444444444,0.0181488334440409,0.0170936642221328
OFR,GOLEM,LightGBM,20,9f6f4d5948b1c477,2.0,20037.0,20.0,0.9148518864305824,0.3882272085779565,0.3801652892561983,0.0181054516030984,0.0178621043702681
OFR,GOLEM,LightGBM,20,a39f214dacaacf62,1.0,20065.0,20.0,0.928078250863061,0.4659085440942777,0.4939759036144578,0.0168274514919529,0.0165725027259586
OFR,GOLEM,LightGBM,20,a41c31e2840fe010,2.0,20066.0,20.0,0.8985387671797989,0.3395584022825215,0.4,0.0199515597516226,0.01949382727142
OFR,GOLEM,LightGBM,20,a477f5e3ffc1ca4f,0.0,20100.0,20.0,0.8854282012868113,0.3286141087852948,0.4027777777777778,0.0190194416793541,0.018218577939969
OFR,GOLEM,LightGBM,20,a8ef1e02f43ee04e,3.0,20067.0,20.0,0.9294171714759248,0.4423476161145642,0.4503311258278146,0.0174332065876142,0.0169476135421178
OFR,GOLEM,LightGBM,20,bfec2fb7f33f94c4,2.0,20102.0,20.0,0.9221218634879969,0.4299112240436654,0.4342105263157895,0.0170914596972034,0.0165833414917673
OFR,GOLEM,LightGBM,20,c732b782d7049c8a,3.0,20103.0,20.0,0.8884100136787025,0.2803227806895943,0.3544303797468354,0.0201376693777966,0.0195567874786031
OFR,GOLEM,LightGBM,20,d51bc55a953a7c6a,4.0,20068.0,20.0,0.8904582003459482,0.2972672307446108,0.3240223463687151,0.0198214662934171,0.0192046485330678
OFR,GOLEM,LightGBM,20,d7fa05d80f4762fd,4.0,20059.0,20.0,0.9107338008699364,0.4206139998000702,0.4487179487179487,0.0177445687574577,0.0177075309475056
OFR,GOLEM,LightGBM,20,db8c9b1344241359,1.0,20056.0,20.0,0.902309457121972,0.4112393354243739,0.4242424242424242,0.0186403519345053,0.0183677939293315
OFR,GOLEM,LightGBM,20,dcec269e0c0cd404,4.0,20046.0,20.0,0.8938416889216985,0.3527787192832481,0.3846153846153846,0.01889149126403,0.0178385535128699
OFR,GOLEM,LightGBM,20,dd105a8030aa3395,2.0,20057.0,20.0,0.8993927814085445,0.3811582817993018,0.425,0.0181923134549022,0.017323075527656
OFR,GOLEM,LightGBM,20,f04d2aa5d1002b1c,3.0,20045.0,20.0,0.91756953340426,0.4203516417445577,0.4262295081967213,0.0178618239783446,0.0173907468668317
OFR,GOLEM,LightGBM,20,f0781f8e02a7f8d3,4.0,20039.0,20.0,0.9077737007042,0.4035240578024903,0.4078947368421052,0.0181809969528849,0.0172641169777213
OFR,GOLEM,LightGBM,20,f3dc95c834e99bbb,2.0,20044.0,20.0,0.8989332059549399,0.3669359664784848,0.4027777777777778,0.0187717826421903,0.0183251182948502
OFR,GOLEM,LightGBM,30,02ac73124323aa53,3.0,30103.0,30.0,0.9258418915691426,0.4499990175487213,0.4444444444444444,0.0175152005896413,0.0170837174157368
OFR,GOLEM,LightGBM,30,0d37bdc5c0a41b53,0.0,30042.0,30.0,0.9273400351738064,0.4604809757051122,0.4615384615384615,0.0167479587453072,0.0165215652860488
OFR,GOLEM,LightGBM,30,1248088e4ccb9d57,1.0,30043.0,30.0,0.906984823153918,0.3833065528394473,0.3770491803278688,0.017742699326027,0.0177781671526559
OFR,GOLEM,LightGBM,30,2cf5ea26588c2ebc,2.0,30057.0,30.0,0.911823030882023,0.420320391511407,0.4285714285714285,0.018114570970315,0.0184234824562687
OFR,GOLEM,LightGBM,30,3610efdb0d63d746,2.0,30044.0,30.0,0.9131185270425776,0.4605827398467196,0.4748201438848921,0.0167385777047695,0.0167722826389919
OFR,GOLEM,LightGBM,30,45c3b6d7371bbb17,4.0,30039.0,30.0,0.897272220654117,0.4004812840049962,0.4057971014492754,0.0179517917277908,0.0172452455772631
OFR,GOLEM,LightGBM,30,55c4546a861b2772,0.0,30064.0,30.0,0.9326848615121842,0.4662457953362959,0.4714285714285714,0.0168468654428377,0.0166484384997238
OFR,GOLEM,LightGBM,30,5b633eb261aa96c0,0.0,30100.0,30.0,0.9266126755976288,0.45325024293355,0.4615384615384615,0.0171057842716347,0.0167365725647901
OFR,GOLEM,LightGBM,30,6133a5bff7718d90,3.0,30038.0,30.0,0.9268768410158428,0.4379152571914226,0.4654088050314465,0.0171707687195825,0.0174212559695096
OFR,GOLEM,LightGBM,30,6441ede1135d13f1,1.0,30101.0,30.0,0.912615527136664,0.4567749602844893,0.4615384615384615,0.0165766830604979,0.0161857228785232
OFR,GOLEM,LightGBM,30,6508517991e2b423,3.0,30058.0,30.0,0.9195055402363738,0.4002564429783646,0.4418604651162791,0.0179496501727673,0.0177562480116828
OFR,GOLEM,LightGBM,30,82e4649598e44970,2.0,30102.0,30.0,0.907661520869068,0.4032355758731725,0.4260355029585799,0.0177611434606951,0.0174902507160915
OFR,GOLEM,LightGBM,30,8cbb60b69e53d532,1.0,30056.0,30.0,0.9184959217201872,0.4371492301176942,0.4615384615384615,0.0167958761566923,0.0165687964018585
OFR,GOLEM,LightGBM,30,ac81007dae49f3e7,2.0,30037.0,30.0,0.9198999790115148,0.441526924651105,0.4383561643835616,0.0168804593082951,0.0169135233684646
OFR,GOLEM,LightGBM,30,b40efe9ea2f39bc0,1.0,30036.0,30.0,0.9232581366567514,0.4746994899919029,0.4827586206896552,0.0167670334631817,0.0163399467010669
OFR,GOLEM,LightGBM,30,bfc063949511512d,4.0,30059.0,30.0,0.9331661491919432,0.4494712149123853,0.4827586206896552,0.0166805807439852,0.0169832877082654
OFR,GOLEM,LightGBM,30,c0ec35ae159daee3,4.0,30046.0,30.0,0.9230663453257196,0.4666066589318542,0.4615384615384615,0.0164244693432604,0.0160287586938451
OFR,GOLEM,LightGBM,30,d5f63f9dfc151a60,4.0,30068.0,30.0,0.8967475085220487,0.343908894906048,0.4146341463414634,0.0192805343375896,0.0188807722771564
OFR,GOLEM,LightGBM,30,dbfddca79649f619,0.0,30055.0,30.0,0.9334194584970796,0.4806192353988331,0.4936708860759494,0.0163139728799348,0.0157901178367661
OFR,GOLEM,LightGBM,30,e0a49ca25bc97165,3.0,30067.0,30.0,0.932876652843216,0.461571046261409,0.4903225806451612,0.0167704285655735,0.0167194978819073
OFR,GOLEM,LightGBM,30,e22005fe24c5be58,1.0,30065.0,30.0,0.9241881436770378,0.4535729056768603,0.496551724137931,0.0170309735448597,0.0166468657888382
OFR,GOLEM,LightGBM,30,e842280f12f38c4f,0.0,30035.0,30.0,0.9268696036071244,0.4552695504264149,0.4677419354838709,0.0168654556968881,0.0162458810248612
OFR,GOLEM,LightGBM,30,f42bdb586710ee03,2.0,30066.0,30.0,0.9327210485557752,0.4533206127348895,0.4651162790697674,0.0169987704293484,0.0171106628498829
OFR,GOLEM,LightGBM,30,f6db519c961958d0,3.0,30045.0,30.0,0.9248756975052652,0.4543070761312436,0.4645161290322581,0.0168262542025195,0.0168641796923701
OFR,GOLEM,LightGBM,30,fee1794651b0ff7f,4.0,30104.0,30.0,0.9281795745851156,0.4371488174050129,0.4354838709677419,0.0176667192864094,0.0177896349908296
OFR,GOLEM,LightGBM,40,11216e701a46e821,1.0,39056.0,39.0,0.9284582148207656,0.4754620099279412,0.5116279069767442,0.0162674258535696,0.0167442527973447
OFR,GOLEM,LightGBM,40,119e80ec100183a1,2.0,39037.0,39.0,0.9295944879895202,0.4674158533989517,0.4868421052631579,0.0167307941360278,0.01716880649956
OFR,GOLEM,LightGBM,40,177964baed2325fd,3.0,39067.0,39.0,0.9269383589899473,0.4586097969827594,0.4666666666666667,0.0167948554772948,0.0168070735682034
OFR,GOLEM,LightGBM,40,2f47575560684a30,4.0,39068.0,39.0,0.9259178843606836,0.4656000065679092,0.4786324786324786,0.0167474170708579,0.0171181489566389
OFR,GOLEM,LightGBM,40,35ae5e2e7e979ad0,3.0,39058.0,39.0,0.9266850496848108,0.4656149054846234,0.4768211920529801,0.0166218447189578,0.0164891121387473
OFR,GOLEM,LightGBM,40,55aa4a75bc3031d7,3.0,39103.0,39.0,0.9325039262942296,0.4589249178012465,0.4736842105263157,0.0166878129026697,0.0168181787629635
OFR,GOLEM,LightGBM,40,56c05e712d0da73d,0.0,39064.0,39.0,0.930462977035702,0.4659559195452128,0.4545454545454545,0.0166306357075475,0.0169294897917291
OFR,GOLEM,LightGBM,40,5715129bd36a85dd,3.0,39045.0,39.0,0.9308791280369976,0.4713717530892495,0.4740740740740741,0.0164115632074122,0.0160804485343316
OFR,GOLEM,LightGBM,40,5fce00ea97a656ff,2.0,39102.0,39.0,0.9297211426420884,0.4621877683782314,0.4666666666666667,0.0165598307001397,0.0164752557341699
OFR,GOLEM,LightGBM,40,71034d579bbbbaf0,2.0,39057.0,39.0,0.92764400633997,0.4647751211150416,0.4810126582278481,0.0168262930974225,0.0168406023041291
OFR,GOLEM,LightGBM,40,71b4e9350f9d5f6a,3.0,39038.0,39.0,0.9318996026662614,0.4681298138132398,0.4705882352941176,0.0165109883978896,0.0163259664737742
OFR,GOLEM,LightGBM,40,8b8ea73d27dccdbb,1.0,39101.0,39.0,0.9270360640076428,0.4585201345332007,0.4661654135338345,0.0167812766291186,0.0164146310481918
OFR,GOLEM,LightGBM,40,8deb172ce22915e5,0.0,39100.0,39.0,0.9272929920171382,0.459538522445498,0.4873949579831932,0.0166258501199201,0.0169161945439
OFR,GOLEM,LightGBM,40,98409814f39fad16,4.0,39046.0,39.0,0.9286174378125656,0.468893370090307,0.4655172413793103,0.0165997846876951,0.0166192961014835
OFR,GOLEM,LightGBM,40,9c633845ff42fd7e,2.0,39044.0,39.0,0.9291964305100202,0.4708139483428248,0.4873949579831932,0.0163944771405651,0.016206147401128
OFR,GOLEM,LightGBM,40,a6f465992ad87093,1.0,39036.0,39.0,0.9292036679187384,0.4675380412987279,0.4871794871794871,0.0166345274943051,0.016707935478824
OFR,GOLEM,LightGBM,40,a76afb14f5fa3202,1.0,39065.0,39.0,0.9265982007801928,0.4645050132650132,0.4666666666666667,0.0166860341706159,0.016193052205751
OFR,GOLEM,LightGBM,40,ae26530276a38e21,1.0,39043.0,39.0,0.9305100201923704,0.4707769172815054,0.4897959183673469,0.0166509253213056,0.0167377394290028
OFR,GOLEM,LightGBM,40,be2c65a50ac9c1df,2.0,39066.0,39.0,0.9300287325126112,0.4712647679072693,0.4827586206896552,0.0163937142581141,0.0169367776060097
OFR,GOLEM,LightGBM,40,c808eb418a730801,0.0,39042.0,39.0,0.9310021639852069,0.4777021500948354,0.4473684210526316,0.0165525702082708,0.0162668063710219
OFR,GOLEM,LightGBM,40,cab1c4d6241d0a95,4.0,39104.0,39.0,0.9283713659161474,0.4661430113757454,0.4745762711864407,0.0168059672434204,0.0171238559444104
OFR,GOLEM,LightGBM,40,d04ef78027c32322,0.0,39055.0,39.0,0.9272785171997018,0.4801118365084038,0.4827586206896552,0.0162328924453126,0.0158600984374783
OFR,GOLEM,LightGBM,40,dc0485e8e303dc12,4.0,39039.0,39.0,0.9281687184720384,0.4722294945541213,0.5038167938931297,0.0168113414358641,0.0167910578660221
OFR,GOLEM,LightGBM,40,e2568c76ea96202f,4.0,39059.0,39.0,0.9291023441966838,0.4701172854957107,0.4832214765100671,0.0165136914158759,0.016513656286656
OFR,GOLEM,LightGBM,40,e4fbaa2e50e01735,0.0,39035.0,39.0,0.9280384451151108,0.4674197554868463,0.4545454545454545,0.0166585435635453,0.0162697075555195
OFR,GOLEM,LightGBM,5,0c8b526083c42711,0.0,5042.0,5.0,0.8399989867627795,0.1646803480635111,0.2105263157894736,0.0210400166267297,0.0193976886228348
OFR,GOLEM,LightGBM,5,0d500861b9458f12,3.0,5058.0,5.0,0.8638462484891909,0.1613042171299703,0.2012578616352201,0.0220751571653556,0.0212381963949358
OFR,GOLEM,LightGBM,5,15e2cc51a94a540c,3.0,5067.0,5.0,0.7812710337190872,0.1463237285473563,0.2139917695473251,0.0217722914643048,0.0196929483802354
OFR,GOLEM,LightGBM,5,222e90f43b15c0a1,2.0,5066.0,5.0,0.8485246542327984,0.2547328339324211,0.302158273381295,0.0208437855063742,0.0200334307457405
OFR,GOLEM,LightGBM,5,280639a75bd0bd9e,1.0,5036.0,5.0,0.7325379421152051,0.0671957718538605,0.0920716112531969,0.0227191924006202,0.0215225737238931
OFR,GOLEM,LightGBM,5,2acd2003382702d1,4.0,5068.0,5.0,0.8466899711227391,0.1604952961133013,0.2011834319526627,0.021962312214959,0.0214340406253248
OFR,GOLEM,LightGBM,5,3144dfba3402428e,3.0,5038.0,5.0,0.7788537392072142,0.1423958563715473,0.2285714285714285,0.0225489194703282,0.0204677384311627
OFR,GOLEM,LightGBM,5,384b3564631af1e6,1.0,5101.0,5.0,0.8163471350717589,0.1599416161465933,0.2290076335877862,0.0213794948828532,0.019436171809559
OFR,GOLEM,LightGBM,5,3e020870bd891962,4.0,5039.0,5.0,0.8732005992574419,0.2046930493702119,0.2580645161290322,0.0210178634267139,0.0197457978456266
OFR,GOLEM,LightGBM,5,429ce41c279be13b,2.0,5102.0,5.0,0.8881277547386934,0.2958694086602099,0.3357664233576642,0.0210864544161564,0.0206671573583705
OFR,GOLEM,LightGBM,5,50f5094b3729256e,1.0,5056.0,5.0,0.8796997922863699,0.2021395340585443,0.2818791946308724,0.0214934619962137,0.020448625428955
OFR,GOLEM,LightGBM,5,5142bfb5fccb8993,4.0,5046.0,5.0,0.8026503390725984,0.0892384999751829,0.1716171617161716,0.0231281792320287,0.0222996266445725
OFR,GOLEM,LightGBM,5,5871fa5b6b2a1d1b,4.0,5059.0,5.0,0.8339123260307879,0.1656423073951905,0.2611940298507462,0.0223380501090091,0.0218684693853307
OFR,GOLEM,LightGBM,5,5c45bbe529b17a15,0.0,5055.0,5.0,0.8029651663518393,0.076695748266246,0.1224489795918367,0.02266360958978,0.0213831576194345
OFR,GOLEM,LightGBM,5,77cdf6301e26d050,2.0,5044.0,5.0,0.8316253048758422,0.1423673962299542,0.1909547738693467,0.0222586364794054,0.0199068454513932
OFR,GOLEM,LightGBM,5,7961a1f034afca37,1.0,5065.0,5.0,0.8612082130114134,0.2545962933623645,0.3285714285714285,0.020480118381184,0.0188009855262587
OFR,GOLEM,LightGBM,5,aca8670b571981bb,2.0,5037.0,5.0,0.8373211455370518,0.168995196684402,0.2127659574468085,0.0209952549821154,0.0188944387094855
OFR,GOLEM,LightGBM,5,aca97e0c8e295b6b,1.0,5043.0,5.0,0.7896012911537154,0.1178035852803906,0.1794871794871795,0.022495406626723,0.0205021576975138
OFR,GOLEM,LightGBM,5,bac97b302d8777f9,2.0,5057.0,5.0,0.7335692728575461,0.061243335474088,0.1141304347826086,0.0228462133843817,0.0204134317569808
OFR,GOLEM,LightGBM,5,c19110ac3cbd4076,3.0,5103.0,5.0,0.7941789521679657,0.1343563343754009,0.1188118811881188,0.0215664066331815,0.0198427551720542
OFR,GOLEM,LightGBM,5,d3ba5c68ba244da8,4.0,5104.0,5.0,0.8815996120748927,0.2447777271697938,0.273972602739726,0.0208226973555917,0.0197372139270732
OFR,GOLEM,LightGBM,5,dd569862cc2b7b9e,0.0,5064.0,5.0,0.8489335678253759,0.1505896700349269,0.2348754448398576,0.0218999640266855,0.0209503751308118
OFR,GOLEM,LightGBM,5,eaf78c049d3b8355,0.0,5100.0,5.0,0.7731398050242092,0.1330513414964007,0.2448979591836734,0.0218436263185518,0.0211425072753288
OFR,GOLEM,LightGBM,5,ed9806edde981766,0.0,5035.0,5.0,0.7579159157855121,0.1083029069090165,0.1890909090909091,0.0222655390057419,0.0206796408366173
OFR,GOLEM,LightGBM,5,f60ba5f9f5507569,3.0,5045.0,5.0,0.7825339615404101,0.0932447312018204,0.1628959276018099,0.0220266624075525,0.0192851884950847
OFR,GOLEM,LightGBM,ALL,0d6439d915276699,1.0,39101.0,39.0,0.9270360640076428,0.4585201345332007,0.4661654135338345,0.0167812766291186,0.0164146310481918
OFR,GOLEM,LightGBM,ALL,0e230034ee9400c0,1.0,39065.0,39.0,0.9265982007801928,0.4645050132650132,0.4666666666666667,0.0166860341706159,0.016193052205751
OFR,GOLEM,LightGBM,ALL,16ae155043d4e2e9,1.0,39056.0,39.0,0.9284582148207656,0.4754620099279412,0.5116279069767442,0.0162674258535696,0.0167442527973447
OFR,GOLEM,LightGBM,ALL,1d9e210d3ae0f951,2.0,39044.0,39.0,0.9291964305100202,0.4708139483428248,0.4873949579831932,0.0163944771405651,0.016206147401128
OFR,GOLEM,LightGBM,ALL,367ca39ad3fd1710,2.0,39037.0,39.0,0.9295944879895202,0.4674158533989517,0.4868421052631579,0.0167307941360278,0.01716880649956
OFR,GOLEM,LightGBM,ALL,3c798bd22a6eecaf,3.0,39045.0,39.0,0.9308791280369976,0.4713717530892495,0.4740740740740741,0.0164115632074122,0.0160804485343316
OFR,GOLEM,LightGBM,ALL,4aa3b5ac497009ba,4.0,39046.0,39.0,0.9286174378125656,0.468893370090307,0.4655172413793103,0.0165997846876951,0.0166192961014835
OFR,GOLEM,LightGBM,ALL,546597550a8824c6,0.0,39064.0,39.0,0.930462977035702,0.4659559195452128,0.4545454545454545,0.0166306357075474,0.016929489807999
OFR,GOLEM,LightGBM,ALL,59c906873929a4e2,3.0,39067.0,39.0,0.9269383589899473,0.4586097969827594,0.4666666666666667,0.0167948554772948,0.0168070735682034
OFR,GOLEM,LightGBM,ALL,5e8f89a593fd9b17,1.0,39036.0,39.0,0.9292036679187384,0.4675380412987279,0.4871794871794871,0.0166345274943051,0.016707935478824
OFR,GOLEM,LightGBM,ALL,678505301fb007ca,0.0,39100.0,39.0,0.9272929920171382,0.459538522445498,0.4873949579831932,0.0166258501199201,0.0169161945439
OFR,GOLEM,LightGBM,ALL,6d02bf20f4fb6fd9,4.0,39104.0,39.0,0.9283713659161474,0.4661430113757454,0.4745762711864407,0.0168059672434204,0.0171238559444104
OFR,GOLEM,LightGBM,ALL,73b00061d29cb71a,3.0,39058.0,39.0,0.9266850496848108,0.4656149054846234,0.4768211920529801,0.0166218447189578,0.0164891121387473
OFR,GOLEM,LightGBM,ALL,7710ddd4ae6bd24c,3.0,39038.0,39.0,0.9318996026662614,0.4681298138132398,0.4705882352941176,0.0165109883978896,0.0163259664737742
OFR,GOLEM,LightGBM,ALL,79c41010d8beb1e8,4.0,39068.0,39.0,0.9259178843606836,0.4656000065679092,0.4786324786324786,0.0167474170708579,0.0171181489566389
OFR,GOLEM,LightGBM,ALL,8eaeef9fb7d75f7d,4.0,39059.0,39.0,0.9291023441966838,0.4701172854957107,0.4832214765100671,0.0165136914158759,0.016513656286656
OFR,GOLEM,LightGBM,ALL,a5eabf228f6767e3,0.0,39035.0,39.0,0.9280384451151108,0.4674197554868463,0.4545454545454545,0.0166585435635454,0.0162697075555195
OFR,GOLEM,LightGBM,ALL,ab64c693b4ea0586,0.0,39042.0,39.0,0.9310021639852069,0.4777021500948354,0.4473684210526316,0.0165525702082708,0.0162668063710219
OFR,GOLEM,LightGBM,ALL,b85e6785c2530b23,2.0,39057.0,39.0,0.92764400633997,0.4647751211150416,0.4810126582278481,0.0168262930974225,0.0168406023041291
OFR,GOLEM,LightGBM,ALL,c5f4421a578aa965,2.0,39066.0,39.0,0.9300287325126112,0.4712647679072693,0.4827586206896552,0.0163937142581141,0.0169367776060097
OFR,GOLEM,LightGBM,ALL,cf8c6a7cd42c054d,0.0,39055.0,39.0,0.9272785171997018,0.4801118365084038,0.4827586206896552,0.0162328924453126,0.0158600984374783
OFR,GOLEM,LightGBM,ALL,d271b05ffbaa8614,3.0,39103.0,39.0,0.9325039262942296,0.4589249178012465,0.4736842105263157,0.0166878129045805,0.0168181767920077
OFR,GOLEM,LightGBM,ALL,e4f41ddc9d566d0c,4.0,39039.0,39.0,0.9281687184720384,0.4722294945541213,0.5038167938931297,0.0168113414358641,0.0167910578660221
OFR,GOLEM,LightGBM,ALL,ea6ea53db4234885,2.0,39102.0,39.0,0.9297211426420884,0.4621877683782314,0.4666666666666667,0.0165598307001397,0.0164752557341699
OFR,GOLEM,LightGBM,ALL,ebd1c0ed3bae0083,1.0,39043.0,39.0,0.9305100201923704,0.4707769172815054,0.4897959183673469,0.0166509253213056,0.0167377394290028
OFR,GOLEM,Logit,10,0cf0b651ed560298,0.0,10064.0,10.0,0.6896888637992052,0.0411554227117415,0.0702402957486136,0.0220687585620696,0.0039990189915789
OFR,GOLEM,Logit,10,1a1057a3cbad6b3d,4.0,10104.0,10.0,0.9133428867128416,0.2191599867767645,0.327485380116959,0.0200034361646002,0.0179956305775335
OFR,GOLEM,Logit,10,20917f6323ea026e,3.0,10038.0,10.0,0.7710120068610635,0.0601463930962754,0.12,0.0211311315888767,0.0014583190260587
OFR,GOLEM,Logit,10,21fe084452e99379,0.0,10055.0,10.0,0.7320204673918551,0.0533721867302551,0.0813559322033898,0.0215814637889461,0.0032702412400764
OFR,GOLEM,Logit,10,2712b5a02d4f84ed,1.0,10043.0,10.0,0.7617843107453807,0.0582377110116946,0.0859375,0.0220397706109076,0.0030131282312291
OFR,GOLEM,Logit,10,39c5f3ca29bd1ebb,2.0,10037.0,10.0,0.910874930339941,0.2342463650887068,0.3558282208588957,0.0205633066911991,0.014918966341641
OFR,GOLEM,Logit,10,614af7542e3d5e04,3.0,10103.0,10.0,0.5632368586751199,0.0247576059255394,0.0526096033402922,0.0216381302641911,0.001408607297942
OFR,GOLEM,Logit,10,65101b40768f2c90,2.0,10102.0,10.0,0.8911891786264845,0.2109395062363873,0.3246073298429319,0.0201283763365484,0.0098804665409239
OFR,GOLEM,Logit,10,66fa84e6e8b03cdd,0.0,10035.0,10.0,0.6845503036092958,0.03968119939004,0.0557768924302788,0.0214818161940817,0.0006711485818378
OFR,GOLEM,Logit,10,69ccb1bb215e2366,3.0,10045.0,10.0,0.7808585014221509,0.0602976145553815,0.103542234332425,0.0211985622495812,0.0031658658715177
OFR,GOLEM,Logit,10,974ae32b7cdd9c13,2.0,10044.0,10.0,0.7617083179538399,0.0581019059248424,0.1031746031746031,0.0213061765315937,0.0021172444783675
OFR,GOLEM,Logit,10,98536d19f8000ff3,0.0,10100.0,10.0,0.9040862409622858,0.2013729398391592,0.3417085427135678,0.0194167129979835,0.0098702404496877
OFR,GOLEM,Logit,10,adae04d1018982ef,1.0,10056.0,10.0,0.7858921191856468,0.0714973036153325,0.1290322580645161,0.0210523352858579,0.0010590848024273
OFR,GOLEM,Logit,10,adf1eb73cd2fc71d,0.0,10042.0,10.0,0.8246882486194643,0.0826771661253209,0.1780821917808219,0.0216272205536246,0.0024755167792527
OFR,GOLEM,Logit,10,af9bdb464ddf5bd4,4.0,10068.0,10.0,0.7635466197682582,0.0629734711129808,0.1215189873417721,0.0216275710464058,0.0025419387551584
OFR,GOLEM,Logit,10,b55edf23207de50f,1.0,10065.0,10.0,0.9203667918738374,0.2974633868204905,0.3905325443786982,0.0187025749467079,0.010899083116297
OFR,GOLEM,Logit,10,ba0c21c4033772ea,2.0,10057.0,10.0,0.8135788262370541,0.0837320819647698,0.1422924901185771,0.020872890113538,0.001353339256164
OFR,GOLEM,Logit,10,c93016cbcaeff827,2.0,10066.0,10.0,0.7777464156733324,0.060177377876099,0.1146131805157593,0.0212864069870479,0.0023460975765762
OFR,GOLEM,Logit,10,d4cad3dd4f4a7441,3.0,10067.0,10.0,0.7970630595421615,0.0911913963466243,0.1648351648351648,0.0221509014009194,0.003413196541404
OFR,GOLEM,Logit,10,dca19e67ffebbb6b,4.0,10059.0,10.0,0.7133298593771485,0.05081794502367,0.0840336134453781,0.0215077352847197,0.0014972416444515
OFR,GOLEM,Logit,10,e644700d3425612c,1.0,10101.0,10.0,0.9164151667137098,0.3021365821159222,0.3309352517985611,0.0187617856166292,0.0132408273443393
OFR,GOLEM,Logit,10,e94cdaef7ad416ba,4.0,10046.0,10.0,0.6738099890715128,0.0404018596747923,0.0634920634920634,0.0218086405650109,0.0017699574005077
OFR,GOLEM,Logit,10,ee21ac18ec2409c1,4.0,10039.0,10.0,0.7917580389517337,0.0734738134632036,0.102127659574468,0.0215362567116358,0.0017637526535666
OFR,GOLEM,Logit,10,f5e04c1c24772c4c,3.0,10058.0,10.0,0.7104023275506438,0.0483417772896683,0.0958083832335329,0.0213770290694416,0.0052347948660496
OFR,GOLEM,Logit,10,ffdaabb05d4db37b,1.0,10036.0,10.0,0.7606227066461123,0.0696435727044819,0.0853658536585365,0.0210993836542387,0.0005402192245624
OFR,GOLEM,Logit,20,0ac9af1d42ea9497,0.0,20064.0,20.0,0.915434497832396,0.2463260996931061,0.256,0.0192833556413429,0.0100249816847611
OFR,GOLEM,Logit,20,0b5dd9862876bf8d,3.0,20038.0,20.0,0.9181449073973554,0.2381317532712594,0.2517482517482518,0.0193405880972759,0.0117899555262205
OFR,GOLEM,Logit,20,1a6f4b8259eeee98,0.0,20042.0,20.0,0.8255675937787235,0.1142757930935077,0.2133333333333333,0.0213010486581287,0.008173347284973
OFR,GOLEM,Logit,20,2ec1a880b786996a,1.0,20101.0,20.0,0.9141064333326095,0.2260510558937968,0.3205128205128205,0.0202370066339684,0.0081750890524449
OFR,GOLEM,Logit,20,30641ffb953b7c44,0.0,20055.0,20.0,0.9119894912825413,0.2220566169555816,0.294478527607362,0.019634639108722,0.0108260179114578
OFR,GOLEM,Logit,20,30bc87bd0cca19f9,0.0,20035.0,20.0,0.9056241903148996,0.2551963847637172,0.3846153846153846,0.0202991129710743,0.0117704907405962
OFR,GOLEM,Logit,20,31fe7d76b8c78dd8,1.0,20043.0,20.0,0.9153404115190598,0.2421284594788501,0.326797385620915,0.0193213427279437,0.0086141229431187
OFR,GOLEM,Logit,20,6fd3d5e499c8eb44,1.0,20036.0,20.0,0.8094317910415355,0.0954998793876231,0.1834319526627219,0.0216406617819109,0.006125543059276
OFR,GOLEM,Logit,20,7095aac83b7717b6,3.0,20058.0,20.0,0.7736428049301228,0.0605686905312133,0.1091954022988505,0.0212944055728653,0.0022537595712417
OFR,GOLEM,Logit,20,72c61f00f04c9cf0,4.0,20104.0,20.0,0.8978946378038807,0.209509275581094,0.3186813186813186,0.0201862969974946,0.0084883157105489
OFR,GOLEM,Logit,20,9f6f4d5948b1c477,2.0,20037.0,20.0,0.9054975356623316,0.2083366952272653,0.3209876543209876,0.0200961333852177,0.0081147426361879
OFR,GOLEM,Logit,20,a39f214dacaacf62,1.0,20065.0,20.0,0.9031526152376405,0.2039829289083302,0.3414634146341463,0.0201039557242365,0.0089758126749572
OFR,GOLEM,Logit,20,a41c31e2840fe010,2.0,20066.0,20.0,0.7810611488662599,0.0715780101255905,0.1428571428571428,0.0211578597605719,0.0023926514972669
OFR,GOLEM,Logit,20,a477f5e3ffc1ca4f,0.0,20100.0,20.0,0.78094173162241,0.0653480199513607,0.1234567901234567,0.0214522666650661,0.0032688183447502
OFR,GOLEM,Logit,20,a8ef1e02f43ee04e,3.0,20067.0,20.0,0.9160496775734416,0.2341504252417945,0.3666666666666666,0.0194000105186671,0.0093101395361572
OFR,GOLEM,Logit,20,bfec2fb7f33f94c4,2.0,20102.0,20.0,0.9156805697288144,0.2358720385069305,0.3515151515151515,0.0195340815497529,0.0097652923018482
OFR,GOLEM,Logit,20,c732b782d7049c8a,3.0,20103.0,20.0,0.7838041267704511,0.0753145412351843,0.1428571428571428,0.0218029348532482,0.0021200424881691
OFR,GOLEM,Logit,20,d51bc55a953a7c6a,4.0,20068.0,20.0,0.7945118729690022,0.0820556571885903,0.1349206349206349,0.021713275335101,0.0051754460553649
OFR,GOLEM,Logit,20,d7fa05d80f4762fd,4.0,20059.0,20.0,0.8083896041861172,0.079235496241671,0.1111111111111111,0.0216166879599845,0.0020991938353535
OFR,GOLEM,Logit,20,db8c9b1344241359,1.0,20056.0,20.0,0.9064999167697996,0.2061623943515321,0.2913907284768212,0.0194992265827459,0.0079072747910585
OFR,GOLEM,Logit,20,dcec269e0c0cd404,4.0,20046.0,20.0,0.7814845372762735,0.0703300983171993,0.1387900355871886,0.0216968291754646,0.002287631365427
OFR,GOLEM,Logit,20,dd105a8030aa3395,2.0,20057.0,20.0,0.8130685889224223,0.1113356117294471,0.1276595744680851,0.0216435652034999,0.0096307116300849
OFR,GOLEM,Logit,20,f04d2aa5d1002b1c,3.0,20045.0,20.0,0.80937389177179,0.0844973653652704,0.1491228070175438,0.0217349859064861,0.0028422151291131
OFR,GOLEM,Logit,20,f0781f8e02a7f8d3,4.0,20039.0,20.0,0.9184923030158284,0.244982532298457,0.1578947368421052,0.0193580260963738,0.0109204343019417
OFR,GOLEM,Logit,20,f3dc95c834e99bbb,2.0,20044.0,20.0,0.7859717306815468,0.0706336814246367,0.1311475409836065,0.0212886779378993,0.0017405937237753
OFR,GOLEM,Logit,30,02ac73124323aa53,3.0,30103.0,30.0,0.8315565494930194,0.1204091735566133,0.201058201058201,0.0218857011777639,0.0089379847113805
OFR,GOLEM,Logit,30,0d37bdc5c0a41b53,0.0,30042.0,30.0,0.9143778361595416,0.2466527217898084,0.3461538461538461,0.0193813359596665,0.0079789720784185
OFR,GOLEM,Logit,30,1248088e4ccb9d57,1.0,30043.0,30.0,0.832605973757156,0.1171310836036478,0.2133333333333333,0.0212637472198701,0.0050641350334209
OFR,GOLEM,Logit,30,2cf5ea26588c2ebc,2.0,30057.0,30.0,0.894811501689935,0.1991452176041534,0.3221476510067114,0.0199476187309977,0.0067833713035913
OFR,GOLEM,Logit,30,3610efdb0d63d746,2.0,30044.0,30.0,0.9056748521759268,0.2162659283015445,0.327683615819209,0.0200789960361822,0.0076390190691083
OFR,GOLEM,Logit,30,45c3b6d7371bbb17,4.0,30039.0,30.0,0.915666094911378,0.225416628023166,0.3,0.0201588529058407,0.0097838627762503
OFR,GOLEM,Logit,30,55c4546a861b2772,0.0,30064.0,30.0,0.9119460668302322,0.2394214266799995,0.3246753246753247,0.0196262979202853,0.007798072596748
OFR,GOLEM,Logit,30,5b633eb261aa96c0,0.0,30100.0,30.0,0.8314697005884013,0.1001264486818387,0.1589958158995816,0.0211513707719094,0.0023989018179438
OFR,GOLEM,Logit,30,6133a5bff7718d90,3.0,30038.0,30.0,0.913125764451296,0.2375863492856661,0.3116883116883117,0.0193304598100868,0.0095597887826168
OFR,GOLEM,Logit,30,6441ede1135d13f1,1.0,30101.0,30.0,0.901317932127581,0.227465042101339,0.3259259259259259,0.0199527004443945,0.0097058526194111
OFR,GOLEM,Logit,30,6508517991e2b423,3.0,30058.0,30.0,0.834111354770538,0.1339397190819477,0.2323232323232323,0.021245764750828,0.0074444597659234
OFR,GOLEM,Logit,30,82e4649598e44970,2.0,30102.0,30.0,0.9049185429648768,0.2012180761584931,0.304635761589404,0.0204967232536184,0.0071544026462352
OFR,GOLEM,Logit,30,8cbb60b69e53d532,1.0,30056.0,30.0,0.9147397065954506,0.2357306423273103,0.3575418994413408,0.0197238862844581,0.0085607447960442
OFR,GOLEM,Logit,30,ac81007dae49f3e7,2.0,30037.0,30.0,0.9143163181854368,0.2404139061730025,0.2748091603053435,0.0195382412143934,0.0076311207213193
OFR,GOLEM,Logit,30,b40efe9ea2f39bc0,1.0,30036.0,30.0,0.9198601732635646,0.2508421468611737,0.3333333333333333,0.0197397135016005,0.0092179071954509
OFR,GOLEM,Logit,30,bfc063949511512d,4.0,30059.0,30.0,0.9176274326740054,0.2503536312690652,0.2748091603053435,0.0187657478215325,0.0074571166958794
OFR,GOLEM,Logit,30,c0ec35ae159daee3,4.0,30046.0,30.0,0.9170231090460372,0.2499694463441592,0.3529411764705882,0.0197232516231662,0.0104697461908744
OFR,GOLEM,Logit,30,d5f63f9dfc151a60,4.0,30068.0,30.0,0.7814049257803736,0.0696163553652328,0.1356673960612691,0.0217380737031949,0.002089091045685
OFR,GOLEM,Logit,30,dbfddca79649f619,0.0,30055.0,30.0,0.9129484479377004,0.2509487304007349,0.326797385620915,0.0195482275255211,0.0085200485865063
OFR,GOLEM,Logit,30,e0a49ca25bc97165,3.0,30067.0,30.0,0.9119134984910002,0.2384270199897288,0.326797385620915,0.0199262593586083,0.0084476707034803
OFR,GOLEM,Logit,30,e22005fe24c5be58,1.0,30065.0,30.0,0.9090728155691136,0.2377732281993016,0.2647058823529412,0.0197871570156626,0.00659053515954
OFR,GOLEM,Logit,30,e842280f12f38c4f,0.0,30035.0,30.0,0.9138133182795232,0.233430861158752,0.3435582822085889,0.0196728829993969,0.008205182278864
OFR,GOLEM,Logit,30,f42bdb586710ee03,2.0,30066.0,30.0,0.9209819716148828,0.2420115288746539,0.3150684931506849,0.0194468015114801,0.0083965405059249
OFR,GOLEM,Logit,30,f6db519c961958d0,3.0,30045.0,30.0,0.9170810083157824,0.2557817792419921,0.3355704697986577,0.0190690554634256,0.0080778756128315
OFR,GOLEM,Logit,30,fee1794651b0ff7f,4.0,30104.0,30.0,0.842238964761057,0.1362901117839061,0.2234636871508379,0.0213802783751256,0.0071620179681601
OFR,GOLEM,Logit,40,11216e701a46e821,1.0,39056.0,39.0,0.915749325111637,0.2451972759753078,0.3216783216783216,0.0192770278080639,0.0085299995420973
OFR,GOLEM,Logit,40,119e80ec100183a1,2.0,39037.0,39.0,0.915387454675728,0.2432866098823321,0.323943661971831,0.0193022301531165,0.0083493880717966
OFR,GOLEM,Logit,40,177964baed2325fd,3.0,39067.0,39.0,0.9154272604236778,0.2446336221855718,0.323943661971831,0.0192925143265613,0.007992493779668
OFR,GOLEM,Logit,40,2f47575560684a30,4.0,39068.0,39.0,0.9157637999290734,0.2446635192881516,0.323943661971831,0.0192871263528986,0.0087420458555006
OFR,GOLEM,Logit,40,35ae5e2e7e979ad0,3.0,39058.0,39.0,0.9156733323200962,0.2454178031022734,0.3216783216783216,0.0192944601744655,0.0078268776175194
OFR,GOLEM,Logit,40,55aa4a75bc3031d7,3.0,39103.0,39.0,0.915391073380087,0.2430135544299791,0.3194444444444444,0.0193254535743621,0.0082969386126463
OFR,GOLEM,Logit,40,56c05e712d0da73d,0.0,39064.0,39.0,0.9155611524849644,0.2445646780096519,0.3216783216783216,0.0192741887129018,0.0084765847269965
OFR,GOLEM,Logit,40,5715129bd36a85dd,3.0,39045.0,39.0,0.915673332320096,0.2433420289757193,0.3172413793103448,0.0193119747304548,0.0083769484324403
OFR,GOLEM,Logit,40,5fce00ea97a656ff,2.0,39102.0,39.0,0.9152933683623916,0.2437313318167932,0.3216783216783216,0.0193024846355183,0.0081781622455395
OFR,GOLEM,Logit,40,71034d579bbbbaf0,2.0,39057.0,39.0,0.9157963682683052,0.2440150626953748,0.3172413793103448,0.0193061778025736,0.0083469142817305
OFR,GOLEM,Logit,40,71b4e9350f9d5f6a,3.0,39038.0,39.0,0.9157637999290732,0.2431119731980135,0.3194444444444444,0.0193187350834981,0.0079222619607283
OFR,GOLEM,Logit,40,8b8ea73d27dccdbb,1.0,39101.0,39.0,0.9158759797642052,0.2434177882888921,0.323943661971831,0.0193135116479104,0.00886454263433
OFR,GOLEM,Logit,40,8deb172ce22915e5,0.0,39100.0,39.0,0.9152788935449552,0.2437206829602913,0.3194444444444444,0.0193050475326415,0.0082783291427394
OFR,GOLEM,Logit,40,98409814f39fad16,4.0,39046.0,39.0,0.9155249654413732,0.2434473662406452,0.323943661971831,0.0193096309182945,0.0078075372819217
OFR,GOLEM,Logit,40,9c633845ff42fd7e,2.0,39044.0,39.0,0.9154200230149598,0.2431790475450998,0.3194444444444444,0.0193077033184638,0.0082112241791568
OFR,GOLEM,Logit,40,a6f465992ad87093,1.0,39036.0,39.0,0.9156480013895824,0.244100018663587,0.3216783216783216,0.0192976170180247,0.0088094522605117
OFR,GOLEM,Logit,40,a76afb14f5fa3202,1.0,39065.0,39.0,0.9153440302234188,0.2445686138566862,0.3216783216783216,0.0192778763987416,0.0082765833246914
OFR,GOLEM,Logit,40,ae26530276a38e21,1.0,39043.0,39.0,0.9155032532152187,0.2444672925458657,0.3216783216783216,0.0192728700189466,0.0080604623162434
OFR,GOLEM,Logit,40,be2c65a50ac9c1df,2.0,39066.0,39.0,0.9156516200939416,0.2445431229337369,0.3216783216783216,0.0192911770847278,0.0084748614245287
OFR,GOLEM,Logit,40,c808eb418a730801,0.0,39042.0,39.0,0.9155756273024006,0.2428764061429856,0.3172413793103448,0.0193112981742082,0.0082242786549255
OFR,GOLEM,Logit,40,cab1c4d6241d0a95,4.0,39104.0,39.0,0.9156226704590688,0.2438138414296849,0.3216783216783216,0.0193056953601713,0.0083256510021177
OFR,GOLEM,Logit,40,d04ef78027c32322,0.0,39055.0,39.0,0.9152463252057236,0.2438064480469618,0.3216783216783216,0.0193073481421481,0.0083505380562529
OFR,GOLEM,Logit,40,dc0485e8e303dc12,4.0,39039.0,39.0,0.9156045769372734,0.2434575414047046,0.3216783216783216,0.0193074271894015,0.0086781679832341
OFR,GOLEM,Logit,40,e2568c76ea96202f,4.0,39059.0,39.0,0.9155792460067598,0.244395790063082,0.323943661971831,0.0192820887854134,0.0085317501013723
OFR,GOLEM,Logit,40,e4fbaa2e50e01735,0.0,39035.0,39.0,0.9154923971021416,0.2445140720233409,0.3216783216783216,0.0193023239106632,0.0083212450155389
OFR,GOLEM,Logit,5,0c8b526083c42711,0.0,5042.0,5.0,0.6985185024353879,0.0475282514119415,0.0998003992015968,0.0214113896626835,0.0034823533108953
OFR,GOLEM,Logit,5,0d500861b9458f12,3.0,5058.0,5.0,0.7572319806616439,0.056314051053265,0.1129032258064516,0.0213016044279335,0.000717502014748
OFR,GOLEM,Logit,5,15e2cc51a94a540c,3.0,5067.0,5.0,0.6762417584008221,0.0383084058945601,0.0461718293395675,0.021702948757801,0.0016105102111066
OFR,GOLEM,Logit,5,222e90f43b15c0a1,2.0,5066.0,5.0,0.7093818529213801,0.0442529590897785,0.102112676056338,0.0217546499886399,0.0028945215349352
OFR,GOLEM,Logit,5,280639a75bd0bd9e,1.0,5036.0,5.0,0.661249466241107,0.0386544597093804,0.0751565762004175,0.0214614742098911,0.0012378330413984
OFR,GOLEM,Logit,5,2acd2003382702d1,4.0,5068.0,5.0,0.7242692026546816,0.0524142201764726,0.0901408450704225,0.0213141572381625,0.0019936516689452
OFR,GOLEM,Logit,5,3144dfba3402428e,3.0,5038.0,5.0,0.6743347012035811,0.0379850604885135,0.0527472527472527,0.0217245890822181,0.0030254890039932
OFR,GOLEM,Logit,5,384b3564631af1e6,1.0,5101.0,5.0,0.7772217035412642,0.0579786699696385,0.0978593272171253,0.0211644775032191,0.001275462190466
OFR,GOLEM,Logit,5,3e020870bd891962,4.0,5039.0,5.0,0.687571921749137,0.0387554425380242,0.0558436378141204,0.0215826799234457,0.0012245439288065
OFR,GOLEM,Logit,5,429ce41c279be13b,2.0,5102.0,5.0,0.9074769669467544,0.2584088341484253,0.3777777777777777,0.0194654694585418,0.01286404320125
OFR,GOLEM,Logit,5,50f5094b3729256e,1.0,5056.0,5.0,0.6196633157464302,0.028096580982934,0.0539419087136929,0.021637446753203,0.001131832367302
OFR,GOLEM,Logit,5,5142bfb5fccb8993,4.0,5046.0,5.0,0.7639519146564764,0.0589439740200901,0.1286549707602339,0.021244272973973,0.000780576544829
OFR,GOLEM,Logit,5,5871fa5b6b2a1d1b,4.0,5059.0,5.0,0.7830948607160693,0.0571141600094,0.056768558951965,0.021527045367329,0.0007423238247991
OFR,GOLEM,Logit,5,5c45bbe529b17a15,0.0,5055.0,5.0,0.6627693220719253,0.0376184967459142,0.0679824561403508,0.0215064743747046,0.0012584268261743
OFR,GOLEM,Logit,5,77cdf6301e26d050,2.0,5044.0,5.0,0.684362130982623,0.0358130719346435,0.069634703196347,0.0217469428003108,0.0021456445116409
OFR,GOLEM,Logit,5,7961a1f034afca37,1.0,5065.0,5.0,0.905312981740018,0.2176248956276313,0.1864406779661017,0.0194572983151854,0.0125986939673579
OFR,GOLEM,Logit,5,aca8670b571981bb,2.0,5037.0,5.0,0.7144046145717987,0.0587377802981353,0.0890207715133531,0.021340557376909,0.0027716678971432
OFR,GOLEM,Logit,5,aca97e0c8e295b6b,1.0,5043.0,5.0,0.5942346802150957,0.0274495055233798,0.0432758148452478,0.0216148325682439,0.0008627130364269
OFR,GOLEM,Logit,5,bac97b302d8777f9,2.0,5057.0,5.0,0.6919686475454329,0.0404643818818702,0.0747126436781609,0.0214152155731167,0.0020186566566475
OFR,GOLEM,Logit,5,c19110ac3cbd4076,3.0,5103.0,5.0,0.695500502999906,0.0380792259040784,0.0532757379409647,0.021663000438328,0.0014102827233466
OFR,GOLEM,Logit,5,d3ba5c68ba244da8,4.0,5104.0,5.0,0.7823023644614282,0.0610353891198894,0.1124260355029585,0.0211487402015149,0.0027069177778944
OFR,GOLEM,Logit,5,dd569862cc2b7b9e,0.0,5064.0,5.0,0.6855092602644549,0.0437631664894861,0.0732394366197183,0.0216732962892109,0.0013836040602481
OFR,GOLEM,Logit,5,eaf78c049d3b8355,0.0,5100.0,5.0,0.702842854144502,0.0455821448725176,0.0516660426806439,0.0218074632700785,0.0014526757722871
OFR,GOLEM,Logit,5,ed9806edde981766,0.0,5035.0,5.0,0.6834900232320821,0.0398651141462332,0.029520295202952,0.0216829351175977,0.0028609103674134
OFR,GOLEM,Logit,5,f60ba5f9f5507569,3.0,5045.0,5.0,0.7875350109646743,0.0636814481119867,0.1052631578947368,0.021091954772745,0.0003481085821083
OFR,GOLEM,Logit,ALL,0d6439d915276699,1.0,39101.0,39.0,0.9158759797642052,0.2434177882888921,0.323943661971831,0.0193135116479104,0.00886454263433
OFR,GOLEM,Logit,ALL,0e230034ee9400c0,1.0,39065.0,39.0,0.9153440302234188,0.2445686138566862,0.3216783216783216,0.0192778763987416,0.0082765833246914
OFR,GOLEM,Logit,ALL,16ae155043d4e2e9,1.0,39056.0,39.0,0.915749325111637,0.2451972759753078,0.3216783216783216,0.0192770278080639,0.0085299995420973
OFR,GOLEM,Logit,ALL,1d9e210d3ae0f951,2.0,39044.0,39.0,0.9154200230149598,0.2431790475450998,0.3194444444444444,0.0193077033184638,0.0082112241791568
OFR,GOLEM,Logit,ALL,367ca39ad3fd1710,2.0,39037.0,39.0,0.915387454675728,0.2432866098823321,0.323943661971831,0.0193022301531165,0.0083493880717966
OFR,GOLEM,Logit,ALL,3c798bd22a6eecaf,3.0,39045.0,39.0,0.915673332320096,0.2433420289757193,0.3172413793103448,0.0193119747304548,0.0083769484324403
OFR,GOLEM,Logit,ALL,4aa3b5ac497009ba,4.0,39046.0,39.0,0.9155249654413732,0.2434473662406452,0.323943661971831,0.0193096309182945,0.0078075372819217
OFR,GOLEM,Logit,ALL,546597550a8824c6,0.0,39064.0,39.0,0.9155611524849644,0.2445646780096519,0.3216783216783216,0.0192741887129018,0.0084765847269965
OFR,GOLEM,Logit,ALL,59c906873929a4e2,3.0,39067.0,39.0,0.9154272604236778,0.2446336221855718,0.323943661971831,0.0192925143265613,0.007992493779668
OFR,GOLEM,Logit,ALL,5e8f89a593fd9b17,1.0,39036.0,39.0,0.9156480013895824,0.244100018663587,0.3216783216783216,0.0192976170180247,0.0088094522605117
OFR,GOLEM,Logit,ALL,678505301fb007ca,0.0,39100.0,39.0,0.9152788935449552,0.2437206829602913,0.3194444444444444,0.0193050475326415,0.0082783291427394
OFR,GOLEM,Logit,ALL,6d02bf20f4fb6fd9,4.0,39104.0,39.0,0.9156226704590688,0.2438138414296849,0.3216783216783216,0.0193056953601713,0.0083256510021177
OFR,GOLEM,Logit,ALL,73b00061d29cb71a,3.0,39058.0,39.0,0.9156733323200962,0.2454178031022734,0.3216783216783216,0.0192944601744655,0.0078268776175194
OFR,GOLEM,Logit,ALL,7710ddd4ae6bd24c,3.0,39038.0,39.0,0.9157637999290732,0.2431119731980135,0.3194444444444444,0.0193187350834981,0.0079222619607283
OFR,GOLEM,Logit,ALL,79c41010d8beb1e8,4.0,39068.0,39.0,0.9157637999290734,0.2446635192881516,0.323943661971831,0.0192871263528986,0.0087420458555006
OFR,GOLEM,Logit,ALL,8eaeef9fb7d75f7d,4.0,39059.0,39.0,0.9155792460067598,0.244395790063082,0.323943661971831,0.0192820887854134,0.0085317501013723
OFR,GOLEM,Logit,ALL,a5eabf228f6767e3,0.0,39035.0,39.0,0.9154923971021416,0.2445140720233409,0.3216783216783216,0.0193023239106632,0.0083212450155389
OFR,GOLEM,Logit,ALL,ab64c693b4ea0586,0.0,39042.0,39.0,0.9155756273024006,0.2428764061429856,0.3172413793103448,0.0193112981742082,0.0082242786549255
OFR,GOLEM,Logit,ALL,b85e6785c2530b23,2.0,39057.0,39.0,0.9157963682683052,0.2440150626953748,0.3172413793103448,0.0193061778025736,0.0083469142817305
OFR,GOLEM,Logit,ALL,c5f4421a578aa965,2.0,39066.0,39.0,0.9156516200939416,0.2445431229337369,0.3216783216783216,0.0192911770847278,0.0084748614245287
OFR,GOLEM,Logit,ALL,cf8c6a7cd42c054d,0.0,39055.0,39.0,0.9152463252057236,0.2438064480469618,0.3216783216783216,0.0193073481421481,0.0083505380562529
OFR,GOLEM,Logit,ALL,d271b05ffbaa8614,3.0,39103.0,39.0,0.915391073380087,0.2430135544299791,0.3194444444444444,0.0193254535743621,0.0082969386126463
OFR,GOLEM,Logit,ALL,e4f41ddc9d566d0c,4.0,39039.0,39.0,0.9156045769372734,0.2434575414047046,0.3216783216783216,0.0193074271894015,0.0086781679832341
OFR,GOLEM,Logit,ALL,ea6ea53db4234885,2.0,39102.0,39.0,0.9152933683623916,0.2437313318167932,0.3216783216783216,0.0193024846355183,0.0081781622455395
OFR,GOLEM,Logit,ALL,ebd1c0ed3bae0083,1.0,39043.0,39.0,0.9155032532152187,0.2444672925458657,0.3216783216783216,0.0192728700189466,0.0080604623162434
OFR,GOLEM,RF,10,0cf0b651ed560298,0.0,10064.0,10.0,0.8805320942889607,0.2460515008402102,0.2941176470588235,0.0188159530332681,0.0030002795638803
OFR,GOLEM,RF,10,1a1057a3cbad6b3d,4.0,10104.0,10.0,0.9214759247598988,0.4125130783094629,0.3763440860215054,0.0162886429969248,0.0061319541515236
OFR,GOLEM,RF,10,20917f6323ea026e,3.0,10038.0,10.0,0.8015412061865369,0.1206944299154499,0.2,0.0207285009784735,0.0072462957785854
OFR,GOLEM,RF,10,21fe084452e99379,0.0,10055.0,10.0,0.8196691056734047,0.1993862819605266,0.2409638554216867,0.019657752306402,0.0054386357282639
OFR,GOLEM,RF,10,2712b5a02d4f84ed,1.0,10043.0,10.0,0.8637394967105977,0.2430629641663562,0.2598870056497175,0.0190354721833939,0.0064853228962818
OFR,GOLEM,RF,10,39c5f3ca29bd1ebb,2.0,10037.0,10.0,0.8770635661607717,0.3402943305666981,0.3370786516853932,0.0176485479452054,0.0078020687727145
OFR,GOLEM,RF,10,614af7542e3d5e04,3.0,10103.0,10.0,0.8862351723588886,0.3401162247442417,0.3974358974358974,0.01742541571149,0.0042683813251327
OFR,GOLEM,RF,10,65101b40768f2c90,2.0,10102.0,10.0,0.9041423308798516,0.3776881218177684,0.3529411764705882,0.0170810388593793,0.0060894604417109
OFR,GOLEM,RF,10,66fa84e6e8b03cdd,0.0,10035.0,10.0,0.8938724479087508,0.253460400950539,0.3482587064676617,0.0185542331562762,0.0031551579535923
OFR,GOLEM,RF,10,69ccb1bb215e2366,3.0,10045.0,10.0,0.8621237452142635,0.2669154239768042,0.3076923076923077,0.0185250656975118,0.0086933184232597
OFR,GOLEM,RF,10,974ae32b7cdd9c13,2.0,10044.0,10.0,0.8870837585310956,0.3039890435282132,0.3451327433628318,0.0181549264746994,0.005875873637126
OFR,GOLEM,RF,10,98536d19f8000ff3,0.0,10100.0,10.0,0.9132632752169412,0.4216789844012549,0.3963963963963964,0.0162131227285434,0.0047822197372099
OFR,GOLEM,RF,10,adae04d1018982ef,1.0,10056.0,10.0,0.8679118628366299,0.243171123737862,0.2957746478873239,0.0187062219737209,0.0051456527816606
OFR,GOLEM,RF,10,adf1eb73cd2fc71d,0.0,10042.0,10.0,0.898797504541474,0.333302259243904,0.375,0.0173848006709533,0.0035772994129158
OFR,GOLEM,RF,10,af9bdb464ddf5bd4,4.0,10068.0,10.0,0.8640525146376592,0.2395357575011801,0.2777777777777778,0.0189560257198769,0.0059927313391109
OFR,GOLEM,RF,10,b55edf23207de50f,1.0,10065.0,10.0,0.909780272271316,0.3784707126034773,0.3559322033898305,0.0169400525580095,0.0051428571428571
OFR,GOLEM,RF,10,ba0c21c4033772ea,2.0,10057.0,10.0,0.881152702086545,0.3180693929388468,0.3026315789473684,0.0179204238188426,0.0085294939893765
OFR,GOLEM,RF,10,c93016cbcaeff827,2.0,10066.0,10.0,0.8569978504896107,0.1624214915220501,0.1884057971014492,0.0202545283757338,0.0077763488957226
OFR,GOLEM,RF,10,d4cad3dd4f4a7441,3.0,10067.0,10.0,0.8711705061119915,0.1927468780550872,0.2884615384615384,0.0196869633771316,0.0065155157953592
OFR,GOLEM,RF,10,dca19e67ffebbb6b,4.0,10059.0,10.0,0.8647454965224252,0.2694341247118795,0.3386243386243386,0.0185602941012021,0.0042711769639362
OFR,GOLEM,RF,10,e644700d3425612c,1.0,10101.0,10.0,0.9215103024513104,0.3359851463508964,0.3819095477386934,0.0176126351691361,0.0060469667318982
OFR,GOLEM,RF,10,e94cdaef7ad416ba,4.0,10046.0,10.0,0.8645862735306251,0.30443386695611,0.3809523809523809,0.0179775935141179,0.0061039977634889
OFR,GOLEM,RF,10,ee21ac18ec2409c1,4.0,10039.0,10.0,0.8644921872172887,0.2113314044977917,0.2568807339449541,0.0193668593793681,0.0076007827788649
OFR,GOLEM,RF,10,f5e04c1c24772c4c,3.0,10058.0,10.0,0.8226454900087574,0.2118161656253379,0.2570281124497992,0.0194809393346379,0.0048454011741682
OFR,GOLEM,RF,10,ffdaabb05d4db37b,1.0,10036.0,10.0,0.9087579882898726,0.3555372408437092,0.3714285714285714,0.0172558870561923,0.0051098686049762
OFR,GOLEM,RF,20,0ac9af1d42ea9497,0.0,20064.0,20.0,0.9250204456796288,0.3445884716207433,0.3973509933774834,0.0172487827788649,0.003994408722393
OFR,GOLEM,RF,20,0b5dd9862876bf8d,3.0,20038.0,20.0,0.923326892039574,0.409634521158034,0.3952095808383233,0.0164905261392228,0.0055057310595471
OFR,GOLEM,RF,20,1a6f4b8259eeee98,0.0,20042.0,20.0,0.9079872042613862,0.3882840174098453,0.3976608187134502,0.0167313558848196,0.0038585406765445
OFR,GOLEM,RF,20,2ec1a880b786996a,1.0,20101.0,20.0,0.9081808049445976,0.3176935577058618,0.3357664233576642,0.0175727738328208,0.0052149846239865
OFR,GOLEM,RF,20,30641ffb953b7c44,0.0,20055.0,20.0,0.916190807043446,0.3898820156143225,0.367816091954023,0.0165993491752865,0.0068191221694157
OFR,GOLEM,RF,20,30bc87bd0cca19f9,0.0,20035.0,20.0,0.9122518473485752,0.3764764178824504,0.379746835443038,0.0167118646910819,0.0040229242381884
OFR,GOLEM,RF,20,31fe7d76b8c78dd8,1.0,20043.0,20.0,0.9171895694465552,0.3814466186560803,0.3978494623655914,0.01668661671792,0.0049208834218618
OFR,GOLEM,RF,20,6fd3d5e499c8eb44,1.0,20036.0,20.0,0.8969139689225669,0.2785395552523226,0.2962962962962963,0.0184040771596309,0.0045222253284875
OFR,GOLEM,RF,20,7095aac83b7717b6,3.0,20058.0,20.0,0.8684781900688278,0.3133394325893754,0.3316582914572864,0.0178865854067654,0.0048045848476376
OFR,GOLEM,RF,20,72c61f00f04c9cf0,4.0,20104.0,20.0,0.911667426594582,0.3828696671613325,0.3916083916083916,0.0166781112664243,0.0056410399776348
OFR,GOLEM,RF,20,9f6f4d5948b1c477,2.0,20037.0,20.0,0.9019005435293947,0.3689818612879711,0.3873517786561264,0.0167650399776348,0.0059530332681017
OFR,GOLEM,RF,20,a39f214dacaacf62,1.0,20065.0,20.0,0.9197461840762532,0.4300318718807311,0.4025974025974026,0.0161000111825552,0.0059049482806821
OFR,GOLEM,RF,20,a41c31e2840fe010,2.0,20066.0,20.0,0.8926674193571733,0.3183531615409254,0.3699421965317919,0.0175795057310595,0.0051847917249091
OFR,GOLEM,RF,20,a477f5e3ffc1ca4f,0.0,20100.0,20.0,0.8976286630334873,0.3292983970706858,0.3971631205673759,0.0174063941850712,0.0038188426055353
OFR,GOLEM,RF,20,a8ef1e02f43ee04e,3.0,20067.0,20.0,0.9278321789666428,0.4200388343351842,0.3669724770642202,0.0163248331003634,0.0042393066815767
OFR,GOLEM,RF,20,bfec2fb7f33f94c4,2.0,20102.0,20.0,0.9304050777659568,0.4161605558948295,0.4122137404580153,0.016219768521107,0.0039060665362035
OFR,GOLEM,RF,20,c732b782d7049c8a,3.0,20103.0,20.0,0.8583313430459358,0.2546122350836949,0.3496503496503496,0.0186853351970925,0.0049108191221694
OFR,GOLEM,RF,20,d51bc55a953a7c6a,4.0,20068.0,20.0,0.8898140709700298,0.2608292854425299,0.3229813664596273,0.0185653463796477,0.0064215823315627
OFR,GOLEM,RF,20,d7fa05d80f4762fd,4.0,20059.0,20.0,0.9223769821453128,0.361814962508787,0.4294478527607362,0.017043373776908,0.0043192619513558
OFR,GOLEM,RF,20,db8c9b1344241359,1.0,20056.0,20.0,0.9125702933321752,0.3772514251831903,0.4,0.0165842739726027,0.0042599944087223
OFR,GOLEM,RF,20,dcec269e0c0cd404,4.0,20046.0,20.0,0.910115002424532,0.3128922298199109,0.3971631205673759,0.0176159865809337,0.0045736650824713
OFR,GOLEM,RF,20,dd105a8030aa3395,2.0,20057.0,20.0,0.8824373421340224,0.3180431840721285,0.3214285714285714,0.0178232809616997,0.0055370422141459
OFR,GOLEM,RF,20,f04d2aa5d1002b1c,3.0,20045.0,20.0,0.9024469678876176,0.385332399568093,0.3888888888888889,0.0165083388314229,0.0037114900754822
OFR,GOLEM,RF,20,f0781f8e02a7f8d3,4.0,20039.0,20.0,0.9178264614137552,0.398079800055332,0.3486238532110092,0.0166797875314509,0.0048487559407324
OFR,GOLEM,RF,20,f3dc95c834e99bbb,2.0,20044.0,20.0,0.8905902830550548,0.3396286725798492,0.3646408839779005,0.0175853385518591,0.0045842885099245
OFR,GOLEM,RF,30,02ac73124323aa53,3.0,30103.0,30.0,0.9084865854629408,0.3973172606240439,0.3775510204081632,0.0165940374615599,0.0044361196533407
OFR,GOLEM,RF,30,0d37bdc5c0a41b53,0.0,30042.0,30.0,0.921456021885924,0.4150802559798547,0.3846153846153846,0.0163456013419066,0.0059334637964774
OFR,GOLEM,RF,30,1248088e4ccb9d57,1.0,30043.0,30.0,0.8936082824905371,0.3364876584155788,0.348314606741573,0.0176959921722113,0.0077411238467989
OFR,GOLEM,RF,30,2cf5ea26588c2ebc,2.0,30057.0,30.0,0.9055445788189996,0.3735566097592379,0.3910614525139664,0.0167331607492312,0.004490355046128
OFR,GOLEM,RF,30,3610efdb0d63d746,2.0,30044.0,30.0,0.9259830210391472,0.4070527085688771,0.3832335329341317,0.0163994386357282,0.0051518031870282
OFR,GOLEM,RF,30,45c3b6d7371bbb17,4.0,30039.0,30.0,0.9103827865471046,0.3610425059821099,0.3673469387755102,0.0168280402571987,0.0045932345540956
OFR,GOLEM,RF,30,55c4546a861b2772,0.0,30064.0,30.0,0.9230844388475152,0.4056988655222847,0.3712574850299401,0.0162858015096449,0.0056997483925076
OFR,GOLEM,RF,30,5b633eb261aa96c0,0.0,30100.0,30.0,0.9015097234586128,0.3586291079123804,0.4,0.0169604316466312,0.0042516074923119
OFR,GOLEM,RF,30,6133a5bff7718d90,3.0,30038.0,30.0,0.9194639251362442,0.4147424138887686,0.3926380368098159,0.0162110148168856,0.0049851831143416
OFR,GOLEM,RF,30,6441ede1135d13f1,1.0,30101.0,30.0,0.9224240253019808,0.4145555979679287,0.4071856287425149,0.0162588426055353,0.0049102599944087
OFR,GOLEM,RF,30,6508517991e2b423,3.0,30058.0,30.0,0.8935449551642529,0.3407720651560024,0.3451776649746192,0.017524838691641,0.0045921162985742
OFR,GOLEM,RF,30,82e4649598e44970,2.0,30102.0,30.0,0.9173958355950236,0.3904430931518492,0.4117647058823529,0.0164667699189264,0.0051534805703103
OFR,GOLEM,RF,30,8cbb60b69e53d532,1.0,30056.0,30.0,0.9203070832519124,0.4199037112306032,0.3846153846153846,0.0162593961420184,0.0041682974559686
OFR,GOLEM,RF,30,ac81007dae49f3e7,2.0,30037.0,30.0,0.9309623582372568,0.4301261119718222,0.419753086419753,0.0160726731898238,0.0037159630975677
OFR,GOLEM,RF,30,b40efe9ea2f39bc0,1.0,30036.0,30.0,0.9251398629234788,0.4219429196227842,0.4102564102564102,0.0161862644674308,0.0051948560246016
OFR,GOLEM,RF,30,bfc063949511512d,4.0,30059.0,30.0,0.9322144299455024,0.4230349042407183,0.3918367346938775,0.0161783651104277,0.0040743639921722
OFR,GOLEM,RF,30,c0ec35ae159daee3,4.0,30046.0,30.0,0.9182317563019736,0.4252168372859625,0.4050632911392405,0.0161742197372099,0.0038400894604417
OFR,GOLEM,RF,30,d5f63f9dfc151a60,4.0,30068.0,30.0,0.9033100288772608,0.3151185564967051,0.3823529411764705,0.017518932065977,0.0053212188985183
OFR,GOLEM,RF,30,dbfddca79649f619,0.0,30055.0,30.0,0.9311306279899544,0.4318770147770657,0.4,0.0160900609449259,0.0041917808219178
OFR,GOLEM,RF,30,e0a49ca25bc97165,3.0,30067.0,30.0,0.9227985612031468,0.413372046184429,0.3675675675675676,0.0163279642158233,0.0058440033547665
OFR,GOLEM,RF,30,e22005fe24c5be58,1.0,30065.0,30.0,0.928834560074111,0.3941932329282328,0.3793103448275862,0.0165961766843723,0.0040810735253005
OFR,GOLEM,RF,30,e842280f12f38c4f,0.0,30035.0,30.0,0.9345720158354502,0.4311937077204373,0.4320987654320987,0.016046380766005,0.0041520827509085
OFR,GOLEM,RF,30,f42bdb586710ee03,2.0,30066.0,30.0,0.9272079524646996,0.4022991083270106,0.376068376068376,0.0166039004752585,0.0036030192899077
OFR,GOLEM,RF,30,f6db519c961958d0,3.0,30045.0,30.0,0.9199216912376692,0.4147433367715977,0.4,0.0163347240704501,0.0046894045289348
OFR,GOLEM,RF,30,fee1794651b0ff7f,4.0,30104.0,30.0,0.9052876508095042,0.3799302675081916,0.4044943820224719,0.0168834330444506,0.0045132792843164
OFR,GOLEM,RF,40,11216e701a46e821,1.0,39056.0,39.0,0.9122753689269096,0.4124276355991817,0.3780487804878049,0.0163175588481968,0.0061375454291305
OFR,GOLEM,RF,40,119e80ec100183a1,2.0,39037.0,39.0,0.9280800602152406,0.399450352661543,0.3950617283950617,0.0165345798154878,0.0046944366787811
OFR,GOLEM,RF,40,177964baed2325fd,3.0,39067.0,39.0,0.926353938235954,0.4074084674207032,0.3815028901734104,0.0164065362035225,0.0047307799832261
OFR,GOLEM,RF,40,2f47575560684a30,4.0,39068.0,39.0,0.9190532021914872,0.3966810784354692,0.3870967741935484,0.0164705507408442,0.0054805703103159
OFR,GOLEM,RF,40,35ae5e2e7e979ad0,3.0,39058.0,39.0,0.9192359467616216,0.4010373664595665,0.3668639053254438,0.0164581079116578,0.0051702544031311
OFR,GOLEM,RF,40,55aa4a75bc3031d7,3.0,39103.0,39.0,0.9190477741349488,0.404945602653166,0.3975155279503105,0.0165167391668996,0.0060385798154878
OFR,GOLEM,RF,40,56c05e712d0da73d,0.0,39064.0,39.0,0.9253244168457926,0.4049059500140195,0.3825136612021858,0.0164591557170813,0.0060676544590438
OFR,GOLEM,RF,40,5715129bd36a85dd,3.0,39045.0,39.0,0.9241573846899857,0.4118986557466723,0.4025157232704403,0.0164317014257757,0.0048291864691081
OFR,GOLEM,RF,40,5fce00ea97a656ff,2.0,39102.0,39.0,0.921861316774142,0.4229173197641585,0.3742690058479532,0.0162610970086664,0.0055275370422141
OFR,GOLEM,RF,40,71034d579bbbbaf0,2.0,39057.0,39.0,0.9208571263144942,0.4102325802613129,0.3975155279503105,0.0163828437237908,0.004986301369863
OFR,GOLEM,RF,40,71b4e9350f9d5f6a,3.0,39038.0,39.0,0.919711806384842,0.4119801471933094,0.3885714285714285,0.0163979312272854,0.0053240145373217
OFR,GOLEM,RF,40,8b8ea73d27dccdbb,1.0,39101.0,39.0,0.9219554030874784,0.4038623218420091,0.3615819209039548,0.0164141951355884,0.0044808498741962
OFR,GOLEM,RF,40,8deb172ce22915e5,0.0,39100.0,39.0,0.9265276360451904,0.4051652312437918,0.3908045977011494,0.016386462398658,0.004966172770478
OFR,GOLEM,RF,40,98409814f39fad16,4.0,39046.0,39.0,0.9320190199101114,0.4172970533035481,0.3905325443786982,0.0162681297176404,0.0046826949958065
OFR,GOLEM,RF,40,9c633845ff42fd7e,2.0,39044.0,39.0,0.9205965796006398,0.4104625494464065,0.3728813559322034,0.0163945608051439,0.0053329605814928
OFR,GOLEM,RF,40,a6f465992ad87093,1.0,39036.0,39.0,0.9284817363990996,0.414403859683926,0.3952095808383233,0.0163762281241263,0.0055443108750349
OFR,GOLEM,RF,40,a76afb14f5fa3202,1.0,39065.0,39.0,0.9295908692851612,0.4090320404517537,0.3950617283950617,0.0164297668437237,0.0041962538440033
OFR,GOLEM,RF,40,ae26530276a38e21,1.0,39043.0,39.0,0.925366031945922,0.4115266562018199,0.3771428571428571,0.016392997483925,0.0042180598266703
OFR,GOLEM,RF,40,be2c65a50ac9c1df,2.0,39066.0,39.0,0.9262634706269768,0.4150953560088647,0.388235294117647,0.0163568577019849,0.0059021526418786
OFR,GOLEM,RF,40,c808eb418a730801,0.0,39042.0,39.0,0.919074914417642,0.4094353095557828,0.3949044585987261,0.0164247660050321,0.0043639921722113
OFR,GOLEM,RF,40,cab1c4d6241d0a95,4.0,39104.0,39.0,0.9250493953145016,0.4083106535316211,0.3949044585987261,0.0163794643556052,0.0044473022085546
OFR,GOLEM,RF,40,d04ef78027c32322,0.0,39055.0,39.0,0.9283297508160178,0.4044112997380495,0.3723404255319149,0.0164386055353648,0.0045854067654459
OFR,GOLEM,RF,40,dc0485e8e303dc12,4.0,39039.0,39.0,0.921057964406424,0.3953974338616464,0.4102564102564102,0.0165367033827229,0.0051724909141738
OFR,GOLEM,RF,40,e2568c76ea96202f,4.0,39059.0,39.0,0.9227298058203242,0.4097046579653317,0.4025157232704403,0.0163590427732736,0.0054917528655297
OFR,GOLEM,RF,40,e4fbaa2e50e01735,0.0,39035.0,39.0,0.924589819860897,0.407714716090127,0.4024390243902439,0.0163653955828906,0.0037981548783897
OFR,GOLEM,RF,5,0c8b526083c42711,0.0,5042.0,5.0,0.8059885938438601,0.1830629638462177,0.2424242424242424,0.0198649762370701,0.0073631534805703
OFR,GOLEM,RF,5,0d500861b9458f12,3.0,5058.0,5.0,0.8800091915090721,0.1936317035084143,0.2113821138211382,0.0197257299412915,0.0080514397539837
OFR,GOLEM,RF,5,15e2cc51a94a540c,3.0,5067.0,5.0,0.8106295821843947,0.1689458701318835,0.28,0.0200824668716801,0.0089874196253844
OFR,GOLEM,RF,5,222e90f43b15c0a1,2.0,5066.0,5.0,0.8533176281564148,0.2604074326241918,0.238095238095238,0.0188446139222812,0.0099110986860497
OFR,GOLEM,RF,5,280639a75bd0bd9e,1.0,5036.0,5.0,0.6705187774569192,0.0643002367807538,0.0996884735202492,0.0224510315907184,0.0156125244618395
OFR,GOLEM,RF,5,2acd2003382702d1,4.0,5068.0,5.0,0.8567119728452424,0.1558008962262205,0.2142857142857142,0.0204136650824713,0.0089091417388873
OFR,GOLEM,RF,5,3144dfba3402428e,3.0,5038.0,5.0,0.7645073857755968,0.1364354125908767,0.2248520710059171,0.0204426044171093,0.0061442549622588
OFR,GOLEM,RF,5,384b3564631af1e6,1.0,5101.0,5.0,0.8223650404209277,0.1799055828257723,0.2758620689655172,0.0197852155437517,0.0073005311713726
OFR,GOLEM,RF,5,3e020870bd891962,4.0,5039.0,5.0,0.8579821380752836,0.2332295469464914,0.3125,0.0190216975118814,0.0061039977634889
OFR,GOLEM,RF,5,429ce41c279be13b,2.0,5102.0,5.0,0.8868901578478842,0.3321126394195705,0.4418604651162791,0.0172770332681017,0.006497623707017
OFR,GOLEM,RF,5,50f5094b3729256e,1.0,5056.0,5.0,0.8761317497883057,0.2362189431684078,0.2857142857142857,0.0189554990215264,0.0057964774951076
OFR,GOLEM,RF,5,5142bfb5fccb8993,4.0,5046.0,5.0,0.8026449110160598,0.097893405927973,0.1721311475409836,0.021171032708974,0.0071154598825831
OFR,GOLEM,RF,5,5871fa5b6b2a1d1b,4.0,5059.0,5.0,0.8433842846907094,0.2152393300286618,0.3225806451612903,0.0192125501817165,0.0060357841766843
OFR,GOLEM,RF,5,5c45bbe529b17a15,0.0,5055.0,5.0,0.8037504251977622,0.0893291464464239,0.1361256544502617,0.0210870595471065,0.0065714285714285
OFR,GOLEM,RF,5,77cdf6301e26d050,2.0,5044.0,5.0,0.8213481844960231,0.1431959189220932,0.2155688622754491,0.0205527313391109,0.0092446183953033
OFR,GOLEM,RF,5,7961a1f034afca37,1.0,5065.0,5.0,0.8917265562238095,0.2985359335488613,0.3529411764705882,0.017957754542913,0.0087168017892088
OFR,GOLEM,RF,5,aca8670b571981bb,2.0,5037.0,5.0,0.8611032705849998,0.1969000532757856,0.287292817679558,0.019364261671792,0.0068062622309197
OFR,GOLEM,RF,5,aca97e0c8e295b6b,1.0,5043.0,5.0,0.7662877883202699,0.1325001997890429,0.1791907514450867,0.0206973050041934,0.0094710651383841
OFR,GOLEM,RF,5,bac97b302d8777f9,2.0,5057.0,5.0,0.7204948940081493,0.0674310952533275,0.1246753246753246,0.0220070002795638,0.0132613922281241
OFR,GOLEM,RF,5,c19110ac3cbd4076,3.0,5103.0,5.0,0.8016190083302575,0.1755008485021568,0.2448979591836734,0.0198727671232876,0.006490355046128
OFR,GOLEM,RF,5,d3ba5c68ba244da8,4.0,5104.0,5.0,0.8755075232863625,0.2492486771702823,0.2898550724637681,0.0189383214984624,0.0067822197372099
OFR,GOLEM,RF,5,dd569862cc2b7b9e,0.0,5064.0,5.0,0.8646586476178069,0.1651310465953354,0.238095238095238,0.0201556007827788,0.0067755102040816
OFR,GOLEM,RF,5,eaf78c049d3b8355,0.0,5100.0,5.0,0.7764780597954708,0.1681613734631135,0.2686567164179104,0.019974303606374,0.0065266983505731
OFR,GOLEM,RF,5,ed9806edde981766,0.0,5035.0,5.0,0.7716778484631361,0.1211701335735753,0.2153846153846154,0.020710383002516,0.0072261671792004
OFR,GOLEM,RF,5,f60ba5f9f5507569,3.0,5045.0,5.0,0.7532749274449777,0.0852804782901623,0.1614349775784753,0.0216689851831143,0.0138764327648867
OFR,GOLEM,RF,ALL,0d6439d915276699,1.0,39101.0,39.0,0.9219554030874784,0.4038623218420091,0.3615819209039548,0.0164141951355884,0.0044808498741962
OFR,GOLEM,RF,ALL,0e230034ee9400c0,1.0,39065.0,39.0,0.9295908692851612,0.4090320404517537,0.3950617283950617,0.0164297668437237,0.0041962538440033
OFR,GOLEM,RF,ALL,16ae155043d4e2e9,1.0,39056.0,39.0,0.9122753689269096,0.4124276355991817,0.3780487804878049,0.0163175588481968,0.0061375454291305
OFR,GOLEM,RF,ALL,1d9e210d3ae0f951,2.0,39044.0,39.0,0.9205965796006398,0.4104625494464065,0.3728813559322034,0.0163945608051439,0.0053329605814928
OFR,GOLEM,RF,ALL,367ca39ad3fd1710,2.0,39037.0,39.0,0.9280800602152406,0.399450352661543,0.3950617283950617,0.0165345798154878,0.0046944366787811
OFR,GOLEM,RF,ALL,3c798bd22a6eecaf,3.0,39045.0,39.0,0.9241573846899857,0.4118986557466723,0.4025157232704403,0.0164317014257757,0.0048291864691081
OFR,GOLEM,RF,ALL,4aa3b5ac497009ba,4.0,39046.0,39.0,0.9320190199101114,0.4172970533035481,0.3905325443786982,0.0162681297176404,0.0046826949958065
OFR,GOLEM,RF,ALL,546597550a8824c6,0.0,39064.0,39.0,0.9253244168457926,0.4049059500140195,0.3825136612021858,0.0164591557170813,0.0060676544590438
OFR,GOLEM,RF,ALL,59c906873929a4e2,3.0,39067.0,39.0,0.926353938235954,0.4074084674207032,0.3815028901734104,0.0164065362035225,0.0047307799832261
OFR,GOLEM,RF,ALL,5e8f89a593fd9b17,1.0,39036.0,39.0,0.9284817363990996,0.414403859683926,0.3952095808383233,0.0163762281241263,0.0055443108750349
OFR,GOLEM,RF,ALL,678505301fb007ca,0.0,39100.0,39.0,0.9265276360451904,0.4051652312437918,0.3908045977011494,0.016386462398658,0.004966172770478
OFR,GOLEM,RF,ALL,6d02bf20f4fb6fd9,4.0,39104.0,39.0,0.9250493953145016,0.4083106535316211,0.3949044585987261,0.0163794643556052,0.0044473022085546
OFR,GOLEM,RF,ALL,73b00061d29cb71a,3.0,39058.0,39.0,0.9192359467616216,0.4010373664595665,0.3668639053254438,0.0164581079116578,0.0051702544031311
OFR,GOLEM,RF,ALL,7710ddd4ae6bd24c,3.0,39038.0,39.0,0.919711806384842,0.4119801471933094,0.3885714285714285,0.0163979312272854,0.0053240145373217
OFR,GOLEM,RF,ALL,79c41010d8beb1e8,4.0,39068.0,39.0,0.9190532021914872,0.3966810784354692,0.3870967741935484,0.0164705507408442,0.0054805703103159
OFR,GOLEM,RF,ALL,8eaeef9fb7d75f7d,4.0,39059.0,39.0,0.9227298058203242,0.4097046579653317,0.4025157232704403,0.0163590427732736,0.0054917528655297
OFR,GOLEM,RF,ALL,a5eabf228f6767e3,0.0,39035.0,39.0,0.924589819860897,0.407714716090127,0.4024390243902439,0.0163653955828906,0.0037981548783897
OFR,GOLEM,RF,ALL,ab64c693b4ea0586,0.0,39042.0,39.0,0.919074914417642,0.4094353095557828,0.3949044585987261,0.0164247660050321,0.0043639921722113
OFR,GOLEM,RF,ALL,b85e6785c2530b23,2.0,39057.0,39.0,0.9208571263144942,0.4102325802613129,0.3975155279503105,0.0163828437237908,0.004986301369863
OFR,GOLEM,RF,ALL,c5f4421a578aa965,2.0,39066.0,39.0,0.9262634706269768,0.4150953560088647,0.388235294117647,0.0163568577019849,0.0059021526418786
OFR,GOLEM,RF,ALL,cf8c6a7cd42c054d,0.0,39055.0,39.0,0.9283297508160178,0.4044112997380495,0.3723404255319149,0.0164386055353648,0.0045854067654459
OFR,GOLEM,RF,ALL,d271b05ffbaa8614,3.0,39103.0,39.0,0.9190477741349488,0.404945602653166,0.3975155279503105,0.0165167391668996,0.0060385798154878
OFR,GOLEM,RF,ALL,e4f41ddc9d566d0c,4.0,39039.0,39.0,0.921057964406424,0.3953974338616464,0.4102564102564102,0.0165367033827229,0.0051724909141738
OFR,GOLEM,RF,ALL,ea6ea53db4234885,2.0,39102.0,39.0,0.921861316774142,0.4229173197641585,0.3742690058479532,0.0162610970086664,0.0055275370422141
OFR,GOLEM,RF,ALL,ebd1c0ed3bae0083,1.0,39043.0,39.0,0.925366031945922,0.4115266562018199,0.3771428571428571,0.016392997483925,0.0042180598266703
OFR,GOLEM,XGBoost,10,0cf0b651ed560298,0.0,10064.0,10.0,0.8886379920533253,0.298701284227865,0.2761194029850746,0.0183105154523228,0.0107459866847693
OFR,GOLEM,XGBoost,10,1a1057a3cbad6b3d,4.0,10104.0,10.0,0.9256645750555472,0.427907254054185,0.4090909090909091,0.0163544251367807,0.0108097497322267
OFR,GOLEM,XGBoost,10,20917f6323ea026e,3.0,10038.0,10.0,0.8172120054135817,0.1678827857998263,0.3076923076923077,0.0202331385163373,0.0104418910874758
OFR,GOLEM,XGBoost,10,21fe084452e99379,0.0,10055.0,10.0,0.8367928147006246,0.2249983864156911,0.2929292929292929,0.0193164740353303,0.01056944592451
OFR,GOLEM,XGBoost,10,2712b5a02d4f84ed,1.0,10043.0,10.0,0.8619319538832317,0.2338117317001393,0.32,0.0195910110277831,0.0132520751500914
OFR,GOLEM,XGBoost,10,39c5f3ca29bd1ebb,2.0,10037.0,10.0,0.8887248409579436,0.3458894618640785,0.3220338983050847,0.0181495677349212,0.0116038983025131
OFR,GOLEM,XGBoost,10,614af7542e3d5e04,3.0,10103.0,10.0,0.9149459727439188,0.3817999736325862,0.3821656050955414,0.0171044918186575,0.0107164453097502
OFR,GOLEM,XGBoost,10,65101b40768f2c90,2.0,10102.0,10.0,0.915669713615737,0.3629082949396744,0.3703703703703703,0.017657708925057,0.0113687645848335
OFR,GOLEM,XGBoost,10,66fa84e6e8b03cdd,0.0,10035.0,10.0,0.8937476026083621,0.2741196216541356,0.3975155279503105,0.0186724256984917,0.0114526275904921
OFR,GOLEM,XGBoost,10,69ccb1bb215e2366,3.0,10045.0,10.0,0.8745395198703055,0.2982525535889312,0.3157894736842105,0.0183513486651227,0.012684165379035
OFR,GOLEM,XGBoost,10,974ae32b7cdd9c13,2.0,10044.0,10.0,0.8960889043286941,0.3348200855207323,0.3742690058479532,0.017893453699683,0.0103227299749268
OFR,GOLEM,XGBoost,10,98536d19f8000ff3,0.0,10100.0,10.0,0.9147216130736552,0.4226767021284329,0.4150943396226415,0.0165224535266536,0.0099828452671059
OFR,GOLEM,XGBoost,10,adae04d1018982ef,1.0,10056.0,10.0,0.8832823096018702,0.3135939831252367,0.4096385542168674,0.0180075654221741,0.0106254683061288
OFR,GOLEM,XGBoost,10,adf1eb73cd2fc71d,0.0,10042.0,10.0,0.914160713897996,0.3688837478371178,0.3888888888888889,0.0174191864143163,0.0117090543315985
OFR,GOLEM,XGBoost,10,af9bdb464ddf5bd4,4.0,10068.0,10.0,0.8671067011167322,0.2768064371728079,0.3580246913580246,0.0186527849740475,0.010326810174111
OFR,GOLEM,XGBoost,10,b55edf23207de50f,1.0,10065.0,10.0,0.9096481895622092,0.398200374565963,0.4366197183098591,0.0169597555704279,0.0109787737214633
OFR,GOLEM,XGBoost,10,ba0c21c4033772ea,2.0,10057.0,10.0,0.893309739380912,0.3525699463818075,0.3493975903614458,0.0174778072338006,0.0102750128812031
OFR,GOLEM,XGBoost,10,c93016cbcaeff827,2.0,10066.0,10.0,0.8492809634438485,0.1720890379040005,0.2727272727272727,0.0205735942175796,0.0125498379259647
OFR,GOLEM,XGBoost,10,d4cad3dd4f4a7441,3.0,10067.0,10.0,0.8731426999876963,0.1629982046135741,0.25,0.0208574737579375,0.0118507563436197
OFR,GOLEM,XGBoost,10,dca19e67ffebbb6b,4.0,10059.0,10.0,0.8670813701862187,0.2450916928982861,0.3150684931506849,0.0188885137754763,0.010015548656775
OFR,GOLEM,XGBoost,10,e644700d3425612c,1.0,10101.0,10.0,0.9292579484841248,0.3707278603236384,0.3602484472049689,0.0178276459641254,0.0112830427565619
OFR,GOLEM,XGBoost,10,e94cdaef7ad416ba,4.0,10046.0,10.0,0.8842919281180566,0.3195538642393439,0.3783783783783784,0.017736419931363,0.0099849786847904
OFR,GOLEM,XGBoost,10,ee21ac18ec2409c1,4.0,10039.0,10.0,0.8633902917399453,0.2057295266084335,0.2337662337662337,0.0204003760078885,0.0136035610040348
OFR,GOLEM,XGBoost,10,f5e04c1c24772c4c,3.0,10058.0,10.0,0.8537500633273264,0.2366052218187136,0.2792792792792792,0.0192001507893244,0.0097602397818685
OFR,GOLEM,XGBoost,10,ffdaabb05d4db37b,1.0,10036.0,10.0,0.8975580982984853,0.3829203245603271,0.3790849673202614,0.0172077918878209,0.0107974789315209
OFR,GOLEM,XGBoost,20,0ac9af1d42ea9497,0.0,20064.0,20.0,0.93481265967533,0.3831469824814455,0.4088397790055249,0.0172263810935537,0.0123706345147249
OFR,GOLEM,XGBoost,20,0b5dd9862876bf8d,3.0,20038.0,20.0,0.9112331820714912,0.4223508839598308,0.4134078212290503,0.0166532923987372,0.0122448802692099
OFR,GOLEM,XGBoost,20,1a6f4b8259eeee98,0.0,20042.0,20.0,0.92684789138097,0.4503662228497747,0.4387755102040816,0.0160146852966071,0.0095211563968803
OFR,GOLEM,XGBoost,20,2ec1a880b786996a,1.0,20101.0,20.0,0.911862836629973,0.3729203447284658,0.3854166666666667,0.0174708963108329,0.0124856072035637
OFR,GOLEM,XGBoost,20,30641ffb953b7c44,0.0,20055.0,20.0,0.9154200230149596,0.4061127834549294,0.4227642276422764,0.0169945383019567,0.0137159099721271
OFR,GOLEM,XGBoost,20,30bc87bd0cca19f9,0.0,20035.0,20.0,0.908729038655,0.3834954009103289,0.4078947368421052,0.0172136379012637,0.0124054305772366
OFR,GOLEM,XGBoost,20,31fe7d76b8c78dd8,1.0,20043.0,20.0,0.922252136844924,0.4116014673732611,0.4210526315789473,0.0171421265360299,0.0120932129608779
OFR,GOLEM,XGBoost,20,6fd3d5e499c8eb44,1.0,20036.0,20.0,0.8963422136338305,0.2837963710172106,0.3626373626373626,0.0190066176339406,0.0121666590511582
OFR,GOLEM,XGBoost,20,7095aac83b7717b6,3.0,20058.0,20.0,0.8711741248163508,0.3325522627368354,0.3409090909090909,0.0180086129678803,0.012039084957461
OFR,GOLEM,XGBoost,20,72c61f00f04c9cf0,4.0,20104.0,20.0,0.9151305266662324,0.395927726395165,0.4320987654320987,0.017065184008087,0.0122923027276331
OFR,GOLEM,XGBoost,20,9f6f4d5948b1c477,2.0,20037.0,20.0,0.9177034254655464,0.385326773290477,0.4142857142857143,0.0171682751978567,0.0128034791363174
OFR,GOLEM,XGBoost,20,a39f214dacaacf62,1.0,20065.0,20.0,0.9327065737383388,0.4672862470256722,0.4713375796178344,0.0156601794678542,0.0113071575149636
OFR,GOLEM,XGBoost,20,a41c31e2840fe010,2.0,20066.0,20.0,0.8949526311599395,0.3264129456736285,0.3755868544600939,0.0180421547456222,0.0120466019727054
OFR,GOLEM,XGBoost,20,a477f5e3ffc1ca4f,0.0,20100.0,20.0,0.8998704503839445,0.352408259912833,0.4171779141104294,0.01780351366324,0.0116590568373359
OFR,GOLEM,XGBoost,20,a8ef1e02f43ee04e,3.0,20067.0,20.0,0.9333651779316934,0.4634951762137177,0.4651162790697674,0.0162994939922933,0.0127268914274037
OFR,GOLEM,XGBoost,20,bfec2fb7f33f94c4,2.0,20102.0,20.0,0.9314943077780432,0.4404021353229651,0.4444444444444444,0.0163434599758243,0.0110207484550263
OFR,GOLEM,XGBoost,20,c732b782d7049c8a,3.0,20103.0,20.0,0.8756504621085466,0.2646486031154887,0.3508771929824561,0.0189314447693959,0.0117372262049731
OFR,GOLEM,XGBoost,20,d51bc55a953a7c6a,4.0,20068.0,20.0,0.8904075384849208,0.2966942141892855,0.3602484472049689,0.0185082350337169,0.0121249619925794
OFR,GOLEM,XGBoost,20,d7fa05d80f4762fd,4.0,20059.0,20.0,0.9133826924607912,0.4058535545513125,0.3905325443786982,0.0171466579418586,0.012012909737884
OFR,GOLEM,XGBoost,20,db8c9b1344241359,1.0,20056.0,20.0,0.920070058116392,0.3805799277845283,0.4146341463414634,0.0175386859492871,0.0139450441966776
OFR,GOLEM,XGBoost,20,dcec269e0c0cd404,4.0,20046.0,20.0,0.9075674345557316,0.348332345814607,0.4121212121212121,0.0177493137244039,0.0105884586650824
OFR,GOLEM,XGBoost,20,dd105a8030aa3395,2.0,20057.0,20.0,0.9030042483589176,0.3850025320743206,0.4074074074074074,0.0169826761802713,0.0100643361309636
OFR,GOLEM,XGBoost,20,f04d2aa5d1002b1c,3.0,20045.0,20.0,0.9221399570097922,0.4187879394603885,0.4090909090909091,0.0164922196915623,0.0113942167523942
OFR,GOLEM,XGBoost,20,f0781f8e02a7f8d3,4.0,20039.0,20.0,0.9135961960179776,0.3693263157302398,0.4567901234567901,0.0175645215651287,0.0123614126899448
OFR,GOLEM,XGBoost,20,f3dc95c834e99bbb,2.0,20044.0,20.0,0.9064022117521042,0.398957596579337,0.376068376068376,0.0169114216333656,0.0104303553977474
OFR,GOLEM,XGBoost,30,02ac73124323aa53,3.0,30103.0,30.0,0.9195489646886827,0.4285319543596835,0.4235294117647059,0.0165873846217149,0.0119064330187935
OFR,GOLEM,XGBoost,30,0d37bdc5c0a41b53,0.0,30042.0,30.0,0.9297211426420884,0.4427883166743293,0.4225352112676056,0.0162721803904644,0.0121611918096615
OFR,GOLEM,XGBoost,30,1248088e4ccb9d57,1.0,30043.0,30.0,0.9081645207749816,0.3935678334672112,0.4026845637583892,0.0171036245441707,0.0112001826824724
OFR,GOLEM,XGBoost,30,2cf5ea26588c2ebc,2.0,30057.0,30.0,0.9183113677978736,0.4011557117002722,0.4055944055944055,0.0171109771254189,0.0127105020998925
OFR,GOLEM,XGBoost,30,3610efdb0d63d746,2.0,30044.0,30.0,0.9231170071867468,0.4440038947750239,0.4822695035460992,0.0163108770610464,0.0124356059303107
OFR,GOLEM,XGBoost,30,45c3b6d7371bbb17,4.0,30039.0,30.0,0.9101367146506864,0.3792846309647188,0.4285714285714285,0.0174358234147357,0.0125840352962732
OFR,GOLEM,XGBoost,30,55c4546a861b2772,0.0,30064.0,30.0,0.933745141889398,0.4601930914014276,0.427807486631016,0.0162366947351002,0.0118853349185519
OFR,GOLEM,XGBoost,30,5b633eb261aa96c0,0.0,30100.0,30.0,0.919476590601501,0.4483165159523297,0.4475524475524475,0.0162773027246312,0.0118371989224043
OFR,GOLEM,XGBoost,30,6133a5bff7718d90,3.0,30038.0,30.0,0.9256139131945198,0.4568251325812772,0.430379746835443,0.0162621223330187,0.0132693178558069
OFR,GOLEM,XGBoost,30,6441ede1135d13f1,1.0,30101.0,30.0,0.9219264534526058,0.4446352083197796,0.4157303370786517,0.0163615168499432,0.0123696370929821
OFR,GOLEM,XGBoost,30,6508517991e2b423,3.0,30058.0,30.0,0.9102633693032548,0.4158022181140777,0.4512195121951219,0.0163478753397601,0.012810564612689
OFR,GOLEM,XGBoost,30,82e4649598e44970,2.0,30102.0,30.0,0.9161184329562644,0.4072621977481759,0.4317180616740088,0.0173316352363626,0.0121322212159385
OFR,GOLEM,XGBoost,30,8cbb60b69e53d532,1.0,30056.0,30.0,0.9309985452808476,0.4592775077908425,0.4393063583815029,0.0159349290599836,0.0118532994115578
OFR,GOLEM,XGBoost,30,ac81007dae49f3e7,2.0,30037.0,30.0,0.9303435597918522,0.4310087944975211,0.4033613445378151,0.0167240225671861,0.0125313855234173
OFR,GOLEM,XGBoost,30,b40efe9ea2f39bc0,1.0,30036.0,30.0,0.9334086023840024,0.4656180261714411,0.4836601307189542,0.0157080072519984,0.0120711876907398
OFR,GOLEM,XGBoost,30,bfc063949511512d,4.0,30059.0,30.0,0.933951408037866,0.4505584751592633,0.4339622641509434,0.0159327689479272,0.0121492363907879
OFR,GOLEM,XGBoost,30,c0ec35ae159daee3,4.0,30046.0,30.0,0.9299997828777384,0.4582351792584428,0.4503311258278146,0.0160062163824394,0.0119890614238541
OFR,GOLEM,XGBoost,30,d5f63f9dfc151a60,4.0,30068.0,30.0,0.905953492411577,0.3546731254744062,0.419753086419753,0.0177454998239437,0.0127148253893698
OFR,GOLEM,XGBoost,30,dbfddca79649f619,0.0,30055.0,30.0,0.9339658828553024,0.4587540471738411,0.4069767441860465,0.0158387178755254,0.0119655268263672
OFR,GOLEM,XGBoost,30,e0a49ca25bc97165,3.0,30067.0,30.0,0.9309406460111024,0.4608166232583239,0.4654088050314465,0.0157810091203804,0.0113572587282806
OFR,GOLEM,XGBoost,30,e22005fe24c5be58,1.0,30065.0,30.0,0.9277127617227928,0.4315386138477623,0.4415584415584415,0.0164736350307893,0.0116973763628846
OFR,GOLEM,XGBoost,30,e842280f12f38c4f,0.0,30035.0,30.0,0.9358657026438254,0.4622967388737078,0.4294478527607362,0.0161754672657872,0.012409719685457
OFR,GOLEM,XGBoost,30,f42bdb586710ee03,2.0,30066.0,30.0,0.9393722271677848,0.4631332038523599,0.4519774011299435,0.0160233682225703,0.011811826169295
OFR,GOLEM,XGBoost,30,f6db519c961958d0,3.0,30045.0,30.0,0.935333753103039,0.461505808458123,0.4814814814814814,0.0158349241671311,0.0124233480266131
OFR,GOLEM,XGBoost,30,fee1794651b0ff7f,4.0,30104.0,30.0,0.9230265395777696,0.4418137668518304,0.4083769633507853,0.0162187569267029,0.0110473117425564
OFR,GOLEM,XGBoost,40,11216e701a46e821,1.0,39056.0,39.0,0.9283496536899928,0.4620102059555377,0.4551724137931034,0.0160417239290403,0.012231637155434
OFR,GOLEM,XGBoost,40,119e80ec100183a1,2.0,39037.0,39.0,0.9322144299455024,0.457214645265915,0.4768211920529801,0.0160842128707804,0.0125001672848534
OFR,GOLEM,XGBoost,40,177964baed2325fd,3.0,39067.0,39.0,0.9344869762830116,0.4464307236417297,0.4242424242424242,0.0160610571531217,0.012602246453533
OFR,GOLEM,XGBoost,40,2f47575560684a30,4.0,39068.0,39.0,0.93477285392738,0.4653311400967235,0.4705882352941176,0.0161238110561561,0.0125950039484165
OFR,GOLEM,XGBoost,40,35ae5e2e7e979ad0,3.0,39058.0,39.0,0.933553350558366,0.4565613463174525,0.4484848484848485,0.0162039823529784,0.0114920404905009
OFR,GOLEM,XGBoost,40,55aa4a75bc3031d7,3.0,39103.0,39.0,0.9323266097806342,0.4581823117476591,0.4539877300613497,0.0160320187268691,0.0118723781259981
OFR,GOLEM,XGBoost,40,56c05e712d0da73d,0.0,39064.0,39.0,0.9332385232791252,0.4357592749400306,0.4545454545454545,0.0163056667961304,0.0135030305958312
OFR,GOLEM,XGBoost,40,5715129bd36a85dd,3.0,39045.0,39.0,0.9353084221725254,0.469900926657237,0.4897959183673469,0.0156167034531381,0.0117633403015919
OFR,GOLEM,XGBoost,40,5fce00ea97a656ff,2.0,39102.0,39.0,0.9277489487663836,0.4630659271808618,0.4594594594594595,0.0160893623281985,0.0111303557648313
OFR,GOLEM,XGBoost,40,71034d579bbbbaf0,2.0,39057.0,39.0,0.9295221139023384,0.4500100084452855,0.4404761904761904,0.0160836771997459,0.0116972544749686
OFR,GOLEM,XGBoost,40,71b4e9350f9d5f6a,3.0,39038.0,39.0,0.9289286463874474,0.4505348389434628,0.4666666666666667,0.0162109514424361,0.0130889889952612
OFR,GOLEM,XGBoost,40,8b8ea73d27dccdbb,1.0,39101.0,39.0,0.9302928979308248,0.4518047425363927,0.4897959183673469,0.0161788190631759,0.0128390311879523
OFR,GOLEM,XGBoost,40,8deb172ce22915e5,0.0,39100.0,39.0,0.926095200874279,0.4379000821567356,0.45,0.0163012060047208,0.0121677868299421
OFR,GOLEM,XGBoost,40,98409814f39fad16,4.0,39046.0,39.0,0.926457071310188,0.4450120135239098,0.4588235294117647,0.0161205717625926,0.0125153692902516
OFR,GOLEM,XGBoost,40,9c633845ff42fd7e,2.0,39044.0,39.0,0.932916458591166,0.4490582209171253,0.48,0.0161529932147801,0.0131432864741964
OFR,GOLEM,XGBoost,40,a6f465992ad87093,1.0,39036.0,39.0,0.9332204297573296,0.465212104108218,0.4689655172413793,0.0158562440872079,0.0117778886096051
OFR,GOLEM,XGBoost,40,a76afb14f5fa3202,1.0,39065.0,39.0,0.9344942136917298,0.4648792211986418,0.4528301886792453,0.0160315205455512,0.0129672391196285
OFR,GOLEM,XGBoost,40,ae26530276a38e21,1.0,39043.0,39.0,0.929228998849252,0.4420898885973902,0.4625850340136054,0.0163999898872789,0.0109318259896865
OFR,GOLEM,XGBoost,40,be2c65a50ac9c1df,2.0,39066.0,39.0,0.9304014590615975,0.4558405453856907,0.4625,0.0159757531397775,0.0117050470006598
OFR,GOLEM,XGBoost,40,c808eb418a730801,0.0,39042.0,39.0,0.929739236163884,0.4572589337154792,0.4714285714285714,0.0162009387243643,0.0110435892658181
OFR,GOLEM,XGBoost,40,cab1c4d6241d0a95,4.0,39104.0,39.0,0.9331733866006616,0.4489933077434003,0.4705882352941176,0.01605940784253,0.012305353510865
OFR,GOLEM,XGBoost,40,d04ef78027c32322,0.0,39055.0,39.0,0.9298116102510656,0.4531930874625715,0.4683544303797468,0.0161492122881343,0.0121195867268026
OFR,GOLEM,XGBoost,40,dc0485e8e303dc12,4.0,39039.0,39.0,0.9327029550339796,0.4540427717805479,0.4666666666666667,0.0163382346165675,0.0126641177432884
OFR,GOLEM,XGBoost,40,e2568c76ea96202f,4.0,39059.0,39.0,0.9320588256580612,0.453448308016072,0.4262295081967213,0.0161714028286795,0.0125741784181992
OFR,GOLEM,XGBoost,40,e4fbaa2e50e01735,0.0,39035.0,39.0,0.9318272285790796,0.450449060586482,0.4755244755244755,0.0160619496394528,0.0121566861518886
OFR,GOLEM,XGBoost,5,0c8b526083c42711,0.0,5042.0,5.0,0.8538658618668172,0.1569586063103978,0.2260869565217391,0.0203360165145335,0.0091003896173861
OFR,GOLEM,XGBoost,5,0d500861b9458f12,3.0,5058.0,5.0,0.8727446425081964,0.1890070640002902,0.2843601895734597,0.0201143969366851,0.010866150611333
OFR,GOLEM,XGBoost,5,15e2cc51a94a540c,3.0,5067.0,5.0,0.8043330365995759,0.1687128840956263,0.2222222222222222,0.0207871681578262,0.0129663305548986
OFR,GOLEM,XGBoost,5,222e90f43b15c0a1,2.0,5066.0,5.0,0.8714165780084098,0.2762716408874297,0.3190184049079754,0.0189821911790612,0.0104037255986323
OFR,GOLEM,XGBoost,5,280639a75bd0bd9e,1.0,5036.0,5.0,0.7129354206020078,0.0614765069510324,0.0906002265005662,0.0220449328292486,0.0126926336145335
OFR,GOLEM,XGBoost,5,2acd2003382702d1,4.0,5068.0,5.0,0.854575127921199,0.1520254658542229,0.1948051948051948,0.021344810544268,0.013560207714794
OFR,GOLEM,XGBoost,5,3144dfba3402428e,3.0,5038.0,5.0,0.8047455688965124,0.1713484648668564,0.2417582417582417,0.0202995460509809,0.0095503499179709
OFR,GOLEM,XGBoost,5,384b3564631af1e6,1.0,5101.0,5.0,0.8467949135491528,0.2362754933728943,0.2971428571428571,0.0195036329003411,0.0096509136896927
OFR,GOLEM,XGBoost,5,3e020870bd891962,4.0,5039.0,5.0,0.8714021031909734,0.1799822843725355,0.2783505154639175,0.0204780659625256,0.0110828151688425
OFR,GOLEM,XGBoost,5,429ce41c279be13b,2.0,5102.0,5.0,0.895687228144835,0.3104413449447893,0.3670886075949367,0.01870599787891,0.0105420161121432
OFR,GOLEM,XGBoost,5,50f5094b3729256e,1.0,5056.0,5.0,0.8793270657373833,0.2569565400840791,0.2894736842105263,0.0189369797110904,0.0091226390486925
OFR,GOLEM,XGBoost,5,5142bfb5fccb8993,4.0,5046.0,5.0,0.8110963950467173,0.1013533988966581,0.1933333333333333,0.0215986088592115,0.0111086889455729
OFR,GOLEM,XGBoost,5,5871fa5b6b2a1d1b,4.0,5059.0,5.0,0.8627172127291544,0.1705583782432381,0.2833333333333333,0.0205943164473193,0.0112264391458193
OFR,GOLEM,XGBoost,5,5c45bbe529b17a15,0.0,5055.0,5.0,0.8111687691338992,0.0896982827648721,0.1361916771752837,0.0214517685239465,0.0099049615175123
OFR,GOLEM,XGBoost,5,77cdf6301e26d050,2.0,5044.0,5.0,0.8552301134101946,0.1550027734041356,0.2122905027932961,0.0210112143725134,0.011958983886663
OFR,GOLEM,XGBoost,5,7961a1f034afca37,1.0,5065.0,5.0,0.9037098957089404,0.3004722013679282,0.3312101910828025,0.0190285178608247,0.0130610932888416
OFR,GOLEM,XGBoost,5,aca8670b571981bb,2.0,5037.0,5.0,0.8664480969233775,0.1754499649369816,0.2193548387096774,0.0202293363007427,0.0100729505153701
OFR,GOLEM,XGBoost,5,aca97e0c8e295b6b,1.0,5043.0,5.0,0.7949280239702977,0.150836518828287,0.1957186544342507,0.0205245678044272,0.0103394226805063
OFR,GOLEM,XGBoost,5,bac97b302d8777f9,2.0,5057.0,5.0,0.7357766825165918,0.0710939723869432,0.118043844856661,0.0222454246987344,0.0144399053336172
OFR,GOLEM,XGBoost,5,c19110ac3cbd4076,3.0,5103.0,5.0,0.8094643593807673,0.1676950284401986,0.2311111111111111,0.0202666409514949,0.0100651091520031
OFR,GOLEM,XGBoost,5,d3ba5c68ba244da8,4.0,5104.0,5.0,0.8940045306178577,0.2768242351369924,0.2537313432835821,0.0192098051413733,0.0110663864522055
OFR,GOLEM,XGBoost,5,dd569862cc2b7b9e,0.0,5064.0,5.0,0.8634699032358456,0.1806944255666469,0.2337662337662337,0.0208563609423917,0.0134241201654222
OFR,GOLEM,XGBoost,5,eaf78c049d3b8355,0.0,5100.0,5.0,0.785584529315124,0.1769489888856907,0.2388059701492537,0.0202418275058876,0.0125933958955373
OFR,GOLEM,XGBoost,5,ed9806edde981766,0.0,5035.0,5.0,0.7858269825071833,0.1373076325243613,0.193050193050193,0.0208648240034883,0.0099470413104845
OFR,GOLEM,XGBoost,5,f60ba5f9f5507569,3.0,5045.0,5.0,0.7984634981291299,0.0954074622525641,0.1558441558441558,0.0217259729643658,0.0131560989319944
OFR,GOLEM,XGBoost,ALL,0d6439d915276699,1.0,39101.0,39.0,0.9302928979308248,0.4518047425363927,0.4897959183673469,0.0161788190631759,0.0128390311879523
OFR,GOLEM,XGBoost,ALL,0e230034ee9400c0,1.0,39065.0,39.0,0.9344942136917298,0.4648792211986418,0.4528301886792453,0.0160315205455512,0.0129672391196285
OFR,GOLEM,XGBoost,ALL,16ae155043d4e2e9,1.0,39056.0,39.0,0.9283496536899928,0.4620102059555377,0.4551724137931034,0.0160417239290403,0.012231637155434
OFR,GOLEM,XGBoost,ALL,1d9e210d3ae0f951,2.0,39044.0,39.0,0.932916458591166,0.4490582209171253,0.48,0.0161529932147801,0.0131432864741964
OFR,GOLEM,XGBoost,ALL,367ca39ad3fd1710,2.0,39037.0,39.0,0.9322144299455024,0.457214645265915,0.4768211920529801,0.0160842128707804,0.0125001672848534
OFR,GOLEM,XGBoost,ALL,3c798bd22a6eecaf,3.0,39045.0,39.0,0.9353084221725254,0.469900926657237,0.4897959183673469,0.0156167034531381,0.0117633403015919
OFR,GOLEM,XGBoost,ALL,4aa3b5ac497009ba,4.0,39046.0,39.0,0.926457071310188,0.4450120135239098,0.4588235294117647,0.0161205717625926,0.0125153692902516
OFR,GOLEM,XGBoost,ALL,546597550a8824c6,0.0,39064.0,39.0,0.9332385232791252,0.4357592749400306,0.4545454545454545,0.0163056667961304,0.0135030305958312
OFR,GOLEM,XGBoost,ALL,59c906873929a4e2,3.0,39067.0,39.0,0.9344869762830116,0.4464307236417297,0.4242424242424242,0.0160610571531217,0.012602246453533
OFR,GOLEM,XGBoost,ALL,5e8f89a593fd9b17,1.0,39036.0,39.0,0.9332204297573296,0.465212104108218,0.4689655172413793,0.0158562440872079,0.0117778886096051
OFR,GOLEM,XGBoost,ALL,678505301fb007ca,0.0,39100.0,39.0,0.926095200874279,0.4379000821567356,0.45,0.0163012060047208,0.0121677868299421
OFR,GOLEM,XGBoost,ALL,6d02bf20f4fb6fd9,4.0,39104.0,39.0,0.9331733866006616,0.4489933077434003,0.4705882352941176,0.01605940784253,0.012305353510865
OFR,GOLEM,XGBoost,ALL,73b00061d29cb71a,3.0,39058.0,39.0,0.933553350558366,0.4565613463174525,0.4484848484848485,0.0162039823529784,0.0114920404905009
OFR,GOLEM,XGBoost,ALL,7710ddd4ae6bd24c,3.0,39038.0,39.0,0.9289286463874474,0.4505348389434628,0.4666666666666667,0.0162109514424361,0.0130889889952612
OFR,GOLEM,XGBoost,ALL,79c41010d8beb1e8,4.0,39068.0,39.0,0.93477285392738,0.4653311400967235,0.4705882352941176,0.0161238110561561,0.0125950039484165
OFR,GOLEM,XGBoost,ALL,8eaeef9fb7d75f7d,4.0,39059.0,39.0,0.9320588256580612,0.453448308016072,0.4262295081967213,0.0161714028286795,0.0125741784181992
OFR,GOLEM,XGBoost,ALL,a5eabf228f6767e3,0.0,39035.0,39.0,0.9318272285790796,0.450449060586482,0.4755244755244755,0.0160619496394528,0.0121566861518886
OFR,GOLEM,XGBoost,ALL,ab64c693b4ea0586,0.0,39042.0,39.0,0.929739236163884,0.4572589337154792,0.4714285714285714,0.0162009387243643,0.0110435892658181
OFR,GOLEM,XGBoost,ALL,b85e6785c2530b23,2.0,39057.0,39.0,0.9295221139023384,0.4500100084452855,0.4404761904761904,0.0160836771997459,0.0116972544749686
OFR,GOLEM,XGBoost,ALL,c5f4421a578aa965,2.0,39066.0,39.0,0.9304014590615975,0.4558405453856907,0.4625,0.0159757531397775,0.0117050470006598
OFR,GOLEM,XGBoost,ALL,cf8c6a7cd42c054d,0.0,39055.0,39.0,0.9298116102510656,0.4531930874625715,0.4683544303797468,0.0161492122881343,0.0121195867268026
OFR,GOLEM,XGBoost,ALL,d271b05ffbaa8614,3.0,39103.0,39.0,0.9323266097806342,0.4581823117476591,0.4539877300613497,0.0160320187268691,0.0118723781259981
OFR,GOLEM,XGBoost,ALL,e4f41ddc9d566d0c,4.0,39039.0,39.0,0.9327029550339796,0.4540427717805479,0.4666666666666667,0.0163382346165675,0.0126641177432884
OFR,GOLEM,XGBoost,ALL,ea6ea53db4234885,2.0,39102.0,39.0,0.9277489487663836,0.4630659271808618,0.4594594594594595,0.0160893623281985,0.0111303557648313
OFR,GOLEM,XGBoost,ALL,ebd1c0ed3bae0083,1.0,39043.0,39.0,0.929228998849252,0.4420898885973902,0.4625850340136054,0.0163999898872789,0.0109318259896865
OFR,NOTEARS,FFMLP,10,0c6134f8186d2965,0.0,10035.0,10.0,0.7702991221023225,0.0643349986856799,0.1513513513513513,0.0211457670629912,0.0047269925258497
OFR,NOTEARS,FFMLP,10,2336111e52c6702f,1.0,10065.0,10.0,0.8681018448154821,0.288628878462739,0.2734375,0.0198566788852062,0.006945442209405
OFR,NOTEARS,FFMLP,10,28ebbdf3cdf63dac,2.0,10102.0,10.0,0.7534721468325479,0.0838951525629796,0.0709219858156028,0.0210520919184741,0.0017515877602834
OFR,NOTEARS,FFMLP,10,339b550c58479c16,2.0,10066.0,10.0,0.8487273016769076,0.2423893533447097,0.3068783068783068,0.0201004205922633,0.0091349554761331
OFR,NOTEARS,FFMLP,10,461f292f894a6c04,1.0,10101.0,10.0,0.756048664336221,0.068658109683828,0.1150442477876106,0.0211396677888479,0.0040282578454117
OFR,NOTEARS,FFMLP,10,46fe058c4ab36940,0.0,10100.0,10.0,0.7620810445028263,0.0768189876970267,0.1660899653979238,0.0211031037398291,0.0054673631028536
OFR,NOTEARS,FFMLP,10,5654ed1f4bdf690b,0.0,10055.0,10.0,0.8813463027697563,0.2842298531330779,0.3673469387755102,0.0196827718179502,0.0065279550541078
OFR,NOTEARS,FFMLP,10,5b40fe9e212fc526,2.0,10037.0,10.0,0.796447879801116,0.0819922860258794,0.1708542713567839,0.0208828765111679,0.0059443078570636
OFR,NOTEARS,FFMLP,10,66c0ef692da769b1,4.0,10059.0,10.0,0.7898075573021834,0.0885676268851894,0.1566820276497695,0.0208391416717768,0.0043951145094434
OFR,NOTEARS,FFMLP,10,6913d86256ddfe94,1.0,10043.0,10.0,0.7905928161481063,0.0795788159673421,0.149812734082397,0.0209019378250315,0.0037116638733907
OFR,NOTEARS,FFMLP,10,69c5df744fddc9e2,3.0,10067.0,10.0,0.7852841768533194,0.0743488964877092,0.1121495327102803,0.0210337294782612,0.0043072335219996
OFR,NOTEARS,FFMLP,10,6a7cba30bb06fce4,0.0,10042.0,10.0,0.7605394764458534,0.0662600290461187,0.1365638766519823,0.0211457769992315,0.0015109367647799
OFR,NOTEARS,FFMLP,10,6cd564de44e94d75,4.0,10068.0,10.0,0.7930499164079293,0.0891982929152816,0.1767441860465116,0.0208555138311466,0.0074431346456015
OFR,NOTEARS,FFMLP,10,73501facd301febb,3.0,10058.0,10.0,0.7584912897786078,0.0647045395527397,0.1189320388349514,0.0211941588054801,0.0020734318473467
OFR,NOTEARS,FFMLP,10,7666e1248373564d,3.0,10103.0,10.0,0.756479290154953,0.0546448150426855,0.1168141592920354,0.0212120086631218,0.0034004617747995
OFR,NOTEARS,FFMLP,10,77009d992c4dd843,3.0,10045.0,10.0,0.870587894710178,0.2450478194358416,0.3478260869565217,0.0196254049613647,0.0092031167023902
OFR,NOTEARS,FFMLP,10,aec8e210a0701a1e,4.0,10104.0,10.0,0.7638723031605763,0.0895531592868171,0.1340782122905028,0.0210208719767868,0.0057462812873915
OFR,NOTEARS,FFMLP,10,b3d9474e20fc61b1,2.0,10057.0,10.0,0.784712421564583,0.0818011890474062,0.1123348017621145,0.0209960028560092,0.0069897980276919
OFR,NOTEARS,FFMLP,10,bd6a0b007556c905,4.0,10039.0,10.0,0.905280413400786,0.2000344922988615,0.2589928057553957,0.0193625761498355,0.0090427260167911
OFR,NOTEARS,FFMLP,10,c2eb07c0bb6c971c,2.0,10044.0,10.0,0.8972107026800125,0.3369218707818318,0.3968253968253968,0.0194026918918678,0.0111954400057078
OFR,NOTEARS,FFMLP,10,c5ed9f5a6f23de1c,4.0,10046.0,10.0,0.7799791562628917,0.0956500380525628,0.173469387755102,0.0208280143349939,0.0052745766502403
OFR,NOTEARS,FFMLP,10,c90ff8abfb1cba7d,1.0,10056.0,10.0,0.7660326696629538,0.0687521392792712,0.1511111111111111,0.0211103640115142,0.0033902296479317
OFR,NOTEARS,FFMLP,10,ca448604a57a604a,0.0,10064.0,10.0,0.7557193622395437,0.0670828368506662,0.1171548117154811,0.0211837549510452,0.0022123527538936
OFR,NOTEARS,FFMLP,10,d513ad3387338dd7,3.0,10038.0,10.0,0.7859825867946241,0.0959085935012056,0.1758241758241758,0.0208260084016002,0.0038816866646907
OFR,NOTEARS,FFMLP,10,fa1d9866afca229e,1.0,10036.0,10.0,0.8887755028189707,0.2081545919136279,0.3575418994413408,0.0195661151232181,0.0100196756626645
OFR,NOTEARS,FFMLP,20,1068905b8968d200,1.0,20065.0,20.0,0.7814338754152463,0.1016263571969996,0.1940298507462686,0.0208148924708313,0.0066254938451944
OFR,NOTEARS,FFMLP,20,1423c978b99d91c5,0.0,20055.0,20.0,0.8801267994007427,0.268688756104033,0.3542857142857142,0.0191154315378281,0.0079203686646456
OFR,NOTEARS,FFMLP,20,195616a4508b45c2,1.0,20036.0,20.0,0.7876146224605742,0.0834783180856908,0.1693989071038251,0.020949552384056,0.006172181885853
OFR,NOTEARS,FFMLP,20,1d3484d5d575ebe7,3.0,20038.0,20.0,0.8864703881422296,0.2054382373148051,0.309623430962343,0.0196092271369506,0.0082455741286877
OFR,NOTEARS,FFMLP,20,24c45315678e9548,1.0,20056.0,20.0,0.8626339825288953,0.1989847223037955,0.3583815028901734,0.0196539588238535,0.008155827829445
OFR,NOTEARS,FFMLP,20,2746299d2bb099d2,3.0,20045.0,20.0,0.8089324098399809,0.1267200793503938,0.1686746987951807,0.0206975275699807,0.00664695616221
OFR,NOTEARS,FFMLP,20,33edefc2e4f211a2,0.0,20100.0,20.0,0.8702404990917052,0.2245184980692806,0.303030303030303,0.0198587608518019,0.00909042075669
OFR,NOTEARS,FFMLP,20,383ed22453e52c98,0.0,20064.0,20.0,0.8662997300446549,0.2321752065517666,0.3088235294117647,0.0197544230806364,0.0092347144691582
OFR,NOTEARS,FFMLP,20,3d9d87c35efd6d63,2.0,20102.0,20.0,0.8508116753877442,0.253054681816213,0.3370786516853932,0.0198498753317586,0.0089913614293175
OFR,NOTEARS,FFMLP,20,40484ea86fbec1fd,4.0,20068.0,20.0,0.8790520442060924,0.2112689870180796,0.3185840707964602,0.0196689742808988,0.0098153750235378
OFR,NOTEARS,FFMLP,20,58a9bdb1d80d7b4b,1.0,20101.0,20.0,0.8769893827214105,0.2335320708969065,0.3255813953488372,0.0198118387703617,0.0084174285568078
OFR,NOTEARS,FFMLP,20,7909080e0e35b8a2,2.0,20057.0,20.0,0.8624313350847862,0.1902638279891154,0.2753623188405797,0.0196835441964974,0.0063628035714406
OFR,NOTEARS,FFMLP,20,98b5a3dbb92effb6,3.0,20067.0,20.0,0.8928827322665394,0.2364332313465807,0.3636363636363636,0.019337372800123,0.0085684456335271
OFR,NOTEARS,FFMLP,20,9ead26e748190590,3.0,20058.0,20.0,0.8879178698858661,0.2335672333557622,0.3666666666666666,0.0193373156677041,0.00803910437862
OFR,NOTEARS,FFMLP,20,aa179c87980ac93f,4.0,20039.0,20.0,0.8859565321232385,0.2207894077909412,0.3842364532019704,0.0194091796094266,0.0112440733404125
OFR,NOTEARS,FFMLP,20,ae85ff71f9631647,2.0,20044.0,20.0,0.8654203848853956,0.2561342804764434,0.3221476510067114,0.0198760022800628,0.0083022368168377
OFR,NOTEARS,FFMLP,20,b668119e95172f88,2.0,20066.0,20.0,0.7924094057363702,0.0842491604967783,0.1772853185595568,0.0209538294497181,0.0039230524537564
OFR,NOTEARS,FFMLP,20,b6f47bf2af381f9b,4.0,20104.0,20.0,0.8031931447264622,0.1373768965961838,0.2443438914027149,0.0205493389783074,0.0073452409703637
OFR,NOTEARS,FFMLP,20,b72a084461027f90,3.0,20103.0,20.0,0.8767577856424287,0.1976970263595583,0.3291139240506329,0.0199099126032673,0.0092523180188906
OFR,NOTEARS,FFMLP,20,bf425d9885b45370,0.0,20042.0,20.0,0.8803692525928017,0.2466607982356166,0.3626373626373626,0.0194519778962918,0.0074478988086574
OFR,NOTEARS,FFMLP,20,c1c5d6f5a01c20df,0.0,20035.0,20.0,0.8850663308509022,0.235087099181309,0.2816901408450704,0.0191235366436105,0.0064709693589709
OFR,NOTEARS,FFMLP,20,d93f296c81c0fb6d,4.0,20059.0,20.0,0.8913194519834119,0.2384614887793925,0.3671497584541063,0.0191532773754782,0.0092910290189318
OFR,NOTEARS,FFMLP,20,e4731145181bcd29,2.0,20037.0,20.0,0.8156921495827634,0.1260390457752122,0.2122448979591836,0.0204542089105275,0.0063868800854075
OFR,NOTEARS,FFMLP,20,eae68964a84267f2,1.0,20043.0,20.0,0.8697049308465598,0.247952588719969,0.3837209302325581,0.0196065804628136,0.0085355251244336
OFR,NOTEARS,FFMLP,20,f8201841b371ea61,4.0,20046.0,20.0,0.883796165620861,0.2655248034706324,0.3676470588235294,0.0193636683088971,0.0063901263048837
OFR,NOTEARS,FFMLP,30,05e58f7500851fb0,3.0,30103.0,30.0,0.8793813463027698,0.2410311203738017,0.3668639053254438,0.0195617055118716,0.0087910688349178
OFR,NOTEARS,FFMLP,30,0f4a1f267a018b5c,1.0,30036.0,30.0,0.8792836412850743,0.2316891058137087,0.3109243697478991,0.0194363446649332,0.0076639588973293
OFR,NOTEARS,FFMLP,30,13c91868000bb9b2,1.0,30065.0,30.0,0.8802824036881834,0.2248472424501529,0.3617021276595745,0.0195252697887017,0.0089163142747225
OFR,NOTEARS,FFMLP,30,35ea8acfb791e8a9,3.0,30038.0,30.0,0.8811074682820562,0.2272458012205755,0.3708609271523179,0.0193201691713567,0.0076769970655274
OFR,NOTEARS,FFMLP,30,3730df010e6acffd,1.0,30101.0,30.0,0.8845886618755021,0.2600925526777489,0.3496503496503496,0.0193455215777803,0.0068518569662246
OFR,NOTEARS,FFMLP,30,40c731ffa07fa9a4,2.0,30037.0,30.0,0.8788674902837789,0.2598109304535723,0.3516483516483517,0.019126177212236,0.0068526959824168
OFR,NOTEARS,FFMLP,30,440dd4e34ebd38b6,3.0,30058.0,30.0,0.8842883094136975,0.2670516178356007,0.3626943005181347,0.0191636512112764,0.0075174568250654
OFR,NOTEARS,FFMLP,30,463497d5dd40266b,4.0,30104.0,30.0,0.8851242301206476,0.2606912116628781,0.3422459893048128,0.0195921474638271,0.009623439854955
OFR,NOTEARS,FFMLP,30,4a2b266a04345a7c,2.0,30066.0,30.0,0.8756070376562376,0.2203205300719718,0.3058823529411765,0.0197081568289166,0.0088881426192726
OFR,NOTEARS,FFMLP,30,5031276ca29a1c83,0.0,30035.0,30.0,0.8771884114611604,0.2619936837951997,0.359375,0.0192138001160054,0.008233613843608
OFR,NOTEARS,FFMLP,30,589ce25f45cc972f,0.0,30055.0,30.0,0.8839553886126611,0.2331073864917115,0.3546099290780142,0.0193527196825335,0.00844118318075
OFR,NOTEARS,FFMLP,30,700162f18805de3d,4.0,30068.0,30.0,0.8827214104262111,0.2465931385715659,0.3398058252427184,0.0194274900365187,0.0082049725412164
OFR,NOTEARS,FFMLP,30,94aeed4681266421,0.0,30100.0,30.0,0.8778325408370786,0.2564412716574346,0.3457943925233644,0.0195526551078842,0.0096195990421234
OFR,NOTEARS,FFMLP,30,bd0edae178fe9ba9,3.0,30045.0,30.0,0.8755708506126467,0.2247015101216138,0.3592814371257485,0.0194879459021964,0.006007597257084
OFR,NOTEARS,FFMLP,30,bdd10ce3ab7e6683,0.0,30042.0,30.0,0.8811545114387245,0.2208517552141523,0.334975369458128,0.0195703187840416,0.0068084313230875
OFR,NOTEARS,FFMLP,30,c082cd51acfcbbb6,1.0,30056.0,30.0,0.8817986408146428,0.2267525842736032,0.3425414364640884,0.0196432095681647,0.0088635558194251
OFR,NOTEARS,FFMLP,30,d04d59049629b635,2.0,30057.0,30.0,0.8892386969769344,0.2327270440709296,0.3384615384615385,0.0193324122086695,0.0076906719761318
OFR,NOTEARS,FFMLP,30,d602423d7e64e9b1,1.0,30043.0,30.0,0.8823812522164565,0.23570789098006,0.3516483516483517,0.0196327332295517,0.0083834686031971
OFR,NOTEARS,FFMLP,30,da0d5616097ea8fb,4.0,30039.0,30.0,0.8722488800110009,0.2336318029565919,0.3472222222222222,0.0193350812306159,0.0078546057387807
OFR,NOTEARS,FFMLP,30,da30540fd2e102c9,4.0,30046.0,30.0,0.8765587569026786,0.2443914117341027,0.3523316062176165,0.0197733760364233,0.0089378981260795
OFR,NOTEARS,FFMLP,30,e64f09cd48d47b32,2.0,30102.0,30.0,0.8813824898133471,0.2393422429503898,0.3592814371257485,0.0195916614699576,0.0089550541392544
OFR,NOTEARS,FFMLP,30,ea368a9dcdd3c99a,4.0,30059.0,30.0,0.8809880510382062,0.2248510451052348,0.3434343434343434,0.0194715069353563,0.0085045406758901
OFR,NOTEARS,FFMLP,30,ef51e7947cdb37a2,0.0,30064.0,30.0,0.8807492165505062,0.2189065530959527,0.358695652173913,0.019466437026625,0.0082579424905754
OFR,NOTEARS,FFMLP,30,f0f943a31842fbee,2.0,30044.0,30.0,0.8750606132980149,0.2370057918121847,0.3404255319148936,0.0196615992536229,0.0072519681972329
OFR,NOTEARS,FFMLP,30,f4e2de30bb819046,3.0,30067.0,30.0,0.875939958457274,0.2406760912024941,0.380281690140845,0.019471408656803,0.0086540736735537
OFR,NOTEARS,FFMLP,40,00c732a6baf6c4bc,4.0,30068.0,30.0,0.8827214104262111,0.2465931385715659,0.3398058252427184,0.0194274900365187,0.0082049725412164
OFR,NOTEARS,FFMLP,40,108f696228eb5821,4.0,30039.0,30.0,0.8722488800110009,0.2336318029565919,0.3472222222222222,0.0193350812306159,0.0078546057387807
OFR,NOTEARS,FFMLP,40,10cf413879c807b9,3.0,30038.0,30.0,0.8811074682820562,0.2272458012205755,0.3708609271523179,0.0193201691713567,0.0076769970655274
OFR,NOTEARS,FFMLP,40,1f1aaa85a5e36645,2.0,30057.0,30.0,0.8892386969769344,0.2327270440709296,0.3384615384615385,0.0193324122086695,0.0076906719761318
OFR,NOTEARS,FFMLP,40,2adcf030fbcec127,2.0,30066.0,30.0,0.8756070376562376,0.2203205300719718,0.3058823529411765,0.0197081568289166,0.0088881426192726
OFR,NOTEARS,FFMLP,40,37ca0e9f8ea7893a,2.0,30044.0,30.0,0.8750606132980149,0.2370057918121847,0.3404255319148936,0.0196615992536229,0.0072519681972329
OFR,NOTEARS,FFMLP,40,3a1fe7ce9435bfb1,0.0,30055.0,30.0,0.8839553886126611,0.2331073864917115,0.3546099290780142,0.0193527196825335,0.00844118318075
OFR,NOTEARS,FFMLP,40,3d41f0cc48932bfa,2.0,30037.0,30.0,0.8788674902837789,0.2598109304535723,0.3516483516483517,0.019126177212236,0.0068526959824168
OFR,NOTEARS,FFMLP,40,51a1ca634b2b7381,4.0,30104.0,30.0,0.8851242301206476,0.2606912116628781,0.3422459893048128,0.0195921474638271,0.009623439854955
OFR,NOTEARS,FFMLP,40,5d03a3d4e3759a95,1.0,30043.0,30.0,0.8823812522164565,0.23570789098006,0.3516483516483517,0.0196327332295517,0.0083834686031971
OFR,NOTEARS,FFMLP,40,6341391083ea6bc1,4.0,30046.0,30.0,0.8765587569026786,0.2443914117341027,0.3523316062176165,0.0197733760364233,0.0089378981260795
OFR,NOTEARS,FFMLP,40,71f21f169ab26809,3.0,30058.0,30.0,0.8842883094136975,0.2670516178356007,0.3626943005181347,0.0191636512112764,0.0075174568250654
OFR,NOTEARS,FFMLP,40,7465152ad520612d,0.0,30064.0,30.0,0.8807492165505062,0.2189065530959527,0.358695652173913,0.019466437026625,0.0082579424905754
OFR,NOTEARS,FFMLP,40,7f7316d6a9bbfaea,0.0,30100.0,30.0,0.8778325408370786,0.2564412716574346,0.3457943925233644,0.0195526551078842,0.0096195990421234
OFR,NOTEARS,FFMLP,40,8342b773670aae1d,3.0,30103.0,30.0,0.8793813463027698,0.2410311203738017,0.3668639053254438,0.0195617055118716,0.0087910688349178
OFR,NOTEARS,FFMLP,40,9154b5a62602a813,0.0,30042.0,30.0,0.8811545114387245,0.2208517552141523,0.334975369458128,0.0195703187840416,0.0068084313230875
OFR,NOTEARS,FFMLP,40,93528fddbe7aa9d5,1.0,30036.0,30.0,0.8792836412850743,0.2316891058137087,0.3109243697478991,0.0194363446649332,0.0076639588973293
OFR,NOTEARS,FFMLP,40,a87d7333ab4ebccd,1.0,30065.0,30.0,0.8802824036881834,0.2248472424501529,0.3617021276595745,0.0195252697887017,0.0089163142747225
OFR,NOTEARS,FFMLP,40,aac8d6b16f8780bf,2.0,30102.0,30.0,0.8813824898133471,0.2393422429503898,0.3592814371257485,0.0195916614699576,0.0089550541392544
OFR,NOTEARS,FFMLP,40,abad785a71130f76,0.0,30035.0,30.0,0.8771884114611604,0.2619936837951997,0.359375,0.0192138001160054,0.008233613843608
OFR,NOTEARS,FFMLP,40,adbf9295bbf1ab80,1.0,30056.0,30.0,0.8817986408146428,0.2267525842736032,0.3425414364640884,0.0196432095681647,0.0088635558194251
OFR,NOTEARS,FFMLP,40,c28a64d4242fe9a6,1.0,30101.0,30.0,0.8845886618755021,0.2600925526777489,0.3496503496503496,0.0193455215777803,0.0068518569662246
OFR,NOTEARS,FFMLP,40,ce72d9369c254845,3.0,30067.0,30.0,0.875939958457274,0.2406760912024941,0.380281690140845,0.019471408656803,0.0086540736735537
OFR,NOTEARS,FFMLP,40,e8a3c8db114f4068,3.0,30045.0,30.0,0.8755708506126467,0.2247015101216138,0.3592814371257485,0.0194879459021964,0.006007597257084
OFR,NOTEARS,FFMLP,40,e98b2dc159da5c41,4.0,30059.0,30.0,0.8809880510382062,0.2248510451052348,0.3434343434343434,0.0194715069353563,0.0085045406758901
OFR,NOTEARS,FFMLP,5,00f09f625db983b8,3.0,5058.0,5.0,0.7644332023362356,0.0584033456636519,0.1183206106870229,0.0212135359779885,0.0033047070254451
OFR,NOTEARS,FFMLP,5,173b4fbd73d4abc9,4.0,5068.0,5.0,0.7933955026742225,0.0783265697200771,0.1443298969072164,0.0210312908021829,0.0033220522572266
OFR,NOTEARS,FFMLP,5,2b6bcc40f0af8161,3.0,5038.0,5.0,0.7892358020134471,0.0765462091159885,0.1343570057581574,0.0209674626502395,0.0050192027523809
OFR,NOTEARS,FFMLP,5,2d23ffc4719a85e7,2.0,5044.0,5.0,0.8591021270744222,0.1663889018653731,0.1833333333333333,0.0200089087695554,0.0085513610689624
OFR,NOTEARS,FFMLP,5,4dabe9304fc7231f,2.0,5037.0,5.0,0.7737947905132047,0.0932455532337209,0.1333333333333333,0.0210701640933921,0.0022474206559128
OFR,NOTEARS,FFMLP,5,5e317ff3e3da37a5,1.0,5101.0,5.0,0.7261400728083317,0.048111343712227,0.0175438596491228,0.0213011729125891,0.001085561785825
OFR,NOTEARS,FFMLP,5,685649fb92cbf73a,2.0,5066.0,5.0,0.546865840154591,0.0243714167342765,0.0464366333440825,0.0216616495335006,0.0021982174153213
OFR,NOTEARS,FFMLP,5,6f409f9a707d1a68,3.0,5103.0,5.0,0.7661701804285993,0.076123186476196,0.1470588235294117,0.020958751217126,0.0023461907502156
OFR,NOTEARS,FFMLP,5,7265f0099987ea66,3.0,5045.0,5.0,0.7365908909973873,0.059005952730058,0.1044776119402985,0.0212168662276718,0.0003363193976902
OFR,NOTEARS,FFMLP,5,762b4f07c460b379,0.0,5055.0,5.0,0.8030230656215848,0.0845829323310028,0.1524926686217008,0.0210190841405858,0.0015676233158252
OFR,NOTEARS,FFMLP,5,81cbc92549b10259,4.0,5104.0,5.0,0.6734444999312447,0.0409206569543004,0.0769990128331688,0.0214411196774723,4.371580154095327e-05
OFR,NOTEARS,FFMLP,5,8963c721cdf2ad87,2.0,5057.0,5.0,0.912340505605373,0.247503773216862,0.32,0.0194032270512589,0.0116715223421955
OFR,NOTEARS,FFMLP,5,90115e04a99d1023,1.0,5056.0,5.0,0.7203465271294266,0.0582388526112316,0.12,0.0212660842133941,0.0003732026137801
OFR,NOTEARS,FFMLP,5,a9f5d06822798055,2.0,5102.0,5.0,0.7828849758632419,0.0807980007566086,0.1560693641618497,0.0210631234986095,0.0069910171708607
OFR,NOTEARS,FFMLP,5,ac6968af725e7827,0.0,5042.0,5.0,0.7451961699633064,0.0601420510971327,0.1247216035634743,0.0211605233932309,0.001029614116481
OFR,NOTEARS,FFMLP,5,b789918cf2ba0933,1.0,5036.0,5.0,0.7582922610388577,0.0634116796102532,0.105726872246696,0.0211353693154958,0.0014948492980649
OFR,NOTEARS,FFMLP,5,bb0026436ea23e67,1.0,5043.0,5.0,0.7246057421600769,0.0588546370585835,0.1052631578947368,0.02121143443785,0.0013584959424088
OFR,NOTEARS,FFMLP,5,be45279890bbb11c,3.0,5067.0,5.0,0.7708708773910589,0.0793944671628099,0.100502512562814,0.0210948647359695,0.0019783919496445
OFR,NOTEARS,FFMLP,5,ca02cc1a0179e922,4.0,5046.0,5.0,0.76015408443161,0.0600002018401982,0.1238532110091743,0.0212012238684974,0.0010436632339018
OFR,NOTEARS,FFMLP,5,caa337eca0fefa01,1.0,5065.0,5.0,0.756008858588271,0.0789710595261311,0.1673003802281368,0.0210980146124656,0.0034106957971183
OFR,NOTEARS,FFMLP,5,ce93804e87c72d51,4.0,5039.0,5.0,0.6714144067857943,0.0351919869103446,0.0734580734580734,0.0215015747870092,0.0020375631375747
OFR,NOTEARS,FFMLP,5,deab9e28ddc247e8,4.0,5059.0,5.0,0.7723038843172589,0.0600516806112453,0.1180811808118081,0.0211562344228182,0.0014488876302306
OFR,NOTEARS,FFMLP,5,e6172178d63877cd,0.0,5064.0,5.0,0.7708998270259316,0.0648163871811033,0.0960960960960961,0.0210603340223477,0.0012954889963567
OFR,NOTEARS,FFMLP,5,edb2a2c2351bae2e,0.0,5035.0,5.0,0.7165866933003309,0.0500733039637055,0.0922384701912261,0.021384821225997,0.0021176721467455
OFR,NOTEARS,FFMLP,5,f88a1e063e15dac3,0.0,5100.0,5.0,0.6933437552018874,0.0429369068540494,0.0910179640718562,0.0214118365978307,0.001271968562159
OFR,NOTEARS,FFMLP,ALL,0df4d834baa9c66c,2.0,30102.0,30.0,0.8813824898133471,0.2393422429503898,0.3592814371257485,0.0195916614699576,0.0089550541392544
OFR,NOTEARS,FFMLP,ALL,156747b5d1a715d3,2.0,30037.0,30.0,0.8788674902837789,0.2598109304535723,0.3516483516483517,0.019126177212236,0.0068526959824168
OFR,NOTEARS,FFMLP,ALL,1795bb73ffee769b,0.0,30035.0,30.0,0.8771884114611604,0.2619936837951997,0.359375,0.0192138001160054,0.008233613843608
OFR,NOTEARS,FFMLP,ALL,1eaf234c1c691280,1.0,30043.0,30.0,0.8823812522164565,0.23570789098006,0.3516483516483517,0.0196327332295517,0.0083834686031971
OFR,NOTEARS,FFMLP,ALL,4391d172bb6ec595,1.0,30036.0,30.0,0.8792836412850743,0.2316891058137087,0.3109243697478991,0.0194363446649332,0.0076639588973293
OFR,NOTEARS,FFMLP,ALL,456b6dcb22a86a84,1.0,30065.0,30.0,0.8802824036881834,0.2248472424501529,0.3617021276595745,0.0195252697887017,0.0089163142747225
OFR,NOTEARS,FFMLP,ALL,48b1380063a8f8c7,0.0,30064.0,30.0,0.8807492165505062,0.2189065530959527,0.358695652173913,0.019466437026625,0.0082579424905754
OFR,NOTEARS,FFMLP,ALL,4b1ce1c13ba5299f,0.0,30055.0,30.0,0.8839553886126611,0.2331073864917115,0.3546099290780142,0.0193527196825335,0.00844118318075
OFR,NOTEARS,FFMLP,ALL,4b856a3ea4ad8192,2.0,30044.0,30.0,0.8750606132980149,0.2370057918121847,0.3404255319148936,0.0196615992536229,0.0072519681972329
OFR,NOTEARS,FFMLP,ALL,617eee5f13ccfb28,1.0,30056.0,30.0,0.8817986408146428,0.2267525842736032,0.3425414364640884,0.0196432095681647,0.0088635558194251
OFR,NOTEARS,FFMLP,ALL,67a962795042bdcf,4.0,30059.0,30.0,0.8809880510382062,0.2248510451052348,0.3434343434343434,0.0194715069353563,0.0085045406758901
OFR,NOTEARS,FFMLP,ALL,78a0b31e2e7aecb6,3.0,30103.0,30.0,0.8793813463027698,0.2410311203738017,0.3668639053254438,0.0195617055118716,0.0087910688349178
OFR,NOTEARS,FFMLP,ALL,906337c1d3f1be27,1.0,30101.0,30.0,0.8845886618755021,0.2600925526777489,0.3496503496503496,0.0193455215777803,0.0068518569662246
OFR,NOTEARS,FFMLP,ALL,9171c10c1ab78597,4.0,30104.0,30.0,0.8851242301206476,0.2606912116628781,0.3422459893048128,0.0195921474638271,0.009623439854955
OFR,NOTEARS,FFMLP,ALL,9d5c48c9593e82d4,3.0,30058.0,30.0,0.8842883094136975,0.2670516178356007,0.3626943005181347,0.0191636512112764,0.0075174568250654
OFR,NOTEARS,FFMLP,ALL,a958692d23c36fce,2.0,30057.0,30.0,0.8892386969769344,0.2327270440709296,0.3384615384615385,0.0193324122086695,0.0076906719761318
OFR,NOTEARS,FFMLP,ALL,b3700407dd0caf40,3.0,30038.0,30.0,0.8811074682820562,0.2272458012205755,0.3708609271523179,0.0193201691713567,0.0076769970655274
OFR,NOTEARS,FFMLP,ALL,b95060b5a1680884,3.0,30067.0,30.0,0.875939958457274,0.2406760912024941,0.380281690140845,0.019471408656803,0.0086540736735537
OFR,NOTEARS,FFMLP,ALL,c09615760a4a1748,4.0,30039.0,30.0,0.8722488800110009,0.2336318029565919,0.3472222222222222,0.0193350812306159,0.0078546057387807
OFR,NOTEARS,FFMLP,ALL,ccd4befea17e2719,3.0,30045.0,30.0,0.8755708506126467,0.2247015101216138,0.3592814371257485,0.0194879459021964,0.006007597257084
OFR,NOTEARS,FFMLP,ALL,d4818cc4ffd9260f,4.0,30068.0,30.0,0.8827214104262111,0.2465931385715659,0.3398058252427184,0.0194274900365187,0.0082049725412164
OFR,NOTEARS,FFMLP,ALL,ee0033f250424129,0.0,30042.0,30.0,0.8811545114387245,0.2208517552141523,0.334975369458128,0.0195703187840416,0.0068084313230875
OFR,NOTEARS,FFMLP,ALL,f4c3352b31ee22e6,0.0,30100.0,30.0,0.8778325408370786,0.2564412716574346,0.3457943925233644,0.0195526551078842,0.0096195990421234
OFR,NOTEARS,FFMLP,ALL,fa00b7b55c6ff316,2.0,30066.0,30.0,0.8756070376562376,0.2203205300719718,0.3058823529411765,0.0197081568289166,0.0088881426192726
OFR,NOTEARS,FFMLP,ALL,fa0efc922605fd49,4.0,30046.0,30.0,0.8765587569026786,0.2443914117341027,0.3523316062176165,0.0197733760364233,0.0089378981260795
OFR,NOTEARS,LightGBM,10,0c6134f8186d2965,0.0,10035.0,10.0,0.8804054396363926,0.2133691237834173,0.275,0.0208658544721014,0.0202665452048793
OFR,NOTEARS,LightGBM,10,2336111e52c6702f,1.0,10065.0,10.0,0.8968886379920533,0.3909527253799001,0.4198895027624309,0.0181868629862651,0.0169308349581803
OFR,NOTEARS,LightGBM,10,28ebbdf3cdf63dac,2.0,10102.0,10.0,0.8503557186384987,0.1913630389787144,0.2647058823529412,0.0208636752177197,0.0201173254705327
OFR,NOTEARS,LightGBM,10,339b550c58479c16,2.0,10066.0,10.0,0.8889455819238479,0.2638135034292864,0.3552631578947368,0.0200972818984645,0.0188898536030091
OFR,NOTEARS,LightGBM,10,461f292f894a6c04,1.0,10101.0,10.0,0.8135498766021813,0.1687481392300497,0.1929824561403508,0.0206316236578518,0.0198705207889411
OFR,NOTEARS,LightGBM,10,46fe058c4ab36940,0.0,10100.0,10.0,0.8580418466972085,0.2081333876812537,0.238095238095238,0.0207316803205729,0.0192799545923493
OFR,NOTEARS,LightGBM,10,5654ed1f4bdf690b,0.0,10055.0,10.0,0.8975544795941262,0.357211828138757,0.375,0.0184554646458755,0.0179246065500052
OFR,NOTEARS,LightGBM,10,5b40fe9e212fc526,2.0,10037.0,10.0,0.8721113692453554,0.24311090030464,0.2897196261682243,0.0203025322400262,0.0197331771666725
OFR,NOTEARS,LightGBM,10,66c0ef692da769b1,4.0,10059.0,10.0,0.9003155510201128,0.3475858399777828,0.3803680981595092,0.0190084484758637,0.018387672761314
OFR,NOTEARS,LightGBM,10,6913d86256ddfe94,1.0,10043.0,10.0,0.8260778310933553,0.1767549596185912,0.2816901408450704,0.0211782204870072,0.020395646303944
OFR,NOTEARS,LightGBM,10,69c5df744fddc9e2,3.0,10067.0,10.0,0.8595436090062314,0.1950908355194316,0.2682926829268293,0.0210054999623108,0.0202228656024077
OFR,NOTEARS,LightGBM,10,6a7cba30bb06fce4,0.0,10042.0,10.0,0.8507175890744079,0.1762815584088606,0.2559241706161137,0.0214613878163693,0.0203002968397863
OFR,NOTEARS,LightGBM,10,6cd564de44e94d75,4.0,10068.0,10.0,0.8028385116992712,0.1169379448783894,0.1739130434782608,0.0216994537482465,0.0213494655060971
OFR,NOTEARS,LightGBM,10,73501facd301febb,3.0,10058.0,10.0,0.8587221631167178,0.1973967066009699,0.2516556291390728,0.0210867396991444,0.0208613355230711
OFR,NOTEARS,LightGBM,10,7666e1248373564d,3.0,10103.0,10.0,0.8248872773592143,0.1795082464430574,0.2476190476190476,0.0208803308129349,0.0192825183684301
OFR,NOTEARS,LightGBM,10,77009d992c4dd843,3.0,10045.0,10.0,0.8895354307343799,0.2928916606286817,0.3295454545454545,0.019556716831874,0.0190129522479643
OFR,NOTEARS,LightGBM,10,aec8e210a0701a1e,4.0,10104.0,10.0,0.8063956980842579,0.1531501994655597,0.2256410256410256,0.020925612348378,0.0201182387513496
OFR,NOTEARS,LightGBM,10,b3d9474e20fc61b1,2.0,10057.0,10.0,0.8070072591209443,0.105066255534648,0.1271676300578034,0.0221708008033843,0.0212491731383728
OFR,NOTEARS,LightGBM,10,bd6a0b007556c905,4.0,10039.0,10.0,0.9292072866230976,0.3892772011111416,0.3862068965517241,0.0178081837185744,0.0168315117281359
OFR,NOTEARS,LightGBM,10,c2eb07c0bb6c971c,2.0,10044.0,10.0,0.9319357897098522,0.3996335211144139,0.4497041420118343,0.0186372030143881,0.0179294791732682
OFR,NOTEARS,LightGBM,10,c5ed9f5a6f23de1c,4.0,10046.0,10.0,0.7531717943707434,0.0824325299029171,0.1383647798742138,0.0222671228467911,0.0202864419698358
OFR,NOTEARS,LightGBM,10,c90ff8abfb1cba7d,1.0,10056.0,10.0,0.8535691281093718,0.1593552453708035,0.16,0.0220562502284279,0.0205781163930268
OFR,NOTEARS,LightGBM,10,ca448604a57a604a,0.0,10064.0,10.0,0.8574700914084721,0.1983798036356126,0.2625,0.0207254878160145,0.0190920769316849
OFR,NOTEARS,LightGBM,10,d513ad3387338dd7,3.0,10038.0,10.0,0.8361378292116292,0.2211035683714277,0.2673267326732673,0.0201785854145647,0.0195408378829688
OFR,NOTEARS,LightGBM,10,fa1d9866afca229e,1.0,10036.0,10.0,0.8812920222043699,0.3640644813019805,0.3870967741935484,0.0187633226947807,0.0177655653389992
OFR,NOTEARS,LightGBM,20,1068905b8968d200,1.0,20065.0,20.0,0.8679209095975278,0.2921648050472858,0.2784810126582278,0.0193116730883284,0.0188848544567878
OFR,NOTEARS,LightGBM,20,1423c978b99d91c5,0.0,20055.0,20.0,0.9240795825462652,0.4378322409351447,0.4260355029585799,0.017032618256392,0.0171376298268833
OFR,NOTEARS,LightGBM,20,195616a4508b45c2,1.0,20036.0,20.0,0.8971564221146261,0.2836863563474487,0.3435582822085889,0.0201383853843479,0.0194771153105795
OFR,NOTEARS,LightGBM,20,1d3484d5d575ebe7,3.0,20038.0,20.0,0.906315362847486,0.4297216219105344,0.4596273291925465,0.0176081234707171,0.0176144198899604
OFR,NOTEARS,LightGBM,20,24c45315678e9548,1.0,20056.0,20.0,0.9015097234586128,0.4037521345697379,0.4025157232704403,0.0186162149540861,0.0178453290013183
OFR,NOTEARS,LightGBM,20,2746299d2bb099d2,3.0,20045.0,20.0,0.8943844945755621,0.3518095402543352,0.3529411764705882,0.018492365529211,0.0179229263295369
OFR,NOTEARS,LightGBM,20,33edefc2e4f211a2,0.0,20100.0,20.0,0.9247598989657744,0.4490022019051043,0.4482758620689655,0.01709798637128,0.016943084230248
OFR,NOTEARS,LightGBM,20,383ed22453e52c98,0.0,20064.0,20.0,0.9261241505091518,0.4439770579938736,0.4743589743589743,0.0172977619694527,0.0171904958367843
OFR,NOTEARS,LightGBM,20,3d9d87c35efd6d63,2.0,20102.0,20.0,0.9309515021241794,0.4322031448554355,0.4583333333333333,0.0170082722553797,0.0165237974764275
OFR,NOTEARS,LightGBM,20,40484ea86fbec1fd,4.0,20068.0,20.0,0.9272966107214972,0.4546750627524738,0.4545454545454545,0.0169511549411139,0.0165858399537573
OFR,NOTEARS,LightGBM,20,58a9bdb1d80d7b4b,1.0,20101.0,20.0,0.929073394561811,0.4669974302319808,0.4512195121951219,0.0165776846340248,0.0164352072630199
OFR,NOTEARS,LightGBM,20,7909080e0e35b8a2,2.0,20057.0,20.0,0.9014662990063036,0.4034631419161529,0.4026845637583892,0.017744578872231,0.0177488539786927
OFR,NOTEARS,LightGBM,20,98b5a3dbb92effb6,3.0,20067.0,20.0,0.9275824883658657,0.4635602449920577,0.48,0.0165840865601323,0.0165730454990209
OFR,NOTEARS,LightGBM,20,9ead26e748190590,3.0,20058.0,20.0,0.9064311613869772,0.402703755662633,0.4411764705882353,0.0182325962444614,0.0179577236416135
OFR,NOTEARS,LightGBM,20,aa179c87980ac93f,4.0,20039.0,20.0,0.9237249495190742,0.4106911009636494,0.4624277456647399,0.0179892725353267,0.0178840533602385
OFR,NOTEARS,LightGBM,20,ae85ff71f9631647,2.0,20044.0,20.0,0.9214451657728466,0.4230077157795036,0.4594594594594595,0.0171288683535812,0.0173012973998836
OFR,NOTEARS,LightGBM,20,b668119e95172f88,2.0,20066.0,20.0,0.904809981834104,0.3374407049413265,0.3522727272727273,0.0187782330121137,0.0190234281643516
OFR,NOTEARS,LightGBM,20,b6f47bf2af381f9b,4.0,20104.0,20.0,0.8942867895578668,0.3583609062290673,0.3787878787878788,0.018329392986911,0.0180919718202128
OFR,NOTEARS,LightGBM,20,b72a084461027f90,3.0,20103.0,20.0,0.901904162233754,0.3724320651603074,0.4054054054054054,0.0188892393833463,0.0186887488071036
OFR,NOTEARS,LightGBM,20,bf425d9885b45370,0.0,20042.0,20.0,0.9263557475881335,0.4306014438775559,0.4335664335664335,0.0173015248325035,0.0173798490695152
OFR,NOTEARS,LightGBM,20,c1c5d6f5a01c20df,0.0,20035.0,20.0,0.908334599879859,0.3853748883005848,0.4305555555555556,0.0184230779841426,0.018723410647203
OFR,NOTEARS,LightGBM,20,d93f296c81c0fb6d,4.0,20059.0,20.0,0.9041079531884404,0.3639735053398635,0.3739837398373983,0.0190395347515654,0.0187003260648317
OFR,NOTEARS,LightGBM,20,e4731145181bcd29,2.0,20037.0,20.0,0.8855295250088658,0.3381336278819907,0.3821656050955414,0.0189993961152548,0.0183339191542847
OFR,NOTEARS,LightGBM,20,eae68964a84267f2,1.0,20043.0,20.0,0.9353409905117572,0.4531177968799111,0.4417177914110429,0.0168748585196757,0.0168070490755654
OFR,NOTEARS,LightGBM,20,f8201841b371ea61,4.0,20046.0,20.0,0.9292796607102792,0.4213806403180953,0.4260355029585799,0.0174906439446436,0.0170041702493996
OFR,NOTEARS,LightGBM,30,05e58f7500851fb0,3.0,30103.0,30.0,0.9328006600516752,0.4618560079632265,0.4320987654320987,0.0166912260286423,0.0166528875975966
OFR,NOTEARS,LightGBM,30,0f4a1f267a018b5c,1.0,30036.0,30.0,0.9347873287448162,0.4612603204668627,0.4551724137931034,0.0169877919493947,0.0168513174817041
OFR,NOTEARS,LightGBM,30,13c91868000bb9b2,1.0,30065.0,30.0,0.9312952790382932,0.4632635006280588,0.4782608695652174,0.0169374041086953,0.0168136577258944
OFR,NOTEARS,LightGBM,30,35ea8acfb791e8a9,3.0,30038.0,30.0,0.933108249922198,0.4636172873308629,0.4487179487179487,0.0168014914522706,0.0166456280193952
OFR,NOTEARS,LightGBM,30,3730df010e6acffd,1.0,30101.0,30.0,0.927401553147911,0.4716808197215975,0.4689655172413793,0.0165338274210754,0.0164585161199297
OFR,NOTEARS,LightGBM,30,40c731ffa07fa9a4,2.0,30037.0,30.0,0.9292217614405338,0.4609545173843092,0.4551724137931034,0.0164658611464701,0.0164133848623599
OFR,NOTEARS,LightGBM,30,440dd4e34ebd38b6,3.0,30058.0,30.0,0.9325943939032068,0.4665998965037418,0.4268292682926829,0.016681025737333,0.0163747541603713
OFR,NOTEARS,LightGBM,30,463497d5dd40266b,4.0,30104.0,30.0,0.9311251999334158,0.461864697612558,0.4647887323943662,0.0169114257095029,0.0169646033102528
OFR,NOTEARS,LightGBM,30,4a2b266a04345a7c,2.0,30066.0,30.0,0.9309551208285384,0.4629303805947857,0.4489795918367347,0.0167448077692676,0.0167182544766405
OFR,NOTEARS,LightGBM,30,5031276ca29a1c83,0.0,30035.0,30.0,0.9326486744685932,0.4591815977536453,0.4625850340136054,0.0167564999068261,0.0162385101745642
OFR,NOTEARS,LightGBM,30,589ce25f45cc972f,0.0,30055.0,30.0,0.9317150487439476,0.4647373599242689,0.4520547945205479,0.0164550008765282,0.0166937017099287
OFR,NOTEARS,LightGBM,30,700162f18805de3d,4.0,30068.0,30.0,0.9340129260119708,0.4660359072765305,0.4473684210526316,0.0166269779490429,0.0163266513673762
OFR,NOTEARS,LightGBM,30,94aeed4681266421,0.0,30100.0,30.0,0.9342879475432616,0.4602412728696748,0.4615384615384615,0.0169197228996131,0.0170167399904735
OFR,NOTEARS,LightGBM,30,bd0edae178fe9ba9,3.0,30045.0,30.0,0.9328006600516752,0.4553818457880447,0.4375,0.0168642167855073,0.0168150795066059
OFR,NOTEARS,LightGBM,30,bdd10ce3ab7e6683,0.0,30042.0,30.0,0.933151674374507,0.4581004828051038,0.4755244755244755,0.0169069945787189,0.0162871188866047
OFR,NOTEARS,LightGBM,30,c082cd51acfcbbb6,1.0,30056.0,30.0,0.9342010986386434,0.4688490515011128,0.4680851063829787,0.0166793862699109,0.0167311033188129
OFR,NOTEARS,LightGBM,30,d04d59049629b635,2.0,30057.0,30.0,0.9306764805928884,0.4565816129839677,0.4347826086956521,0.0167327296718919,0.016440179996677
OFR,NOTEARS,LightGBM,30,d602423d7e64e9b1,1.0,30043.0,30.0,0.927839416375361,0.4485909078063459,0.4489795918367347,0.0168224959896989,0.0165789342092486
OFR,NOTEARS,LightGBM,30,da0d5616097ea8fb,4.0,30039.0,30.0,0.935485738686121,0.4575184678183353,0.4714285714285714,0.0168914901116943,0.0165517896742912
OFR,NOTEARS,LightGBM,30,da30540fd2e102c9,4.0,30046.0,30.0,0.9289467399092428,0.4578953067198241,0.4487179487179487,0.0168100696756682,0.01674197667872
OFR,NOTEARS,LightGBM,30,e64f09cd48d47b32,2.0,30102.0,30.0,0.9341902425255662,0.4638204740886939,0.4782608695652174,0.0169837350656449,0.0170362627978685
OFR,NOTEARS,LightGBM,30,ea368a9dcdd3c99a,4.0,30059.0,30.0,0.930622200027502,0.4670564966993173,0.4594594594594595,0.016916061805141,0.0164345252528398
OFR,NOTEARS,LightGBM,30,ef51e7947cdb37a2,0.0,30064.0,30.0,0.9322506169890932,0.4641114959546785,0.4528301886792453,0.0167756439281583,0.017005975183609
OFR,NOTEARS,LightGBM,30,f0f943a31842fbee,2.0,30044.0,30.0,0.92740517185227,0.4589524620861602,0.44,0.0168643851884881,0.0164897536374476
OFR,NOTEARS,LightGBM,30,f4e2de30bb819046,3.0,30067.0,30.0,0.9328730341388568,0.4590656892461964,0.422360248447205,0.0169008885063211,0.0163788626017395
OFR,NOTEARS,LightGBM,40,00c732a6baf6c4bc,4.0,30068.0,30.0,0.9340129260119708,0.4660359072765305,0.4473684210526316,0.0166269779490429,0.0163266513673762
OFR,NOTEARS,LightGBM,40,108f696228eb5821,4.0,30039.0,30.0,0.935485738686121,0.4575184678183353,0.4714285714285714,0.0168914901116943,0.0165517896742912
OFR,NOTEARS,LightGBM,40,10cf413879c807b9,3.0,30038.0,30.0,0.933108249922198,0.4636172873308629,0.4487179487179487,0.0168014914522706,0.0166456280193952
OFR,NOTEARS,LightGBM,40,1f1aaa85a5e36645,2.0,30057.0,30.0,0.9306764805928884,0.4565816129839677,0.4347826086956521,0.0167327296718919,0.0164401799948026
OFR,NOTEARS,LightGBM,40,2adcf030fbcec127,2.0,30066.0,30.0,0.9309551208285384,0.4629303805947857,0.4489795918367347,0.0167448077692676,0.0167182544766405
OFR,NOTEARS,LightGBM,40,37ca0e9f8ea7893a,2.0,30044.0,30.0,0.92740517185227,0.4589524620861602,0.44,0.0168643851884881,0.0164897536362485
OFR,NOTEARS,LightGBM,40,3a1fe7ce9435bfb1,0.0,30055.0,30.0,0.9317150487439476,0.4647373599242689,0.4520547945205479,0.0164550008765282,0.0166937017099287
OFR,NOTEARS,LightGBM,40,3d41f0cc48932bfa,2.0,30037.0,30.0,0.9292217614405338,0.4609545173843092,0.4551724137931034,0.0164658611464701,0.0164133848623599
OFR,NOTEARS,LightGBM,40,51a1ca634b2b7381,4.0,30104.0,30.0,0.9311251999334158,0.461864697612558,0.4647887323943662,0.0169132603272586,0.0169662392151826
OFR,NOTEARS,LightGBM,40,5d03a3d4e3759a95,1.0,30043.0,30.0,0.927839416375361,0.4485909078063459,0.4489795918367347,0.0168224959896989,0.0165789342092486
OFR,NOTEARS,LightGBM,40,6341391083ea6bc1,4.0,30046.0,30.0,0.9289467399092428,0.4578953067198241,0.4487179487179487,0.0168089007872798,0.0167434660635461
OFR,NOTEARS,LightGBM,40,71f21f169ab26809,3.0,30058.0,30.0,0.9325943939032068,0.4665998965037418,0.4268292682926829,0.016681025737333,0.0163747541603713
OFR,NOTEARS,LightGBM,40,7465152ad520612d,0.0,30064.0,30.0,0.9322506169890932,0.4641114959546785,0.4528301886792453,0.0167756439281583,0.0170059751815465
OFR,NOTEARS,LightGBM,40,7f7316d6a9bbfaea,0.0,30100.0,30.0,0.9342879475432616,0.4602412728696748,0.4615384615384615,0.0169197228996131,0.0170167399904847
OFR,NOTEARS,LightGBM,40,8342b773670aae1d,3.0,30103.0,30.0,0.9328006600516752,0.4618560079632265,0.4320987654320987,0.0166912260286423,0.0166528875975966
OFR,NOTEARS,LightGBM,40,9154b5a62602a813,0.0,30042.0,30.0,0.933151674374507,0.4581004828051038,0.4755244755244755,0.0169069945787189,0.0162871188866047
OFR,NOTEARS,LightGBM,40,93528fddbe7aa9d5,1.0,30036.0,30.0,0.9347873287448162,0.4612603204668627,0.4551724137931034,0.0169877919493947,0.0168513174817041
OFR,NOTEARS,LightGBM,40,a87d7333ab4ebccd,1.0,30065.0,30.0,0.931291660333934,0.4630396661112325,0.4782608695652174,0.0169375868833995,0.0168129521249064
OFR,NOTEARS,LightGBM,40,aac8d6b16f8780bf,2.0,30102.0,30.0,0.9341902425255662,0.4638204740886939,0.4782608695652174,0.0169837350656449,0.0170362627978685
OFR,NOTEARS,LightGBM,40,abad785a71130f76,0.0,30035.0,30.0,0.9326486744685932,0.4591815977536453,0.4625850340136054,0.0167564999068261,0.0162385101745642
OFR,NOTEARS,LightGBM,40,adbf9295bbf1ab80,1.0,30056.0,30.0,0.9342010986386434,0.4688490515011128,0.4680851063829787,0.0166793862699109,0.0167311033188129
OFR,NOTEARS,LightGBM,40,c28a64d4242fe9a6,1.0,30101.0,30.0,0.927401553147911,0.4716808197215975,0.4689655172413793,0.0165338274210754,0.0164585161199297
OFR,NOTEARS,LightGBM,40,ce72d9369c254845,3.0,30067.0,30.0,0.9328730341388568,0.4590656892461964,0.422360248447205,0.0169008885063211,0.0163788626017444
OFR,NOTEARS,LightGBM,40,e8a3c8db114f4068,3.0,30045.0,30.0,0.9328006600516752,0.4553818457880447,0.4375,0.0168642167855073,0.0168150795066059
OFR,NOTEARS,LightGBM,40,e98b2dc159da5c41,4.0,30059.0,30.0,0.930622200027502,0.4670564966993173,0.4594594594594595,0.016916061805141,0.0164345252512089
OFR,NOTEARS,LightGBM,5,00f09f625db983b8,3.0,5058.0,5.0,0.7817776523293599,0.0913834106557413,0.1796407185628742,0.0223629280605966,0.0200628372312901
OFR,NOTEARS,LightGBM,5,173b4fbd73d4abc9,4.0,5068.0,5.0,0.7996540518632709,0.1031729765362727,0.1946902654867256,0.0222796043239373,0.0195822588369912
OFR,NOTEARS,LightGBM,5,2b6bcc40f0af8161,3.0,5038.0,5.0,0.7525240462904662,0.0763817735251268,0.1341107871720116,0.0224438687168045,0.0199605832298304
OFR,NOTEARS,LightGBM,5,2d23ffc4719a85e7,2.0,5044.0,5.0,0.8484160931020258,0.2649879645739796,0.3597122302158273,0.019500222746157,0.0169420492436597
OFR,NOTEARS,LightGBM,5,4dabe9304fc7231f,2.0,5037.0,5.0,0.8177258614325726,0.1268224183996352,0.1725888324873096,0.0230763531224652,0.0221065685269029
OFR,NOTEARS,LightGBM,5,5e317ff3e3da37a5,1.0,5101.0,5.0,0.7570727576698438,0.0695834362814266,0.1064425770308123,0.0231393970698948,0.0214168845319131
OFR,NOTEARS,LightGBM,5,685649fb92cbf73a,2.0,5066.0,5.0,0.7375172793133147,0.0895199142302041,0.1484098939929328,0.0218681352730463,0.0203074103187868
OFR,NOTEARS,LightGBM,5,6f409f9a707d1a68,3.0,5103.0,5.0,0.7343871000427007,0.0603462178108977,0.0992907801418439,0.0231158222834873,0.021409425283081
OFR,NOTEARS,LightGBM,5,7265f0099987ea66,3.0,5045.0,5.0,0.7554334845951756,0.0832516133767657,0.1509433962264151,0.0231809179281194,0.020907151103669
OFR,NOTEARS,LightGBM,5,762b4f07c460b379,0.0,5055.0,5.0,0.7985394909206708,0.0997628985252806,0.1428571428571428,0.0219507332238027,0.0202083764113002
OFR,NOTEARS,LightGBM,5,81cbc92549b10259,4.0,5104.0,5.0,0.7275187991691455,0.0675404578415094,0.1276595744680851,0.0224766977569568,0.0201467690608486
OFR,NOTEARS,LightGBM,5,8963c721cdf2ad87,2.0,5057.0,5.0,0.8934870558945076,0.3167650829493817,0.3522012578616352,0.0187649061651611,0.0171422512098865
OFR,NOTEARS,LightGBM,5,90115e04a99d1023,1.0,5056.0,5.0,0.7815207243198647,0.1366402161504807,0.2061068702290076,0.0217849103441658,0.020038234695352
OFR,NOTEARS,LightGBM,5,a9f5d06822798055,2.0,5102.0,5.0,0.7869560182672197,0.2081612246007807,0.1970802919708029,0.0198228007667947,0.0171740311586434
OFR,NOTEARS,LightGBM,5,ac6968af725e7827,0.0,5042.0,5.0,0.8285132191270237,0.1312175705822286,0.1702127659574468,0.0236218342455978,0.0238861933634746
OFR,NOTEARS,LightGBM,5,b789918cf2ba0933,1.0,5036.0,5.0,0.7344413806080871,0.0897367470652776,0.144927536231884,0.0221280066548759,0.020724559422324
OFR,NOTEARS,LightGBM,5,bb0026436ea23e67,1.0,5043.0,5.0,0.788045248279306,0.1689620465848312,0.2396313364055299,0.0209868903167931,0.0202121269739165
OFR,NOTEARS,LightGBM,5,be45279890bbb11c,3.0,5067.0,5.0,0.7194309949265766,0.048344964054692,0.0781758957654723,0.0251677787701271,0.0264021979912989
OFR,NOTEARS,LightGBM,5,ca02cc1a0179e922,4.0,5046.0,5.0,0.7982825629111753,0.0850690053530203,0.1559633027522936,0.0235740986619461,0.0227057723096529
OFR,NOTEARS,LightGBM,5,caa337eca0fefa01,1.0,5065.0,5.0,0.8145920634575996,0.1072824434686369,0.1758241758241758,0.0218693514504074,0.0203859154433292
OFR,NOTEARS,LightGBM,5,ce93804e87c72d51,4.0,5039.0,5.0,0.7287600147643138,0.0683183729864116,0.119047619047619,0.023060296060536,0.0216518350326511
OFR,NOTEARS,LightGBM,5,deab9e28ddc247e8,4.0,5059.0,5.0,0.7621606559987263,0.0769656643123104,0.0566037735849056,0.0228874909754231,0.0213087727180899
OFR,NOTEARS,LightGBM,5,e6172178d63877cd,0.0,5064.0,5.0,0.761791548154099,0.0755921133553896,0.1376811594202898,0.0230748566753271,0.021381024469874
OFR,NOTEARS,LightGBM,5,edb2a2c2351bae2e,0.0,5035.0,5.0,0.7571668439831803,0.1177351443670779,0.1590909090909091,0.0217645368751355,0.0209929973664746
OFR,NOTEARS,LightGBM,5,f88a1e063e15dac3,0.0,5100.0,5.0,0.7143575714151306,0.0522005613832866,0.1011673151750972,0.0236580294612345,0.0225858515690603
OFR,NOTEARS,LightGBM,ALL,0df4d834baa9c66c,2.0,30102.0,30.0,0.9341902425255662,0.4638204740886939,0.4782608695652174,0.0169837350656449,0.0170362627978685
OFR,NOTEARS,LightGBM,ALL,156747b5d1a715d3,2.0,30037.0,30.0,0.9292217614405338,0.4609545173843092,0.4551724137931034,0.0164658611464701,0.0164133848623599
OFR,NOTEARS,LightGBM,ALL,1795bb73ffee769b,0.0,30035.0,30.0,0.9326486744685932,0.4591815977536453,0.4625850340136054,0.0167564999068261,0.0162385101745642
OFR,NOTEARS,LightGBM,ALL,1eaf234c1c691280,1.0,30043.0,30.0,0.927839416375361,0.4485909078063459,0.4489795918367347,0.0168224959896989,0.0165789342092619
OFR,NOTEARS,LightGBM,ALL,4391d172bb6ec595,1.0,30036.0,30.0,0.9347873287448162,0.4612603204668627,0.4551724137931034,0.0169877919493947,0.0168513174817041
OFR,NOTEARS,LightGBM,ALL,456b6dcb22a86a84,1.0,30065.0,30.0,0.931291660333934,0.4630396661112325,0.4782608695652174,0.0169375879689192,0.0168129479749356
OFR,NOTEARS,LightGBM,ALL,48b1380063a8f8c7,0.0,30064.0,30.0,0.9322506169890932,0.4641114959546785,0.4528301886792453,0.0167756439281583,0.017005975183609
OFR,NOTEARS,LightGBM,ALL,4b1ce1c13ba5299f,0.0,30055.0,30.0,0.9317150487439476,0.4647373599242689,0.4520547945205479,0.0164550008765282,0.0166937017099287
OFR,NOTEARS,LightGBM,ALL,4b856a3ea4ad8192,2.0,30044.0,30.0,0.92740517185227,0.4589524620861602,0.44,0.0168643851884881,0.0164897536374476
OFR,NOTEARS,LightGBM,ALL,617eee5f13ccfb28,1.0,30056.0,30.0,0.9342010986386434,0.4688490515011128,0.4680851063829787,0.0166793862699109,0.0167311033188
OFR,NOTEARS,LightGBM,ALL,67a962795042bdcf,4.0,30059.0,30.0,0.930622200027502,0.4670564966993173,0.4594594594594595,0.016916061805141,0.0164345252512089
OFR,NOTEARS,LightGBM,ALL,78a0b31e2e7aecb6,3.0,30103.0,30.0,0.9328006600516752,0.4618560079632265,0.4320987654320987,0.0166912260286423,0.0166528875975966
OFR,NOTEARS,LightGBM,ALL,906337c1d3f1be27,1.0,30101.0,30.0,0.927401553147911,0.4716808197215975,0.4689655172413793,0.0165338274210754,0.0164585161199297
OFR,NOTEARS,LightGBM,ALL,9171c10c1ab78597,4.0,30104.0,30.0,0.9311251999334158,0.461864697612558,0.4647887323943662,0.0169150660074007,0.0169678329002882
OFR,NOTEARS,LightGBM,ALL,9d5c48c9593e82d4,3.0,30058.0,30.0,0.9325943939032068,0.4665998965037418,0.4268292682926829,0.016681025737333,0.0163747541603713
OFR,NOTEARS,LightGBM,ALL,a958692d23c36fce,2.0,30057.0,30.0,0.9306764805928884,0.4565816129839677,0.4347826086956521,0.0167327296718919,0.0164401799948027
OFR,NOTEARS,LightGBM,ALL,b3700407dd0caf40,3.0,30038.0,30.0,0.933108249922198,0.4636172873308629,0.4487179487179487,0.0168014914522706,0.0166456280193952
OFR,NOTEARS,LightGBM,ALL,b95060b5a1680884,3.0,30067.0,30.0,0.9328730341388568,0.4590656892461964,0.422360248447205,0.0169008885063211,0.0163788626017444
OFR,NOTEARS,LightGBM,ALL,c09615760a4a1748,4.0,30039.0,30.0,0.935485738686121,0.4575184678183353,0.4714285714285714,0.0168914901116943,0.0165517896742912
OFR,NOTEARS,LightGBM,ALL,ccd4befea17e2719,3.0,30045.0,30.0,0.9328006600516752,0.4553818457880447,0.4375,0.0168642167855073,0.0168150795066059
OFR,NOTEARS,LightGBM,ALL,d4818cc4ffd9260f,4.0,30068.0,30.0,0.9340129260119708,0.4660359072765305,0.4473684210526316,0.0166269779490429,0.0163266513673762
OFR,NOTEARS,LightGBM,ALL,ee0033f250424129,0.0,30042.0,30.0,0.933151674374507,0.4581004828051038,0.4755244755244755,0.0169055384506936,0.0162860096704879
OFR,NOTEARS,LightGBM,ALL,f4c3352b31ee22e6,0.0,30100.0,30.0,0.9342879475432616,0.4602412728696748,0.4615384615384615,0.0169197228996131,0.0170167399904735
OFR,NOTEARS,LightGBM,ALL,fa00b7b55c6ff316,2.0,30066.0,30.0,0.9309551208285384,0.4629303805947857,0.4489795918367347,0.0167448077692676,0.0167182544766405
OFR,NOTEARS,LightGBM,ALL,fa0efc922605fd49,4.0,30046.0,30.0,0.9289467399092428,0.4578953067198241,0.4487179487179487,0.0168089007872799,0.0167434660635463
OFR,NOTEARS,Logit,10,0c6134f8186d2965,0.0,10035.0,10.0,0.7684173958355951,0.0562008688031065,0.0970350404312668,0.0212989659642416,0.003150152002129
OFR,NOTEARS,Logit,10,2336111e52c6702f,1.0,10065.0,10.0,0.916389835783196,0.2290122229633029,0.3372093023255814,0.0197900072586355,0.0136223189660504
OFR,NOTEARS,Logit,10,28ebbdf3cdf63dac,2.0,10102.0,10.0,0.6820353040797272,0.042149640705061,0.0956937799043062,0.0216704182750308,0.0021237213394053
OFR,NOTEARS,Logit,10,339b550c58479c16,2.0,10066.0,10.0,0.9266633374586564,0.2516346753536043,0.304635761589404,0.0194065406410563,0.0129530310484127
OFR,NOTEARS,Logit,10,461f292f894a6c04,1.0,10101.0,10.0,0.7949714484226068,0.0643495242349965,0.1034482758620689,0.0211886656492528,0.0013467938005563
OFR,NOTEARS,Logit,10,46fe058c4ab36940,0.0,10100.0,10.0,0.7858414573246195,0.0650760603499036,0.1201044386422976,0.0211203091717404,0.0034173792659359
OFR,NOTEARS,Logit,10,5654ed1f4bdf690b,0.0,10055.0,10.0,0.9273545099912428,0.2826127108491396,0.3875,0.0194307637898255,0.012982211006571
OFR,NOTEARS,Logit,10,5b40fe9e212fc526,2.0,10037.0,10.0,0.7250978859529135,0.0482785764145982,0.0980683506686478,0.0214679887536578,0.0030696947311472
OFR,NOTEARS,Logit,10,66c0ef692da769b1,4.0,10059.0,10.0,0.7870862916241471,0.0686724819386916,0.1159420289855072,0.021151190340084,0.0011600002358924
OFR,NOTEARS,Logit,10,6913d86256ddfe94,1.0,10043.0,10.0,0.7810720049793373,0.06875621561385,0.1047120418848167,0.0212257080370329,0.0035833265859404
OFR,NOTEARS,Logit,10,69c5df744fddc9e2,3.0,10067.0,10.0,0.7841442849802056,0.0631109088196291,0.1048689138576779,0.0212173477038045,0.0025110580687523
OFR,NOTEARS,Logit,10,6a7cba30bb06fce4,0.0,10042.0,10.0,0.7733026467203682,0.0559768059267803,0.0985507246376811,0.021233925058906,0.0042382429025518
OFR,NOTEARS,Logit,10,6cd564de44e94d75,4.0,10068.0,10.0,0.6709222629929581,0.0361610600678438,0.0521739130434782,0.0216745600699099,0.0019822413697885
OFR,NOTEARS,Logit,10,73501facd301febb,3.0,10058.0,10.0,0.7702629350587314,0.0632045920210824,0.1411764705882353,0.0215105626418047,0.0023386434958322
OFR,NOTEARS,Logit,10,7666e1248373564d,3.0,10103.0,10.0,0.7078294287513298,0.0428792249041125,0.0805084745762711,0.0214643320948777,0.0025805801900008
OFR,NOTEARS,Logit,10,77009d992c4dd843,3.0,10045.0,10.0,0.9228673165859697,0.2300562480937616,0.2926829268292683,0.01954910082163,0.0125555367011729
OFR,NOTEARS,Logit,10,aec8e210a0701a1e,4.0,10104.0,10.0,0.7004834589023746,0.0471573344966555,0.1040462427745664,0.0214327280289126,0.0053794630447831
OFR,NOTEARS,Logit,10,b3d9474e20fc61b1,2.0,10057.0,10.0,0.7671001874488859,0.0666171131764239,0.1197007481296758,0.0210802400844758,0.0010134134926394
OFR,NOTEARS,Logit,10,bd6a0b007556c905,4.0,10039.0,10.0,0.9201134825687012,0.2357791787991257,0.2857142857142857,0.0191892739858893,0.0106222168462229
OFR,NOTEARS,Logit,10,c2eb07c0bb6c971c,2.0,10044.0,10.0,0.9101873765117136,0.2140721884714654,0.3333333333333333,0.0199490624658468,0.0137657845013371
OFR,NOTEARS,Logit,10,c5ed9f5a6f23de1c,4.0,10046.0,10.0,0.683851893667991,0.0369864706722044,0.064516129032258,0.0215619881829285,0.0024154624263028
OFR,NOTEARS,Logit,10,c90ff8abfb1cba7d,1.0,10056.0,10.0,0.7659892452106449,0.0641625841506604,0.101010101010101,0.0214678092674434,0.003756212917737
OFR,NOTEARS,Logit,10,ca448604a57a604a,0.0,10064.0,10.0,0.7268348640452772,0.0583539996075231,0.0892857142857142,0.0212779894516648,0.0008016177088208
OFR,NOTEARS,Logit,10,d513ad3387338dd7,3.0,10038.0,10.0,0.7398513436249285,0.0519088573275357,0.1037735849056603,0.0214243385376938,0.0027815593582548
OFR,NOTEARS,Logit,10,fa1d9866afca229e,1.0,10036.0,10.0,0.9152246129795688,0.2386617219910077,0.2937062937062937,0.0194769509271004,0.0089702073243518
OFR,NOTEARS,Logit,20,1068905b8968d200,1.0,20065.0,20.0,0.7749781068386274,0.0731812686433301,0.1257142857142857,0.021299974167461,0.0006235531835199
OFR,NOTEARS,Logit,20,1423c978b99d91c5,0.0,20055.0,20.0,0.9018788313032402,0.2120261095598382,0.3502824858757062,0.0203156250624589,0.0091974460283922
OFR,NOTEARS,Logit,20,195616a4508b45c2,1.0,20036.0,20.0,0.7507834494937432,0.061335559983873,0.0833333333333333,0.0215947299691874,0.0035659793071198
OFR,NOTEARS,Logit,20,1d3484d5d575ebe7,3.0,20038.0,20.0,0.906268319690818,0.2060128785128582,0.3170731707317073,0.0197348875379704,0.0084413799496139
OFR,NOTEARS,Logit,20,24c45315678e9548,1.0,20056.0,20.0,0.9033914497253404,0.2091646897877369,0.3317535545023696,0.0196905020472577,0.0067963382976168
OFR,NOTEARS,Logit,20,2746299d2bb099d2,3.0,20045.0,20.0,0.7950619160315839,0.08042895634822,0.1552511415525114,0.0211158327026579,0.0030144326785855
OFR,NOTEARS,Logit,20,33edefc2e4f211a2,0.0,20100.0,20.0,0.9217057124867012,0.238204236072946,0.2620689655172414,0.019313995522634,0.0091764985868974
OFR,NOTEARS,Logit,20,383ed22453e52c98,0.0,20064.0,20.0,0.9273291790607292,0.2403461808520033,0.2929936305732484,0.0195607180570305,0.0136810643118651
OFR,NOTEARS,Logit,20,3d9d87c35efd6d63,2.0,20102.0,20.0,0.9250855823580926,0.253857620730489,0.3,0.0196282401295757,0.0107782770255046
OFR,NOTEARS,Logit,20,40484ea86fbec1fd,4.0,20068.0,20.0,0.9094636356398956,0.2254095184623043,0.2459016393442623,0.0190772816258075,0.007815552002714
OFR,NOTEARS,Logit,20,58a9bdb1d80d7b4b,1.0,20101.0,20.0,0.9150147281267416,0.2325595249699064,0.3229813664596273,0.0202345389231039,0.0088472171824014
OFR,NOTEARS,Logit,20,7909080e0e35b8a2,2.0,20057.0,20.0,0.9200990077512649,0.2357419019795684,0.3096774193548387,0.0198900871177377,0.0097001697874801
OFR,NOTEARS,Logit,20,98b5a3dbb92effb6,3.0,20067.0,20.0,0.9157239941811236,0.2647313549932852,0.4086021505376344,0.0196494779112441,0.011928259806652
OFR,NOTEARS,Logit,20,9ead26e748190590,3.0,20058.0,20.0,0.9094129737788682,0.2415065153906118,0.2877697841726618,0.0197335615955866,0.0090625354737305
OFR,NOTEARS,Logit,20,aa179c87980ac93f,4.0,20039.0,20.0,0.9273147042432928,0.2386192154217908,0.3214285714285714,0.0194488551182058,0.0136770463286121
OFR,NOTEARS,Logit,20,ae85ff71f9631647,2.0,20044.0,20.0,0.8989983426334035,0.2595355908009477,0.348993288590604,0.0198068259041944,0.0107306820146399
OFR,NOTEARS,Logit,20,b668119e95172f88,2.0,20066.0,20.0,0.7780431494307779,0.0690796475505542,0.1351351351351351,0.0217324593223053,0.0024360597599144
OFR,NOTEARS,Logit,20,b6f47bf2af381f9b,4.0,20104.0,20.0,0.787875169174429,0.0758892782974229,0.1380846325167037,0.0215117534699294,0.0023803845312534
OFR,NOTEARS,Logit,20,b72a084461027f90,3.0,20103.0,20.0,0.915043677761614,0.2251768274034702,0.2580645161290322,0.0198882693452631,0.0092970528565209
OFR,NOTEARS,Logit,20,bf425d9885b45370,0.0,20042.0,20.0,0.9061199528120952,0.2110556030824931,0.2553191489361702,0.0198218372523894,0.0080713285139529
OFR,NOTEARS,Logit,20,c1c5d6f5a01c20df,0.0,20035.0,20.0,0.8993891627041853,0.1974230507274845,0.25,0.0200138566002759,0.0070219290822333
OFR,NOTEARS,Logit,20,d93f296c81c0fb6d,4.0,20059.0,20.0,0.9177649434396508,0.2247918005215073,0.3560209424083769,0.0201669699950181,0.0111799742468268
OFR,NOTEARS,Logit,20,e4731145181bcd29,2.0,20037.0,20.0,0.7811697099970327,0.0687532153115061,0.126865671641791,0.0212538086167373,0.0033805024921667
OFR,NOTEARS,Logit,20,eae68964a84267f2,1.0,20043.0,20.0,0.9122826063356276,0.2427311073959488,0.3393939393939394,0.0196114450928418,0.0095827202426793
OFR,NOTEARS,Logit,20,f8201841b371ea61,4.0,20046.0,20.0,0.9195851517322736,0.2374645056549262,0.3291139240506329,0.0192854502745841,0.0084609555031896
OFR,NOTEARS,Logit,30,05e58f7500851fb0,3.0,30103.0,30.0,0.912767512719746,0.2224274694177145,0.3225806451612903,0.0199799760828943,0.0074465652992659
OFR,NOTEARS,Logit,30,0f4a1f267a018b5c,1.0,30036.0,30.0,0.913288606147455,0.2227834125520238,0.3184713375796178,0.0199718661259315,0.0078201894042297
OFR,NOTEARS,Logit,30,13c91868000bb9b2,1.0,30065.0,30.0,0.9132307068777096,0.222465487716478,0.3225806451612903,0.0199797105282332,0.0079766208362282
OFR,NOTEARS,Logit,30,35ea8acfb791e8a9,3.0,30038.0,30.0,0.9133645989389958,0.2239765799949226,0.3205128205128205,0.0199992841027152,0.0080084202438905
OFR,NOTEARS,Logit,30,3730df010e6acffd,1.0,30101.0,30.0,0.9132343255820686,0.2225012593624013,0.3225806451612903,0.0199758784228563,0.0079595495107264
OFR,NOTEARS,Logit,30,40c731ffa07fa9a4,2.0,30037.0,30.0,0.913169188903605,0.2232960439991423,0.3225806451612903,0.0199883039999737,0.0078783699881815
OFR,NOTEARS,Logit,30,440dd4e34ebd38b6,3.0,30058.0,30.0,0.9132089946515548,0.2231140249920762,0.3205128205128205,0.0199929900914442,0.0079022602215639
OFR,NOTEARS,Logit,30,463497d5dd40266b,4.0,30104.0,30.0,0.9131945198341186,0.2230141486661332,0.3225806451612903,0.0199808641996563,0.0077844117083173
OFR,NOTEARS,Logit,30,4a2b266a04345a7c,2.0,30066.0,30.0,0.9132162320602732,0.2229991519356916,0.3205128205128205,0.0199699398860309,0.0081953782491586
OFR,NOTEARS,Logit,30,5031276ca29a1c83,0.0,30035.0,30.0,0.9128398868069276,0.2233763550884226,0.3164556962025316,0.0200085088259803,0.007805462508218
OFR,NOTEARS,Logit,30,589ce25f45cc972f,0.0,30055.0,30.0,0.9134369730261775,0.223517836910942,0.3205128205128205,0.01998645328394,0.0080220417696442
OFR,NOTEARS,Logit,30,700162f18805de3d,4.0,30068.0,30.0,0.912973778868214,0.2230263652855605,0.3205128205128205,0.0200067906059139,0.0080702264494519
OFR,NOTEARS,Logit,30,94aeed4681266421,0.0,30100.0,30.0,0.9127168508587186,0.2224510020584084,0.3184713375796178,0.0199845711060005,0.0079474525234218
OFR,NOTEARS,Logit,30,bd0edae178fe9ba9,3.0,30045.0,30.0,0.9130497716597548,0.222926011222793,0.3205128205128205,0.0199684789735792,0.0078157010352033
OFR,NOTEARS,Logit,30,bdd10ce3ab7e6683,0.0,30042.0,30.0,0.9126987573369232,0.2229535286382447,0.3225806451612903,0.020011812420954,0.0071912180789948
OFR,NOTEARS,Logit,30,c082cd51acfcbbb6,1.0,30056.0,30.0,0.9124020235794776,0.2221519053208705,0.3225806451612903,0.0200224170423964,0.0074196011883192
OFR,NOTEARS,Logit,30,d04d59049629b635,2.0,30057.0,30.0,0.9128507429200048,0.2235429984612272,0.3076923076923077,0.0199815832881093,0.0077635362602104
OFR,NOTEARS,Logit,30,d602423d7e64e9b1,1.0,30043.0,30.0,0.9129484479377004,0.2227714629088178,0.3184713375796178,0.019999115234402,0.0074376486580221
OFR,NOTEARS,Logit,30,da0d5616097ea8fb,4.0,30039.0,30.0,0.913444210434896,0.2239009778895464,0.3184713375796178,0.0200029648183432,0.007749198126776
OFR,NOTEARS,Logit,30,da30540fd2e102c9,4.0,30046.0,30.0,0.9129484479377004,0.2224296237990127,0.3184713375796178,0.0199711826735289,0.0081437831675435
OFR,NOTEARS,Logit,30,e64f09cd48d47b32,2.0,30102.0,30.0,0.9131619514948868,0.2228692451853535,0.3205128205128205,0.0199811363267632,0.0078639386459926
OFR,NOTEARS,Logit,30,ea368a9dcdd3c99a,4.0,30059.0,30.0,0.9126806638151276,0.22305622280999,0.3225806451612903,0.0200210864829311,0.0073925274240147
OFR,NOTEARS,Logit,30,ef51e7947cdb37a2,0.0,30064.0,30.0,0.913371836347714,0.2227663294223822,0.3205128205128205,0.0199707224186233,0.0080416185965929
OFR,NOTEARS,Logit,30,f0f943a31842fbee,2.0,30044.0,30.0,0.9129629227551368,0.2224591457584702,0.3205128205128205,0.019992620563851,0.0079330341953456
OFR,NOTEARS,Logit,30,f4e2de30bb819046,3.0,30067.0,30.0,0.9132379442864276,0.2232360848541246,0.3205128205128205,0.0199879922625324,0.0078665344948697
OFR,NOTEARS,Logit,40,00c732a6baf6c4bc,4.0,30068.0,30.0,0.912973778868214,0.2230263652855605,0.3205128205128205,0.0200067906059139,0.0080702264494519
OFR,NOTEARS,Logit,40,108f696228eb5821,4.0,30039.0,30.0,0.913444210434896,0.2239009778895464,0.3184713375796178,0.0200029648183432,0.007749198126776
OFR,NOTEARS,Logit,40,10cf413879c807b9,3.0,30038.0,30.0,0.9133645989389958,0.2239765799949226,0.3205128205128205,0.0199992841027152,0.0080084202438905
OFR,NOTEARS,Logit,40,1f1aaa85a5e36645,2.0,30057.0,30.0,0.9128507429200048,0.2235429984612272,0.3076923076923077,0.0199815832881093,0.0077635362602104
OFR,NOTEARS,Logit,40,2adcf030fbcec127,2.0,30066.0,30.0,0.9132162320602732,0.2229991519356916,0.3205128205128205,0.0199699398860309,0.0081953782491586
OFR,NOTEARS,Logit,40,37ca0e9f8ea7893a,2.0,30044.0,30.0,0.9129629227551368,0.2224591457584702,0.3205128205128205,0.019992620563851,0.0079330341953456
OFR,NOTEARS,Logit,40,3a1fe7ce9435bfb1,0.0,30055.0,30.0,0.9134369730261775,0.223517836910942,0.3205128205128205,0.01998645328394,0.0080220417696442
OFR,NOTEARS,Logit,40,3d41f0cc48932bfa,2.0,30037.0,30.0,0.913169188903605,0.2232960439991423,0.3225806451612903,0.0199883039999737,0.0078783699881815
OFR,NOTEARS,Logit,40,51a1ca634b2b7381,4.0,30104.0,30.0,0.9131945198341186,0.2230141486661332,0.3225806451612903,0.0199808641996563,0.0077844117083173
OFR,NOTEARS,Logit,40,5d03a3d4e3759a95,1.0,30043.0,30.0,0.9129484479377004,0.2227714629088178,0.3184713375796178,0.019999115234402,0.0074376486580221
OFR,NOTEARS,Logit,40,6341391083ea6bc1,4.0,30046.0,30.0,0.9129484479377004,0.2224296237990127,0.3184713375796178,0.0199711826735289,0.0081437831675435
OFR,NOTEARS,Logit,40,71f21f169ab26809,3.0,30058.0,30.0,0.9132089946515548,0.2231140249920762,0.3205128205128205,0.0199929900914442,0.0079022602215639
OFR,NOTEARS,Logit,40,7465152ad520612d,0.0,30064.0,30.0,0.913371836347714,0.2227663294223822,0.3205128205128205,0.0199707224186233,0.0080416185965929
OFR,NOTEARS,Logit,40,7f7316d6a9bbfaea,0.0,30100.0,30.0,0.9127168508587186,0.2224510020584084,0.3184713375796178,0.0199845711060005,0.0079474525234218
OFR,NOTEARS,Logit,40,8342b773670aae1d,3.0,30103.0,30.0,0.912767512719746,0.2224274694177145,0.3225806451612903,0.0199799760828943,0.0074465652992659
OFR,NOTEARS,Logit,40,9154b5a62602a813,0.0,30042.0,30.0,0.9126987573369232,0.2229535286382447,0.3225806451612903,0.020011812420954,0.0071912180789948
OFR,NOTEARS,Logit,40,93528fddbe7aa9d5,1.0,30036.0,30.0,0.913288606147455,0.2227834125520238,0.3184713375796178,0.0199718661259315,0.0078201894042297
OFR,NOTEARS,Logit,40,a87d7333ab4ebccd,1.0,30065.0,30.0,0.9132307068777096,0.222465487716478,0.3225806451612903,0.0199797105282332,0.0079766208362282
OFR,NOTEARS,Logit,40,aac8d6b16f8780bf,2.0,30102.0,30.0,0.9131619514948868,0.2228692451853535,0.3205128205128205,0.0199811363267632,0.0078639386459926
OFR,NOTEARS,Logit,40,abad785a71130f76,0.0,30035.0,30.0,0.9128398868069276,0.2233763550884226,0.3164556962025316,0.0200085088259803,0.007805462508218
OFR,NOTEARS,Logit,40,adbf9295bbf1ab80,1.0,30056.0,30.0,0.9124020235794776,0.2221519053208705,0.3225806451612903,0.0200224170423964,0.0074196011883192
OFR,NOTEARS,Logit,40,c28a64d4242fe9a6,1.0,30101.0,30.0,0.9132343255820686,0.2225012593624013,0.3225806451612903,0.0199758784228563,0.0079595495107264
OFR,NOTEARS,Logit,40,ce72d9369c254845,3.0,30067.0,30.0,0.9132379442864276,0.2232360848541246,0.3205128205128205,0.0199879922625324,0.0078665344948697
OFR,NOTEARS,Logit,40,e8a3c8db114f4068,3.0,30045.0,30.0,0.9130497716597548,0.222926011222793,0.3205128205128205,0.0199684789735792,0.0078157010352033
OFR,NOTEARS,Logit,40,e98b2dc159da5c41,4.0,30059.0,30.0,0.9126806638151276,0.22305622280999,0.3225806451612903,0.0200210864829311,0.0073925274240147
OFR,NOTEARS,Logit,5,00f09f625db983b8,3.0,5058.0,5.0,0.7769068762620231,0.0575018135114929,0.1129943502824858,0.021126133669171,0.0002221325722789
OFR,NOTEARS,Logit,5,173b4fbd73d4abc9,4.0,5068.0,5.0,0.7756186175101867,0.0582593379474855,0.1002949852507374,0.0211600324369133,0.0016456979088653
OFR,NOTEARS,Logit,5,2b6bcc40f0af8161,3.0,5038.0,5.0,0.7660326696629539,0.0615713039221631,0.1042944785276073,0.0212211618666879,0.0012839757964158
OFR,NOTEARS,Logit,5,2d23ffc4719a85e7,2.0,5044.0,5.0,0.8848094028414067,0.1588538886118653,0.2956521739130435,0.0200336967048858,0.0074865506366
OFR,NOTEARS,Logit,5,4dabe9304fc7231f,2.0,5037.0,5.0,0.7597361240781351,0.0540859664671605,0.0896860986547085,0.0213323966920689,0.0008931551444261
OFR,NOTEARS,Logit,5,5e317ff3e3da37a5,1.0,5101.0,5.0,0.7032626238501567,0.0417417265812963,0.0758928571428571,0.0214517853304406,0.0017676343178143
OFR,NOTEARS,Logit,5,685649fb92cbf73a,2.0,5066.0,5.0,0.47323968126452,0.0207673363841001,0.0432166301969365,0.0216322022772325,0.0010524358980222
OFR,NOTEARS,Logit,5,6f409f9a707d1a68,3.0,5103.0,5.0,0.7248337205346997,0.0461507536512866,0.0855614973262032,0.0214481106123789,0.0042397369543759
OFR,NOTEARS,Logit,5,7265f0099987ea66,3.0,5045.0,5.0,0.6797808512640134,0.0412948353621,0.0638297872340425,0.0214397002979034,0.0013091240827296
OFR,NOTEARS,Logit,5,762b4f07c460b379,0.0,5055.0,5.0,0.7696405179089679,0.0592867984296404,0.1287726358148893,0.0212157344979344,0.0009946656963056
OFR,NOTEARS,Logit,5,81cbc92549b10259,4.0,5104.0,5.0,0.5942202053976594,0.0272363131781308,0.0488905603610379,0.0217095392713659,0.0016635573065707
OFR,NOTEARS,Logit,5,8963c721cdf2ad87,2.0,5057.0,5.0,0.9119641603520277,0.2410249089378167,0.3319502074688796,0.0196096117604699,0.012007929525292
OFR,NOTEARS,Logit,5,90115e04a99d1023,1.0,5056.0,5.0,0.6673578391992531,0.0388486111935793,0.0586510263929618,0.0214777850694093,0.0013414370919305
OFR,NOTEARS,Logit,5,a9f5d06822798055,2.0,5102.0,5.0,0.7848788819651012,0.0645827244733033,0.1038961038961039,0.0211092546614881,0.0012260636136532
OFR,NOTEARS,Logit,5,ac6968af725e7827,0.0,5042.0,5.0,0.6872028139045095,0.0438786058956893,0.075268817204301,0.0218237097247696,0.0022806662628719
OFR,NOTEARS,Logit,5,b789918cf2ba0933,1.0,5036.0,5.0,0.7564973836767485,0.0557574008770518,0.100250626566416,0.0212228247160929,0.0040771827076095
OFR,NOTEARS,Logit,5,bb0026436ea23e67,1.0,5043.0,5.0,0.6929022732700784,0.0423514043882088,0.0726072607260726,0.0216242972579366,0.003745693308136
OFR,NOTEARS,Logit,5,be45279890bbb11c,3.0,5067.0,5.0,0.78209609831296,0.063828289380874,0.1324786324786324,0.0214956895831385,0.0033165450969029
OFR,NOTEARS,Logit,5,ca02cc1a0179e922,4.0,5046.0,5.0,0.7731398050242092,0.0571061880339767,0.1048034934497816,0.021184406976072,0.0017297232477643
OFR,NOTEARS,Logit,5,caa337eca0fefa01,1.0,5065.0,5.0,0.6841413900167184,0.0395953807579146,0.0784313725490196,0.021451352087068,0.0013903076098131
OFR,NOTEARS,Logit,5,ce93804e87c72d51,4.0,5039.0,5.0,0.6752900391543811,0.0372930920462293,0.0437956204379562,0.0215598697495766,0.0015654269904982
OFR,NOTEARS,Logit,5,deab9e28ddc247e8,4.0,5059.0,5.0,0.7829754434722193,0.0591833308222699,0.0978593272171253,0.0211482374248392,0.0019490639880991
OFR,NOTEARS,Logit,5,e6172178d63877cd,0.0,5064.0,5.0,0.7751554233522229,0.0574405256114034,0.1061946902654867,0.0211796517337245,0.0034651080785803
OFR,NOTEARS,Logit,5,edb2a2c2351bae2e,0.0,5035.0,5.0,0.6613833583023934,0.0353052792502484,0.0467762326169405,0.0216221145648207,0.0010523046419642
OFR,NOTEARS,Logit,5,f88a1e063e15dac3,0.0,5100.0,5.0,0.6702781336170398,0.0368190133401889,0.0681818181818181,0.0222847266680659,0.0026700575787882
OFR,NOTEARS,Logit,ALL,0df4d834baa9c66c,2.0,30102.0,30.0,0.9131619514948868,0.2228692451853535,0.3205128205128205,0.0199811363267632,0.0078639386459926
OFR,NOTEARS,Logit,ALL,156747b5d1a715d3,2.0,30037.0,30.0,0.913169188903605,0.2232960439991423,0.3225806451612903,0.0199883039999737,0.0078783699881815
OFR,NOTEARS,Logit,ALL,1795bb73ffee769b,0.0,30035.0,30.0,0.9128398868069276,0.2233763550884226,0.3164556962025316,0.0200085088259803,0.007805462508218
OFR,NOTEARS,Logit,ALL,1eaf234c1c691280,1.0,30043.0,30.0,0.9129484479377004,0.2227714629088178,0.3184713375796178,0.019999115234402,0.0074376486580221
OFR,NOTEARS,Logit,ALL,4391d172bb6ec595,1.0,30036.0,30.0,0.913288606147455,0.2227834125520238,0.3184713375796178,0.0199718661259315,0.0078201894042297
OFR,NOTEARS,Logit,ALL,456b6dcb22a86a84,1.0,30065.0,30.0,0.9132307068777096,0.222465487716478,0.3225806451612903,0.0199797105282332,0.0079766208362282
OFR,NOTEARS,Logit,ALL,48b1380063a8f8c7,0.0,30064.0,30.0,0.913371836347714,0.2227663294223822,0.3205128205128205,0.0199707224186233,0.0080416185965929
OFR,NOTEARS,Logit,ALL,4b1ce1c13ba5299f,0.0,30055.0,30.0,0.9134369730261775,0.223517836910942,0.3205128205128205,0.01998645328394,0.0080220417696442
OFR,NOTEARS,Logit,ALL,4b856a3ea4ad8192,2.0,30044.0,30.0,0.9129629227551368,0.2224591457584702,0.3205128205128205,0.019992620563851,0.0079330341953456
OFR,NOTEARS,Logit,ALL,617eee5f13ccfb28,1.0,30056.0,30.0,0.9124020235794776,0.2221519053208705,0.3225806451612903,0.0200224170423964,0.0074196011883192
OFR,NOTEARS,Logit,ALL,67a962795042bdcf,4.0,30059.0,30.0,0.9126806638151276,0.22305622280999,0.3225806451612903,0.0200210864829311,0.0073925274240147
OFR,NOTEARS,Logit,ALL,78a0b31e2e7aecb6,3.0,30103.0,30.0,0.912767512719746,0.2224274694177145,0.3225806451612903,0.0199799760828943,0.0074465652992659
OFR,NOTEARS,Logit,ALL,906337c1d3f1be27,1.0,30101.0,30.0,0.9132343255820686,0.2225012593624013,0.3225806451612903,0.0199758784228563,0.0079595495107264
OFR,NOTEARS,Logit,ALL,9171c10c1ab78597,4.0,30104.0,30.0,0.9131945198341186,0.2230141486661332,0.3225806451612903,0.0199808641996563,0.0077844117083173
OFR,NOTEARS,Logit,ALL,9d5c48c9593e82d4,3.0,30058.0,30.0,0.9132089946515548,0.2231140249920762,0.3205128205128205,0.0199929900914442,0.0079022602215639
OFR,NOTEARS,Logit,ALL,a958692d23c36fce,2.0,30057.0,30.0,0.9128507429200048,0.2235429984612272,0.3076923076923077,0.0199815832881093,0.0077635362602104
OFR,NOTEARS,Logit,ALL,b3700407dd0caf40,3.0,30038.0,30.0,0.9133645989389958,0.2239765799949226,0.3205128205128205,0.0199992841027152,0.0080084202438905
OFR,NOTEARS,Logit,ALL,b95060b5a1680884,3.0,30067.0,30.0,0.9132379442864276,0.2232360848541246,0.3205128205128205,0.0199879922625324,0.0078665344948697
OFR,NOTEARS,Logit,ALL,c09615760a4a1748,4.0,30039.0,30.0,0.913444210434896,0.2239009778895464,0.3184713375796178,0.0200029648183432,0.007749198126776
OFR,NOTEARS,Logit,ALL,ccd4befea17e2719,3.0,30045.0,30.0,0.9130497716597548,0.222926011222793,0.3205128205128205,0.0199684789735792,0.0078157010352033
OFR,NOTEARS,Logit,ALL,d4818cc4ffd9260f,4.0,30068.0,30.0,0.912973778868214,0.2230263652855605,0.3205128205128205,0.0200067906059139,0.0080702264494519
OFR,NOTEARS,Logit,ALL,ee0033f250424129,0.0,30042.0,30.0,0.9126987573369232,0.2229535286382447,0.3225806451612903,0.020011812420954,0.0071912180789948
OFR,NOTEARS,Logit,ALL,f4c3352b31ee22e6,0.0,30100.0,30.0,0.9127168508587186,0.2224510020584084,0.3184713375796178,0.0199845711060005,0.0079474525234218
OFR,NOTEARS,Logit,ALL,fa00b7b55c6ff316,2.0,30066.0,30.0,0.9132162320602732,0.2229991519356916,0.3205128205128205,0.0199699398860309,0.0081953782491586
OFR,NOTEARS,Logit,ALL,fa0efc922605fd49,4.0,30046.0,30.0,0.9129484479377004,0.2224296237990127,0.3184713375796178,0.0199711826735289,0.0081437831675435
OFR,NOTEARS,RF,10,0c6134f8186d2965,0.0,10035.0,10.0,0.8844963849143452,0.2012944344510879,0.2839506172839506,0.0193774201845121,0.005987140061504
OFR,NOTEARS,RF,10,2336111e52c6702f,1.0,10065.0,10.0,0.9067116109748066,0.4050053667282409,0.3629343629343629,0.016563296617277,0.0068806262230919
OFR,NOTEARS,RF,10,28ebbdf3cdf63dac,2.0,10102.0,10.0,0.8316234955236628,0.1816778217404002,0.2166666666666666,0.0197391288789488,0.0059088621750069
OFR,NOTEARS,RF,10,339b550c58479c16,2.0,10066.0,10.0,0.9165092530270462,0.3020169341188751,0.3383084577114428,0.0179244048084987,0.0080810735253005
OFR,NOTEARS,RF,10,461f292f894a6c04,1.0,10101.0,10.0,0.801163051581012,0.1274467651322892,0.1724137931034483,0.0206397539837852,0.0075795359239586
OFR,NOTEARS,RF,10,46fe058c4ab36940,0.0,10100.0,10.0,0.8573000123035949,0.2138369240137796,0.2590673575129533,0.0193433133911098,0.0069510763209393
OFR,NOTEARS,RF,10,5654ed1f4bdf690b,0.0,10055.0,10.0,0.9150310122963574,0.352767197467878,0.3918918918918919,0.0171913916689963,0.0055923958624545
OFR,NOTEARS,RF,10,5b40fe9e212fc526,2.0,10037.0,10.0,0.8408891880351159,0.2107981570987902,0.2485875706214689,0.0195533776908023,0.0041498462398658
OFR,NOTEARS,RF,10,66c0ef692da769b1,4.0,10059.0,10.0,0.8849143452678203,0.3191144160802816,0.3181818181818182,0.0180557584568073,0.0060173329605814
OFR,NOTEARS,RF,10,6913d86256ddfe94,1.0,10043.0,10.0,0.7991347677877412,0.137727581765468,0.2037735849056604,0.0204156253844003,0.0061599105395582
OFR,NOTEARS,RF,10,69c5df744fddc9e2,3.0,10067.0,10.0,0.8691621251926961,0.1805912366072166,0.2312138728323699,0.020004081632653,0.0076868884540117
OFR,NOTEARS,RF,10,6a7cba30bb06fce4,0.0,10042.0,10.0,0.8602112599604838,0.1644115721428579,0.2557077625570776,0.0200199910539558,0.0062616717920044
OFR,NOTEARS,RF,10,6cd564de44e94d75,4.0,10068.0,10.0,0.7907484204355473,0.1259505290485441,0.1563517915309446,0.0210094526139222,0.0085921162985742
OFR,NOTEARS,RF,10,73501facd301febb,3.0,10058.0,10.0,0.8728477755824304,0.1863066493050171,0.2368421052631578,0.0196910237629298,0.0074844842046407
OFR,NOTEARS,RF,10,7666e1248373564d,3.0,10103.0,10.0,0.829515600234492,0.2073819974336916,0.2222222222222222,0.0195443634330444,0.00653228962818
OFR,NOTEARS,RF,10,77009d992c4dd843,3.0,10045.0,10.0,0.91828603686736,0.3212477026775143,0.3313609467455621,0.0177556522225328,0.0066648029074643
OFR,NOTEARS,RF,10,aec8e210a0701a1e,4.0,10104.0,10.0,0.7991926670574867,0.18353453865065,0.2133333333333333,0.0199494895163544,0.0062896281800391
OFR,NOTEARS,RF,10,b3d9474e20fc61b1,2.0,10057.0,10.0,0.7718262153418591,0.0819459634153206,0.1187214611872146,0.0217836645233435,0.0100676544590438
OFR,NOTEARS,RF,10,bd6a0b007556c905,4.0,10039.0,10.0,0.9165345839575598,0.3849153632532181,0.3809523809523809,0.0166046620072686,0.0045350852669835
OFR,NOTEARS,RF,10,c2eb07c0bb6c971c,2.0,10044.0,10.0,0.9316191530784318,0.4119207075480178,0.3823529411764705,0.0163774895163544,0.0059301090299133
OFR,NOTEARS,RF,10,c5ed9f5a6f23de1c,4.0,10046.0,10.0,0.7641545621005856,0.0755674350037906,0.1308411214953271,0.0218454291305563,0.0118283477774671
OFR,NOTEARS,RF,10,c90ff8abfb1cba7d,1.0,10056.0,10.0,0.8608825296190952,0.1654147333397062,0.2654028436018957,0.0201048353368744,0.00626614481409
OFR,NOTEARS,RF,10,ca448604a57a604a,0.0,10064.0,10.0,0.8762728792583103,0.2019820071746707,0.2560975609756097,0.0194047447581772,0.0047934022924238
OFR,NOTEARS,RF,10,d513ad3387338dd7,3.0,10038.0,10.0,0.8283214277959919,0.1996238720317284,0.2101167315175097,0.0198120290746435,0.0057517472742521
OFR,NOTEARS,RF,10,fa1d9866afca229e,1.0,10036.0,10.0,0.9005073423511446,0.3468396977242495,0.3259259259259259,0.01723425216662,0.0048140900195694
OFR,NOTEARS,RF,20,1068905b8968d200,1.0,20065.0,20.0,0.8704087688444029,0.2268451313959611,0.2625,0.0191301682974559,0.0062247693597987
OFR,NOTEARS,RF,20,1423c978b99d91c5,0.0,20055.0,20.0,0.9214379283641284,0.4144563743499441,0.4,0.0162793312831982,0.0043388314229801
OFR,NOTEARS,RF,20,195616a4508b45c2,1.0,20036.0,20.0,0.8895100998038663,0.2130349438772133,0.2649006622516556,0.0192300531171372,0.0055985462678221
OFR,NOTEARS,RF,20,1d3484d5d575ebe7,3.0,20038.0,20.0,0.9137174226140072,0.3770589445389554,0.3789473684210526,0.0167439083030472,0.0046195135588481
OFR,NOTEARS,RF,20,24c45315678e9548,1.0,20056.0,20.0,0.9164604005181984,0.3752630589617391,0.384180790960452,0.0167649896561364,0.0042437797036622
OFR,NOTEARS,RF,20,2746299d2bb099d2,3.0,20045.0,20.0,0.8932880271547575,0.2977101015085741,0.3027027027027027,0.0180679396142018,0.0049365389991613
OFR,NOTEARS,RF,20,33edefc2e4f211a2,0.0,20100.0,20.0,0.915490587749962,0.3656292255786689,0.3478260869565217,0.0170330321498462,0.0043695834498182
OFR,NOTEARS,RF,20,383ed22453e52c98,0.0,20064.0,20.0,0.9372625225264346,0.4015204373651077,0.435754189944134,0.0164935711490075,0.0032585965893206
OFR,NOTEARS,RF,20,3d9d87c35efd6d63,2.0,20102.0,20.0,0.936023116283446,0.4047877347329099,0.3865546218487395,0.0164669432485322,0.0034889572267263
OFR,NOTEARS,RF,20,40484ea86fbec1fd,4.0,20068.0,20.0,0.9268515100853292,0.4128979364947874,0.4026845637583892,0.0163410500419345,0.0041095890410958
OFR,NOTEARS,RF,20,58a9bdb1d80d7b4b,1.0,20101.0,20.0,0.9254999240072084,0.4160322716976335,0.3956043956043956,0.0162914386357282,0.0038529493989376
OFR,NOTEARS,RF,20,7909080e0e35b8a2,2.0,20057.0,20.0,0.911309174863032,0.3382287635693916,0.3222222222222222,0.0175398344981828,0.0057584568073804
OFR,NOTEARS,RF,20,98b5a3dbb92effb6,3.0,20067.0,20.0,0.9287549485782112,0.4134755494387914,0.3870967741935484,0.0163467162426614,0.0054979032708974
OFR,NOTEARS,RF,20,9ead26e748190590,3.0,20058.0,20.0,0.9107374195742955,0.3367449623871515,0.3538461538461538,0.0174461649426894,0.0049622588761532
OFR,NOTEARS,RF,20,aa179c87980ac93f,4.0,20039.0,20.0,0.925508970768106,0.4018568974522987,0.4087591240875912,0.0164467184791724,0.0031568353368744
OFR,NOTEARS,RF,20,ae85ff71f9631647,2.0,20044.0,20.0,0.9268551287896882,0.3885854398528645,0.3930635838150289,0.0165747900475258,0.0047335756220296
OFR,NOTEARS,RF,20,b668119e95172f88,2.0,20066.0,20.0,0.8956799907361168,0.2177676338340446,0.2716049382716049,0.0191574436678781,0.0063662286832541
OFR,NOTEARS,RF,20,b6f47bf2af381f9b,4.0,20104.0,20.0,0.9037171331176586,0.3126001477648888,0.2844036697247706,0.0180754084428291,0.0055644394744199
OFR,NOTEARS,RF,20,b72a084461027f90,3.0,20103.0,20.0,0.9174881125561803,0.3193720878612461,0.3,0.0176477114900754,0.0045412356723511
OFR,NOTEARS,RF,20,bf425d9885b45370,0.0,20042.0,20.0,0.9280239702976744,0.3953484484350057,0.417910447761194,0.0164551288789488,0.0044433883142297
OFR,NOTEARS,RF,20,c1c5d6f5a01c20df,0.0,20035.0,20.0,0.9212497557374558,0.3393710781671938,0.3956043956043956,0.0173115124405926,0.0039563880346659
OFR,NOTEARS,RF,20,d93f296c81c0fb6d,4.0,20059.0,20.0,0.919907216420233,0.328580761726718,0.3157894736842105,0.0175330120212468,0.004763768521107
OFR,NOTEARS,RF,20,e4731145181bcd29,2.0,20037.0,20.0,0.8909666283084006,0.243669228707059,0.2877697841726618,0.0188462219737209,0.0053262510483645
OFR,NOTEARS,RF,20,eae68964a84267f2,1.0,20043.0,20.0,0.9318507501574136,0.4147489733395103,0.3789473684210526,0.0162521677383282,0.0030466871680178
OFR,NOTEARS,RF,20,f8201841b371ea61,4.0,20046.0,20.0,0.9354061271902208,0.4010908380879272,0.4132231404958678,0.0165097914453452,0.0038495946323734
OFR,NOTEARS,RF,30,05e58f7500851fb0,3.0,30103.0,30.0,0.929248901723227,0.3907390442262531,0.3924050632911392,0.0166126407604137,0.0037372099524741
OFR,NOTEARS,RF,30,0f4a1f267a018b5c,1.0,30036.0,30.0,0.9261422440309472,0.390546626050257,0.4078947368421052,0.0166236913614761,0.0041196533407883
OFR,NOTEARS,RF,30,13c91868000bb9b2,1.0,30065.0,30.0,0.928811038495777,0.3913697354770164,0.3875,0.0166660844282918,0.0040592675426334
OFR,NOTEARS,RF,30,35ea8acfb791e8a9,3.0,30038.0,30.0,0.9263448914750564,0.4013462384462454,0.3949044585987261,0.0165288029074643,0.0039317864131954
OFR,NOTEARS,RF,30,3730df010e6acffd,1.0,30101.0,30.0,0.936441076636921,0.3882894383832493,0.3835616438356164,0.0166756913614761,0.004574224210232
OFR,NOTEARS,RF,30,40c731ffa07fa9a4,2.0,30037.0,30.0,0.9237321869277924,0.4014084575091338,0.3974358974358974,0.0165418864970645,0.0047212748112943
OFR,NOTEARS,RF,30,440dd4e34ebd38b6,3.0,30058.0,30.0,0.9273074668345744,0.387611838275739,0.3855421686746988,0.0167168767123287,0.003616997483925
OFR,NOTEARS,RF,30,463497d5dd40266b,4.0,30104.0,30.0,0.9254492621461812,0.3883564839113957,0.3973509933774834,0.0166827408442829,0.0035443108750349
OFR,NOTEARS,RF,30,4a2b266a04345a7c,2.0,30066.0,30.0,0.9265023051146768,0.3972633938753987,0.379746835443038,0.0166213027676824,0.0040581492871121
OFR,NOTEARS,RF,30,5031276ca29a1c83,0.0,30035.0,30.0,0.9254510714983608,0.4022445722704735,0.3803680981595092,0.0164680961699748,0.0054956667598546
OFR,NOTEARS,RF,30,589ce25f45cc972f,0.0,30055.0,30.0,0.9267538050676336,0.3894351545605415,0.3947368421052631,0.0167210254403131,0.0035689124965054
OFR,NOTEARS,RF,30,700162f18805de3d,4.0,30068.0,30.0,0.9234155502963718,0.3991896064871971,0.392156862745098,0.0165795090858261,0.0042437797036622
OFR,NOTEARS,RF,30,94aeed4681266421,0.0,30100.0,30.0,0.9301228188259476,0.3985566684999091,0.3973509933774834,0.016599062901873,0.0041241263628739
OFR,NOTEARS,RF,30,bd0edae178fe9ba9,3.0,30045.0,30.0,0.9276349595790724,0.3787661456647186,0.3949044585987261,0.0166906323734973,0.0032261671792004
OFR,NOTEARS,RF,30,bdd10ce3ab7e6683,0.0,30042.0,30.0,0.9262290929355654,0.391953557238386,0.382716049382716,0.0166443131115459,0.0050416550181716
OFR,NOTEARS,RF,30,c082cd51acfcbbb6,1.0,30056.0,30.0,0.9253280355501516,0.3946506569383476,0.3866666666666666,0.0166555437517472,0.0040156555772994
OFR,NOTEARS,RF,30,d04d59049629b635,2.0,30057.0,30.0,0.9274630711220156,0.3960071302183213,0.4025974025974026,0.016574172770478,0.0042873916689963
OFR,NOTEARS,RF,30,d602423d7e64e9b1,1.0,30043.0,30.0,0.9235765826403514,0.388006090157123,0.3974358974358974,0.0167113469387755,0.0029521945764607
OFR,NOTEARS,RF,30,da0d5616097ea8fb,4.0,30039.0,30.0,0.9341757677081296,0.3952824318488341,0.3926380368098159,0.0166424053676265,0.0030198490355046
OFR,NOTEARS,RF,30,da30540fd2e102c9,4.0,30046.0,30.0,0.929905696564402,0.3909623747217054,0.4052287581699346,0.0166883488957226,0.0040682135868045
OFR,NOTEARS,RF,30,e64f09cd48d47b32,2.0,30102.0,30.0,0.9275064955743244,0.3954011473939981,0.4,0.0166598289069052,0.00411294380766
OFR,NOTEARS,RF,30,ea368a9dcdd3c99a,4.0,30059.0,30.0,0.9232852769394446,0.3820099526341628,0.3896103896103896,0.0167270852669835,0.0030349454850433
OFR,NOTEARS,RF,30,ef51e7947cdb37a2,0.0,30064.0,30.0,0.9249553090011652,0.3974951286584864,0.389937106918239,0.0166042706178361,0.0034022924238188
OFR,NOTEARS,RF,30,f0f943a31842fbee,2.0,30044.0,30.0,0.9266832403326312,0.3919017875873707,0.3949044585987261,0.0166992339949678,0.0046441151803187
OFR,NOTEARS,RF,30,f4e2de30bb819046,3.0,30067.0,30.0,0.932379080993841,0.3996157372465227,0.382716049382716,0.0166244025719877,0.0045076880067095
OFR,NOTEARS,RF,40,00c732a6baf6c4bc,4.0,30068.0,30.0,0.9234155502963718,0.3991896064871971,0.392156862745098,0.0165795090858261,0.0042437797036622
OFR,NOTEARS,RF,40,108f696228eb5821,4.0,30039.0,30.0,0.9341757677081296,0.3952824318488341,0.3926380368098159,0.0166424053676265,0.0030198490355046
OFR,NOTEARS,RF,40,10cf413879c807b9,3.0,30038.0,30.0,0.9263448914750564,0.4013462384462454,0.3949044585987261,0.0165288029074643,0.0039317864131954
OFR,NOTEARS,RF,40,1f1aaa85a5e36645,2.0,30057.0,30.0,0.9274630711220156,0.3960071302183213,0.4025974025974026,0.016574172770478,0.0042873916689963
OFR,NOTEARS,RF,40,2adcf030fbcec127,2.0,30066.0,30.0,0.9265023051146768,0.3972633938753987,0.379746835443038,0.0166213027676824,0.0040581492871121
OFR,NOTEARS,RF,40,37ca0e9f8ea7893a,2.0,30044.0,30.0,0.9266832403326312,0.3919017875873707,0.3949044585987261,0.0166992339949678,0.0046441151803187
OFR,NOTEARS,RF,40,3a1fe7ce9435bfb1,0.0,30055.0,30.0,0.9267538050676336,0.3894351545605415,0.3947368421052631,0.0167210254403131,0.0035689124965054
OFR,NOTEARS,RF,40,3d41f0cc48932bfa,2.0,30037.0,30.0,0.9237321869277924,0.4014084575091338,0.3974358974358974,0.0165418864970645,0.0047212748112943
OFR,NOTEARS,RF,40,51a1ca634b2b7381,4.0,30104.0,30.0,0.9254492621461812,0.3883564839113957,0.3973509933774834,0.0166827408442829,0.0035443108750349
OFR,NOTEARS,RF,40,5d03a3d4e3759a95,1.0,30043.0,30.0,0.9235765826403514,0.388006090157123,0.3974358974358974,0.0167113469387755,0.0029521945764607
OFR,NOTEARS,RF,40,6341391083ea6bc1,4.0,30046.0,30.0,0.929905696564402,0.3909623747217054,0.4052287581699346,0.0166883488957226,0.0040682135868045
OFR,NOTEARS,RF,40,71f21f169ab26809,3.0,30058.0,30.0,0.9273074668345744,0.387611838275739,0.3855421686746988,0.0167168767123287,0.003616997483925
OFR,NOTEARS,RF,40,7465152ad520612d,0.0,30064.0,30.0,0.9249553090011652,0.3974951286584864,0.389937106918239,0.0166042706178361,0.0034022924238188
OFR,NOTEARS,RF,40,7f7316d6a9bbfaea,0.0,30100.0,30.0,0.9301228188259476,0.3985566684999091,0.3973509933774834,0.016599062901873,0.0041241263628739
OFR,NOTEARS,RF,40,8342b773670aae1d,3.0,30103.0,30.0,0.929248901723227,0.3907390442262531,0.3924050632911392,0.0166126407604137,0.0037372099524741
OFR,NOTEARS,RF,40,9154b5a62602a813,0.0,30042.0,30.0,0.9262290929355654,0.391953557238386,0.382716049382716,0.0166443131115459,0.0050416550181716
OFR,NOTEARS,RF,40,93528fddbe7aa9d5,1.0,30036.0,30.0,0.9261422440309472,0.390546626050257,0.4078947368421052,0.0166236913614761,0.0041196533407883
OFR,NOTEARS,RF,40,a87d7333ab4ebccd,1.0,30065.0,30.0,0.928811038495777,0.3913697354770164,0.3875,0.0166660844282918,0.0040592675426334
OFR,NOTEARS,RF,40,aac8d6b16f8780bf,2.0,30102.0,30.0,0.9275064955743244,0.3954011473939981,0.4,0.0166598289069052,0.00411294380766
OFR,NOTEARS,RF,40,abad785a71130f76,0.0,30035.0,30.0,0.9254510714983608,0.4022445722704735,0.3803680981595092,0.0164680961699748,0.0054956667598546
OFR,NOTEARS,RF,40,adbf9295bbf1ab80,1.0,30056.0,30.0,0.9253280355501516,0.3946506569383476,0.3866666666666666,0.0166555437517472,0.0040156555772994
OFR,NOTEARS,RF,40,c28a64d4242fe9a6,1.0,30101.0,30.0,0.936441076636921,0.3882894383832493,0.3835616438356164,0.0166756913614761,0.004574224210232
OFR,NOTEARS,RF,40,ce72d9369c254845,3.0,30067.0,30.0,0.932379080993841,0.3996157372465227,0.382716049382716,0.0166244025719877,0.0045076880067095
OFR,NOTEARS,RF,40,e8a3c8db114f4068,3.0,30045.0,30.0,0.9276349595790724,0.3787661456647186,0.3949044585987261,0.0166906323734973,0.0032261671792004
OFR,NOTEARS,RF,40,e98b2dc159da5c41,4.0,30059.0,30.0,0.9232852769394446,0.3820099526341628,0.3896103896103896,0.0167270852669835,0.0030349454850433
OFR,NOTEARS,RF,5,00f09f625db983b8,3.0,5058.0,5.0,0.7716181398412112,0.084315161939012,0.147239263803681,0.0213657109309477,0.0076706737489516
OFR,NOTEARS,RF,5,173b4fbd73d4abc9,4.0,5068.0,5.0,0.7830948607160692,0.1241507066954255,0.1317365269461078,0.0210779748392507,0.0089913335197092
OFR,NOTEARS,RF,5,2b6bcc40f0af8161,3.0,5038.0,5.0,0.713874474383192,0.0711541098038493,0.123076923076923,0.021869988258317,0.0132954990215264
OFR,NOTEARS,RF,5,2d23ffc4719a85e7,2.0,5044.0,5.0,0.8909177757995528,0.295481033654791,0.2803738317757009,0.01788541571149,0.0054084428291864
OFR,NOTEARS,RF,5,4dabe9304fc7231f,2.0,5037.0,5.0,0.8174924550014112,0.1168329671599695,0.2030456852791878,0.0211118892927033,0.0112658652502096
OFR,NOTEARS,RF,5,5e317ff3e3da37a5,1.0,5101.0,5.0,0.7365673694190532,0.0733248728908129,0.1080196399345335,0.0221688722393066,0.013666200726866
OFR,NOTEARS,RF,5,685649fb92cbf73a,2.0,5066.0,5.0,0.7106502087992415,0.1126121085431009,0.1347517730496454,0.0209799127760693,0.0105367626502655
OFR,NOTEARS,RF,5,6f409f9a707d1a68,3.0,5103.0,5.0,0.7221757821829472,0.0581340263521386,0.0885200553250345,0.0227080335476656,0.0134319261951355
OFR,NOTEARS,RF,5,7265f0099987ea66,3.0,5045.0,5.0,0.7244429004639179,0.067424772695862,0.1509433962264151,0.0219907542633491,0.0131518031870282
OFR,NOTEARS,RF,5,762b4f07c460b379,0.0,5055.0,5.0,0.7938804090583407,0.1104124026338515,0.1868131868131868,0.0208062734134749,0.0073010902991333
OFR,NOTEARS,RF,5,81cbc92549b10259,4.0,5104.0,5.0,0.720105883289547,0.0708013078532282,0.1309090909090909,0.0216556332121889,0.0088577019849035
OFR,NOTEARS,RF,5,8963c721cdf2ad87,2.0,5057.0,5.0,0.9051501400438584,0.3062561650119014,0.3166666666666666,0.0178611708135308,0.0060598266703941
OFR,NOTEARS,RF,5,90115e04a99d1023,1.0,5056.0,5.0,0.7891236221783153,0.1347736089652768,0.203883495145631,0.020431897120492,0.0067777467151244
OFR,NOTEARS,RF,5,a9f5d06822798055,2.0,5102.0,5.0,0.7700874278973155,0.1307210683207184,0.2131147540983606,0.0204891708135308,0.0104663125524182
OFR,NOTEARS,RF,5,ac6968af725e7827,0.0,5042.0,5.0,0.8411732563273046,0.143347238121399,0.2091503267973856,0.0207065496225887,0.0089695275370422
OFR,NOTEARS,RF,5,b789918cf2ba0933,1.0,5036.0,5.0,0.7397482105506944,0.0715511359148384,0.1218487394957983,0.0219599664523343,0.0118344981828347
OFR,NOTEARS,RF,5,bb0026436ea23e67,1.0,5043.0,5.0,0.7860875292210376,0.1732974361268174,0.2511627906976744,0.0199498630136986,0.0085675146771037
OFR,NOTEARS,RF,5,be45279890bbb11c,3.0,5067.0,5.0,0.7072938605061844,0.0472308789179501,0.0888252148997134,0.0232121532010064,0.0185518590998043
OFR,NOTEARS,RF,5,ca02cc1a0179e922,4.0,5046.0,5.0,0.7985756779642617,0.080830871806766,0.1351351351351351,0.0219440972882303,0.010211350293542
OFR,NOTEARS,RF,5,caa337eca0fefa01,1.0,5065.0,5.0,0.7858324105637218,0.1185580742474751,0.1836734693877551,0.0208065764607212,0.0096667598546267
OFR,NOTEARS,RF,5,ce93804e87c72d51,4.0,5039.0,5.0,0.7138998053137056,0.0725586045659164,0.1306818181818181,0.0215715236231478,0.0098490355046128
OFR,NOTEARS,RF,5,deab9e28ddc247e8,4.0,5059.0,5.0,0.7879728741921243,0.0833582229572188,0.1608040201005025,0.0216079955269779,0.0097634889572267
OFR,NOTEARS,RF,5,e6172178d63877cd,0.0,5064.0,5.0,0.7545559487880958,0.0727862934683717,0.1176470588235294,0.0219096326530612,0.0100067095331283
OFR,NOTEARS,RF,5,edb2a2c2351bae2e,0.0,5035.0,5.0,0.7525710894471344,0.1341944520029079,0.1990049751243781,0.020569778026279,0.008937098126922
OFR,NOTEARS,RF,5,f88a1e063e15dac3,0.0,5100.0,5.0,0.7172995780590716,0.0543012331318272,0.095505617977528,0.0225030304724629,0.0146094492591557
OFR,NOTEARS,RF,ALL,0df4d834baa9c66c,2.0,30102.0,30.0,0.9275064955743244,0.3954011473939981,0.4,0.0166598289069052,0.00411294380766
OFR,NOTEARS,RF,ALL,156747b5d1a715d3,2.0,30037.0,30.0,0.9237321869277924,0.4014084575091338,0.3974358974358974,0.0165418864970645,0.0047212748112943
OFR,NOTEARS,RF,ALL,1795bb73ffee769b,0.0,30035.0,30.0,0.9254510714983608,0.4022445722704735,0.3803680981595092,0.0164680961699748,0.0054956667598546
OFR,NOTEARS,RF,ALL,1eaf234c1c691280,1.0,30043.0,30.0,0.9235765826403514,0.388006090157123,0.3974358974358974,0.0167113469387755,0.0029521945764607
OFR,NOTEARS,RF,ALL,4391d172bb6ec595,1.0,30036.0,30.0,0.9261422440309472,0.390546626050257,0.4078947368421052,0.0166236913614761,0.0041196533407883
OFR,NOTEARS,RF,ALL,456b6dcb22a86a84,1.0,30065.0,30.0,0.928811038495777,0.3913697354770164,0.3875,0.0166660844282918,0.0040592675426334
OFR,NOTEARS,RF,ALL,48b1380063a8f8c7,0.0,30064.0,30.0,0.9249553090011652,0.3974951286584864,0.389937106918239,0.0166042706178361,0.0034022924238188
OFR,NOTEARS,RF,ALL,4b1ce1c13ba5299f,0.0,30055.0,30.0,0.9267538050676336,0.3894351545605415,0.3947368421052631,0.0167210254403131,0.0035689124965054
OFR,NOTEARS,RF,ALL,4b856a3ea4ad8192,2.0,30044.0,30.0,0.9266832403326312,0.3919017875873707,0.3949044585987261,0.0166992339949678,0.0046441151803187
OFR,NOTEARS,RF,ALL,617eee5f13ccfb28,1.0,30056.0,30.0,0.9253280355501516,0.3946506569383476,0.3866666666666666,0.0166555437517472,0.0040156555772994
OFR,NOTEARS,RF,ALL,67a962795042bdcf,4.0,30059.0,30.0,0.9232852769394446,0.3820099526341628,0.3896103896103896,0.0167270852669835,0.0030349454850433
OFR,NOTEARS,RF,ALL,78a0b31e2e7aecb6,3.0,30103.0,30.0,0.929248901723227,0.3907390442262531,0.3924050632911392,0.0166126407604137,0.0037372099524741
OFR,NOTEARS,RF,ALL,906337c1d3f1be27,1.0,30101.0,30.0,0.936441076636921,0.3882894383832493,0.3835616438356164,0.0166756913614761,0.004574224210232
OFR,NOTEARS,RF,ALL,9171c10c1ab78597,4.0,30104.0,30.0,0.9254492621461812,0.3883564839113957,0.3973509933774834,0.0166827408442829,0.0035443108750349
OFR,NOTEARS,RF,ALL,9d5c48c9593e82d4,3.0,30058.0,30.0,0.9273074668345744,0.387611838275739,0.3855421686746988,0.0167168767123287,0.003616997483925
OFR,NOTEARS,RF,ALL,a958692d23c36fce,2.0,30057.0,30.0,0.9274630711220156,0.3960071302183213,0.4025974025974026,0.016574172770478,0.0042873916689963
OFR,NOTEARS,RF,ALL,b3700407dd0caf40,3.0,30038.0,30.0,0.9263448914750564,0.4013462384462454,0.3949044585987261,0.0165288029074643,0.0039317864131954
OFR,NOTEARS,RF,ALL,b95060b5a1680884,3.0,30067.0,30.0,0.932379080993841,0.3996157372465227,0.382716049382716,0.0166244025719877,0.0045076880067095
OFR,NOTEARS,RF,ALL,c09615760a4a1748,4.0,30039.0,30.0,0.9341757677081296,0.3952824318488341,0.3926380368098159,0.0166424053676265,0.0030198490355046
OFR,NOTEARS,RF,ALL,ccd4befea17e2719,3.0,30045.0,30.0,0.9276349595790724,0.3787661456647186,0.3949044585987261,0.0166906323734973,0.0032261671792004
OFR,NOTEARS,RF,ALL,d4818cc4ffd9260f,4.0,30068.0,30.0,0.9234155502963718,0.3991896064871971,0.392156862745098,0.0165795090858261,0.0042437797036622
OFR,NOTEARS,RF,ALL,ee0033f250424129,0.0,30042.0,30.0,0.9262290929355654,0.391953557238386,0.382716049382716,0.0166443131115459,0.0050416550181716
OFR,NOTEARS,RF,ALL,f4c3352b31ee22e6,0.0,30100.0,30.0,0.9301228188259476,0.3985566684999091,0.3973509933774834,0.016599062901873,0.0041241263628739
OFR,NOTEARS,RF,ALL,fa00b7b55c6ff316,2.0,30066.0,30.0,0.9265023051146768,0.3972633938753987,0.379746835443038,0.0166213027676824,0.0040581492871121
OFR,NOTEARS,RF,ALL,fa0efc922605fd49,4.0,30046.0,30.0,0.929905696564402,0.3909623747217054,0.4052287581699346,0.0166883488957226,0.0040682135868045
OFR,NOTEARS,XGBoost,10,0c6134f8186d2965,0.0,10035.0,10.0,0.8834596261154655,0.2094501374189568,0.2428571428571428,0.0197816073807514,0.0117139157253039
OFR,NOTEARS,XGBoost,10,2336111e52c6702f,1.0,10065.0,10.0,0.9089135925773136,0.3752482802274901,0.3645833333333333,0.0173101944848224,0.0122240437082748
OFR,NOTEARS,XGBoost,10,28ebbdf3cdf63dac,2.0,10102.0,10.0,0.851918998921626,0.2216018913766237,0.2253521126760563,0.0195253196152798,0.0099629894500925
OFR,NOTEARS,XGBoost,10,339b550c58479c16,2.0,10066.0,10.0,0.909640952153491,0.2958662805476221,0.3439490445859872,0.0186019394440618,0.0124982583923913
OFR,NOTEARS,XGBoost,10,461f292f894a6c04,1.0,10101.0,10.0,0.8127754738693359,0.161504622908365,0.2245989304812834,0.0203945957617115,0.0109389080700634
OFR,NOTEARS,XGBoost,10,46fe058c4ab36940,0.0,10100.0,10.0,0.8580237531754131,0.2152746667318989,0.2538461538461538,0.0201489670200128,0.0134521254138104
OFR,NOTEARS,XGBoost,10,5654ed1f4bdf690b,0.0,10055.0,10.0,0.9103502182078728,0.3575108958982927,0.4055944055944055,0.0176880469716009,0.0113354730712073
OFR,NOTEARS,XGBoost,10,5b40fe9e212fc526,2.0,10037.0,10.0,0.8717639736268825,0.2462041895321157,0.2718446601941747,0.0191735851458973,0.0106270983133039
OFR,NOTEARS,XGBoost,10,66c0ef692da769b1,4.0,10059.0,10.0,0.8992371771211036,0.3551578823440215,0.3391812865497076,0.0176980118197443,0.0117432921031333
OFR,NOTEARS,XGBoost,10,6913d86256ddfe94,1.0,10043.0,10.0,0.8354177070441698,0.2101971534842561,0.308457711442786,0.0195942454052671,0.0097374326539316
OFR,NOTEARS,XGBoost,10,69c5df744fddc9e2,3.0,10067.0,10.0,0.8783427781517106,0.2197737377930608,0.2976190476190476,0.0197170402783872,0.0112307902719999
OFR,NOTEARS,XGBoost,10,6a7cba30bb06fce4,0.0,10042.0,10.0,0.8690644201750004,0.2129444470840701,0.2382271468144044,0.0197145459531996,0.0111491912889987
OFR,NOTEARS,XGBoost,10,6cd564de44e94d75,4.0,10068.0,10.0,0.8083968415948354,0.1276894074736916,0.152073732718894,0.0211157525217678,0.0114108401113485
OFR,NOTEARS,XGBoost,10,73501facd301febb,3.0,10058.0,10.0,0.862301061727859,0.1954280059076671,0.2783505154639175,0.0200347226770684,0.0118206912293136
OFR,NOTEARS,XGBoost,10,7666e1248373564d,3.0,10103.0,10.0,0.8359822249241882,0.1859730322933983,0.2439024390243902,0.0200039385113099,0.0125958442069363
OFR,NOTEARS,XGBoost,10,77009d992c4dd843,3.0,10045.0,10.0,0.90860962141115,0.3148918102699778,0.3157894736842105,0.0183172529790458,0.0111399726046008
OFR,NOTEARS,XGBoost,10,aec8e210a0701a1e,4.0,10104.0,10.0,0.8063450362232306,0.1830339501639416,0.2318840579710145,0.0200475897084139,0.0119123616481555
OFR,NOTEARS,XGBoost,10,b3d9474e20fc61b1,2.0,10057.0,10.0,0.8049590724536987,0.1026904048594783,0.2094240837696335,0.0216126741614826,0.012459423092681
OFR,NOTEARS,XGBoost,10,bd6a0b007556c905,4.0,10039.0,10.0,0.9352613790158572,0.4026950327075994,0.4294478527607362,0.0169416871933718,0.0106299085111526
OFR,NOTEARS,XGBoost,10,c2eb07c0bb6c971c,2.0,10044.0,10.0,0.9347185733619934,0.3928429335355625,0.4473684210526316,0.0171565345185881,0.010563495320804
OFR,NOTEARS,XGBoost,10,c5ed9f5a6f23de1c,4.0,10046.0,10.0,0.7672051298752995,0.092710800619027,0.1626794258373205,0.0213587252003727,0.0107465858290298
OFR,NOTEARS,XGBoost,10,c90ff8abfb1cba7d,1.0,10056.0,10.0,0.8644397160040819,0.1632179659718542,0.2386831275720164,0.0212349429598971,0.0127526517371108
OFR,NOTEARS,XGBoost,10,ca448604a57a604a,0.0,10064.0,10.0,0.8761498433101012,0.204676503470615,0.2603550295857988,0.0199026919865365,0.0116733000716592
OFR,NOTEARS,XGBoost,10,d513ad3387338dd7,3.0,10038.0,10.0,0.8364852248301018,0.1959203590207794,0.2236024844720497,0.0197811016501954,0.0091145334987666
OFR,NOTEARS,XGBoost,10,fa1d9866afca229e,1.0,10036.0,10.0,0.8919310130200984,0.362925227100443,0.3243243243243243,0.018057167752885,0.0128238382124385
OFR,NOTEARS,XGBoost,20,1068905b8968d200,1.0,20065.0,20.0,0.8730956568310282,0.2428140963128591,0.2934782608695652,0.019713943122019,0.0133439233824183
OFR,NOTEARS,XGBoost,20,1423c978b99d91c5,0.0,20055.0,20.0,0.9304774518531383,0.4498353619306651,0.4318181818181818,0.0163074548802443,0.0107322131687926
OFR,NOTEARS,XGBoost,20,195616a4508b45c2,1.0,20036.0,20.0,0.8924159194042164,0.2665438749622906,0.2745098039215686,0.0191171472008365,0.0129682393097582
OFR,NOTEARS,XGBoost,20,1d3484d5d575ebe7,3.0,20038.0,20.0,0.9103719304340272,0.4074268499823658,0.4216867469879518,0.0171153797147888,0.0121005011746138
OFR,NOTEARS,XGBoost,20,24c45315678e9548,1.0,20056.0,20.0,0.9134948722959232,0.3645116848572481,0.3981481481481481,0.0181269265543891,0.0125277102603333
OFR,NOTEARS,XGBoost,20,2746299d2bb099d2,3.0,20045.0,20.0,0.9011008098660356,0.3789647151070872,0.3298969072164948,0.017228014194678,0.0115353150755637
OFR,NOTEARS,XGBoost,20,33edefc2e4f211a2,0.0,20100.0,20.0,0.9340201634206888,0.434870426006366,0.4274809160305343,0.0163594697689016,0.0114514325957079
OFR,NOTEARS,XGBoost,20,383ed22453e52c98,0.0,20064.0,20.0,0.9305462072359612,0.4309109248261608,0.4198895027624309,0.0164573203123642,0.0131078792544826
OFR,NOTEARS,XGBoost,20,3d9d87c35efd6d63,2.0,20102.0,20.0,0.9342770914301844,0.4533912094930307,0.432,0.0158737814699901,0.011205415978446
OFR,NOTEARS,XGBoost,20,40484ea86fbec1fd,4.0,20068.0,20.0,0.9344399331263434,0.4598925403739593,0.4114285714285714,0.0162614074991614,0.0131013493460043
OFR,NOTEARS,XGBoost,20,58a9bdb1d80d7b4b,1.0,20101.0,20.0,0.933987595081457,0.4667836695216448,0.4417177914110429,0.015816923629801,0.0106654105161759
OFR,NOTEARS,XGBoost,20,7909080e0e35b8a2,2.0,20057.0,20.0,0.9076759956865044,0.3731181606685771,0.3407407407407407,0.0174353345445577,0.0117195829982003
OFR,NOTEARS,XGBoost,20,98b5a3dbb92effb6,3.0,20067.0,20.0,0.9257622800732426,0.4628998549411589,0.4408602150537634,0.0158522511987255,0.0110952414159301
OFR,NOTEARS,XGBoost,20,9ead26e748190590,3.0,20058.0,20.0,0.9071549022587952,0.3825216395124538,0.4216867469879518,0.0172708289728507,0.0121002263389007
OFR,NOTEARS,XGBoost,20,aa179c87980ac93f,4.0,20039.0,20.0,0.931765710604975,0.409307984057055,0.4397163120567376,0.0171100209005579,0.0122924337747043
OFR,NOTEARS,XGBoost,20,ae85ff71f9631647,2.0,20044.0,20.0,0.931487070369325,0.4195699766465581,0.4210526315789473,0.01682157324342,0.011342412227937
OFR,NOTEARS,XGBoost,20,b668119e95172f88,2.0,20066.0,20.0,0.9099847290676046,0.3252256101659844,0.2987012987012987,0.0181991014876151,0.0143597977886042
OFR,NOTEARS,XGBoost,20,b6f47bf2af381f9b,4.0,20104.0,20.0,0.9000369107844628,0.3531109596744784,0.3317073170731707,0.01758273605694,0.011874291105917
OFR,NOTEARS,XGBoost,20,b72a084461027f90,3.0,20103.0,20.0,0.9128977860766732,0.3599224292262759,0.3892617449664429,0.0177844570967247,0.0115614289625242
OFR,NOTEARS,XGBoost,20,bf425d9885b45370,0.0,20042.0,20.0,0.9284582148207656,0.445048168796799,0.4406779661016949,0.0161733371022703,0.010835614812534
OFR,NOTEARS,XGBoost,20,c1c5d6f5a01c20df,0.0,20035.0,20.0,0.9104225922950548,0.3636036450251273,0.3783783783783784,0.0175470644404809,0.0114891471943734
OFR,NOTEARS,XGBoost,20,d93f296c81c0fb6d,4.0,20059.0,20.0,0.9210941514500148,0.359891678084189,0.3821656050955414,0.0179968429594671,0.0130601909175892
OFR,NOTEARS,XGBoost,20,e4731145181bcd29,2.0,20037.0,20.0,0.8886452294620435,0.2894097255582969,0.3270440251572327,0.0188119005796286,0.0129909845523256
OFR,NOTEARS,XGBoost,20,eae68964a84267f2,1.0,20043.0,20.0,0.9404252701362804,0.4443361060872892,0.4523809523809524,0.0162625719437568,0.0117427524438803
OFR,NOTEARS,XGBoost,20,f8201841b371ea61,4.0,20046.0,20.0,0.9331046312178388,0.4078530128274176,0.4418604651162791,0.016617604966213,0.0118255428134742
OFR,NOTEARS,XGBoost,30,05e58f7500851fb0,3.0,30103.0,30.0,0.9303580346092885,0.4504772889334092,0.4472049689440994,0.0163489245491548,0.0123605330004457
OFR,NOTEARS,XGBoost,30,0f4a1f267a018b5c,1.0,30036.0,30.0,0.9317114300395886,0.4408468481059897,0.4311377245508982,0.0163748511402137,0.0114841632862508
OFR,NOTEARS,XGBoost,30,13c91868000bb9b2,1.0,30065.0,30.0,0.9362167169666572,0.4438382557688245,0.4258064516129032,0.0165499278335676,0.0133724213238812
OFR,NOTEARS,XGBoost,30,35ea8acfb791e8a9,3.0,30038.0,30.0,0.9311469121595704,0.4449662989483367,0.4285714285714285,0.0164085075004114,0.0130760878346509
OFR,NOTEARS,XGBoost,30,3730df010e6acffd,1.0,30101.0,30.0,0.9342336669778752,0.4539708356278326,0.4525547445255474,0.0164399594892856,0.0120496640536051
OFR,NOTEARS,XGBoost,30,40c731ffa07fa9a4,2.0,30037.0,30.0,0.9322976601457614,0.4512429370207159,0.4748201438848921,0.0162392020954318,0.0122566769013599
OFR,NOTEARS,XGBoost,30,440dd4e34ebd38b6,3.0,30058.0,30.0,0.9338102785678616,0.4425218717097253,0.4276729559748428,0.0164321639054273,0.0120234118034057
OFR,NOTEARS,XGBoost,30,463497d5dd40266b,4.0,30104.0,30.0,0.9321710054931932,0.4268340529123297,0.4210526315789473,0.0168574287698838,0.0124423118323287
OFR,NOTEARS,XGBoost,30,4a2b266a04345a7c,2.0,30066.0,30.0,0.9269745460335382,0.4550575214552376,0.4342105263157895,0.0163610972653864,0.0115415958754316
OFR,NOTEARS,XGBoost,30,5031276ca29a1c83,0.0,30035.0,30.0,0.9288598910046248,0.4390328174092969,0.4210526315789473,0.0166323799336552,0.0143481198672115
OFR,NOTEARS,XGBoost,30,589ce25f45cc972f,0.0,30055.0,30.0,0.935492976094839,0.4528260800143313,0.4654088050314465,0.0163913615606821,0.0118828081926953
OFR,NOTEARS,XGBoost,30,700162f18805de3d,4.0,30068.0,30.0,0.933911602289916,0.4504053038833286,0.4852941176470588,0.0163424039520329,0.0129809961919166
OFR,NOTEARS,XGBoost,30,94aeed4681266421,0.0,30100.0,30.0,0.9333362282968204,0.4471857191081833,0.4146341463414634,0.0164971826577013,0.0120673378548583
OFR,NOTEARS,XGBoost,30,bd0edae178fe9ba9,3.0,30045.0,30.0,0.9324496457288431,0.4574391810697225,0.4563758389261745,0.0162725090648098,0.0116983835290162
OFR,NOTEARS,XGBoost,30,bdd10ce3ab7e6683,0.0,30042.0,30.0,0.9328115161647526,0.4586808186431117,0.4044943820224719,0.0160994252995614,0.0121810201056632
OFR,NOTEARS,XGBoost,30,c082cd51acfcbbb6,1.0,30056.0,30.0,0.9338971274724798,0.4416359526565641,0.4492753623188406,0.016335180427573,0.0122758299765183
OFR,NOTEARS,XGBoost,30,d04d59049629b635,2.0,30057.0,30.0,0.936958551360271,0.4655118894011191,0.4331210191082802,0.01610171830689,0.0123737298658022
OFR,NOTEARS,XGBoost,30,d602423d7e64e9b1,1.0,30043.0,30.0,0.9363361342105072,0.4497581728574016,0.4276729559748428,0.0161555055842774,0.0118035244905677
OFR,NOTEARS,XGBoost,30,da0d5616097ea8fb,4.0,30039.0,30.0,0.9325943939032068,0.4528858605626799,0.4413793103448276,0.016242277201058,0.0119404025855694
OFR,NOTEARS,XGBoost,30,da30540fd2e102c9,4.0,30046.0,30.0,0.9348777963537936,0.449299717771197,0.4266666666666667,0.0164622346795644,0.0114705045500534
OFR,NOTEARS,XGBoost,30,e64f09cd48d47b32,2.0,30102.0,30.0,0.9336474368717024,0.4655421762273276,0.4475524475524475,0.0162711349045099,0.012852884542839
OFR,NOTEARS,XGBoost,30,ea368a9dcdd3c99a,4.0,30059.0,30.0,0.9344544079437798,0.4608180858871979,0.4539007092198581,0.0162024432469658,0.012202833157732
OFR,NOTEARS,XGBoost,30,ef51e7947cdb37a2,0.0,30064.0,30.0,0.9334049836796432,0.4530463442685727,0.437956204379562,0.0164739159002181,0.0122791334086087
OFR,NOTEARS,XGBoost,30,f0f943a31842fbee,2.0,30044.0,30.0,0.9338102785678616,0.4443570311862645,0.40625,0.0164853246009292,0.0120974320816519
OFR,NOTEARS,XGBoost,30,f4e2de30bb819046,3.0,30067.0,30.0,0.9331878614180978,0.4513889088934223,0.463768115942029,0.0163805485028391,0.0119594468964669
OFR,NOTEARS,XGBoost,40,00c732a6baf6c4bc,4.0,30068.0,30.0,0.933911602289916,0.4504053038833286,0.4852941176470588,0.0163424039520329,0.0129809961919166
OFR,NOTEARS,XGBoost,40,108f696228eb5821,4.0,30039.0,30.0,0.9325943939032068,0.4528858605626799,0.4413793103448276,0.016242277201058,0.0119404025855694
OFR,NOTEARS,XGBoost,40,10cf413879c807b9,3.0,30038.0,30.0,0.9311469121595704,0.4449662989483367,0.4285714285714285,0.0164085075004114,0.0130760878346509
OFR,NOTEARS,XGBoost,40,1f1aaa85a5e36645,2.0,30057.0,30.0,0.936958551360271,0.4655118894011191,0.4331210191082802,0.01610171830689,0.0123737298658022
OFR,NOTEARS,XGBoost,40,2adcf030fbcec127,2.0,30066.0,30.0,0.9269745460335382,0.4550575214552376,0.4342105263157895,0.0163610972653864,0.0115415958754316
OFR,NOTEARS,XGBoost,40,37ca0e9f8ea7893a,2.0,30044.0,30.0,0.9338102785678616,0.4443570311862645,0.40625,0.0164853246009292,0.0120974320816519
OFR,NOTEARS,XGBoost,40,3a1fe7ce9435bfb1,0.0,30055.0,30.0,0.935492976094839,0.4528260800143313,0.4654088050314465,0.0163913615606821,0.0118828081926953
OFR,NOTEARS,XGBoost,40,3d41f0cc48932bfa,2.0,30037.0,30.0,0.9322976601457614,0.4512429370207159,0.4748201438848921,0.0162392020954318,0.0122566769013599
OFR,NOTEARS,XGBoost,40,51a1ca634b2b7381,4.0,30104.0,30.0,0.9321710054931932,0.4268340529123297,0.4210526315789473,0.0168574287698838,0.0124423118323287
OFR,NOTEARS,XGBoost,40,5d03a3d4e3759a95,1.0,30043.0,30.0,0.9363361342105072,0.4497581728574016,0.4276729559748428,0.0161555055842774,0.0118035244905677
OFR,NOTEARS,XGBoost,40,6341391083ea6bc1,4.0,30046.0,30.0,0.9348777963537936,0.449299717771197,0.4266666666666667,0.0164622346795644,0.0114705045500534
OFR,NOTEARS,XGBoost,40,71f21f169ab26809,3.0,30058.0,30.0,0.9338102785678616,0.4425218717097253,0.4276729559748428,0.0164321639054273,0.0120234118034057
OFR,NOTEARS,XGBoost,40,7465152ad520612d,0.0,30064.0,30.0,0.9334049836796432,0.4530463442685727,0.437956204379562,0.0164739159002181,0.0122791334086087
OFR,NOTEARS,XGBoost,40,7f7316d6a9bbfaea,0.0,30100.0,30.0,0.9333362282968204,0.4471857191081833,0.4146341463414634,0.0164971826577013,0.0120673378548583
OFR,NOTEARS,XGBoost,40,8342b773670aae1d,3.0,30103.0,30.0,0.9303580346092885,0.4504772889334092,0.4472049689440994,0.0163489245491548,0.0123605330004457
OFR,NOTEARS,XGBoost,40,9154b5a62602a813,0.0,30042.0,30.0,0.9328115161647526,0.4586808186431117,0.4044943820224719,0.0160994252995614,0.0121810201056632
OFR,NOTEARS,XGBoost,40,93528fddbe7aa9d5,1.0,30036.0,30.0,0.9317114300395886,0.4408468481059897,0.4311377245508982,0.0163748511402137,0.0114841632862508
OFR,NOTEARS,XGBoost,40,a87d7333ab4ebccd,1.0,30065.0,30.0,0.9362167169666572,0.4438382557688245,0.4258064516129032,0.0165499278335676,0.0133724213238812
OFR,NOTEARS,XGBoost,40,aac8d6b16f8780bf,2.0,30102.0,30.0,0.9336474368717024,0.4655421762273276,0.4475524475524475,0.0162711349045099,0.012852884542839
OFR,NOTEARS,XGBoost,40,abad785a71130f76,0.0,30035.0,30.0,0.9288598910046248,0.4390328174092969,0.4210526315789473,0.0166323799336552,0.0143481198672115
OFR,NOTEARS,XGBoost,40,adbf9295bbf1ab80,1.0,30056.0,30.0,0.9338971274724798,0.4416359526565641,0.4492753623188406,0.016335180427573,0.0122758299765183
OFR,NOTEARS,XGBoost,40,c28a64d4242fe9a6,1.0,30101.0,30.0,0.9342336669778752,0.4539708356278326,0.4525547445255474,0.0164399594892856,0.0120496640536051
OFR,NOTEARS,XGBoost,40,ce72d9369c254845,3.0,30067.0,30.0,0.9331878614180978,0.4513889088934223,0.463768115942029,0.0163805485028391,0.0119594468964669
OFR,NOTEARS,XGBoost,40,e8a3c8db114f4068,3.0,30045.0,30.0,0.9324496457288431,0.4574391810697225,0.4563758389261745,0.0162725090648098,0.0116983835290162
OFR,NOTEARS,XGBoost,40,e98b2dc159da5c41,4.0,30059.0,30.0,0.9344544079437798,0.4608180858871979,0.4539007092198581,0.0162024432469658,0.012202833157732
OFR,NOTEARS,XGBoost,5,00f09f625db983b8,3.0,5058.0,5.0,0.7993428432883891,0.1075519915843956,0.2328042328042328,0.0211118169604854,0.0100586743286436
OFR,NOTEARS,XGBoost,5,173b4fbd73d4abc9,4.0,5068.0,5.0,0.8185473073220864,0.1064635916343685,0.2142857142857142,0.0214695908662456,0.0093338996742669
OFR,NOTEARS,XGBoost,5,2b6bcc40f0af8161,3.0,5038.0,5.0,0.747722025605952,0.0786848479101639,0.1293103448275862,0.0217371088673895,0.0116300545721363
OFR,NOTEARS,XGBoost,5,2d23ffc4719a85e7,2.0,5044.0,5.0,0.8885728553748615,0.2742745566614257,0.3376623376623376,0.0187659075332632,0.0105572690648829
OFR,NOTEARS,XGBoost,5,4dabe9304fc7231f,2.0,5037.0,5.0,0.8380919295655384,0.1269422580011609,0.1991341991341991,0.0214997597975076,0.0128854759074466
OFR,NOTEARS,XGBoost,5,5e317ff3e3da37a5,1.0,5101.0,5.0,0.7658155474014083,0.0685039662853613,0.1164658634538152,0.0223300606950991,0.0129443302340253
OFR,NOTEARS,XGBoost,5,685649fb92cbf73a,2.0,5066.0,5.0,0.7488619174790658,0.0900410490725497,0.1360294117647058,0.0217939265891652,0.013630148657614
OFR,NOTEARS,XGBoost,5,6f409f9a707d1a68,3.0,5103.0,5.0,0.7360408479348054,0.0610733894649956,0.1054545454545454,0.0222305082252929,0.013188466911384
OFR,NOTEARS,XGBoost,5,7265f0099987ea66,3.0,5045.0,5.0,0.7627360299918217,0.084667724146612,0.1266233766233766,0.0220457116889337,0.0124945129393627
OFR,NOTEARS,XGBoost,5,762b4f07c460b379,0.0,5055.0,5.0,0.8218294721757822,0.1071239955313552,0.1618497109826589,0.0213887925290712,0.0103851227117882
OFR,NOTEARS,XGBoost,5,81cbc92549b10259,4.0,5104.0,5.0,0.7347634452960461,0.0698206958008598,0.1063829787234042,0.0218542297604603,0.0102229931865378
OFR,NOTEARS,XGBoost,5,8963c721cdf2ad87,2.0,5057.0,5.0,0.9096879953101592,0.3386157612087267,0.3715846994535519,0.0178927757100752,0.0110908592012282
OFR,NOTEARS,XGBoost,5,90115e04a99d1023,1.0,5056.0,5.0,0.805961453561167,0.1560034044137254,0.2372881355932203,0.02071712519818,0.0105539310239526
OFR,NOTEARS,XGBoost,5,a9f5d06822798055,2.0,5102.0,5.0,0.7884650179849606,0.1717847567740508,0.2571428571428571,0.020173502485229,0.0093842492182914
OFR,NOTEARS,XGBoost,5,ac6968af725e7827,0.0,5042.0,5.0,0.8457599641024528,0.1427454949091801,0.2211981566820276,0.0214616239070637,0.0126672148699842
OFR,NOTEARS,XGBoost,5,b789918cf2ba0933,1.0,5036.0,5.0,0.7486665074436749,0.0757908478786407,0.1039903264812575,0.0217841466186849,0.012718916468391
OFR,NOTEARS,XGBoost,5,bb0026436ea23e67,1.0,5043.0,5.0,0.8029796411692758,0.1853603208402215,0.2634146341463415,0.0199966737379925,0.0095931347433518
OFR,NOTEARS,XGBoost,5,be45279890bbb11c,3.0,5067.0,5.0,0.7250255118657316,0.0515062395139912,0.101010101010101,0.0226825752311612,0.0166170637550023
OFR,NOTEARS,XGBoost,5,ca02cc1a0179e922,4.0,5046.0,5.0,0.8171902931874272,0.0956339343212582,0.1672473867595819,0.0218876684842242,0.0111567271128192
OFR,NOTEARS,XGBoost,5,caa337eca0fefa01,1.0,5065.0,5.0,0.8117875675793039,0.10486987731164,0.1840490797546012,0.0212158758329984,0.0095508172496245
OFR,NOTEARS,XGBoost,5,ce93804e87c72d51,4.0,5039.0,5.0,0.741971904379356,0.0821598641600676,0.12109375,0.0217697970424067,0.0109642310745478
OFR,NOTEARS,XGBoost,5,deab9e28ddc247e8,4.0,5059.0,5.0,0.7824652061575874,0.0882704802596091,0.1509433962264151,0.0217837590085306,0.0120277643611986
OFR,NOTEARS,XGBoost,5,e6172178d63877cd,0.0,5064.0,5.0,0.7637058427600582,0.0694972265881936,0.1255813953488372,0.0220150558641537,0.0123804681219716
OFR,NOTEARS,XGBoost,5,edb2a2c2351bae2e,0.0,5035.0,5.0,0.7781444731528324,0.129759438518967,0.1987577639751552,0.0209379355790872,0.0101088952978196
OFR,NOTEARS,XGBoost,5,f88a1e063e15dac3,0.0,5100.0,5.0,0.718537174949881,0.057877491207727,0.1309090909090909,0.0224652990664896,0.0122514898860907
OFR,NOTEARS,XGBoost,ALL,0df4d834baa9c66c,2.0,30102.0,30.0,0.9336474368717024,0.4655421762273276,0.4475524475524475,0.0162711349045099,0.012852884542839
OFR,NOTEARS,XGBoost,ALL,156747b5d1a715d3,2.0,30037.0,30.0,0.9322976601457614,0.4512429370207159,0.4748201438848921,0.0162392020954318,0.0122566769013599
OFR,NOTEARS,XGBoost,ALL,1795bb73ffee769b,0.0,30035.0,30.0,0.9288598910046248,0.4390328174092969,0.4210526315789473,0.0166323799336552,0.0143481198672115
OFR,NOTEARS,XGBoost,ALL,1eaf234c1c691280,1.0,30043.0,30.0,0.9363361342105072,0.4497581728574016,0.4276729559748428,0.0161555055842774,0.0118035244905677
OFR,NOTEARS,XGBoost,ALL,4391d172bb6ec595,1.0,30036.0,30.0,0.9317114300395886,0.4408468481059897,0.4311377245508982,0.0163748511402137,0.0114841632862508
OFR,NOTEARS,XGBoost,ALL,456b6dcb22a86a84,1.0,30065.0,30.0,0.9362167169666572,0.4438382557688245,0.4258064516129032,0.0165499278335676,0.0133724213238812
OFR,NOTEARS,XGBoost,ALL,48b1380063a8f8c7,0.0,30064.0,30.0,0.9334049836796432,0.4530463442685727,0.437956204379562,0.0164739159002181,0.0122791334086087
OFR,NOTEARS,XGBoost,ALL,4b1ce1c13ba5299f,0.0,30055.0,30.0,0.935492976094839,0.4528260800143313,0.4654088050314465,0.0163913615606821,0.0118828081926953
OFR,NOTEARS,XGBoost,ALL,4b856a3ea4ad8192,2.0,30044.0,30.0,0.9338102785678616,0.4443570311862645,0.40625,0.0164853246009292,0.0120974320816519
OFR,NOTEARS,XGBoost,ALL,617eee5f13ccfb28,1.0,30056.0,30.0,0.9338971274724798,0.4416359526565641,0.4492753623188406,0.016335180427573,0.0122758299765183
OFR,NOTEARS,XGBoost,ALL,67a962795042bdcf,4.0,30059.0,30.0,0.9344544079437798,0.4608180858871979,0.4539007092198581,0.0162024432469658,0.012202833157732
OFR,NOTEARS,XGBoost,ALL,78a0b31e2e7aecb6,3.0,30103.0,30.0,0.9303580346092885,0.4504772889334092,0.4472049689440994,0.0163489245491548,0.0123605330004457
OFR,NOTEARS,XGBoost,ALL,906337c1d3f1be27,1.0,30101.0,30.0,0.9342336669778752,0.4539708356278326,0.4525547445255474,0.0164399594892856,0.0120496640536051
OFR,NOTEARS,XGBoost,ALL,9171c10c1ab78597,4.0,30104.0,30.0,0.9321710054931932,0.4268340529123297,0.4210526315789473,0.0168574287698838,0.0124423118323287
OFR,NOTEARS,XGBoost,ALL,9d5c48c9593e82d4,3.0,30058.0,30.0,0.9338102785678616,0.4425218717097253,0.4276729559748428,0.0164321639054273,0.0120234118034057
OFR,NOTEARS,XGBoost,ALL,a958692d23c36fce,2.0,30057.0,30.0,0.936958551360271,0.4655118894011191,0.4331210191082802,0.01610171830689,0.0123737298658022
OFR,NOTEARS,XGBoost,ALL,b3700407dd0caf40,3.0,30038.0,30.0,0.9311469121595704,0.4449662989483367,0.4285714285714285,0.0164085075004114,0.0130760878346509
OFR,NOTEARS,XGBoost,ALL,b95060b5a1680884,3.0,30067.0,30.0,0.9331878614180978,0.4513889088934223,0.463768115942029,0.0163805485028391,0.0119594468964669
OFR,NOTEARS,XGBoost,ALL,c09615760a4a1748,4.0,30039.0,30.0,0.9325943939032068,0.4528858605626799,0.4413793103448276,0.016242277201058,0.0119404025855694
OFR,NOTEARS,XGBoost,ALL,ccd4befea17e2719,3.0,30045.0,30.0,0.9324496457288431,0.4574391810697225,0.4563758389261745,0.0162725090648098,0.0116983835290162
OFR,NOTEARS,XGBoost,ALL,d4818cc4ffd9260f,4.0,30068.0,30.0,0.933911602289916,0.4504053038833286,0.4852941176470588,0.0163424039520329,0.0129809961919166
OFR,NOTEARS,XGBoost,ALL,ee0033f250424129,0.0,30042.0,30.0,0.9328115161647526,0.4586808186431117,0.4044943820224719,0.0160994252995614,0.0121810201056632
OFR,NOTEARS,XGBoost,ALL,f4c3352b31ee22e6,0.0,30100.0,30.0,0.9333362282968204,0.4471857191081833,0.4146341463414634,0.0164971826577013,0.0120673378548583
OFR,NOTEARS,XGBoost,ALL,fa00b7b55c6ff316,2.0,30066.0,30.0,0.9269745460335382,0.4550575214552376,0.4342105263157895,0.0163610972653864,0.0115415958754316
OFR,NOTEARS,XGBoost,ALL,fa0efc922605fd49,4.0,30046.0,30.0,0.9348777963537936,0.449299717771197,0.4266666666666667,0.0164622346795644,0.0114705045500534
OFR,PC,FFMLP,10,0a8734a224122861,0.0,10100.0,10.0,0.8746770306359511,0.229603390120066,0.3558282208588957,0.0195987171460577,0.0094396850426944
OFR,PC,FFMLP,10,11d397789db9bffb,2.0,10037.0,10.0,0.9058521686895225,0.292175589164073,0.3541666666666667,0.0191357825499705,0.0095780551650186
OFR,PC,FFMLP,10,2e7759084d1902ad,2.0,10057.0,10.0,0.8002366632650846,0.0727406839956394,0.1507246376811594,0.0210459281457624,0.0028073750748743
OFR,PC,FFMLP,10,2f4463c7dbbe1795,0.0,10055.0,10.0,0.7736174739996092,0.1192882405910612,0.1692307692307692,0.0209435034077676,0.0078099514874568
OFR,PC,FFMLP,10,355218f2a8506c0e,4.0,10059.0,10.0,0.8741559372082419,0.2479883768018353,0.3050847457627119,0.0195743223520574,0.0086470338590661
OFR,PC,FFMLP,10,422a0f6bd3b78276,1.0,10036.0,10.0,0.7388019193607921,0.0615922032948252,0.1198738170347003,0.0213477107077876,0.0030136566295665
OFR,PC,FFMLP,10,44527153fd8cf1d1,3.0,10103.0,10.0,0.786181615534374,0.066265719791108,0.1130742049469964,0.0211555877925374,0.0030269086223459
OFR,PC,FFMLP,10,51f4f402c9964925,1.0,10101.0,10.0,0.873761498433101,0.3357489720346475,0.3478260869565217,0.0195902637723052,0.0087881030737187
OFR,PC,FFMLP,10,5982e86401758749,3.0,10058.0,10.0,0.8113243734213401,0.0918945143199216,0.1492537313432835,0.0208777119829337,0.0069337809718218
OFR,PC,FFMLP,10,5b755da766e9289f,2.0,10066.0,10.0,0.7856930904458967,0.0843576072167936,0.1933085501858736,0.0209363785903583,0.0058902970002013
OFR,PC,FFMLP,10,6721c1911d16d9c6,0.0,10042.0,10.0,0.7963972179400888,0.0955196635898502,0.1595744680851064,0.0208817593222062,0.0050807360737791
OFR,PC,FFMLP,10,6da9a730cf350d14,1.0,10056.0,10.0,0.7701272336452657,0.0952077930120565,0.1761658031088082,0.0210760470634424,0.0079397468350938
OFR,PC,FFMLP,10,79384fcb0fe0ad17,0.0,10064.0,10.0,0.7851792344269057,0.079551668346815,0.1492537313432835,0.0211144220387804,0.0069250677458927
OFR,PC,FFMLP,10,81a9f601a77b2a48,1.0,10043.0,10.0,0.7384689985597556,0.0752463183843594,0.154228855721393,0.0212463902674145,0.0028395377722305
OFR,PC,FFMLP,10,9499ceb4ef6a5ae8,0.0,10035.0,10.0,0.7961583834523888,0.0928973126646084,0.1930294906166219,0.0210904356595482,0.0039738709638704
OFR,PC,FFMLP,10,96c34fe1982508bc,3.0,10067.0,10.0,0.7704221580505316,0.0737303512592685,0.1044776119402985,0.021091972400484,0.0023882517980102
OFR,PC,FFMLP,10,9b4fbb50769ff7a9,3.0,10045.0,10.0,0.7525095714730299,0.0717559112485465,0.1160593792172739,0.0211848997391867,0.0024889141028532
OFR,PC,FFMLP,10,a5944f2afbe03698,1.0,10065.0,10.0,0.92059477024846,0.2609108656377347,0.3259911894273127,0.0188536043244234,0.0092322900794969
OFR,PC,FFMLP,10,a9159c4b073f1396,4.0,10104.0,10.0,0.8989114937287853,0.2933393638194966,0.3571428571428571,0.0198240246967318,0.0137475589162682
OFR,PC,FFMLP,10,a9ef8806ab99c329,3.0,10038.0,10.0,0.7622475049033444,0.0680190069370029,0.139917695473251,0.02108502400806,0.0004951370328556
OFR,PC,FFMLP,10,d74c4870a6a81b6d,4.0,10046.0,10.0,0.7075562165722185,0.055736247846877,0.0967741935483871,0.021339701009822,0.0008109457184723
OFR,PC,FFMLP,10,e8156db3e47527f8,4.0,10068.0,10.0,0.7486592700349568,0.0630191665012675,0.1025641025641025,0.0211847442969625,0.0014895009762678
OFR,PC,FFMLP,10,f012e43a20962dd1,2.0,10044.0,10.0,0.9007425581344854,0.24872849490953,0.3815028901734104,0.019444504413006,0.0083151018972903
OFR,PC,FFMLP,10,f41afba1ea53cb18,4.0,10039.0,10.0,0.7103842340288484,0.0462041471053996,0.088235294117647,0.0213882758986158,0.0017315246147093
OFR,PC,FFMLP,10,f964e49e7f431ba9,2.0,10102.0,10.0,0.8934255379204028,0.2476059802199203,0.3478260869565217,0.0194960390979029,0.0093787792038515
OFR,PC,FFMLP,20,08e6e9edf23d67e5,1.0,20101.0,20.0,0.7743484522801456,0.1052057972171358,0.1409523809523809,0.0211755523917412,0.0064423809961621
OFR,PC,FFMLP,20,09534de063aa316d,1.0,20065.0,20.0,0.8614108604555224,0.1909350029007486,0.3076923076923077,0.0200447946368992,0.0052936835748762
OFR,PC,FFMLP,20,0b99a1d40298dd23,3.0,20045.0,20.0,0.7900608666073199,0.1136066622409665,0.1979522184300341,0.0208603251890137,0.0070091564138491
OFR,PC,FFMLP,20,0d9182cbc34944a3,4.0,20059.0,20.0,0.8325408370786924,0.1481475908632489,0.1680672268907563,0.0202866182314119,0.0058659543612644
OFR,PC,FFMLP,20,133d4f6432787258,2.0,20102.0,20.0,0.8899515817356753,0.287108504793877,0.3364485981308411,0.0195661196696945,0.0102559634699671
OFR,PC,FFMLP,20,1dfc3ef566bd4ab7,3.0,20038.0,20.0,0.9044987732592222,0.2417898718136751,0.375,0.0190485924359369,0.0094973136209261
OFR,PC,FFMLP,20,215a63e59a1dd2c8,2.0,20057.0,20.0,0.8745322824615874,0.2339924999401766,0.3240223463687151,0.0196168711833271,0.0069249257651543
OFR,PC,FFMLP,20,23e1868c80f844af,2.0,20037.0,20.0,0.8835320002026474,0.2748947303320292,0.389937106918239,0.0191599331798977,0.0089352790345426
OFR,PC,FFMLP,20,386b52a4896cb1e9,3.0,20058.0,20.0,0.7874988239210833,0.0852325178668259,0.1743589743589743,0.0212479125742107,0.005535963393679
OFR,PC,FFMLP,20,3c227c261ca69323,0.0,20042.0,20.0,0.8254735074653872,0.1377445319536358,0.2406639004149377,0.0207482584628819,0.0098905105530165
OFR,PC,FFMLP,20,4ddbb02ad2f07c78,2.0,20044.0,20.0,0.8028746987428621,0.1210742224732869,0.2127659574468085,0.0208271498658227,0.0060681132529413
OFR,PC,FFMLP,20,6450338313c4402b,0.0,20055.0,20.0,0.8888695891323071,0.2663398746181005,0.3687150837988827,0.019534877691865,0.0112461514316909
OFR,PC,FFMLP,20,6eb991013b394e0b,4.0,20104.0,20.0,0.876938720860383,0.2778617691623949,0.3584905660377358,0.0195862833951504,0.0106093592120051
OFR,PC,FFMLP,20,88a498b33e0b05fd,1.0,20056.0,20.0,0.8606871195837043,0.2649475164015248,0.354066985645933,0.0193729897699338,0.0089217081336892
OFR,PC,FFMLP,20,8a08f2f024949689,2.0,20066.0,20.0,0.8142338117260496,0.1100464670968039,0.180064308681672,0.0210159724412882,0.0066812513513307
OFR,PC,FFMLP,20,8bfd92b94d82f01f,3.0,20067.0,20.0,0.847080791193521,0.2442781983741536,0.2882096069868995,0.0199532503305127,0.0080559110846438
OFR,PC,FFMLP,20,9e65f336042213f2,0.0,20035.0,20.0,0.9029173994542994,0.2448682187364387,0.3863636363636363,0.0189873929452911,0.0095340126793678
OFR,PC,FFMLP,20,a46664761c802fd0,0.0,20064.0,20.0,0.8747276924969785,0.2093095450790796,0.3376623376623376,0.0198719281563599,0.0077863234671461
OFR,PC,FFMLP,20,bb27fb43a614076a,1.0,20043.0,20.0,0.8895607616648935,0.2756525866123533,0.3307086614173228,0.0194409952596673,0.0095478400186033
OFR,PC,FFMLP,20,d2dfef0e74c04778,0.0,20100.0,20.0,0.7936795709664113,0.1025134464276906,0.1666666666666666,0.020841852724466,0.0047760452410721
OFR,PC,FFMLP,20,dda0d48966b755f6,4.0,20046.0,20.0,0.8325516931917697,0.1510138048474197,0.2230769230769231,0.0205615830146309,0.006821693516674
OFR,PC,FFMLP,20,e06a05e1ec8dc1bc,3.0,20103.0,20.0,0.7960679158434114,0.1000071854537519,0.1971830985915492,0.0209136262914631,0.0050312763932433
OFR,PC,FFMLP,20,ed596f29a81f7963,1.0,20036.0,20.0,0.8092472371192218,0.0911980846696607,0.1761006289308176,0.0209844732735152,0.0032879186485369
OFR,PC,FFMLP,20,efef57bca256f406,4.0,20068.0,20.0,0.8660066149915685,0.1810020156743207,0.2876712328767123,0.0202898197904722,0.0117461955362786
OFR,PC,FFMLP,20,fb50e09fd85ab4cb,4.0,20039.0,20.0,0.8786286557960787,0.229665425778259,0.3536585365853658,0.0198605110451606,0.0098494708489627
OFR,PC,FFMLP,30,1fe9c525023bec27,1.0,30101.0,30.0,0.8863943953506886,0.2233686161491101,0.3167420814479638,0.0195773720495806,0.0102324199925005
OFR,PC,FFMLP,30,332438ee2ace3ab5,1.0,30056.0,30.0,0.88176969117977,0.2465987763677877,0.2685512367491166,0.0194637732690971,0.0093113598688449
OFR,PC,FFMLP,30,400a810dbc381ea8,3.0,30067.0,30.0,0.89801767375209,0.2527552473867985,0.3945578231292517,0.0194435457775649,0.0106758499902855
OFR,PC,FFMLP,30,439fd3f16c19daa7,1.0,30036.0,30.0,0.8868214024650614,0.2696001111898236,0.3970588235294117,0.019489852619402,0.0104772352553885
OFR,PC,FFMLP,30,4c0f2e3b69b2c23f,1.0,30043.0,30.0,0.8942397464011985,0.2695659540312977,0.3764705882352941,0.0195624231875245,0.0080319560847099
OFR,PC,FFMLP,30,4cf508b6c073bc04,4.0,30068.0,30.0,0.8076803381317352,0.128006485276825,0.1791767554479419,0.0207447259613765,0.0057702311131085
OFR,PC,FFMLP,30,58b4903c01327226,4.0,30039.0,30.0,0.8833583023934112,0.2276047835132947,0.2992700729927007,0.0195149407858962,0.0077742247157234
OFR,PC,FFMLP,30,5aebeae3961dfb7a,2.0,30037.0,30.0,0.8690861324011551,0.2636981100314438,0.3809523809523809,0.0194924766541607,0.0109269383012194
OFR,PC,FFMLP,30,645c142d03828d7a,0.0,30100.0,30.0,0.8215725441662867,0.1478290649607134,0.2567567567567567,0.0207285835439466,0.009984669260741
OFR,PC,FFMLP,30,6de178ea08bd2e2c,0.0,30042.0,30.0,0.8863346867287637,0.2384888766537888,0.2764227642276423,0.0200114665127656,0.0089776244692489
OFR,PC,FFMLP,30,81362ee16a6a4fb9,0.0,30055.0,30.0,0.8786648428396697,0.2560057055618818,0.392156862745098,0.0194213289877498,0.0111718350198137
OFR,PC,FFMLP,30,817d8a39c2aa9036,2.0,30066.0,30.0,0.902070622634272,0.2426902772875529,0.3592233009708738,0.0192462529808049,0.0102011054579292
OFR,PC,FFMLP,30,873ada1f673b9c7b,3.0,30038.0,30.0,0.887317164962257,0.2388039404291553,0.3454545454545454,0.0194062849004836,0.0088933186828444
OFR,PC,FFMLP,30,8ae2c6f10372f48b,4.0,30046.0,30.0,0.8872701218055887,0.2837723262011918,0.4337349397590361,0.0196225179337875,0.0109878514880595
OFR,PC,FFMLP,30,9045836fcc725f87,4.0,30059.0,30.0,0.8888008337494844,0.2856077086338133,0.3885714285714285,0.0192041429041093,0.009461493855449
OFR,PC,FFMLP,30,9221b3e48170f13f,0.0,30064.0,30.0,0.7969762106375433,0.1289921424667792,0.2513089005235602,0.0207839685903836,0.0095360981228091
OFR,PC,FFMLP,30,9225daa70e08d126,3.0,30103.0,30.0,0.8836984606031656,0.2840132509364557,0.4172661870503597,0.0194673462944244,0.0085759770704721
OFR,PC,FFMLP,30,a13bf25092e60899,3.0,30045.0,30.0,0.8703345854050416,0.2559711201247617,0.3660130718954248,0.0195308566577251,0.0069590166033039
OFR,PC,FFMLP,30,b317f3b740185701,2.0,30102.0,30.0,0.8954158253179032,0.2637635575488026,0.3636363636363636,0.0193305051666641,0.0086162705479519
OFR,PC,FFMLP,30,b64f45c25021a8fa,1.0,30065.0,30.0,0.867616938431364,0.1995182783249818,0.2424242424242424,0.0197677075194133,0.0078694701178099
OFR,PC,FFMLP,30,bcdcd312f5685d7c,4.0,30104.0,30.0,0.8791388931107107,0.2621096967508367,0.4022988505747126,0.019578508163932,0.0084678200561723
OFR,PC,FFMLP,30,c78091017f3bb43a,0.0,30035.0,30.0,0.8769242460429467,0.2663707133920489,0.3973509933774834,0.0195522050523626,0.0112875845589978
OFR,PC,FFMLP,30,cb2028c040281e1c,2.0,30057.0,30.0,0.888153085669207,0.2397116411177947,0.3544303797468354,0.019185549410652,0.0080978101708342
OFR,PC,FFMLP,30,e05b95da6f928ffd,3.0,30058.0,30.0,0.8121675315370085,0.1396947208714016,0.2486486486486486,0.020607566616579,0.0076328684097566
OFR,PC,FFMLP,30,f07a6daf7dc38e2b,2.0,30044.0,30.0,0.8820447127110609,0.2317966752445844,0.3684210526315789,0.0196415271283911,0.0070063705080409
OFR,PC,FFMLP,40,02451a70199caeb6,1.0,37065.0,37.0,0.8833691585064882,0.2406147649452254,0.3502824858757062,0.0193570070292672,0.0076695581737188
OFR,PC,FFMLP,40,03f6df46954588f2,0.0,37035.0,37.0,0.884509050379602,0.2526066790205834,0.3695652173913043,0.0191677305385617,0.0091430843824159
OFR,PC,FFMLP,40,067cde7eb10e7b26,0.0,37100.0,37.0,0.8847297913455067,0.2664998791468215,0.3703703703703703,0.0195184618807018,0.0085167132822084
OFR,PC,FFMLP,40,19020384425e85c9,3.0,37038.0,37.0,0.8805067633584471,0.2691090682648187,0.3275862068965517,0.0192664059511268,0.0089852578952587
OFR,PC,FFMLP,40,21a964fc888e5c59,3.0,37058.0,37.0,0.9030766224460992,0.2538712238075356,0.3647798742138364,0.0189780743361156,0.0087291888277149
OFR,PC,FFMLP,40,25264c99dc1494b2,1.0,37036.0,37.0,0.8846320863278111,0.2477642323375429,0.3829787234042553,0.0191823275611632,0.0079289973716842
OFR,PC,FFMLP,40,267091a61d761f1f,4.0,37039.0,37.0,0.8884063949743434,0.2528708185453692,0.3636363636363636,0.0192293109472271,0.0081758037571937
OFR,PC,FFMLP,40,2b69b61ac6c2cce9,1.0,37101.0,37.0,0.8910860455522505,0.2710021922107751,0.3896103896103896,0.0195895393133585,0.0084786490001657
OFR,PC,FFMLP,40,2ee9a66169b4c3a6,4.0,37068.0,37.0,0.8836224678116248,0.2340448947390235,0.3647058823529411,0.0193948469072529,0.0092519245289843
OFR,PC,FFMLP,40,44d08a038263b3f1,2.0,37057.0,37.0,0.9003010762026764,0.2638798957108536,0.379746835443038,0.0188082281487495,0.0098074435696176
OFR,PC,FFMLP,40,54ea8c2ee7f27f79,3.0,37103.0,37.0,0.8958898755889441,0.2724473411182442,0.3888888888888889,0.0193753943594921,0.0105262237845984
OFR,PC,FFMLP,40,70dddccfaa450336,4.0,37104.0,37.0,0.8831303240187883,0.2445714929368662,0.3541666666666667,0.0197429495949888,0.0083104804585728
OFR,PC,FFMLP,40,7b17ea297d0deaab,2.0,37037.0,37.0,0.8778687278806696,0.2450014342984789,0.3717948717948718,0.0196998115867253,0.0096694536617524
OFR,PC,FFMLP,40,7cf4e45145d7c952,3.0,37067.0,37.0,0.8821532738418337,0.244532902584745,0.3798882681564245,0.019305895270533,0.0082670684298773
OFR,PC,FFMLP,40,7f49375389580245,4.0,37059.0,37.0,0.9003843064029355,0.2643605345108529,0.3703703703703703,0.018849246198295,0.008243543472894
OFR,PC,FFMLP,40,83fee750d0ee1343,1.0,37056.0,37.0,0.90088368760449,0.2686613150820278,0.3726708074534161,0.0189622968545244,0.0079463286838773
OFR,PC,FFMLP,40,88ddc8566a8021fd,0.0,37064.0,37.0,0.8735552322846328,0.2479829438006218,0.3053435114503817,0.01949802227867,0.0087960944150391
OFR,PC,FFMLP,40,9de6153d2ba1ca9f,2.0,37102.0,37.0,0.889144610663598,0.2708234552782664,0.4102564102564102,0.0193019623419421,0.0084754922795652
OFR,PC,FFMLP,40,9e7e1d01c39c5ccd,2.0,37066.0,37.0,0.8894341070123253,0.2636311559396856,0.3609756097560975,0.0191374651427933,0.007931171630285
OFR,PC,FFMLP,40,9fd71c4de881c61d,2.0,37044.0,37.0,0.8804307705669062,0.2392460976800665,0.3441860465116279,0.0196509093053806,0.0066619808193288
OFR,PC,FFMLP,40,a4da82ed93b051a2,1.0,37043.0,37.0,0.8855005753739931,0.2570652010502859,0.3846153846153846,0.0193884164239282,0.0081123646743426
OFR,PC,FFMLP,40,dadad69d4a9368c1,4.0,37046.0,37.0,0.8733489661361646,0.253005657994664,0.2724014336917563,0.019590020629141,0.0060666945877752
OFR,PC,FFMLP,40,e18d6c8cccf8ab55,3.0,37045.0,37.0,0.8836007555854701,0.2802853590981751,0.3945578231292517,0.019977871704429,0.0082923378873494
OFR,PC,FFMLP,40,e3fb59501680cc6d,0.0,37055.0,37.0,0.885022906398593,0.265292671367261,0.3647798742138364,0.0190733742106302,0.0090053887584246
OFR,PC,FFMLP,40,e3fd4a1235211e9c,0.0,37042.0,37.0,0.8814874322397608,0.2579083532011038,0.329004329004329,0.0197205809865557,0.0065825834684438
OFR,PC,FFMLP,5,0084d085b1d5aeab,3.0,5067.0,5.0,0.7484349103646931,0.0716789563008132,0.1246882793017456,0.0213798361586812,0.0021951807798754
OFR,PC,FFMLP,5,07f18493b64035c7,4.0,5104.0,5.0,0.7111586367616939,0.0533563773329054,0.0910815939278937,0.0213969617939676,0.0013250319575143
OFR,PC,FFMLP,5,0d0d3871698081c7,4.0,5059.0,5.0,0.749708694299093,0.0493488569367812,0.0921658986175115,0.0214133193487645,0.0005505876300602
OFR,PC,FFMLP,5,2ac8a00f32139aed,3.0,5103.0,5.0,0.6585535314935841,0.0337357934335272,0.0617283950617283,0.0214756817235392,0.000140380171597
OFR,PC,FFMLP,5,34fac8878f370dfc,1.0,5101.0,5.0,0.7773375020807549,0.0675942553229116,0.1012145748987854,0.0211459261244131,0.0008297832607223
OFR,PC,FFMLP,5,35f186ae4103db76,3.0,5058.0,5.0,0.7861526658995014,0.0889649931415934,0.1523809523809524,0.0210210713194254,0.0031056338335369
OFR,PC,FFMLP,5,41dd2ebffa74cf51,4.0,5068.0,5.0,0.7529619095179163,0.0853444853270822,0.0996818663838812,0.0211953993340902,0.0010691626408278
OFR,PC,FFMLP,5,41f4243837caf618,1.0,5036.0,5.0,0.7401082716344242,0.0725967816139142,0.1269035532994923,0.021140895409813,0.0020300553377893
OFR,PC,FFMLP,5,4c6525b83f93bedc,2.0,5057.0,5.0,0.7362326392658373,0.0637651537400008,0.0896614821591948,0.0212752158450677,0.0027680322194619
OFR,PC,FFMLP,5,540d6350ce4f2995,0.0,5100.0,5.0,0.7552742616033756,0.0957164038773154,0.0480615187439923,0.0215063268654312,0.0006486932963949
OFR,PC,FFMLP,5,5556775ffcaf90ff,2.0,5037.0,5.0,0.7465893711415564,0.069729524132258,0.1126760563380281,0.0212247816665267,0.0027930181945273
OFR,PC,FFMLP,5,5b86aaa68c80cffa,0.0,5055.0,5.0,0.6980987327297334,0.0533020680701679,0.0773313115996967,0.0214911935731631,0.0007468001666534
OFR,PC,FFMLP,5,651c6330b0a22b21,4.0,5046.0,5.0,0.7815967171114054,0.0805773459510015,0.136986301369863,0.0211487337979216,0.0028832887166833
OFR,PC,FFMLP,5,663d3e41c1caf943,2.0,5044.0,5.0,0.7100006513667847,0.0451617597825294,0.0919220055710306,0.0213869756148208,0.0021509776750581
OFR,PC,FFMLP,5,7240cff37d91a99f,1.0,5056.0,5.0,0.7585166207091213,0.0658719085821294,0.1115537848605577,0.0213432435479164,0.0022691088992355
OFR,PC,FFMLP,5,76e31013e1f1a811,2.0,5102.0,5.0,0.9146347641690368,0.2594534332289939,0.3055555555555556,0.0192365912891424,0.0133796983385739
OFR,PC,FFMLP,5,774da5037f42a2f6,0.0,5042.0,5.0,0.7272691085683681,0.0493704515173275,0.1097256857855361,0.0212788346657209,0.0013838870591971
OFR,PC,FFMLP,5,7774ed0f2c77e83e,3.0,5045.0,5.0,0.7825629111752828,0.1078379249721351,0.1491002570694087,0.0210429908312073,0.0020193699992066
OFR,PC,FFMLP,5,84308454e137b1d0,4.0,5039.0,5.0,0.772028862785968,0.061925374712957,0.1381074168797953,0.0212699509147981,0.0012564203793821
OFR,PC,FFMLP,5,95319d4936d7b000,0.0,5035.0,5.0,0.6780293983542133,0.0579124859956813,0.1212121212121212,0.0213832112697293,0.000731504553768
OFR,PC,FFMLP,5,984eb7fe67cd00eb,1.0,5065.0,5.0,0.9074154489726498,0.2281866507924281,0.247787610619469,0.0191382452120943,0.0100291755252463
OFR,PC,FFMLP,5,ad706fe5f30ebaa7,3.0,5038.0,5.0,0.6901212989701168,0.0951789350422142,0.0496277915632754,0.0215196095357554,0.0004954887239008
OFR,PC,FFMLP,5,b6014f35fa82b65f,1.0,5043.0,5.0,0.6561651866165837,0.0526121205012447,0.0979020979020979,0.0215531018832351,0.0009410628246501
OFR,PC,FFMLP,5,c632be3081134c8a,2.0,5066.0,5.0,0.7000673079010792,0.0420008090115038,0.0930232558139534,0.0214557395481054,0.0018136179210555
OFR,PC,FFMLP,5,f1487a53127e2439,0.0,5064.0,5.0,0.7313763380159368,0.0522257323961843,0.0754716981132075,0.0212978925010195,0.0052337392368961
OFR,PC,FFMLP,ALL,16a0c374bfef247d,0.0,37042.0,37.0,0.8814874322397608,0.2579083532011038,0.329004329004329,0.0197205809865557,0.0065825834684438
OFR,PC,FFMLP,ALL,19e0e27709c0cac8,2.0,37066.0,37.0,0.8894341070123253,0.2636311559396856,0.3609756097560975,0.0191374651427933,0.007931171630285
OFR,PC,FFMLP,ALL,1d647448ab0c055e,1.0,37043.0,37.0,0.8855005753739931,0.2570652010502859,0.3846153846153846,0.0193884164239282,0.0081123646743426
OFR,PC,FFMLP,ALL,24b0e817830fcbb1,1.0,37036.0,37.0,0.8846320863278111,0.2477642323375429,0.3829787234042553,0.0191823275611632,0.0079289973716842
OFR,PC,FFMLP,ALL,29dc35195cd1be0c,0.0,37035.0,37.0,0.884509050379602,0.2526066790205834,0.3695652173913043,0.0191677305385617,0.0091430843824159
OFR,PC,FFMLP,ALL,391f7424caf2b71b,4.0,37039.0,37.0,0.8884063949743434,0.2528708185453692,0.3636363636363636,0.0192293109472271,0.0081758037571937
OFR,PC,FFMLP,ALL,549fa4d44bd926f9,1.0,37101.0,37.0,0.8910860455522505,0.2710021922107751,0.3896103896103896,0.0195895393133585,0.0084786490001657
OFR,PC,FFMLP,ALL,55f2bccd953596cd,0.0,37064.0,37.0,0.8735552322846328,0.2479829438006218,0.3053435114503817,0.01949802227867,0.0087960944150391
OFR,PC,FFMLP,ALL,680d6799b6fdcc8d,3.0,37067.0,37.0,0.8821532738418337,0.244532902584745,0.3798882681564245,0.019305895270533,0.0082670684298773
OFR,PC,FFMLP,ALL,7862ebfba894dec4,2.0,37102.0,37.0,0.889144610663598,0.2708234552782664,0.4102564102564102,0.0193019623419421,0.0084754922795652
OFR,PC,FFMLP,ALL,7fb2a969d42abb7f,2.0,37044.0,37.0,0.8804307705669062,0.2392460976800665,0.3441860465116279,0.0196509093053806,0.0066619808193288
OFR,PC,FFMLP,ALL,880073e0210e96d9,4.0,37046.0,37.0,0.8733489661361646,0.253005657994664,0.2724014336917563,0.019590020629141,0.0060666945877752
OFR,PC,FFMLP,ALL,9121b3d08355a545,1.0,37056.0,37.0,0.90088368760449,0.2686613150820278,0.3726708074534161,0.0189622968545244,0.0079463286838773
OFR,PC,FFMLP,ALL,94e117b226d2e2b6,4.0,37068.0,37.0,0.8836224678116248,0.2340448947390235,0.3647058823529411,0.0193948469072529,0.0092519245289843
OFR,PC,FFMLP,ALL,970cc57168a1d9b4,1.0,37065.0,37.0,0.8833691585064882,0.2406147649452254,0.3502824858757062,0.0193570070292672,0.0076695581737188
OFR,PC,FFMLP,ALL,9bb267de0a2c180f,2.0,37057.0,37.0,0.9003010762026764,0.2638798957108536,0.379746835443038,0.0188082281487495,0.0098074435696176
OFR,PC,FFMLP,ALL,9be1add467a6b813,4.0,37059.0,37.0,0.9003843064029355,0.2643605345108529,0.3703703703703703,0.018849246198295,0.008243543472894
OFR,PC,FFMLP,ALL,c633588e73c1b101,0.0,37100.0,37.0,0.8847297913455067,0.2664998791468215,0.3703703703703703,0.0195184618807018,0.0085167132822084
OFR,PC,FFMLP,ALL,cf9b2fd680d6a755,2.0,37037.0,37.0,0.8778687278806696,0.2450014342984789,0.3717948717948718,0.0196998115867253,0.0096694536617524
OFR,PC,FFMLP,ALL,cfc52844d55eab35,4.0,37104.0,37.0,0.8831303240187883,0.2445714929368662,0.3541666666666667,0.0197429495949888,0.0083104804585728
OFR,PC,FFMLP,ALL,e0e0adbd6721f387,3.0,37103.0,37.0,0.8958898755889441,0.2724473411182442,0.3888888888888889,0.0193753943594921,0.0105262237845984
OFR,PC,FFMLP,ALL,ed7227188dd92ece,3.0,37045.0,37.0,0.8836007555854701,0.2802853590981751,0.3945578231292517,0.019977871704429,0.0082923378873494
OFR,PC,FFMLP,ALL,efd46ef0f7f2cef3,3.0,37058.0,37.0,0.9030766224460992,0.2538712238075356,0.3647798742138364,0.0189780743361156,0.0087291888277149
OFR,PC,FFMLP,ALL,f980072511fbfa39,3.0,37038.0,37.0,0.8805067633584471,0.2691090682648187,0.3275862068965517,0.0192664059511268,0.0089852578952587
OFR,PC,FFMLP,ALL,fff728b906bbf90b,0.0,37055.0,37.0,0.885022906398593,0.265292671367261,0.3647798742138364,0.0190733742106302,0.0090053887584246
OFR,PC,LightGBM,10,0a8734a224122861,0.0,10100.0,10.0,0.9050922407741132,0.4424530757326173,0.445859872611465,0.0173007644410357,0.0164261004365009
OFR,PC,LightGBM,10,11d397789db9bffb,2.0,10037.0,10.0,0.8942433651055576,0.4029954558373994,0.3978494623655914,0.0182128605900061,0.0175704693482157
OFR,PC,LightGBM,10,2e7759084d1902ad,2.0,10057.0,10.0,0.8381064043829747,0.1838348956638126,0.2207792207792207,0.0211419124322698,0.0209764512052413
OFR,PC,LightGBM,10,2f4463c7dbbe1795,0.0,10055.0,10.0,0.7980582032409116,0.1472355663565417,0.2608695652173913,0.0215622391390143,0.0207162314855328
OFR,PC,LightGBM,10,355218f2a8506c0e,4.0,10059.0,10.0,0.9188939791996872,0.3939966455325573,0.4121212121212121,0.017647669621834,0.0174951335477583
OFR,PC,LightGBM,10,422a0f6bd3b78276,1.0,10036.0,10.0,0.8694190532021915,0.2480151339876961,0.3034482758620689,0.0201170360259663,0.0194296157669885
OFR,PC,LightGBM,10,44527153fd8cf1d1,3.0,10103.0,10.0,0.8518538622431624,0.2460950504372555,0.2638888888888889,0.0203758347612074,0.019168324063724
OFR,PC,LightGBM,10,51f4f402c9964925,1.0,10101.0,10.0,0.9069667296321224,0.3588917060688082,0.4043715846994535,0.0189805119486151,0.0185188758326979
OFR,PC,LightGBM,10,5982e86401758749,3.0,10058.0,10.0,0.8929659624667985,0.2564026748791184,0.25,0.0197776194674173,0.0181582615898189
OFR,PC,LightGBM,10,5b755da766e9289f,2.0,10066.0,10.0,0.8647581619876821,0.2345561864345011,0.2465753424657534,0.020465030809839,0.0191003893448375
OFR,PC,LightGBM,10,6721c1911d16d9c6,0.0,10042.0,10.0,0.8846899855975566,0.2601151601256935,0.3232323232323232,0.0203398181115969,0.0196321397608607
OFR,PC,LightGBM,10,6da9a730cf350d14,1.0,10056.0,10.0,0.8428324322759481,0.1888313766657995,0.2275449101796407,0.0206700566814703,0.0200660193273112
OFR,PC,LightGBM,10,79384fcb0fe0ad17,0.0,10064.0,10.0,0.8989440620680172,0.3044838447198247,0.3255813953488372,0.0199387583905528,0.0190238999175228
OFR,PC,LightGBM,10,81a9f601a77b2a48,1.0,10043.0,10.0,0.9046941832946132,0.4212269947059033,0.490566037735849,0.0181548092244608,0.0177180572175965
OFR,PC,LightGBM,10,9499ceb4ef6a5ae8,0.0,10035.0,10.0,0.8935630486860484,0.2595719792740807,0.357487922705314,0.0203790689587557,0.0188277989819587
OFR,PC,LightGBM,10,96c34fe1982508bc,3.0,10067.0,10.0,0.9097676068060592,0.3907807115790041,0.4052287581699346,0.0178845237280591,0.0168780988391412
OFR,PC,LightGBM,10,9b4fbb50769ff7a9,3.0,10045.0,10.0,0.8906717039031345,0.2370548271788938,0.320754716981132,0.0211704938662857,0.0205138583934441
OFR,PC,LightGBM,10,a5944f2afbe03698,1.0,10065.0,10.0,0.8855114314870703,0.358106538900485,0.3626943005181347,0.0188392148291393,0.0179949450884098
OFR,PC,LightGBM,10,a9159c4b073f1396,4.0,10104.0,10.0,0.9299672145385066,0.4405305834342846,0.4566929133858268,0.0170572621082936,0.0171528826875793
OFR,PC,LightGBM,10,a9ef8806ab99c329,3.0,10038.0,10.0,0.832884613992806,0.1596399827213603,0.2280701754385964,0.0211938736380337,0.0198566491922259
OFR,PC,LightGBM,10,d74c4870a6a81b6d,4.0,10046.0,10.0,0.8810495690123108,0.3501127684642742,0.4121212121212121,0.0186236206731095,0.0177643880599373
OFR,PC,LightGBM,10,e8156db3e47527f8,4.0,10068.0,10.0,0.8516258838685398,0.147694709170219,0.2146341463414634,0.0218015903615188,0.0205639467722385
OFR,PC,LightGBM,10,f012e43a20962dd1,2.0,10044.0,10.0,0.9178952167965782,0.4783753128026413,0.4941176470588235,0.0162234912564081,0.0151185600653251
OFR,PC,LightGBM,10,f41afba1ea53cb18,4.0,10039.0,10.0,0.8451447843614072,0.1509049707601771,0.2465753424657534,0.0213443598139764,0.0195245539235948
OFR,PC,LightGBM,10,f964e49e7f431ba9,2.0,10102.0,10.0,0.9266741935717336,0.4445280863979323,0.4713375796178344,0.0170515637529728,0.0167691594363694
OFR,PC,LightGBM,20,08e6e9edf23d67e5,1.0,20101.0,20.0,0.9280529199325472,0.4554516913637083,0.4615384615384615,0.0164795643812886,0.0159518577358353
OFR,PC,LightGBM,20,09534de063aa316d,1.0,20065.0,20.0,0.9267393302501972,0.4364034454871841,0.4680851063829787,0.0175564599742233,0.0173612956580131
OFR,PC,LightGBM,20,0b99a1d40298dd23,3.0,20045.0,20.0,0.8999319683580491,0.4424387942302714,0.4470588235294118,0.0166692193651043,0.0161471342791001
OFR,PC,LightGBM,20,0d9182cbc34944a3,4.0,20059.0,20.0,0.9322433795803752,0.4558082776156686,0.4628099173553719,0.0164173915414452,0.015776163144934
OFR,PC,LightGBM,20,133d4f6432787258,2.0,20102.0,20.0,0.9215392520861831,0.4432882627794862,0.4561403508771929,0.0170434469059075,0.0162642787944395
OFR,PC,LightGBM,20,1dfc3ef566bd4ab7,3.0,20038.0,20.0,0.9183982167024918,0.4819589397070479,0.5125,0.016251616415042,0.0162772178384582
OFR,PC,LightGBM,20,215a63e59a1dd2c8,2.0,20057.0,20.0,0.931248235881625,0.4253566555993345,0.4545454545454545,0.0182537474109196,0.0182326958493777
OFR,PC,LightGBM,20,23e1868c80f844af,2.0,20037.0,20.0,0.9109545418358412,0.4388884773936869,0.467065868263473,0.0168039181141552,0.0177170975769456
OFR,PC,LightGBM,20,386b52a4896cb1e9,3.0,20058.0,20.0,0.9112187072540548,0.3938806050802015,0.4093567251461988,0.0188761575466084,0.0193889605253794
OFR,PC,LightGBM,20,3c227c261ca69323,0.0,20042.0,20.0,0.9281795745851156,0.4047129672381154,0.4195804195804196,0.0177615807110524,0.0175686823120252
OFR,PC,LightGBM,20,4ddbb02ad2f07c78,2.0,20044.0,20.0,0.9332204297573298,0.4642808573937882,0.4805194805194805,0.0166433179906492,0.0166066684230222
OFR,PC,LightGBM,20,6450338313c4402b,0.0,20055.0,20.0,0.935058731571748,0.4890333997482857,0.5,0.0165296509594498,0.0163668229754539
OFR,PC,LightGBM,20,6eb991013b394e0b,4.0,20104.0,20.0,0.919512777645092,0.4492969852672461,0.4727272727272727,0.0169021101020036,0.0170731378123566
OFR,PC,LightGBM,20,88a498b33e0b05fd,1.0,20056.0,20.0,0.9222991800015924,0.4557463865568082,0.4512195121951219,0.0171729089340016,0.0167626085533268
OFR,PC,LightGBM,20,8a08f2f024949689,2.0,20066.0,20.0,0.9235331581880424,0.4186789749837072,0.4087591240875912,0.0177719034156278,0.0169261465927181
OFR,PC,LightGBM,20,8bfd92b94d82f01f,3.0,20067.0,20.0,0.9199578782812602,0.4281348634604619,0.4755244755244755,0.0179039685210352,0.0174682277813048
OFR,PC,LightGBM,20,9e65f336042213f2,0.0,20035.0,20.0,0.9096554269709274,0.4149267819217776,0.4210526315789473,0.0177891488612741,0.0177760429499336
OFR,PC,LightGBM,20,a46664761c802fd0,0.0,20064.0,20.0,0.9116855201163776,0.4482739524132274,0.4539007092198581,0.0169973660861872,0.0160201767955478
OFR,PC,LightGBM,20,bb27fb43a614076a,1.0,20043.0,20.0,0.916780655853978,0.4455530664349773,0.4482758620689655,0.0174367440330253,0.0172677438773817
OFR,PC,LightGBM,20,d2dfef0e74c04778,0.0,20100.0,20.0,0.908971491847059,0.3516849148085975,0.3492063492063492,0.0194229633563108,0.0185570815446677
OFR,PC,LightGBM,20,dda0d48966b755f6,4.0,20046.0,20.0,0.9018824500075994,0.3593755912463544,0.4245810055865922,0.0192508866499837,0.0189482590092725
OFR,PC,LightGBM,20,e06a05e1ec8dc1bc,3.0,20103.0,20.0,0.9086530458634592,0.3191733404116833,0.4191616766467065,0.0199214694094426,0.019521255810578
OFR,PC,LightGBM,20,ed596f29a81f7963,1.0,20036.0,20.0,0.9294425024064384,0.3733326446609712,0.3975903614457831,0.0182585944033665,0.0184901913208004
OFR,PC,LightGBM,20,efef57bca256f406,4.0,20068.0,20.0,0.9135744837918232,0.4459726047161048,0.422360248447205,0.0167016883246863,0.0161593772010289
OFR,PC,LightGBM,20,fb50e09fd85ab4cb,4.0,20039.0,20.0,0.9182932742760782,0.4511713121899755,0.4966442953020134,0.0167686370137375,0.0164939934916543
OFR,PC,LightGBM,30,1fe9c525023bec27,1.0,30101.0,30.0,0.9147288504823732,0.4566311462171086,0.5,0.0165081408333959,0.0164765777999721
OFR,PC,LightGBM,30,332438ee2ace3ab5,1.0,30056.0,30.0,0.9145370591513414,0.4485100525106522,0.4720496894409938,0.0170388889050101,0.0162893731696112
OFR,PC,LightGBM,30,400a810dbc381ea8,3.0,30067.0,30.0,0.9256645750555472,0.455193592242322,0.4683544303797468,0.0166742075655297,0.0160462051625882
OFR,PC,LightGBM,30,439fd3f16c19daa7,1.0,30036.0,30.0,0.925780373595038,0.4607390170513969,0.4963503649635036,0.0167270986553587,0.0167425830628687
OFR,PC,LightGBM,30,4c0f2e3b69b2c23f,1.0,30043.0,30.0,0.9231929999782876,0.4561548042265926,0.5064935064935064,0.0169719684057084,0.0163027802177829
OFR,PC,LightGBM,30,4cf508b6c073bc04,4.0,30068.0,30.0,0.9213185111202784,0.4689748063870185,0.4691358024691358,0.0172108260896203,0.0173159919766131
OFR,PC,LightGBM,30,58b4903c01327226,4.0,30039.0,30.0,0.924347366668838,0.4605685510013827,0.4885496183206106,0.0166467032773622,0.0164352801349187
OFR,PC,LightGBM,30,5aebeae3961dfb7a,2.0,30037.0,30.0,0.9220422519920968,0.4759543742240223,0.4885496183206106,0.0168241609922782,0.0165748969833076
OFR,PC,LightGBM,30,645c142d03828d7a,0.0,30100.0,30.0,0.9284075529597384,0.4651244202493427,0.4935064935064935,0.0173810952436664,0.0174850513665225
OFR,PC,LightGBM,30,6de178ea08bd2e2c,0.0,30042.0,30.0,0.9168892169847508,0.4512622792499389,0.4512195121951219,0.0168495282489653,0.0164621336281976
OFR,PC,LightGBM,30,81362ee16a6a4fb9,0.0,30055.0,30.0,0.9322687105108888,0.475116906072672,0.4596273291925465,0.0167779106313194,0.0167011200111099
OFR,PC,LightGBM,30,817d8a39c2aa9036,2.0,30066.0,30.0,0.9131872824254004,0.4528700115214545,0.4900662251655629,0.0169142448799617,0.0167486623348178
OFR,PC,LightGBM,30,873ada1f673b9c7b,3.0,30038.0,30.0,0.9280203515933156,0.4703592901209556,0.4768211920529801,0.0169133543147727,0.0166283706664833
OFR,PC,LightGBM,30,8ae2c6f10372f48b,4.0,30046.0,30.0,0.923989114937288,0.4775984880994899,0.5263157894736842,0.0170204871651874,0.0164261814166266
OFR,PC,LightGBM,30,9045836fcc725f87,4.0,30059.0,30.0,0.9293339412756656,0.4579427146340841,0.4523809523809524,0.0167699248597735,0.0160066263755458
OFR,PC,LightGBM,30,9221b3e48170f13f,0.0,30064.0,30.0,0.9093152687611727,0.4395058195684689,0.4457831325301205,0.0176752868519811,0.0176283032356288
OFR,PC,LightGBM,30,9225daa70e08d126,3.0,30103.0,30.0,0.9265873446671152,0.4502074484723242,0.4689655172413793,0.0173007187229814,0.0173350876970677
OFR,PC,LightGBM,30,a13bf25092e60899,3.0,30045.0,30.0,0.9171425262898872,0.4630236299581414,0.5037037037037037,0.0169781759338899,0.0164091909264381
OFR,PC,LightGBM,30,b317f3b740185701,2.0,30102.0,30.0,0.928118056611011,0.4753208550046167,0.5066666666666667,0.0165558272617444,0.0160621407746977
OFR,PC,LightGBM,30,b64f45c25021a8fa,1.0,30065.0,30.0,0.9214524031815648,0.4720360726427929,0.5063291139240507,0.0167216700035988,0.0169050471354067
OFR,PC,LightGBM,30,bcdcd312f5685d7c,4.0,30104.0,30.0,0.925747805255806,0.458695875863834,0.4878048780487805,0.0171573358049209,0.0170783980298748
OFR,PC,LightGBM,30,c78091017f3bb43a,0.0,30035.0,30.0,0.9280999630892156,0.4674447798102948,0.4756097560975609,0.0171134489551849,0.0170206294874496
OFR,PC,LightGBM,30,cb2028c040281e1c,2.0,30057.0,30.0,0.9128000810589776,0.4306167870119124,0.4761904761904761,0.0174837236552479,0.0173504832626168
OFR,PC,LightGBM,30,e05b95da6f928ffd,3.0,30058.0,30.0,0.9336510555760617,0.4730942724901638,0.4413793103448276,0.0169861329768022,0.0167016728315079
OFR,PC,LightGBM,30,f07a6daf7dc38e2b,2.0,30044.0,30.0,0.9273508912868836,0.450369438770814,0.4268292682926829,0.0173162633086303,0.0170833090609683
OFR,PC,LightGBM,40,02451a70199caeb6,1.0,37065.0,37.0,0.9267139993196838,0.4724538663624377,0.4698795180722891,0.0165088098779751,0.0169270278090587
OFR,PC,LightGBM,40,03f6df46954588f2,0.0,37035.0,37.0,0.9222883238885152,0.4684804150771585,0.4779874213836478,0.0169131974763361,0.0164389389464858
OFR,PC,LightGBM,40,067cde7eb10e7b26,0.0,37100.0,37.0,0.9218106549131148,0.476809029722784,0.5211267605633803,0.0169608163819897,0.0168410296611777
OFR,PC,LightGBM,40,19020384425e85c9,3.0,37038.0,37.0,0.9241736688596016,0.4795820077558401,0.52,0.0167053184243801,0.0166164780885438
OFR,PC,LightGBM,40,21a964fc888e5c59,3.0,37058.0,37.0,0.9238226545367696,0.476358354236138,0.490566037735849,0.016708110536642,0.0164601138351925
OFR,PC,LightGBM,40,25264c99dc1494b2,1.0,37036.0,37.0,0.9242930861034516,0.4701620454639168,0.5033112582781457,0.0167579275766609,0.0168747485774932
OFR,PC,LightGBM,40,267091a61d761f1f,4.0,37039.0,37.0,0.9213981226161784,0.4652148048173531,0.5179856115107914,0.0170659944517822,0.0166756848752835
OFR,PC,LightGBM,40,2b69b61ac6c2cce9,1.0,37101.0,37.0,0.919592389140992,0.4753248792882046,0.4817518248175182,0.0165900835653029,0.0165522238639419
OFR,PC,LightGBM,40,2ee9a66169b4c3a6,4.0,37068.0,37.0,0.9240868199549832,0.4622858125560847,0.5034013605442177,0.0167653433351283,0.0160519296196152
OFR,PC,LightGBM,40,44d08a038263b3f1,2.0,37057.0,37.0,0.9217201873041376,0.4754788174414703,0.5147058823529411,0.0168676498823511,0.0165446533118443
OFR,PC,LightGBM,40,54ea8c2ee7f27f79,3.0,37103.0,37.0,0.9201786192471648,0.4659998742179424,0.4969696969696969,0.0169200060785358,0.0168038882967223
OFR,PC,LightGBM,40,70dddccfaa450336,4.0,37104.0,37.0,0.9218794102959376,0.4730279170692857,0.5106382978723404,0.0167713421507741,0.0168201998624637
OFR,PC,LightGBM,40,7b17ea297d0deaab,2.0,37037.0,37.0,0.9227298058203242,0.4695545885554613,0.5070422535211268,0.0167211700316592,0.0171218368149378
OFR,PC,LightGBM,40,7cf4e45145d7c952,3.0,37067.0,37.0,0.9249842586360378,0.4727627234379282,0.5070422535211268,0.0165862996346976,0.0162913871929718
OFR,PC,LightGBM,40,7f49375389580245,4.0,37059.0,37.0,0.921304036302842,0.4645714110549133,0.5095541401273885,0.0167403813892228,0.0166844613537545
OFR,PC,LightGBM,40,83fee750d0ee1343,1.0,37056.0,37.0,0.925063870131938,0.4718325524525723,0.5,0.0167720029696816,0.0161845482787477
OFR,PC,LightGBM,40,88ddc8566a8021fd,0.0,37064.0,37.0,0.9256320067163152,0.4739764143099082,0.5034965034965035,0.0168715961000082,0.0169938102242857
OFR,PC,LightGBM,40,9de6153d2ba1ca9f,2.0,37102.0,37.0,0.9188469360430191,0.4705177156395754,0.4817518248175182,0.0168611574457423,0.0166786456715482
OFR,PC,LightGBM,40,9e7e1d01c39c5ccd,2.0,37066.0,37.0,0.9209240723451376,0.4729138619549271,0.5074626865671642,0.0166280770862884,0.016426902301987
OFR,PC,LightGBM,40,9fd71c4de881c61d,2.0,37044.0,37.0,0.9243184170339652,0.473990366300648,0.484472049689441,0.0166681529129141,0.0168375892184126
OFR,PC,LightGBM,40,a4da82ed93b051a2,1.0,37043.0,37.0,0.9211158636761694,0.4680841145341633,0.4698795180722891,0.0167935399692985,0.0168532679181967
OFR,PC,LightGBM,40,dadad69d4a9368c1,4.0,37046.0,37.0,0.9209276910494966,0.4675954916058684,0.4875,0.0169306466776538,0.0162767574710472
OFR,PC,LightGBM,40,e18d6c8cccf8ab55,3.0,37045.0,37.0,0.9230518705082832,0.471576988385251,0.5205479452054794,0.0165723121910738,0.0159192628367056
OFR,PC,LightGBM,40,e3fb59501680cc6d,0.0,37055.0,37.0,0.9257695174819608,0.4739496115787405,0.4790419161676646,0.0168443140795075,0.0171157684121045
OFR,PC,LightGBM,40,e3fd4a1235211e9c,0.0,37042.0,37.0,0.920826367327442,0.4724527169142886,0.4892086330935252,0.0166006101342244,0.0167600511686403
OFR,PC,LightGBM,5,0084d085b1d5aeab,3.0,5067.0,5.0,0.816828422751518,0.1222515416814781,0.2205323193916349,0.023720480157864,0.0230882174441542
OFR,PC,LightGBM,5,07f18493b64035c7,4.0,5104.0,5.0,0.7992415195663345,0.1708665559766707,0.2702702702702703,0.0215089416424497,0.0206610262581737
OFR,PC,LightGBM,5,0d0d3871698081c7,4.0,5059.0,5.0,0.7913237944286428,0.1309431018958238,0.2352941176470588,0.0218202755940175,0.0195301856207539
OFR,PC,LightGBM,5,2ac8a00f32139aed,3.0,5103.0,5.0,0.7669880076137539,0.0703295395868093,0.1556195965417867,0.0231392969189627,0.0219952724844614
OFR,PC,LightGBM,5,34fac8878f370dfc,1.0,5101.0,5.0,0.791888312308661,0.1122317497009706,0.1574803149606299,0.0217378032206767,0.0194950650064702
OFR,PC,LightGBM,5,35f186ae4103db76,3.0,5058.0,5.0,0.8613855295250089,0.1986250763166233,0.2620689655172414,0.0215468042528692,0.0202457187379573
OFR,PC,LightGBM,5,41dd2ebffa74cf51,4.0,5068.0,5.0,0.8693792474542414,0.2278916467650605,0.2463768115942029,0.02141850231122,0.0194690187759748
OFR,PC,LightGBM,5,41f4243837caf618,1.0,5036.0,5.0,0.8182759044951545,0.2017586164339807,0.25,0.0204699707840637,0.0192273974977322
OFR,PC,LightGBM,5,4c6525b83f93bedc,2.0,5057.0,5.0,0.852823675011399,0.169866501848688,0.2328767123287671,0.0215680569001142,0.0200290634857087
OFR,PC,LightGBM,5,540d6350ce4f2995,0.0,5100.0,5.0,0.8798192095302199,0.2872786492774901,0.3040935672514619,0.0192188093272194,0.0182305128435733
OFR,PC,LightGBM,5,5556775ffcaf90ff,2.0,5037.0,5.0,0.823048975544796,0.1237000429117852,0.1700404858299595,0.0214518774051198,0.0183871071563113
OFR,PC,LightGBM,5,5b86aaa68c80cffa,0.0,5055.0,5.0,0.8338833763959151,0.1588093418799908,0.1944444444444444,0.0211199023052029,0.0199149567199655
OFR,PC,LightGBM,5,651c6330b0a22b21,4.0,5046.0,5.0,0.8714563837563598,0.300613538280874,0.3548387096774194,0.0188197110919346,0.0176236391408303
OFR,PC,LightGBM,5,663d3e41c1caf943,2.0,5044.0,5.0,0.8409724182353749,0.1724192437291331,0.1951219512195122,0.0212389490467381,0.0192428191172465
OFR,PC,LightGBM,5,7240cff37d91a99f,1.0,5056.0,5.0,0.8754767642993103,0.2249226050896144,0.3026315789473684,0.0213654772058211,0.019924375748556
OFR,PC,LightGBM,5,76e31013e1f1a811,2.0,5102.0,5.0,0.8571226957899993,0.2917644160497966,0.35,0.0194629099470247,0.0175126786223343
OFR,PC,LightGBM,5,774da5037f42a2f6,0.0,5042.0,5.0,0.804094202111876,0.0832838348276534,0.1375661375661375,0.022091854561972,0.0204993605179206
OFR,PC,LightGBM,5,7774ed0f2c77e83e,3.0,5045.0,5.0,0.7844880618943194,0.0950844669909388,0.173469387755102,0.0223516175484122,0.0202792315727899
OFR,PC,LightGBM,5,84308454e137b1d0,4.0,5039.0,5.0,0.887042143430966,0.3089087612072291,0.3835616438356164,0.0192214598959938,0.0178188635233012
OFR,PC,LightGBM,5,95319d4936d7b000,0.0,5035.0,5.0,0.7322665392882732,0.0779890683079801,0.1585365853658536,0.0221657934715231,0.0207079725852841
OFR,PC,LightGBM,5,984eb7fe67cd00eb,1.0,5065.0,5.0,0.9017992198073402,0.2738663490271905,0.3555555555555555,0.0207439158522207,0.0195237988073948
OFR,PC,LightGBM,5,ad706fe5f30ebaa7,3.0,5038.0,5.0,0.9074371611988044,0.3592548342601632,0.3875968992248062,0.0177235730106781,0.0159808721031424
OFR,PC,LightGBM,5,b6014f35fa82b65f,1.0,5043.0,5.0,0.8924882934913985,0.2382193537276226,0.3233532934131736,0.0208996020201091,0.0191945379044101
OFR,PC,LightGBM,5,c632be3081134c8a,2.0,5066.0,5.0,0.845727395763221,0.2095642069245698,0.2537313432835821,0.0206454437972128,0.0183000873312957
OFR,PC,LightGBM,5,f1487a53127e2439,0.0,5064.0,5.0,0.7790998111036325,0.0811045890666817,0.1890547263681592,0.0231249184623391,0.0213457928886184
OFR,PC,LightGBM,ALL,16a0c374bfef247d,0.0,37042.0,37.0,0.920826367327442,0.4724527169142886,0.4892086330935252,0.0166006101342244,0.0167600511686403
OFR,PC,LightGBM,ALL,19e0e27709c0cac8,2.0,37066.0,37.0,0.9209240723451376,0.4729138619549271,0.5074626865671642,0.0166280770862884,0.016426902301987
OFR,PC,LightGBM,ALL,1d647448ab0c055e,1.0,37043.0,37.0,0.9211158636761694,0.4680841145341633,0.4698795180722891,0.0167935399692986,0.0168532679181968
OFR,PC,LightGBM,ALL,24b0e817830fcbb1,1.0,37036.0,37.0,0.9242930861034516,0.4701620454639168,0.5033112582781457,0.0167579275766609,0.0168747485774932
OFR,PC,LightGBM,ALL,29dc35195cd1be0c,0.0,37035.0,37.0,0.9222883238885152,0.4684804150771585,0.4779874213836478,0.0169131974763361,0.0164389389464858
OFR,PC,LightGBM,ALL,391f7424caf2b71b,4.0,37039.0,37.0,0.9213981226161784,0.4652148048173531,0.5179856115107914,0.0170659944517822,0.0166756848752835
OFR,PC,LightGBM,ALL,549fa4d44bd926f9,1.0,37101.0,37.0,0.919592389140992,0.4753248792882046,0.4817518248175182,0.0165900835653029,0.0165522238639419
OFR,PC,LightGBM,ALL,55f2bccd953596cd,0.0,37064.0,37.0,0.9256320067163152,0.4739764143099082,0.5034965034965035,0.0168715960999732,0.0169938102242578
OFR,PC,LightGBM,ALL,680d6799b6fdcc8d,3.0,37067.0,37.0,0.9249842586360378,0.4727627234379282,0.5070422535211268,0.0165862996346976,0.0162913871929718
OFR,PC,LightGBM,ALL,7862ebfba894dec4,2.0,37102.0,37.0,0.9188469360430191,0.4705177156395754,0.4817518248175182,0.0168611574457423,0.0166786456715482
OFR,PC,LightGBM,ALL,7fb2a969d42abb7f,2.0,37044.0,37.0,0.9243184170339652,0.473990366300648,0.484472049689441,0.0166681529129141,0.0168375892184126
OFR,PC,LightGBM,ALL,880073e0210e96d9,4.0,37046.0,37.0,0.9209276910494966,0.4675954916058684,0.4875,0.0169306466776538,0.0162767574710472
OFR,PC,LightGBM,ALL,9121b3d08355a545,1.0,37056.0,37.0,0.925063870131938,0.4718325524525723,0.5,0.0167720029696816,0.0161845482787477
OFR,PC,LightGBM,ALL,94e117b226d2e2b6,4.0,37068.0,37.0,0.9240868199549832,0.4622858125560847,0.5034013605442177,0.0167653433351283,0.0160519296196152
OFR,PC,LightGBM,ALL,970cc57168a1d9b4,1.0,37065.0,37.0,0.9267139993196838,0.4724538663624377,0.4698795180722891,0.0165088098779751,0.0169270278090587
OFR,PC,LightGBM,ALL,9bb267de0a2c180f,2.0,37057.0,37.0,0.9217201873041376,0.4754788174414703,0.5147058823529411,0.0168676498823511,0.0165446533118443
OFR,PC,LightGBM,ALL,9be1add467a6b813,4.0,37059.0,37.0,0.921304036302842,0.4645714110549133,0.5095541401273885,0.0167403813892228,0.0166844613537545
OFR,PC,LightGBM,ALL,c633588e73c1b101,0.0,37100.0,37.0,0.9218106549131148,0.476809029722784,0.5211267605633803,0.0169608163819897,0.0168410296611777
OFR,PC,LightGBM,ALL,cf9b2fd680d6a755,2.0,37037.0,37.0,0.9227298058203242,0.4695545885554613,0.5070422535211268,0.0167211700316592,0.0171218368149378
OFR,PC,LightGBM,ALL,cfc52844d55eab35,4.0,37104.0,37.0,0.9218794102959376,0.4730279170692857,0.5106382978723404,0.0167713421507866,0.0168201998624905
OFR,PC,LightGBM,ALL,e0e0adbd6721f387,3.0,37103.0,37.0,0.9201786192471648,0.4659998742179424,0.4969696969696969,0.0169200060785358,0.0168038882967223
OFR,PC,LightGBM,ALL,ed7227188dd92ece,3.0,37045.0,37.0,0.9230518705082832,0.471576988385251,0.5205479452054794,0.0165723121910738,0.0159192628367056
OFR,PC,LightGBM,ALL,efd46ef0f7f2cef3,3.0,37058.0,37.0,0.9238226545367696,0.476358354236138,0.490566037735849,0.016708110536642,0.0164601138351925
OFR,PC,LightGBM,ALL,f980072511fbfa39,3.0,37038.0,37.0,0.9241736688596016,0.4795820077558401,0.52,0.0167053184243801,0.0166164780885438
OFR,PC,LightGBM,ALL,fff728b906bbf90b,0.0,37055.0,37.0,0.9257695174819608,0.4739496115787405,0.4790419161676646,0.0168443140795075,0.0171157684121045
OFR,PC,Logit,10,0a8734a224122861,0.0,10100.0,10.0,0.9102271822596636,0.2114325840171735,0.3076923076923077,0.0193403616038796,0.0113456523487645
OFR,PC,Logit,10,11d397789db9bffb,2.0,10037.0,10.0,0.9179314038401692,0.2353359042398219,0.2993197278911564,0.0196111437643678,0.0143237647390777
OFR,PC,Logit,10,2e7759084d1902ad,2.0,10057.0,10.0,0.7782928400315552,0.0589533302695554,0.1031518624641833,0.0212025710121692,0.0037206591157284
OFR,PC,Logit,10,2f4463c7dbbe1795,0.0,10055.0,10.0,0.7671255183793995,0.0683487835714901,0.1339712918660287,0.0210790804323587,0.0007126701450616
OFR,PC,Logit,10,355218f2a8506c0e,4.0,10059.0,10.0,0.8916885598280391,0.1654778911322653,0.2928870292887029,0.0204696189063401,0.0088448203811426
OFR,PC,Logit,10,422a0f6bd3b78276,1.0,10036.0,10.0,0.7089910328505982,0.0492111732576986,0.0898876404494382,0.0220474234308803,0.0023894901803493
OFR,PC,Logit,10,44527153fd8cf1d1,3.0,10103.0,10.0,0.7801998972287962,0.0591086422635531,0.1038961038961039,0.0211839384491904,0.0035821578418153
OFR,PC,Logit,10,51f4f402c9964925,1.0,10101.0,10.0,0.9223534605669784,0.2224437432197342,0.3170731707317073,0.0193398787449573,0.0111294537393506
OFR,PC,Logit,10,5982e86401758749,3.0,10058.0,10.0,0.7841515223889239,0.0618958256351456,0.1143911439114391,0.0211192774361271,0.000519906385553
OFR,PC,Logit,10,5b755da766e9289f,2.0,10066.0,10.0,0.7778839264389776,0.0614081220537241,0.1088825214899713,0.0211441733029904,0.0026488152850287
OFR,PC,Logit,10,6721c1911d16d9c6,0.0,10042.0,10.0,0.7188737144552765,0.0515426494272656,0.036697247706422,0.0216646654194285,0.0024501853344729
OFR,PC,Logit,10,6da9a730cf350d14,1.0,10056.0,10.0,0.7814592063457599,0.0579468453043352,0.1181683899556868,0.021220520901091,0.0029512196006516
OFR,PC,Logit,10,79384fcb0fe0ad17,0.0,10064.0,10.0,0.7756511858494185,0.0619499856343105,0.1232032854209445,0.0218346550111809,0.0031873679002214
OFR,PC,Logit,10,81a9f601a77b2a48,1.0,10043.0,10.0,0.728412619145841,0.0444395615192211,0.09251968503937,0.0217905485122409,0.0019204318660752
OFR,PC,Logit,10,9499ceb4ef6a5ae8,0.0,10035.0,10.0,0.6883861302299326,0.0388438381369676,0.0492610837438423,0.0218247085037733,0.0028834649309584
OFR,PC,Logit,10,96c34fe1982508bc,3.0,10067.0,10.0,0.8369122319444746,0.0950551392045436,0.2198581560283688,0.0213051525767407,0.0031728373065721
OFR,PC,Logit,10,9b4fbb50769ff7a9,3.0,10045.0,10.0,0.7133153845597122,0.0546980249706948,0.1037037037037037,0.0214242823318397,0.0012870235727866
OFR,PC,Logit,10,a5944f2afbe03698,1.0,10065.0,10.0,0.9221761440533832,0.2995320619720047,0.3555555555555555,0.0190290928399358,0.0117491623767141
OFR,PC,Logit,10,a9159c4b073f1396,4.0,10104.0,10.0,0.906706182918268,0.2271457707573242,0.3294117647058823,0.0196257455359968,0.0136149228113002
OFR,PC,Logit,10,a9ef8806ab99c329,3.0,10038.0,10.0,0.7076123064897843,0.0457003909016732,0.0672268907563025,0.0215308192908086,0.0028412838139698
OFR,PC,Logit,10,d74c4870a6a81b6d,4.0,10046.0,10.0,0.679006448531168,0.0364273864428478,0.0489977728285077,0.0217515693085396,0.0018310890114974
OFR,PC,Logit,10,e8156db3e47527f8,4.0,10068.0,10.0,0.7614043467876762,0.0589885106424683,0.1081081081081081,0.0211742088468428,0.0016137550825931
OFR,PC,Logit,10,f012e43a20962dd1,2.0,10044.0,10.0,0.9164803033921732,0.2815946813038573,0.3896103896103896,0.0191968671357454,0.0134305878611887
OFR,PC,Logit,10,f41afba1ea53cb18,4.0,10039.0,10.0,0.7423265374065469,0.0577863151902472,0.1173020527859237,0.0214648105271867,0.0006833573117131
OFR,PC,Logit,10,f964e49e7f431ba9,2.0,10102.0,10.0,0.8971817530451396,0.2081870388097286,0.2857142857142857,0.0196252129569228,0.0100425670204603
OFR,PC,Logit,20,08e6e9edf23d67e5,1.0,20101.0,20.0,0.7753074089353048,0.0848992530294461,0.1781609195402299,0.0216658507564016,0.0050511885918501
OFR,PC,Logit,20,09534de063aa316d,1.0,20065.0,20.0,0.8952312713955897,0.1854146370817695,0.2206896551724138,0.0202147577241719,0.0111805978469291
OFR,PC,Logit,20,0b99a1d40298dd23,3.0,20045.0,20.0,0.8162385739409862,0.0896042053189095,0.1294117647058823,0.0215985911484838,0.0028697788618274
OFR,PC,Logit,20,0d9182cbc34944a3,4.0,20059.0,20.0,0.8211165874170413,0.0976934658321239,0.1632653061224489,0.0212450356114548,0.0027258649055483
OFR,PC,Logit,20,133d4f6432787258,2.0,20102.0,20.0,0.9189482597650735,0.2359601347796399,0.3093922651933701,0.0196955217082374,0.0119613675086738
OFR,PC,Logit,20,1dfc3ef566bd4ab7,3.0,20038.0,20.0,0.9103683117296684,0.2067609685618427,0.3076923076923077,0.0206243301137634,0.0100640369101776
OFR,PC,Logit,20,215a63e59a1dd2c8,2.0,20057.0,20.0,0.8935268616424575,0.2269213598914155,0.2068965517241379,0.0196088939922587,0.0084718976979239
OFR,PC,Logit,20,23e1868c80f844af,2.0,20037.0,20.0,0.9100607218591455,0.2592897527760664,0.3428571428571428,0.0196198645761829,0.0093164396640147
OFR,PC,Logit,20,386b52a4896cb1e9,3.0,20058.0,20.0,0.780232465568028,0.0620704063416999,0.0992167101827676,0.0215620084036607,0.0031309673265764
OFR,PC,Logit,20,3c227c261ca69323,0.0,20042.0,20.0,0.8170455450130636,0.0981429597675681,0.1618497109826589,0.0214965440038793,0.0061685329334759
OFR,PC,Logit,20,4ddbb02ad2f07c78,2.0,20044.0,20.0,0.7803989259685462,0.0810896552306472,0.1561561561561561,0.0215179812560197,0.0034879520197676
OFR,PC,Logit,20,6450338313c4402b,0.0,20055.0,20.0,0.924307560920888,0.266641809739639,0.3552631578947368,0.0195440911655701,0.0135278798564284
OFR,PC,Logit,20,6eb991013b394e0b,4.0,20104.0,20.0,0.8944604873671029,0.2039171979696751,0.2784810126582278,0.0205280203502673,0.0100061641810472
OFR,PC,Logit,20,88a498b33e0b05fd,1.0,20056.0,20.0,0.9098110312583684,0.296339012918503,0.4153005464480874,0.019035686244453,0.0113552620147233
OFR,PC,Logit,20,8a08f2f024949689,2.0,20066.0,20.0,0.8356927285754608,0.1129783645193504,0.2019230769230769,0.0214932144130168,0.006253891841182
OFR,PC,Logit,20,8bfd92b94d82f01f,3.0,20067.0,20.0,0.9071512835544362,0.2309739136978588,0.3087248322147651,0.0195561951394237,0.0075377958446115
OFR,PC,Logit,20,9e65f336042213f2,0.0,20035.0,20.0,0.9216405758082375,0.265239586652207,0.3483870967741935,0.0195782346818298,0.0145212127071719
OFR,PC,Logit,20,a46664761c802fd0,0.0,20064.0,20.0,0.9095323910227182,0.2330972667820872,0.3636363636363636,0.0200768510291901,0.0093439215998181
OFR,PC,Logit,20,bb27fb43a614076a,1.0,20043.0,20.0,0.9217491369390104,0.2462332108563714,0.3452380952380952,0.0198237291411332,0.0117073493796775
OFR,PC,Logit,20,d2dfef0e74c04778,0.0,20100.0,20.0,0.7668504968481085,0.0771436568334328,0.1693811074918566,0.0217069208328145,0.0035260550615145
OFR,PC,Logit,20,dda0d48966b755f6,4.0,20046.0,20.0,0.794189808281043,0.0815437755316087,0.1510297482837528,0.0211892633982728,0.0034950622377127
OFR,PC,Logit,20,e06a05e1ec8dc1bc,3.0,20103.0,20.0,0.7779526818218006,0.0719544731936703,0.1403508771929824,0.0219463245759706,0.0033185554331799
OFR,PC,Logit,20,ed596f29a81f7963,1.0,20036.0,20.0,0.7772325596543413,0.0632918875097976,0.135593220338983,0.0221265138459744,0.0031256021918588
OFR,PC,Logit,20,efef57bca256f406,4.0,20068.0,20.0,0.920229281108192,0.2509170023601186,0.3312101910828025,0.0196972996683857,0.0130731541388065
OFR,PC,Logit,20,fb50e09fd85ab4cb,4.0,20039.0,20.0,0.9170375838634736,0.259665254356623,0.2962962962962963,0.0193240813064341,0.00954442429094
OFR,PC,Logit,30,1fe9c525023bec27,1.0,30101.0,30.0,0.9126698077020504,0.2141450364984843,0.3103448275862069,0.0206549100056653,0.0100515547239402
OFR,PC,Logit,30,332438ee2ace3ab5,1.0,30056.0,30.0,0.9120944337089548,0.2440263370374459,0.3142857142857143,0.0195538154252646,0.0079809676838498
OFR,PC,Logit,30,400a810dbc381ea8,3.0,30067.0,30.0,0.9203631731694784,0.2447326409660228,0.3473053892215569,0.0199662625482558,0.0107713564007329
OFR,PC,Logit,30,439fd3f16c19daa7,1.0,30036.0,30.0,0.914562390081855,0.2396441632790674,0.3376623376623376,0.0198103947726249,0.0080990762019242
OFR,PC,Logit,30,4c0f2e3b69b2c23f,1.0,30043.0,30.0,0.9130280594336004,0.2417243458229468,0.2635658914728682,0.0199058956729255,0.0082201441509996
OFR,PC,Logit,30,4cf508b6c073bc04,4.0,30068.0,30.0,0.8399917493540613,0.1237969870475857,0.213903743315508,0.0215276874748131,0.0066843961577323
OFR,PC,Logit,30,58b4903c01327226,4.0,30039.0,30.0,0.9166503824970508,0.2417692095289956,0.3333333333333333,0.0199003353307242,0.0083730646938104
OFR,PC,Logit,30,5aebeae3961dfb7a,2.0,30037.0,30.0,0.9138277930969594,0.2673529053408114,0.2923076923076923,0.0194193875582208,0.0127468330124439
OFR,PC,Logit,30,645c142d03828d7a,0.0,30100.0,30.0,0.8584688538115813,0.1303706888650806,0.1787709497206704,0.0218547348861942,0.0084777997431516
OFR,PC,Logit,30,6de178ea08bd2e2c,0.0,30042.0,30.0,0.91725108742066,0.2404470505614572,0.3178807947019867,0.0202479657215045,0.0082479221365184
OFR,PC,Logit,30,81362ee16a6a4fb9,0.0,30055.0,30.0,0.9194946841232964,0.2426225397710907,0.2953020134228188,0.0200588080020631,0.0121177567234999
OFR,PC,Logit,30,817d8a39c2aa9036,2.0,30066.0,30.0,0.9195453459843238,0.2405333706541429,0.348993288590604,0.0205699957259705,0.0103103305565702
OFR,PC,Logit,30,873ada1f673b9c7b,3.0,30038.0,30.0,0.917135288881169,0.2502538942074691,0.3311258278145695,0.0196984592482697,0.0095944722847226
OFR,PC,Logit,30,8ae2c6f10372f48b,4.0,30046.0,30.0,0.9205585832048692,0.244054469987825,0.2777777777777778,0.0200973521274366,0.0111099534910083
OFR,PC,Logit,30,9045836fcc725f87,4.0,30059.0,30.0,0.9158470301293326,0.2583199858264737,0.291970802919708,0.0194921232607409,0.0112408284152515
OFR,PC,Logit,30,9221b3e48170f13f,0.0,30064.0,30.0,0.800410361074321,0.0927739072449136,0.1473684210526315,0.0218631786925708,0.0052383968501875
OFR,PC,Logit,30,9225daa70e08d126,3.0,30103.0,30.0,0.9197697056545872,0.2500924042024124,0.3387978142076502,0.0195898529100723,0.0094297142170938
OFR,PC,Logit,30,a13bf25092e60899,3.0,30045.0,30.0,0.920229281108192,0.2521450686008158,0.3414634146341463,0.0195603266506775,0.0102389031213994
OFR,PC,Logit,30,b317f3b740185701,2.0,30102.0,30.0,0.9144900159946732,0.2331899505078409,0.3287671232876712,0.0201508773396919,0.0090796795840378
OFR,PC,Logit,30,b64f45c25021a8fa,1.0,30065.0,30.0,0.9143959296813368,0.2597770577540114,0.3472222222222222,0.0193674857464365,0.0090346034741795
OFR,PC,Logit,30,bcdcd312f5685d7c,4.0,30104.0,30.0,0.9127892249459004,0.2405614943193255,0.2834645669291338,0.0204079526265836,0.0110435093309474
OFR,PC,Logit,30,c78091017f3bb43a,0.0,30035.0,30.0,0.9135672463831048,0.2601953677648538,0.2900763358778626,0.0196741839412417,0.010460477435303
OFR,PC,Logit,30,cb2028c040281e1c,2.0,30057.0,30.0,0.916147382591137,0.2505093484071296,0.3216783216783216,0.0200764538373524,0.0096406404936892
OFR,PC,Logit,30,e05b95da6f928ffd,3.0,30058.0,30.0,0.8463534316173437,0.1341892109614412,0.2064516129032258,0.0213402562992131,0.0084538482282561
OFR,PC,Logit,30,f07a6daf7dc38e2b,2.0,30044.0,30.0,0.9140955772195324,0.2412401740771548,0.146788990825688,0.0202299376137857,0.0082388889913898
OFR,PC,Logit,40,02451a70199caeb6,1.0,37065.0,37.0,0.9175188715432326,0.2498461144569129,0.3448275862068966,0.0196472318256991,0.0090283750487608
OFR,PC,Logit,40,03f6df46954588f2,0.0,37035.0,37.0,0.917536965065028,0.2509141709288844,0.3378378378378378,0.0196493873159897,0.0095273026708635
OFR,PC,Logit,40,067cde7eb10e7b26,0.0,37100.0,37.0,0.9177179002829828,0.2490109087687659,0.3216783216783216,0.019701047936908,0.0093538519841869
OFR,PC,Logit,40,19020384425e85c9,3.0,37038.0,37.0,0.9171533824029644,0.2495779010162468,0.3401360544217687,0.0196549468745381,0.009546073293383
OFR,PC,Logit,40,21a964fc888e5c59,3.0,37058.0,37.0,0.9174211665255372,0.2499775481961853,0.2753623188405797,0.0196499449988939,0.0093736832277599
OFR,PC,Logit,40,25264c99dc1494b2,1.0,37036.0,37.0,0.9182824181630008,0.2507159211524493,0.3333333333333333,0.0196564836241388,0.0094957953144356
OFR,PC,Logit,40,267091a61d761f1f,4.0,37039.0,37.0,0.9174537348647688,0.2500104403495901,0.3333333333333333,0.019639841335383,0.0090820191923715
OFR,PC,Logit,40,2b69b61ac6c2cce9,1.0,37101.0,37.0,0.917374123368869,0.2505165790056116,0.3401360544217687,0.0196480385023229,0.0095065789452818
OFR,PC,Logit,40,2ee9a66169b4c3a6,4.0,37068.0,37.0,0.9174863032040008,0.2499918461776743,0.3378378378378378,0.0196484826515488,0.0095071503919997
OFR,PC,Logit,40,44d08a038263b3f1,2.0,37057.0,37.0,0.9172474687163008,0.2494263380440447,0.3356643356643357,0.019661217426631,0.009084358098685
OFR,PC,Logit,40,54ea8c2ee7f27f79,3.0,37103.0,37.0,0.9173632672557918,0.25031931542895,0.3401360544217687,0.019650505255309,0.0094180508275491
OFR,PC,Logit,40,70dddccfaa450336,4.0,37104.0,37.0,0.9173089866904052,0.2498759608231123,0.2753623188405797,0.0196451569448245,0.0093326394240638
OFR,PC,Logit,40,7b17ea297d0deaab,2.0,37037.0,37.0,0.9177215189873418,0.2506053939516881,0.2753623188405797,0.0196522632100683,0.0089251913475694
OFR,PC,Logit,40,7cf4e45145d7c952,3.0,37067.0,37.0,0.9173270802122008,0.2499727706776401,0.3472222222222222,0.0196358131315787,0.0088436198888741
OFR,PC,Logit,40,7f49375389580245,4.0,37059.0,37.0,0.9175188715432326,0.2507105825028872,0.2753623188405797,0.019642447402437,0.009440994876149
OFR,PC,Logit,40,83fee750d0ee1343,1.0,37056.0,37.0,0.9176527636045192,0.250938964381388,0.348993288590604,0.0196546042402772,0.0096102809977926
OFR,PC,Logit,40,88ddc8566a8021fd,0.0,37064.0,37.0,0.917533346360669,0.250025932345832,0.2753623188405797,0.0196464920370825,0.0087796115574683
OFR,PC,Logit,40,9de6153d2ba1ca9f,2.0,37102.0,37.0,0.9172329938988644,0.2497797666740082,0.2753623188405797,0.019651818800527,0.008934344961789
OFR,PC,Logit,40,9e7e1d01c39c5ccd,2.0,37066.0,37.0,0.9178011304832416,0.2503266200989863,0.3333333333333333,0.019674949860309,0.0090959252863739
OFR,PC,Logit,40,9fd71c4de881c61d,2.0,37044.0,37.0,0.91741031041246,0.2502325226796925,0.3401360544217687,0.0196601487623682,0.0095673728661836
OFR,PC,Logit,40,a4da82ed93b051a2,1.0,37043.0,37.0,0.9176238139696462,0.2503737377100754,0.3448275862068966,0.0196640334761154,0.0094885990797609
OFR,PC,Logit,40,dadad69d4a9368c1,4.0,37046.0,37.0,0.9177106628742644,0.2496328604274271,0.3333333333333333,0.019683289559679,0.0092482079448572
OFR,PC,Logit,40,e18d6c8cccf8ab55,3.0,37045.0,37.0,0.9174139291168192,0.2502892303139789,0.3401360544217687,0.0196364697386264,0.0094714662518728
OFR,PC,Logit,40,e3fb59501680cc6d,0.0,37055.0,37.0,0.9175840082216964,0.2505641070937174,0.2753623188405797,0.0196644445063747,0.0094455968884562
OFR,PC,Logit,40,e3fd4a1235211e9c,0.0,37042.0,37.0,0.9175984830391326,0.2506537231642765,0.3378378378378378,0.0196689085339386,0.0095948034426617
OFR,PC,Logit,5,0084d085b1d5aeab,3.0,5067.0,5.0,0.8596159830934132,0.1017291845290373,0.0434782608695652,0.0214696769024494,0.0012923091574017
OFR,PC,Logit,5,07f18493b64035c7,4.0,5104.0,5.0,0.6813586063645771,0.0427160653065849,0.082135523613963,0.0214068709473527,0.0006806220076172
OFR,PC,Logit,5,0d0d3871698081c7,4.0,5059.0,5.0,0.7243198645157087,0.045397035215852,0.0598698481561822,0.0216334459559526,0.0017919842531784
OFR,PC,Logit,5,2ac8a00f32139aed,3.0,5103.0,5.0,0.6459966273675374,0.032026050429349,0.041860465116279,0.0216619460978697,0.0008833258221636
OFR,PC,Logit,5,34fac8878f370dfc,1.0,5101.0,5.0,0.7747718406901594,0.0575185299598613,0.1039755351681957,0.0211634242926889,0.0024823677405593
OFR,PC,Logit,5,35f186ae4103db76,3.0,5058.0,5.0,0.7536711755722981,0.0530332008327455,0.1067761806981519,0.0212744533595004,0.0007664611145058
OFR,PC,Logit,5,41dd2ebffa74cf51,4.0,5068.0,5.0,0.7018259982195976,0.0439860907217025,0.0795847750865051,0.0214200176303212,0.0021269018861229
OFR,PC,Logit,5,41f4243837caf618,1.0,5036.0,5.0,0.6694639251362442,0.0388558684882008,0.0684931506849315,0.0214829946760539,0.0012791869316942
OFR,PC,Logit,5,4c6525b83f93bedc,2.0,5057.0,5.0,0.7072830043931071,0.0439274168162512,0.0792682926829268,0.0215503977436828,0.0014658219180971
OFR,PC,Logit,5,540d6350ce4f2995,0.0,5100.0,5.0,0.5628532760130562,0.0291106466227879,0.045441133077604,0.0216400070544782,0.0011193680152154
OFR,PC,Logit,5,5556775ffcaf90ff,2.0,5037.0,5.0,0.7008525667470019,0.0425166997479835,0.0819964349376114,0.0214270981570516,0.0020818428797135
OFR,PC,Logit,5,5b86aaa68c80cffa,0.0,5055.0,5.0,0.6596138118707978,0.0381799074125424,0.0472440944881889,0.0214887012184925,0.0012835539251393
OFR,PC,Logit,5,651c6330b0a22b21,4.0,5046.0,5.0,0.7691954172727995,0.0584288828081525,0.1203319502074688,0.021563238549584,0.0014270515120668
OFR,PC,Logit,5,663d3e41c1caf943,2.0,5044.0,5.0,0.6745916292130765,0.0359795129643911,0.0711743772241993,0.0216593227510146,0.0022915581767667
OFR,PC,Logit,5,7240cff37d91a99f,1.0,5056.0,5.0,0.5136606089555695,0.0214122872327106,0.0465116279069767,0.0216203166478433,0.0009511568479127
OFR,PC,Logit,5,76e31013e1f1a811,2.0,5102.0,5.0,0.9089208299860316,0.2705762598752821,0.3684210526315789,0.019359201194029,0.0127577936052843
OFR,PC,Logit,5,774da5037f42a2f6,0.0,5042.0,5.0,0.671877600943758,0.0391467582680192,0.064,0.0216195468088156,0.0013329799237723
OFR,PC,Logit,5,7774ed0f2c77e83e,3.0,5045.0,5.0,0.7821612349914238,0.0603069286418259,0.1022727272727272,0.0211333250532791,0.0026902414848821
OFR,PC,Logit,5,84308454e137b1d0,4.0,5039.0,5.0,0.688643058239428,0.0351738341201875,0.0465819721718088,0.0216193171037614,0.0009420492720584
OFR,PC,Logit,5,95319d4936d7b000,0.0,5035.0,5.0,0.6265895158897309,0.0319886207215414,0.047633776678008,0.0216195330879912,0.0010554245452475
OFR,PC,Logit,5,984eb7fe67cd00eb,1.0,5065.0,5.0,0.9045820034594814,0.1985194237106368,0.294478527607362,0.0198494600824033,0.0123693329419053
OFR,PC,Logit,5,ad706fe5f30ebaa7,3.0,5038.0,5.0,0.5637724269202655,0.0252855053175354,0.0432995341189366,0.0215968689816497,0.0008793880886558
OFR,PC,Logit,5,b6014f35fa82b65f,1.0,5043.0,5.0,0.5959825144205368,0.0283813234065478,0.0434662998624484,0.0215988240595826,0.0007854060771625
OFR,PC,Logit,5,c632be3081134c8a,2.0,5066.0,5.0,0.6826468651164137,0.0349925436280785,0.043658469190384,0.0216242701354484,0.0009168427927095
OFR,PC,Logit,5,f1487a53127e2439,0.0,5064.0,5.0,0.6938793234470331,0.0373854578289411,0.0397350993377483,0.0215939628377156,0.0015516158964416
OFR,PC,Logit,ALL,16a0c374bfef247d,0.0,37042.0,37.0,0.9175984830391326,0.2506537231642765,0.3378378378378378,0.0196689085339386,0.0095948034426617
OFR,PC,Logit,ALL,19e0e27709c0cac8,2.0,37066.0,37.0,0.9178011304832416,0.2503266200989863,0.3333333333333333,0.019674949860309,0.0090959252863739
OFR,PC,Logit,ALL,1d647448ab0c055e,1.0,37043.0,37.0,0.9176238139696462,0.2503737377100754,0.3448275862068966,0.0196640334761154,0.0094885990797609
OFR,PC,Logit,ALL,24b0e817830fcbb1,1.0,37036.0,37.0,0.9182824181630008,0.2507159211524493,0.3333333333333333,0.0196564836241388,0.0094957953144356
OFR,PC,Logit,ALL,29dc35195cd1be0c,0.0,37035.0,37.0,0.917536965065028,0.2509141709288844,0.3378378378378378,0.0196493873159897,0.0095273026708635
OFR,PC,Logit,ALL,391f7424caf2b71b,4.0,37039.0,37.0,0.9174537348647688,0.2500104403495901,0.3333333333333333,0.019639841335383,0.0090820191923715
OFR,PC,Logit,ALL,549fa4d44bd926f9,1.0,37101.0,37.0,0.917374123368869,0.2505165790056116,0.3401360544217687,0.0196480385023229,0.0095065789452818
OFR,PC,Logit,ALL,55f2bccd953596cd,0.0,37064.0,37.0,0.917533346360669,0.250025932345832,0.2753623188405797,0.0196464920370825,0.0087796115574683
OFR,PC,Logit,ALL,680d6799b6fdcc8d,3.0,37067.0,37.0,0.9173270802122008,0.2499727706776401,0.3472222222222222,0.0196358131315787,0.0088436198888741
OFR,PC,Logit,ALL,7862ebfba894dec4,2.0,37102.0,37.0,0.9172329938988644,0.2497797666740082,0.2753623188405797,0.019651818800527,0.008934344961789
OFR,PC,Logit,ALL,7fb2a969d42abb7f,2.0,37044.0,37.0,0.91741031041246,0.2502325226796925,0.3401360544217687,0.0196601487623682,0.0095673728661836
OFR,PC,Logit,ALL,880073e0210e96d9,4.0,37046.0,37.0,0.9177106628742644,0.2496328604274271,0.3333333333333333,0.019683289559679,0.0092482079448572
OFR,PC,Logit,ALL,9121b3d08355a545,1.0,37056.0,37.0,0.9176527636045192,0.250938964381388,0.348993288590604,0.0196546042402772,0.0096102809977926
OFR,PC,Logit,ALL,94e117b226d2e2b6,4.0,37068.0,37.0,0.9174863032040008,0.2499918461776743,0.3378378378378378,0.0196484826515488,0.0095071503919997
OFR,PC,Logit,ALL,970cc57168a1d9b4,1.0,37065.0,37.0,0.9175188715432326,0.2498461144569129,0.3448275862068966,0.0196472318256991,0.0090283750487608
OFR,PC,Logit,ALL,9bb267de0a2c180f,2.0,37057.0,37.0,0.9172474687163008,0.2494263380440447,0.3356643356643357,0.019661217426631,0.009084358098685
OFR,PC,Logit,ALL,9be1add467a6b813,4.0,37059.0,37.0,0.9175188715432326,0.2507105825028872,0.2753623188405797,0.019642447402437,0.009440994876149
OFR,PC,Logit,ALL,c633588e73c1b101,0.0,37100.0,37.0,0.9177179002829828,0.2490109087687659,0.3216783216783216,0.019701047936908,0.0093538519841869
OFR,PC,Logit,ALL,cf9b2fd680d6a755,2.0,37037.0,37.0,0.9177215189873418,0.2506053939516881,0.2753623188405797,0.0196522632100683,0.0089251913475694
OFR,PC,Logit,ALL,cfc52844d55eab35,4.0,37104.0,37.0,0.9173089866904052,0.2498759608231123,0.2753623188405797,0.0196451569448245,0.0093326394240638
OFR,PC,Logit,ALL,e0e0adbd6721f387,3.0,37103.0,37.0,0.9173632672557918,0.25031931542895,0.3401360544217687,0.019650505255309,0.0094180508275491
OFR,PC,Logit,ALL,ed7227188dd92ece,3.0,37045.0,37.0,0.9174139291168192,0.2502892303139789,0.3401360544217687,0.0196364697386264,0.0094714662518728
OFR,PC,Logit,ALL,efd46ef0f7f2cef3,3.0,37058.0,37.0,0.9174211665255372,0.2499775481961853,0.2753623188405797,0.0196499449988939,0.0093736832277599
OFR,PC,Logit,ALL,f980072511fbfa39,3.0,37038.0,37.0,0.9171533824029644,0.2495779010162468,0.3401360544217687,0.0196549468745381,0.009546073293383
OFR,PC,Logit,ALL,fff728b906bbf90b,0.0,37055.0,37.0,0.9175840082216964,0.2505641070937174,0.2753623188405797,0.0196644445063747,0.0094455968884562
OFR,PC,RF,10,0a8734a224122861,0.0,10100.0,10.0,0.9197389466675352,0.423974642359771,0.41,0.0163017299412915,0.0058663684651942
OFR,PC,RF,10,11d397789db9bffb,2.0,10037.0,10.0,0.9138350305056776,0.3909506391214071,0.4087591240875912,0.0167658764327648,0.0067525859658932
OFR,PC,RF,10,2e7759084d1902ad,2.0,10057.0,10.0,0.8328882326971652,0.1535982901758041,0.2513089005235602,0.0202998814649147,0.0089980430528375
OFR,PC,RF,10,2f4463c7dbbe1795,0.0,10055.0,10.0,0.7850362956047217,0.1116963432889798,0.1904761904761904,0.0209735711490075,0.0079809896561364
OFR,PC,RF,10,355218f2a8506c0e,4.0,10059.0,10.0,0.9144140232031324,0.3632496729820424,0.4313725490196078,0.0169701593514117,0.0042197372099524
OFR,PC,RF,10,422a0f6bd3b78276,1.0,10036.0,10.0,0.8769550050299991,0.1863516092148263,0.2252252252252252,0.0195759798714006,0.0041174168297455
OFR,PC,RF,10,44527153fd8cf1d1,3.0,10103.0,10.0,0.843509129991098,0.2476413622915436,0.327485380116959,0.0187968196812971,0.0058059826670394
OFR,PC,RF,10,51f4f402c9964925,1.0,10101.0,10.0,0.9144502102467232,0.3839460688030275,0.4038461538461538,0.0165814313670673,0.0060972882303606
OFR,PC,RF,10,5982e86401758749,3.0,10058.0,10.0,0.8587022602427427,0.1939718133025403,0.221311475409836,0.0196483242941012,0.0051104277327369
OFR,PC,RF,10,5b755da766e9289f,2.0,10066.0,10.0,0.8780605192117015,0.2519342674556126,0.2597402597402597,0.0188292882303606,0.0065725468269499
OFR,PC,RF,10,6721c1911d16d9c6,0.0,10042.0,10.0,0.8918333080024028,0.2690014381007873,0.3142857142857143,0.0185971014816885,0.0033905507408442
OFR,PC,RF,10,6da9a730cf350d14,1.0,10056.0,10.0,0.8361432572681677,0.1802708373197037,0.2378378378378378,0.0198582085546547,0.0077925636007827
OFR,PC,RF,10,79384fcb0fe0ad17,0.0,10064.0,10.0,0.9144646850641596,0.2870093502319981,0.3522727272727273,0.0179940027956388,0.0069359798714006
OFR,PC,RF,10,81a9f601a77b2a48,1.0,10043.0,10.0,0.9189301662432784,0.3969288043915212,0.4071856287425149,0.0166808096169974,0.004364551299972
OFR,PC,RF,10,9499ceb4ef6a5ae8,0.0,10035.0,10.0,0.8693810568064211,0.2882898448390824,0.3228699551569506,0.0182012345540956,0.005469387755102
OFR,PC,RF,10,96c34fe1982508bc,3.0,10067.0,10.0,0.9132451816951458,0.3196901822058423,0.3676470588235294,0.0175621023203802,0.0032272854347218
OFR,PC,RF,10,9b4fbb50769ff7a9,3.0,10045.0,10.0,0.8876826541025251,0.2080406450743809,0.2797927461139896,0.0193895677942409,0.0054654738607771
OFR,PC,RF,10,a5944f2afbe03698,1.0,10065.0,10.0,0.9122536567007548,0.3742202287586741,0.2626262626262626,0.016991137824993,0.0040631814369583
OFR,PC,RF,10,a9159c4b073f1396,4.0,10104.0,10.0,0.9259450246433768,0.4477107775890896,0.4307692307692308,0.0157770254403131,0.0042722952194576
OFR,PC,RF,10,a9ef8806ab99c329,3.0,10038.0,10.0,0.815936412127002,0.1378638642455337,0.1968503937007874,0.020467792004473,0.0058020687727145
OFR,PC,RF,10,d74c4870a6a81b6d,4.0,10046.0,10.0,0.8713460132734075,0.3446273094729146,0.3612903225806451,0.017446432205759,0.0073950237629298
OFR,PC,RF,10,e8156db3e47527f8,4.0,10068.0,10.0,0.8139515527860405,0.1376886601817207,0.1971830985915492,0.0205193871959742,0.0081845121610287
OFR,PC,RF,10,f012e43a20962dd1,2.0,10044.0,10.0,0.91820642537146,0.4652537398042733,0.3846153846153846,0.0156233212188985,0.0045809337433603
OFR,PC,RF,10,f41afba1ea53cb18,4.0,10039.0,10.0,0.8592324004313495,0.1858969239717983,0.300395256916996,0.0195269633771316,0.0040531171372658
OFR,PC,RF,10,f964e49e7f431ba9,2.0,10102.0,10.0,0.9218667448306808,0.4571271768223182,0.437956204379562,0.0156798098965613,0.0047078557450377
OFR,PC,RF,20,08e6e9edf23d67e5,1.0,20101.0,20.0,0.9159899689515164,0.368719409596651,0.3971631205673759,0.016882880626223,0.0038076600503214
OFR,PC,RF,20,09534de063aa316d,1.0,20065.0,20.0,0.9334755484146456,0.3765109132284869,0.391304347826087,0.0168326687168017,0.0052211350293542
OFR,PC,RF,20,0b99a1d40298dd23,3.0,20045.0,20.0,0.8874311541495683,0.3875565289388287,0.3905325443786982,0.0167569225608051,0.0034442270058708
OFR,PC,RF,20,0d9182cbc34944a3,4.0,20059.0,20.0,0.9360176882269072,0.4075013183946187,0.4507042253521127,0.0163631165781381,0.0033765725468269
OFR,PC,RF,20,133d4f6432787258,2.0,20102.0,20.0,0.9199072164202328,0.4322032417088716,0.4189189189189189,0.0159938149287112,0.0049477215543751
OFR,PC,RF,20,1dfc3ef566bd4ab7,3.0,20038.0,20.0,0.9286662903214132,0.4284931607497912,0.423728813559322,0.0161793447022644,0.0049499580654179
OFR,PC,RF,20,215a63e59a1dd2c8,2.0,20057.0,20.0,0.925697143394779,0.3851108833684291,0.3768115942028985,0.0168603052837573,0.0029398937657254
OFR,PC,RF,20,23e1868c80f844af,2.0,20037.0,20.0,0.9289051248091134,0.4539712027243028,0.4210526315789473,0.0158232697791445,0.0041079116578138
OFR,PC,RF,20,386b52a4896cb1e9,3.0,20058.0,20.0,0.9040482445665152,0.374167611663883,0.4050632911392405,0.0169452423818842,0.0050662566396421
OFR,PC,RF,20,3c227c261ca69323,0.0,20042.0,20.0,0.9031128094896904,0.3466059333222961,0.3535911602209944,0.0175039273133911,0.0054341627061783
OFR,PC,RF,20,4ddbb02ad2f07c78,2.0,20044.0,20.0,0.924370888247172,0.3720328508482075,0.4146341463414634,0.0169250701705339,0.0035213866368465
OFR,PC,RF,20,6450338313c4402b,0.0,20055.0,20.0,0.937973597932996,0.4386473810385203,0.4246575342465753,0.015978485882024,0.0032792843164663
OFR,PC,RF,20,6eb991013b394e0b,4.0,20104.0,20.0,0.9181847131453054,0.4236370395181016,0.4313725490196078,0.0160531998881744,0.0044092815208275
OFR,PC,RF,20,88a498b33e0b05fd,1.0,20056.0,20.0,0.921515730507849,0.4505647038489323,0.4408602150537634,0.0156994185071288,0.0057092535644394
OFR,PC,RF,20,8a08f2f024949689,2.0,20066.0,20.0,0.9231948093304674,0.3636384928392751,0.4050632911392405,0.0171493374336035,0.0049488398098965
OFR,PC,RF,20,8bfd92b94d82f01f,3.0,20067.0,20.0,0.9172601341815576,0.3913590082706411,0.3923444976076555,0.0165842683813251,0.0042437797036622
OFR,PC,RF,20,9e65f336042213f2,0.0,20035.0,20.0,0.9183710764197986,0.4062172552805632,0.4057971014492754,0.0163452077159631,0.0057131674587643
OFR,PC,RF,20,a46664761c802fd0,0.0,20064.0,20.0,0.9145171562773664,0.4380152104261831,0.4265402843601896,0.0160189231199329,0.0044003354766564
OFR,PC,RF,20,bb27fb43a614076a,1.0,20043.0,20.0,0.926377459814288,0.4390930589910666,0.4,0.0158047581772435,0.0063891529214425
OFR,PC,RF,20,d2dfef0e74c04778,0.0,20100.0,20.0,0.9239692120633128,0.2928588281991252,0.3660130718954248,0.0182153167458764,0.0053983785294939
OFR,PC,RF,20,dda0d48966b755f6,4.0,20046.0,20.0,0.898996533281224,0.342238614708459,0.3625730994152046,0.0175390472462957,0.0057696393625943
OFR,PC,RF,20,e06a05e1ec8dc1bc,3.0,20103.0,20.0,0.8946070448936463,0.2567400568173374,0.2708333333333333,0.0187171037181996,0.0041095890410958
OFR,PC,RF,20,ed596f29a81f7963,1.0,20036.0,20.0,0.923419169000731,0.2994629389674863,0.3453237410071942,0.0179671490075482,0.0041224489795918
OFR,PC,RF,20,efef57bca256f406,4.0,20068.0,20.0,0.9225742015328832,0.4324423969545435,0.4347826086956521,0.0160324808498741,0.0037595750629018
OFR,PC,RF,20,fb50e09fd85ab4cb,4.0,20039.0,20.0,0.92613138791787,0.4196536506100358,0.4123711340206185,0.0162081778026279,0.00264523343584
OFR,PC,RF,30,1fe9c525023bec27,1.0,30101.0,30.0,0.9271138661513632,0.431945845888086,0.4191616766467065,0.0161005524182275,0.0040184512161028
OFR,PC,RF,30,332438ee2ace3ab5,1.0,30056.0,30.0,0.922371554088774,0.4444294569347224,0.44,0.0158586234274531,0.003762929829466
OFR,PC,RF,30,400a810dbc381ea8,3.0,30067.0,30.0,0.9307796136671228,0.4285802724234144,0.3950617283950617,0.0160613005311713,0.0046105675146771
OFR,PC,RF,30,439fd3f16c19daa7,1.0,30036.0,30.0,0.9380278784983824,0.4099204601317797,0.4195804195804196,0.01632912608331,0.0050438915292144
OFR,PC,RF,30,4c0f2e3b69b2c23f,1.0,30043.0,30.0,0.9243093702730674,0.3936155726245924,0.4225352112676056,0.0164736717920044,0.0051299972043611
OFR,PC,RF,30,4cf508b6c073bc04,4.0,30068.0,30.0,0.9279751177888268,0.397854050385117,0.4225352112676056,0.0166233234554095,0.0046759854626782
OFR,PC,RF,30,58b4903c01327226,4.0,30039.0,30.0,0.9367251449291096,0.4068373925733307,0.3943661971830985,0.0162924730220855,0.0054168297455968
OFR,PC,RF,30,5aebeae3961dfb7a,2.0,30037.0,30.0,0.9267538050676336,0.4323918460398699,0.4093567251461988,0.0160089281520827,0.0035694716242661
OFR,PC,RF,30,645c142d03828d7a,0.0,30100.0,30.0,0.9205911515441012,0.3961674303993819,0.4129032258064516,0.0165743393905507,0.0043897120492032
OFR,PC,RF,30,6de178ea08bd2e2c,0.0,30042.0,30.0,0.9290028298268088,0.4167528921145367,0.3953488372093023,0.0161832552418227,0.0036913614760972
OFR,PC,RF,30,81362ee16a6a4fb9,0.0,30055.0,30.0,0.9180182527447872,0.4093106289268744,0.3896103896103896,0.0162818987978753,0.0041341906625663
OFR,PC,RF,30,817d8a39c2aa9036,2.0,30066.0,30.0,0.913491253591564,0.4333611583124342,0.4105263157894737,0.015948135308918,0.0035146771037181
OFR,PC,RF,30,873ada1f673b9c7b,3.0,30038.0,30.0,0.9316969552221523,0.4368113710614903,0.4097560975609756,0.0158882158233156,0.0025054514956667
OFR,PC,RF,30,8ae2c6f10372f48b,4.0,30046.0,30.0,0.9352722351289344,0.4286958791689819,0.4180790960451977,0.0160333955828906,0.0053888733575622
OFR,PC,RF,30,9045836fcc725f87,4.0,30059.0,30.0,0.9339387425726092,0.4370570197563858,0.4146341463414634,0.0159636052558009,0.003225048923679
OFR,PC,RF,30,9221b3e48170f13f,0.0,30064.0,30.0,0.916737231401669,0.3803027077519468,0.3485477178423236,0.0167807179200447,0.0038641319541515
OFR,PC,RF,30,9225daa70e08d126,3.0,30103.0,30.0,0.9333850808056684,0.4353195124899912,0.4133333333333333,0.0159816382443388,0.003525859658932
OFR,PC,RF,30,a13bf25092e60899,3.0,30045.0,30.0,0.9385851589696824,0.4330566015343107,0.4052287581699346,0.0160114162706178,0.0041873077998322
OFR,PC,RF,30,b317f3b740185701,2.0,30102.0,30.0,0.9220947232053036,0.4305900457064994,0.3825136612021858,0.0160266692759295,0.0057450377411238
OFR,PC,RF,30,b64f45c25021a8fa,1.0,30065.0,30.0,0.9313368941384228,0.4262525344857775,0.4025974025974026,0.0161873290466871,0.0039301090299133
OFR,PC,RF,30,bcdcd312f5685d7c,4.0,30104.0,30.0,0.9353011847638072,0.4393052581300619,0.4137931034482758,0.0158741504053676,0.0052138663684651
OFR,PC,RF,30,c78091017f3bb43a,0.0,30035.0,30.0,0.9365261161893595,0.4337104852173969,0.4071856287425149,0.0159588560246016,0.0038674867207156
OFR,PC,RF,30,cb2028c040281e1c,2.0,30057.0,30.0,0.9145841023080096,0.3915858525605461,0.3673469387755102,0.0166611081912216,0.0056326530612244
OFR,PC,RF,30,e05b95da6f928ffd,3.0,30058.0,30.0,0.9244486903908924,0.398873737135151,0.3897435897435897,0.0165180016773832,0.0024651942968968
OFR,PC,RF,30,f07a6daf7dc38e2b,2.0,30044.0,30.0,0.930734379862634,0.3574716234808456,0.389937106918239,0.0170924663125524,0.0051696952753704
OFR,PC,RF,40,02451a70199caeb6,1.0,37065.0,37.0,0.9228546511207129,0.428548962266482,0.3855421686746988,0.0160686899636566,0.0058227564998602
OFR,PC,RF,40,03f6df46954588f2,0.0,37035.0,37.0,0.9243075609208878,0.4215880896521714,0.4050632911392405,0.0161240771596309,0.0042728543472183
OFR,PC,RF,40,067cde7eb10e7b26,0.0,37100.0,37.0,0.9205296335699966,0.4174531501493376,0.4,0.0161640984064858,0.0044679899357003
OFR,PC,RF,40,19020384425e85c9,3.0,37038.0,37.0,0.9296885743028568,0.4244397517739747,0.3908045977011494,0.0161314699468828,0.0035856863293262
OFR,PC,RF,40,21a964fc888e5c59,3.0,37058.0,37.0,0.9241447192247289,0.4210619710569445,0.3668639053254438,0.0162412188985183,0.0052971764048084
OFR,PC,RF,40,25264c99dc1494b2,1.0,37036.0,37.0,0.932299469497941,0.4369455144574943,0.379746835443038,0.0159879899357003,0.0038993570030752
OFR,PC,RF,40,267091a61d761f1f,4.0,37039.0,37.0,0.924068726433188,0.4305849067916899,0.384180790960452,0.016079376013419,0.0044819681297176
OFR,PC,RF,40,2b69b61ac6c2cce9,1.0,37101.0,37.0,0.9272676610866244,0.4282254328798455,0.3949044585987261,0.0160768700027956,0.0032580374615599
OFR,PC,RF,40,2ee9a66169b4c3a6,4.0,37068.0,37.0,0.9323772716416614,0.4285026846605237,0.3978494623655914,0.016055691361476,0.0039261951355884
OFR,PC,RF,40,44d08a038263b3f1,2.0,37057.0,37.0,0.9290010204746292,0.4258852086980383,0.389937106918239,0.0160890388593793,0.0047721554375174
OFR,PC,RF,40,54ea8c2ee7f27f79,3.0,37103.0,37.0,0.9294895455631066,0.4332327159744779,0.4050632911392405,0.0160386648029074,0.0050925356443947
OFR,PC,RF,40,70dddccfaa450336,4.0,37104.0,37.0,0.931155958920468,0.418723087270037,0.3687150837988827,0.0161422074363992,0.0038809057869723
OFR,PC,RF,40,7b17ea297d0deaab,2.0,37037.0,37.0,0.9297356174595248,0.4362727109135243,0.3902439024390244,0.016014198490355,0.0041761252446183
OFR,PC,RF,40,7cf4e45145d7c952,3.0,37067.0,37.0,0.9191635726744396,0.4178245919180007,0.3910614525139664,0.0161598747553816,0.0053922281241263
OFR,PC,RF,40,7f49375389580245,4.0,37059.0,37.0,0.9251054852320676,0.4207623295364037,0.4044943820224719,0.0161102309197651,0.0052211350293542
OFR,PC,RF,40,83fee750d0ee1343,1.0,37056.0,37.0,0.9183348893762078,0.4206366721993068,0.3834196891191709,0.0162256080514397,0.0040369024322057
OFR,PC,RF,40,88ddc8566a8021fd,0.0,37064.0,37.0,0.9314689768475296,0.4171712663521791,0.3832335329341317,0.0161683623147889,0.004393625943528
OFR,PC,RF,40,9de6153d2ba1ca9f,2.0,37102.0,37.0,0.9268352259157132,0.4331040884215938,0.4090909090909091,0.0159848230360637,0.0036354487000279
OFR,PC,RF,40,9e7e1d01c39c5ccd,2.0,37066.0,37.0,0.924367269542813,0.4269873962436971,0.3975903614457831,0.016070457925636,0.0039066256639642
OFR,PC,RF,40,9fd71c4de881c61d,2.0,37044.0,37.0,0.930857415810843,0.4300498249330487,0.4071856287425149,0.0160454794520547,0.0036544590438915
OFR,PC,RF,40,a4da82ed93b051a2,1.0,37043.0,37.0,0.9279262652799792,0.421230726480657,0.4027777777777778,0.0161787699189264,0.0033262510483645
OFR,PC,RF,40,dadad69d4a9368c1,4.0,37046.0,37.0,0.9304611676835226,0.4221492973637695,0.3699421965317919,0.0161671624266144,0.0046334917528655
OFR,PC,RF,40,e18d6c8cccf8ab55,3.0,37045.0,37.0,0.9342191921604388,0.437079480211147,0.3934426229508196,0.0159780967291026,0.0054889572267263
OFR,PC,RF,40,e3fb59501680cc6d,0.0,37055.0,37.0,0.9341088216774868,0.422188057536492,0.4022346368715084,0.0161999452054794,0.0052317584568073
OFR,PC,RF,40,e3fd4a1235211e9c,0.0,37042.0,37.0,0.9309913078721294,0.4256415167868476,0.3976608187134502,0.0161313133911098,0.0045138384120771
OFR,PC,RF,5,0084d085b1d5aeab,3.0,5067.0,5.0,0.8184640771218272,0.144797944447542,0.2262773722627737,0.0208652188985183,0.0102980150964495
OFR,PC,RF,5,07f18493b64035c7,4.0,5104.0,5.0,0.7968007034761274,0.1419488900943863,0.2082018927444795,0.0206409818283477,0.0095499021526418
OFR,PC,RF,5,0d0d3871698081c7,4.0,5059.0,5.0,0.7957892756077614,0.146197059927041,0.2459893048128342,0.0202902734134749,0.0062493709812692
OFR,PC,RF,5,2ac8a00f32139aed,3.0,5103.0,5.0,0.7520572334281435,0.0780911844849615,0.1706161137440758,0.0217610567514677,0.0110724070450097
OFR,PC,RF,5,34fac8878f370dfc,1.0,5101.0,5.0,0.7902816075732244,0.1022862131235565,0.1575757575757575,0.0210726664802907,0.008812971764048
OFR,PC,RF,5,35f186ae4103db76,3.0,5058.0,5.0,0.8742319299997828,0.2129721870873873,0.2755102040816326,0.0194223304445065,0.0069773553256919
OFR,PC,RF,5,41dd2ebffa74cf51,4.0,5068.0,5.0,0.8776389401538673,0.2823146064015928,0.3142857142857143,0.0183926743080793,0.0066530612244897
OFR,PC,RF,5,41f4243837caf618,1.0,5036.0,5.0,0.789132668939213,0.2318855135704293,0.2434782608695652,0.019289516354487,0.0074386357282639
OFR,PC,RF,5,4c6525b83f93bedc,2.0,5057.0,5.0,0.8486458808288281,0.2001483628265608,0.2758620689655172,0.0194924517752306,0.007666200726866
OFR,PC,RF,5,540d6350ce4f2995,0.0,5100.0,5.0,0.8658980538607957,0.3027964080204323,0.3537414965986394,0.0179999004752585,0.0079032708974
OFR,PC,RF,5,5556775ffcaf90ff,2.0,5037.0,5.0,0.7945046355602841,0.121122622106501,0.1317365269461078,0.0208391456527816,0.008512161028795
OFR,PC,RF,5,5b86aaa68c80cffa,0.0,5055.0,5.0,0.8335830239341107,0.1928905498687114,0.2328358208955223,0.0196904008946044,0.0085585686329326
OFR,PC,RF,5,651c6330b0a22b21,4.0,5046.0,5.0,0.8812775473869335,0.3078147273366452,0.3916083916083916,0.0179554867207156,0.007225048923679
OFR,PC,RF,5,663d3e41c1caf943,2.0,5044.0,5.0,0.8245887342495893,0.1460983872462257,0.2362204724409448,0.0205049762370701,0.0098456807380486
OFR,PC,RF,5,7240cff37d91a99f,1.0,5056.0,5.0,0.878221551555681,0.2334271726768435,0.3184713375796178,0.0189314766564159,0.0052093933463796
OFR,PC,RF,5,76e31013e1f1a811,2.0,5102.0,5.0,0.8871253736312252,0.3136556714554985,0.3939393939393939,0.0178864668716801,0.0078428850992451
OFR,PC,RF,5,774da5037f42a2f6,0.0,5042.0,5.0,0.8066870037851648,0.0925378591095999,0.1489361702127659,0.021210457925636,0.0090041934582052
OFR,PC,RF,5,7774ed0f2c77e83e,3.0,5045.0,5.0,0.7978609838533413,0.1346558758405625,0.1968911917098445,0.0206493094772155,0.0080374615599664
OFR,PC,RF,5,84308454e137b1d0,4.0,5039.0,5.0,0.862834820620825,0.3101684234712575,0.3809523809523809,0.0179502119094213,0.0075364830863852
OFR,PC,RF,5,95319d4936d7b000,0.0,5035.0,5.0,0.7499439100824341,0.0813439812796357,0.1435897435897435,0.0213861615879228,0.007720995247414
OFR,PC,RF,5,984eb7fe67cd00eb,1.0,5065.0,5.0,0.8959278719847146,0.3126959560339475,0.3522012578616352,0.0177094313670673,0.0078216382443388
OFR,PC,RF,5,ad706fe5f30ebaa7,3.0,5038.0,5.0,0.8977589363904147,0.3479286261509892,0.3875968992248062,0.0173225082471344,0.0071764048084987
OFR,PC,RF,5,b6014f35fa82b65f,1.0,5043.0,5.0,0.8962065122203646,0.2932866564989311,0.3870967741935484,0.0179791892647469,0.0058305842885099
OFR,PC,RF,5,c632be3081134c8a,2.0,5066.0,5.0,0.827528931541351,0.2197752421345085,0.2736842105263158,0.019162172770478,0.0051859099804305
OFR,PC,RF,5,f1487a53127e2439,0.0,5064.0,5.0,0.8088075645395922,0.1076944016054831,0.2037037037037037,0.0209600905786972,0.0082980150964495
OFR,PC,RF,ALL,16a0c374bfef247d,0.0,37042.0,37.0,0.9309913078721294,0.4256415167868476,0.3976608187134502,0.0161313133911098,0.0045138384120771
OFR,PC,RF,ALL,19e0e27709c0cac8,2.0,37066.0,37.0,0.924367269542813,0.4269873962436971,0.3975903614457831,0.016070457925636,0.0039066256639642
OFR,PC,RF,ALL,1d647448ab0c055e,1.0,37043.0,37.0,0.9279262652799792,0.421230726480657,0.4027777777777778,0.0161787699189264,0.0033262510483645
OFR,PC,RF,ALL,24b0e817830fcbb1,1.0,37036.0,37.0,0.932299469497941,0.4369455144574943,0.379746835443038,0.0159879899357003,0.0038993570030752
OFR,PC,RF,ALL,29dc35195cd1be0c,0.0,37035.0,37.0,0.9243075609208878,0.4215880896521714,0.4050632911392405,0.0161240771596309,0.0042728543472183
OFR,PC,RF,ALL,391f7424caf2b71b,4.0,37039.0,37.0,0.924068726433188,0.4305849067916899,0.384180790960452,0.016079376013419,0.0044819681297176
OFR,PC,RF,ALL,549fa4d44bd926f9,1.0,37101.0,37.0,0.9272676610866244,0.4282254328798455,0.3949044585987261,0.0160768700027956,0.0032580374615599
OFR,PC,RF,ALL,55f2bccd953596cd,0.0,37064.0,37.0,0.9314689768475296,0.4171712663521791,0.3832335329341317,0.0161683623147889,0.004393625943528
OFR,PC,RF,ALL,680d6799b6fdcc8d,3.0,37067.0,37.0,0.9191635726744396,0.4178245919180007,0.3910614525139664,0.0161598747553816,0.0053922281241263
OFR,PC,RF,ALL,7862ebfba894dec4,2.0,37102.0,37.0,0.9268352259157132,0.4331040884215938,0.4090909090909091,0.0159848230360637,0.0036354487000279
OFR,PC,RF,ALL,7fb2a969d42abb7f,2.0,37044.0,37.0,0.930857415810843,0.4300498249330487,0.4071856287425149,0.0160454794520547,0.0036544590438915
OFR,PC,RF,ALL,880073e0210e96d9,4.0,37046.0,37.0,0.9304611676835226,0.4221492973637695,0.3699421965317919,0.0161671624266144,0.0046334917528655
OFR,PC,RF,ALL,9121b3d08355a545,1.0,37056.0,37.0,0.9183348893762078,0.4206366721993068,0.3834196891191709,0.0162256080514397,0.0040369024322057
OFR,PC,RF,ALL,94e117b226d2e2b6,4.0,37068.0,37.0,0.9323772716416614,0.4285026846605237,0.3978494623655914,0.016055691361476,0.0039261951355884
OFR,PC,RF,ALL,970cc57168a1d9b4,1.0,37065.0,37.0,0.9228546511207129,0.428548962266482,0.3855421686746988,0.0160686899636566,0.0058227564998602
OFR,PC,RF,ALL,9bb267de0a2c180f,2.0,37057.0,37.0,0.9290010204746292,0.4258852086980383,0.389937106918239,0.0160890388593793,0.0047721554375174
OFR,PC,RF,ALL,9be1add467a6b813,4.0,37059.0,37.0,0.9251054852320676,0.4207623295364037,0.4044943820224719,0.0161102309197651,0.0052211350293542
OFR,PC,RF,ALL,c633588e73c1b101,0.0,37100.0,37.0,0.9205296335699966,0.4174531501493376,0.4,0.0161640984064858,0.0044679899357003
OFR,PC,RF,ALL,cf9b2fd680d6a755,2.0,37037.0,37.0,0.9297356174595248,0.4362727109135243,0.3902439024390244,0.016014198490355,0.0041761252446183
OFR,PC,RF,ALL,cfc52844d55eab35,4.0,37104.0,37.0,0.931155958920468,0.418723087270037,0.3687150837988827,0.0161422074363992,0.0038809057869723
OFR,PC,RF,ALL,e0e0adbd6721f387,3.0,37103.0,37.0,0.9294895455631066,0.4332327159744779,0.4050632911392405,0.0160386648029074,0.0050925356443947
OFR,PC,RF,ALL,ed7227188dd92ece,3.0,37045.0,37.0,0.9342191921604388,0.437079480211147,0.3934426229508196,0.0159780967291026,0.0054889572267263
OFR,PC,RF,ALL,efd46ef0f7f2cef3,3.0,37058.0,37.0,0.9241447192247289,0.4210619710569445,0.3668639053254438,0.0162412188985183,0.0052971764048084
OFR,PC,RF,ALL,f980072511fbfa39,3.0,37038.0,37.0,0.9296885743028568,0.4244397517739747,0.3908045977011494,0.0161314699468828,0.0035856863293262
OFR,PC,RF,ALL,fff728b906bbf90b,0.0,37055.0,37.0,0.9341088216774868,0.422188057536492,0.4022346368715084,0.0161999452054794,0.0052317584568073
OFR,PC,XGBoost,10,0a8734a224122861,0.0,10100.0,10.0,0.933828372089657,0.4354995711624314,0.4311377245508982,0.0166593858856997,0.0113127341242452
OFR,PC,XGBoost,10,11d397789db9bffb,2.0,10037.0,10.0,0.9007751264737172,0.3742551493836372,0.3794871794871794,0.0174571117983124,0.012184829602936
OFR,PC,XGBoost,10,2e7759084d1902ad,2.0,10057.0,10.0,0.8368796636052428,0.1975098607492655,0.2162162162162162,0.0204565781534384,0.0142955333848455
OFR,PC,XGBoost,10,2f4463c7dbbe1795,0.0,10055.0,10.0,0.8011956199202438,0.1545803339590818,0.2325581395348837,0.0205006573289845,0.0106977913644542
OFR,PC,XGBoost,10,355218f2a8506c0e,4.0,10059.0,10.0,0.9194150726273964,0.3879804458491415,0.4307692307692308,0.0168818639936672,0.0114918053042125
OFR,PC,XGBoost,10,422a0f6bd3b78276,1.0,10036.0,10.0,0.8986111412669807,0.2396922014457675,0.2994011976047904,0.0192524449576126,0.0102756397172741
OFR,PC,XGBoost,10,44527153fd8cf1d1,3.0,10103.0,10.0,0.8596015082759768,0.2421125430447243,0.3013698630136986,0.0193244459331337,0.0109148460953515
OFR,PC,XGBoost,10,51f4f402c9964925,1.0,10101.0,10.0,0.9180291088578644,0.3702680840317277,0.4526315789473684,0.0174775045973944,0.0103774758101109
OFR,PC,XGBoost,10,5982e86401758749,3.0,10058.0,10.0,0.9014771551193812,0.2594396568483741,0.3404255319148936,0.0190698438703782,0.0116823972456692
OFR,PC,XGBoost,10,5b755da766e9289f,2.0,10066.0,10.0,0.8884172510874206,0.2170965170850722,0.2794117647058823,0.0198274042656916,0.0119486773585255
OFR,PC,XGBoost,10,6721c1911d16d9c6,0.0,10042.0,10.0,0.8810314754905153,0.2795536734486096,0.2857142857142857,0.0188771018786423,0.0107806212247159
OFR,PC,XGBoost,10,6da9a730cf350d14,1.0,10056.0,10.0,0.8496500712884759,0.1897571966745629,0.2360248447204969,0.0200147530120082,0.0117285515337678
OFR,PC,XGBoost,10,79384fcb0fe0ad17,0.0,10064.0,10.0,0.9115769589856048,0.3233323934870419,0.3478260869565217,0.0180580828758627,0.0096774807552368
OFR,PC,XGBoost,10,81a9f601a77b2a48,1.0,10043.0,10.0,0.930538969827243,0.4143346107479521,0.4585987261146497,0.0165065619064734,0.0096865941337909
OFR,PC,XGBoost,10,9499ceb4ef6a5ae8,0.0,10035.0,10.0,0.9001744215501082,0.2971164551491759,0.3742690058479532,0.018139135133287,0.0082897135387998
OFR,PC,XGBoost,10,96c34fe1982508bc,3.0,10067.0,10.0,0.91824623111941,0.3975895236319982,0.4026845637583892,0.0167147271949508,0.0114096621085798
OFR,PC,XGBoost,10,9b4fbb50769ff7a9,3.0,10045.0,10.0,0.9056567586541314,0.2460820102798515,0.3,0.0193154659277188,0.0114027444628109
OFR,PC,XGBoost,10,a5944f2afbe03698,1.0,10065.0,10.0,0.901991011138372,0.3683918523199511,0.3566878980891719,0.0176902740033454,0.0117987876304685
OFR,PC,XGBoost,10,a9159c4b073f1396,4.0,10104.0,10.0,0.9358729400525436,0.4555903426990978,0.4417177914110429,0.016050290924635,0.0103691960339972
OFR,PC,XGBoost,10,a9ef8806ab99c329,3.0,10038.0,10.0,0.8331270671848652,0.1787401176434599,0.2416918429003021,0.0200602978922897,0.0130680339993596
OFR,PC,XGBoost,10,d74c4870a6a81b6d,4.0,10046.0,10.0,0.9040247229881814,0.3559139735571819,0.3687943262411347,0.0175345259951648,0.0106604982319535
OFR,PC,XGBoost,10,e8156db3e47527f8,4.0,10068.0,10.0,0.8561384082043265,0.183346517950706,0.2194092827004219,0.0198662616026456,0.0127376422175639
OFR,PC,XGBoost,10,f012e43a20962dd1,2.0,10044.0,10.0,0.9112910813412366,0.4581011584604106,0.5151515151515151,0.0153917106104859,0.010565278746775
OFR,PC,XGBoost,10,f41afba1ea53cb18,4.0,10039.0,10.0,0.8797721663735516,0.1655977628213274,0.24,0.020263515398876,0.0107483616744985
OFR,PC,XGBoost,10,f964e49e7f431ba9,2.0,10102.0,10.0,0.934975501371489,0.4676019352091202,0.4878048780487805,0.015484381057568,0.0099133030285703
OFR,PC,XGBoost,20,08e6e9edf23d67e5,1.0,20101.0,20.0,0.9279515962104928,0.4397895905856523,0.4275862068965517,0.0162706437248927,0.0119057402672412
OFR,PC,XGBoost,20,09534de063aa316d,1.0,20065.0,20.0,0.9343747964478798,0.4406064220889018,0.440251572327044,0.0165244517471393,0.0118823716716894
OFR,PC,XGBoost,20,0b99a1d40298dd23,3.0,20045.0,20.0,0.916900073097828,0.4390876925546891,0.4075829383886256,0.0160020747281994,0.0103559571594054
OFR,PC,XGBoost,20,0d9182cbc34944a3,4.0,20059.0,20.0,0.937591824623112,0.4459191170823463,0.4585987261146497,0.0160583602193127,0.010603663977561
OFR,PC,XGBoost,20,133d4f6432787258,2.0,20102.0,20.0,0.9321384371539614,0.4406501456745524,0.4406779661016949,0.0163811223934257,0.0112625181340128
OFR,PC,XGBoost,20,1dfc3ef566bd4ab7,3.0,20038.0,20.0,0.9279769271410064,0.4728664198244865,0.4970414201183432,0.0156880372648007,0.0109940499324676
OFR,PC,XGBoost,20,215a63e59a1dd2c8,2.0,20057.0,20.0,0.9319321710054932,0.4112829106297233,0.3902439024390244,0.0169345669546258,0.0125427515316793
OFR,PC,XGBoost,20,23e1868c80f844af,2.0,20037.0,20.0,0.92573333043837,0.4593645355317153,0.4615384615384615,0.0158050583127146,0.0102022536823941
OFR,PC,XGBoost,20,386b52a4896cb1e9,3.0,20058.0,20.0,0.9154562100585508,0.4185476182768878,0.4,0.0166340724986013,0.0117706338760305
OFR,PC,XGBoost,20,3c227c261ca69323,0.0,20042.0,20.0,0.924788848600647,0.4111781116275225,0.3926380368098159,0.0167371467464306,0.0111022418651803
OFR,PC,XGBoost,20,4ddbb02ad2f07c78,2.0,20044.0,20.0,0.9295510635372112,0.4734680555711845,0.4615384615384615,0.0155227902392929,0.0105657763457613
OFR,PC,XGBoost,20,6450338313c4402b,0.0,20055.0,20.0,0.9379971195113302,0.4793116321977359,0.5,0.0153118205163765,0.0099333168682687
OFR,PC,XGBoost,20,6eb991013b394e0b,4.0,20104.0,20.0,0.9281144379066518,0.4485958931113558,0.5211267605633803,0.0159338916798618,0.0113750998300352
OFR,PC,XGBoost,20,88a498b33e0b05fd,1.0,20056.0,20.0,0.931841703396516,0.4557737933764202,0.4431137724550898,0.0158659992909613,0.0107418105085238
OFR,PC,XGBoost,20,8a08f2f024949689,2.0,20066.0,20.0,0.9244812587301242,0.4423637928578082,0.4533333333333333,0.016173275027668,0.0104153712786763
OFR,PC,XGBoost,20,8bfd92b94d82f01f,3.0,20067.0,20.0,0.9290914880836064,0.4111670908073084,0.4360902255639097,0.016964700659392,0.0122637173620062
OFR,PC,XGBoost,20,9e65f336042213f2,0.0,20035.0,20.0,0.912966541459496,0.4262511788219312,0.4067796610169492,0.0165247297293332,0.0115181422332311
OFR,PC,XGBoost,20,a46664761c802fd0,0.0,20064.0,20.0,0.9232762301785468,0.4666993134870909,0.4397163120567376,0.0158867911335964,0.0108112631681218
OFR,PC,XGBoost,20,bb27fb43a614076a,1.0,20043.0,20.0,0.9249806399316788,0.4602409898306838,0.4675324675324675,0.0159060290993841,0.0104958416268813
OFR,PC,XGBoost,20,d2dfef0e74c04778,0.0,20100.0,20.0,0.9271482438427744,0.371739471859969,0.3803680981595092,0.0173996030750373,0.0112285868858104
OFR,PC,XGBoost,20,dda0d48966b755f6,4.0,20046.0,20.0,0.9095034413878456,0.368672464449325,0.396039603960396,0.017491643812399,0.0102097943909065
OFR,PC,XGBoost,20,e06a05e1ec8dc1bc,3.0,20103.0,20.0,0.9100317722242728,0.3732127840862279,0.3783783783783784,0.0172659614693779,0.0099515552712702
OFR,PC,XGBoost,20,ed596f29a81f7963,1.0,20036.0,20.0,0.932398983867816,0.3762524481398368,0.316546762589928,0.017394692961218,0.0124851523644426
OFR,PC,XGBoost,20,efef57bca256f406,4.0,20068.0,20.0,0.9277887545143336,0.4496734632458855,0.4411764705882353,0.0162097296247736,0.0122241362258776
OFR,PC,XGBoost,20,fb50e09fd85ab4cb,4.0,20039.0,20.0,0.9374072707007984,0.4378567134605259,0.4484848484848485,0.0164730929474727,0.0107951622979904
OFR,PC,XGBoost,30,1fe9c525023bec27,1.0,30101.0,30.0,0.931403840169066,0.434856583258054,0.4689655172413793,0.0165163594365431,0.0115289362437105
OFR,PC,XGBoost,30,332438ee2ace3ab5,1.0,30056.0,30.0,0.9339369332204298,0.448140746821797,0.4528301886792453,0.0161132287610804,0.01151797923349
OFR,PC,XGBoost,30,400a810dbc381ea8,3.0,30067.0,30.0,0.9304412648095476,0.4823278820494945,0.4739884393063583,0.0155561555215303,0.010419880862285
OFR,PC,XGBoost,30,439fd3f16c19daa7,1.0,30036.0,30.0,0.9357535228086936,0.4528772895178727,0.4724409448818897,0.0162264513079901,0.0136960455371253
OFR,PC,XGBoost,30,4c0f2e3b69b2c23f,1.0,30043.0,30.0,0.9337198109588845,0.4670590939345867,0.4822695035460992,0.0158636980306702,0.0112508467583702
OFR,PC,XGBoost,30,4cf508b6c073bc04,4.0,30068.0,30.0,0.9278864595320292,0.4645205006970695,0.4571428571428571,0.0156889282114463,0.0096692581980512
OFR,PC,XGBoost,30,58b4903c01327226,4.0,30039.0,30.0,0.9355436379558664,0.4603596726173239,0.4654088050314465,0.0159957825370292,0.0125004079878676
OFR,PC,XGBoost,30,5aebeae3961dfb7a,2.0,30037.0,30.0,0.9304702144444202,0.4604404719472883,0.4545454545454545,0.0158136504818117,0.0108492466802574
OFR,PC,XGBoost,30,645c142d03828d7a,0.0,30100.0,30.0,0.9296487685549066,0.4517032048246682,0.4217687074829932,0.01610215675078,0.0117277363950513
OFR,PC,XGBoost,30,6de178ea08bd2e2c,0.0,30042.0,30.0,0.939336040124194,0.4670977750957609,0.4337349397590361,0.0159299345341703,0.0108389061761601
OFR,PC,XGBoost,30,81362ee16a6a4fb9,0.0,30055.0,30.0,0.9355979185212526,0.4406112004394966,0.4225352112676056,0.0164064542317432,0.0117936787463808
OFR,PC,XGBoost,30,817d8a39c2aa9036,2.0,30066.0,30.0,0.9327319046688524,0.4682835664805345,0.4503311258278146,0.015863681842217,0.0116147203001862
OFR,PC,XGBoost,30,873ada1f673b9c7b,3.0,30038.0,30.0,0.9409716944945032,0.4597082538922986,0.4585987261146497,0.0160829805231589,0.0119209479533296
OFR,PC,XGBoost,30,8ae2c6f10372f48b,4.0,30046.0,30.0,0.9308357035846886,0.4553991736662449,0.4880952380952381,0.0158441665833487,0.0113302998293971
OFR,PC,XGBoost,30,9045836fcc725f87,4.0,30059.0,30.0,0.9344146021958298,0.477327660650745,0.441025641025641,0.0156185838481794,0.0118084010642843
OFR,PC,XGBoost,30,9221b3e48170f13f,0.0,30064.0,30.0,0.9229939712385378,0.4154029079285711,0.3957219251336898,0.0168542274835923,0.0112084869197982
OFR,PC,XGBoost,30,9225daa70e08d126,3.0,30103.0,30.0,0.9385978244349392,0.4546504867383645,0.4473684210526316,0.0162400646752935,0.0115783130520939
OFR,PC,XGBoost,30,a13bf25092e60899,3.0,30045.0,30.0,0.9346534366835298,0.4547032257836311,0.4705882352941176,0.0162080410183527,0.0125867913929896
OFR,PC,XGBoost,30,b317f3b740185701,2.0,30102.0,30.0,0.9304014590615975,0.4452261139025544,0.4161849710982659,0.0164345966041292,0.0114933707673745
OFR,PC,XGBoost,30,b64f45c25021a8fa,1.0,30065.0,30.0,0.932804278756034,0.4511899625059549,0.4774193548387097,0.0160909037284965,0.0115606166695228
OFR,PC,XGBoost,30,bcdcd312f5685d7c,4.0,30104.0,30.0,0.932047969544984,0.4618327648530046,0.4528301886792453,0.0158162225942141,0.0118247785327291
OFR,PC,XGBoost,30,c78091017f3bb43a,0.0,30035.0,30.0,0.9357462853999754,0.458078062954796,0.4507042253521127,0.016125080677792,0.0119683615311871
OFR,PC,XGBoost,30,cb2028c040281e1c,2.0,30057.0,30.0,0.9223281296364648,0.435405908270312,0.4275862068965517,0.0165041394685672,0.0113587175770736
OFR,PC,XGBoost,30,e05b95da6f928ffd,3.0,30058.0,30.0,0.9301445310521022,0.4487390812834242,0.4268292682926829,0.0163657313435549,0.0123326451977054
OFR,PC,XGBoost,30,f07a6daf7dc38e2b,2.0,30044.0,30.0,0.9397051479688212,0.4410066573175457,0.4430379746835443,0.016531021402021,0.0122453046872532
OFR,PC,XGBoost,40,02451a70199caeb6,1.0,37065.0,37.0,0.93469324243148,0.4673092736112177,0.5100671140939598,0.0158855232951457,0.0120847892481703
OFR,PC,XGBoost,40,03f6df46954588f2,0.0,37035.0,37.0,0.932000926388316,0.4597014972009062,0.4585987261146497,0.0161084434688373,0.0122774868041301
OFR,PC,XGBoost,40,067cde7eb10e7b26,0.0,37100.0,37.0,0.9343096597694162,0.4719089090664313,0.4779874213836478,0.0158247025950491,0.0111377368063288
OFR,PC,XGBoost,40,19020384425e85c9,3.0,37038.0,37.0,0.9357788537392072,0.4619412408187868,0.4675324675324675,0.0159060592884219,0.0112244431153335
OFR,PC,XGBoost,40,21a964fc888e5c59,3.0,37058.0,37.0,0.934023782125048,0.4624356034129663,0.4864864864864865,0.0159029384291454,0.0113107066989197
OFR,PC,XGBoost,40,25264c99dc1494b2,1.0,37036.0,37.0,0.9337559980024752,0.4762459514118728,0.4895104895104895,0.0156790922433398,0.0120978826160423
OFR,PC,XGBoost,40,267091a61d761f1f,4.0,37039.0,37.0,0.9307524733844296,0.4564895115683575,0.4635761589403973,0.0161371633251522,0.011962614146389
OFR,PC,XGBoost,40,2b69b61ac6c2cce9,1.0,37101.0,37.0,0.9338102785678616,0.4694334744573787,0.4785276073619632,0.0159441952465341,0.0114260724763135
OFR,PC,XGBoost,40,2ee9a66169b4c3a6,4.0,37068.0,37.0,0.9355544940689436,0.4712546084674541,0.4530386740331492,0.0158030892591708,0.0119563674771372
OFR,PC,XGBoost,40,44d08a038263b3f1,2.0,37057.0,37.0,0.937635249075421,0.444907892419522,0.4567901234567901,0.0163543611903696,0.0118975365575562
OFR,PC,XGBoost,40,54ea8c2ee7f27f79,3.0,37103.0,37.0,0.933712573550166,0.4750766690101897,0.4871794871794871,0.0157706848673536,0.0119317733154933
OFR,PC,XGBoost,40,70dddccfaa450336,4.0,37104.0,37.0,0.93517091140688,0.473042762391875,0.4631578947368421,0.0159064540385076,0.0111351139813001
OFR,PC,XGBoost,40,7b17ea297d0deaab,2.0,37037.0,37.0,0.936839134116421,0.4678766826337487,0.4895104895104895,0.0158389678016466,0.0114514767442253
OFR,PC,XGBoost,40,7cf4e45145d7c952,3.0,37067.0,37.0,0.9346642927966072,0.4695865966665686,0.4662576687116564,0.0157075754158854,0.0115617323140354
OFR,PC,XGBoost,40,7f49375389580245,4.0,37059.0,37.0,0.9322325234672976,0.4652747068241182,0.4861111111111111,0.0160645045327156,0.0119563971624259
OFR,PC,XGBoost,40,83fee750d0ee1343,1.0,37056.0,37.0,0.9354278394163752,0.4587648135780411,0.48,0.0160546347192602,0.0111002059539361
OFR,PC,XGBoost,40,88ddc8566a8021fd,0.0,37064.0,37.0,0.9338971274724795,0.4714633244314175,0.4698795180722891,0.0157448908149701,0.0119890981060388
OFR,PC,XGBoost,40,9de6153d2ba1ca9f,2.0,37102.0,37.0,0.9344326957176252,0.4593789599261143,0.475,0.01611580574358,0.0108463171366232
OFR,PC,XGBoost,40,9e7e1d01c39c5ccd,2.0,37066.0,37.0,0.9295908692851612,0.467378899543745,0.4929577464788732,0.0158379614444385,0.01065812951674
OFR,PC,XGBoost,40,9fd71c4de881c61d,2.0,37044.0,37.0,0.932120343632166,0.4574072912896724,0.4635761589403973,0.0162574209239367,0.0125598285890342
OFR,PC,XGBoost,40,a4da82ed93b051a2,1.0,37043.0,37.0,0.934389271265316,0.4699299657822888,0.4596273291925465,0.0157638692984093,0.0117733041661603
OFR,PC,XGBoost,40,dadad69d4a9368c1,4.0,37046.0,37.0,0.9304412648095476,0.4606917903548984,0.4678362573099415,0.0160222277259371,0.0108975381547465
OFR,PC,XGBoost,40,e18d6c8cccf8ab55,3.0,37045.0,37.0,0.9360213069312664,0.463499006959553,0.4929577464788732,0.0158205288184531,0.0116463327535102
OFR,PC,XGBoost,40,e3fb59501680cc6d,0.0,37055.0,37.0,0.9320986314060112,0.4481058477235486,0.4605263157894737,0.0164013354176841,0.0119793222046011
OFR,PC,XGBoost,40,e3fd4a1235211e9c,0.0,37042.0,37.0,0.9356304868604844,0.4715617138037488,0.4651162790697674,0.0156868479817405,0.0103751477997735
OFR,PC,XGBoost,5,0084d085b1d5aeab,3.0,5067.0,5.0,0.8136222506893632,0.1333008304633671,0.2184300341296928,0.0218960828301529,0.0131272856444995
OFR,PC,XGBoost,5,07f18493b64035c7,4.0,5104.0,5.0,0.8207583356854911,0.1533943324174503,0.2464454976303317,0.0210252237638382,0.0113908159412466
OFR,PC,XGBoost,5,0d0d3871698081c7,4.0,5059.0,5.0,0.7912767512719747,0.1255166876466691,0.241860465116279,0.0209983461486729,0.0101304741244089
OFR,PC,XGBoost,5,2ac8a00f32139aed,3.0,5103.0,5.0,0.7761867540945641,0.073945916208046,0.1488095238095238,0.0222743981194053,0.0109874561787284
OFR,PC,XGBoost,5,34fac8878f370dfc,1.0,5101.0,5.0,0.7889028812124107,0.1344545075498617,0.1661538461538461,0.0209410323602493,0.0112193395212596
OFR,PC,XGBoost,5,35f186ae4103db76,3.0,5058.0,5.0,0.8689088158875595,0.2127790995711336,0.2564102564102564,0.0199001773370983,0.0109694161050611
OFR,PC,XGBoost,5,41dd2ebffa74cf51,4.0,5068.0,5.0,0.8916704663062437,0.2499444114794682,0.313953488372093,0.0191309448216312,0.0106852215116956
OFR,PC,XGBoost,5,41f4243837caf618,1.0,5036.0,5.0,0.8237473854861005,0.1924884186806537,0.25,0.0199533628969074,0.0095962044252574
OFR,PC,XGBoost,5,4c6525b83f93bedc,2.0,5057.0,5.0,0.8607015944011407,0.1508068168816231,0.1526717557251908,0.0205610533103061,0.0102055313942814
OFR,PC,XGBoost,5,540d6350ce4f2995,0.0,5100.0,5.0,0.8815091444659154,0.3101869710926525,0.3566878980891719,0.0180023881076777,0.0098163785478259
OFR,PC,XGBoost,5,5556775ffcaf90ff,2.0,5037.0,5.0,0.8311765855353149,0.1105950443383367,0.1702127659574468,0.0210867975148044,0.0119670438503407
OFR,PC,XGBoost,5,5b86aaa68c80cffa,0.0,5055.0,5.0,0.8716626499048281,0.1893955801137617,0.2101694915254237,0.0201650680791216,0.010273043861936
OFR,PC,XGBoost,5,651c6330b0a22b21,4.0,5046.0,5.0,0.884700841710634,0.2931555894007264,0.3172413793103448,0.0184139343451188,0.0125460153524231
OFR,PC,XGBoost,5,663d3e41c1caf943,2.0,5044.0,5.0,0.8275868308110964,0.16402380997319,0.1739130434782608,0.0207318937651241,0.0138466279670702
OFR,PC,XGBoost,5,7240cff37d91a99f,1.0,5056.0,5.0,0.8848817769285885,0.2213647986854618,0.3350253807106599,0.0196701829015903,0.0095515099682407
OFR,PC,XGBoost,5,76e31013e1f1a811,2.0,5102.0,5.0,0.8758458721439375,0.2935507164745637,0.3065693430656934,0.0186118234731955,0.0103754617246729
OFR,PC,XGBoost,5,774da5037f42a2f6,0.0,5042.0,5.0,0.8282128666652191,0.1008477733273013,0.1729729729729729,0.0213059035982575,0.0108186502904241
OFR,PC,XGBoost,5,7774ed0f2c77e83e,3.0,5045.0,5.0,0.7950691534403022,0.1303206784171274,0.1739130434782608,0.0212267026785477,0.0109133333038577
OFR,PC,XGBoost,5,84308454e137b1d0,4.0,5039.0,5.0,0.8978729255777262,0.3321585072935172,0.3247863247863248,0.0176178562137009,0.0089414100825832
OFR,PC,XGBoost,5,95319d4936d7b000,0.0,5035.0,5.0,0.7551946501074756,0.085855137814954,0.1581632653061224,0.0215974714484016,0.0113612194429704
OFR,PC,XGBoost,5,984eb7fe67cd00eb,1.0,5065.0,5.0,0.9105962901042912,0.3374068182831617,0.3597122302158273,0.0182157715818966,0.0111174305949359
OFR,PC,XGBoost,5,ad706fe5f30ebaa7,3.0,5038.0,5.0,0.9292760420059204,0.3572762835988055,0.3442622950819672,0.0172069003158858,0.0085472285758984
OFR,PC,XGBoost,5,b6014f35fa82b65f,1.0,5043.0,5.0,0.9104262109994138,0.2414970162979662,0.2994011976047904,0.0192722284161394,0.0090726938604816
OFR,PC,XGBoost,5,c632be3081134c8a,2.0,5066.0,5.0,0.8618161553437408,0.2182394029891984,0.3026315789473684,0.0195057167880874,0.0085106806674394
OFR,PC,XGBoost,5,f1487a53127e2439,0.0,5064.0,5.0,0.802592439802853,0.0959145851187227,0.1621621621621621,0.0218950387616584,0.0106666241396246
OFR,PC,XGBoost,ALL,16a0c374bfef247d,0.0,37042.0,37.0,0.9356304868604844,0.4715617138037488,0.4651162790697674,0.0156868479817405,0.0103751477997735
OFR,PC,XGBoost,ALL,19e0e27709c0cac8,2.0,37066.0,37.0,0.9295908692851612,0.467378899543745,0.4929577464788732,0.0158379614444385,0.01065812951674
OFR,PC,XGBoost,ALL,1d647448ab0c055e,1.0,37043.0,37.0,0.934389271265316,0.4699299657822888,0.4596273291925465,0.0157638692984093,0.0117733041661603
OFR,PC,XGBoost,ALL,24b0e817830fcbb1,1.0,37036.0,37.0,0.9337559980024752,0.4762459514118728,0.4895104895104895,0.0156790922433398,0.0120978826160423
OFR,PC,XGBoost,ALL,29dc35195cd1be0c,0.0,37035.0,37.0,0.932000926388316,0.4597014972009062,0.4585987261146497,0.0161084434688373,0.0122774868041301
OFR,PC,XGBoost,ALL,391f7424caf2b71b,4.0,37039.0,37.0,0.9307524733844296,0.4564895115683575,0.4635761589403973,0.0161371633251522,0.011962614146389
OFR,PC,XGBoost,ALL,549fa4d44bd926f9,1.0,37101.0,37.0,0.9338102785678616,0.4694334744573787,0.4785276073619632,0.0159441952465341,0.0114260724763135
OFR,PC,XGBoost,ALL,55f2bccd953596cd,0.0,37064.0,37.0,0.9338971274724795,0.4714633244314175,0.4698795180722891,0.0157448908149701,0.0119890981060388
OFR,PC,XGBoost,ALL,680d6799b6fdcc8d,3.0,37067.0,37.0,0.9346642927966072,0.4695865966665686,0.4662576687116564,0.0157075754158854,0.0115617323140354
OFR,PC,XGBoost,ALL,7862ebfba894dec4,2.0,37102.0,37.0,0.9344326957176252,0.4593789599261143,0.475,0.01611580574358,0.0108463171366232
OFR,PC,XGBoost,ALL,7fb2a969d42abb7f,2.0,37044.0,37.0,0.932120343632166,0.4574072912896724,0.4635761589403973,0.0162574209239367,0.0125598285890342
OFR,PC,XGBoost,ALL,880073e0210e96d9,4.0,37046.0,37.0,0.9304412648095476,0.4606917903548984,0.4678362573099415,0.0160222277259371,0.0108975381547465
OFR,PC,XGBoost,ALL,9121b3d08355a545,1.0,37056.0,37.0,0.9354278394163752,0.4587648135780411,0.48,0.0160546347192602,0.0111002059539361
OFR,PC,XGBoost,ALL,94e117b226d2e2b6,4.0,37068.0,37.0,0.9355544940689436,0.4712546084674541,0.4530386740331492,0.0158030892591708,0.0119563674771372
OFR,PC,XGBoost,ALL,970cc57168a1d9b4,1.0,37065.0,37.0,0.93469324243148,0.4673092736112177,0.5100671140939598,0.0158855232951457,0.0120847892481703
OFR,PC,XGBoost,ALL,9bb267de0a2c180f,2.0,37057.0,37.0,0.937635249075421,0.444907892419522,0.4567901234567901,0.0163543611903696,0.0118975365575562
OFR,PC,XGBoost,ALL,9be1add467a6b813,4.0,37059.0,37.0,0.9322325234672976,0.4652747068241182,0.4861111111111111,0.0160645045327156,0.0119563971624259
OFR,PC,XGBoost,ALL,c633588e73c1b101,0.0,37100.0,37.0,0.9343096597694162,0.4719089090664313,0.4779874213836478,0.0158247025950491,0.0111377368063288
OFR,PC,XGBoost,ALL,cf9b2fd680d6a755,2.0,37037.0,37.0,0.936839134116421,0.4678766826337487,0.4895104895104895,0.0158389678016466,0.0114514767442253
OFR,PC,XGBoost,ALL,cfc52844d55eab35,4.0,37104.0,37.0,0.93517091140688,0.473042762391875,0.4631578947368421,0.0159064540385076,0.0111351139813001
OFR,PC,XGBoost,ALL,e0e0adbd6721f387,3.0,37103.0,37.0,0.933712573550166,0.4750766690101897,0.4871794871794871,0.0157706848673536,0.0119317733154933
OFR,PC,XGBoost,ALL,ed7227188dd92ece,3.0,37045.0,37.0,0.9360213069312664,0.463499006959553,0.4929577464788732,0.0158205288184531,0.0116463327535102
OFR,PC,XGBoost,ALL,efd46ef0f7f2cef3,3.0,37058.0,37.0,0.934023782125048,0.4624356034129663,0.4864864864864865,0.0159029384291454,0.0113107066989197
OFR,PC,XGBoost,ALL,f980072511fbfa39,3.0,37038.0,37.0,0.9357788537392072,0.4619412408187868,0.4675324675324675,0.0159060592884219,0.0112244431153335
OFR,PC,XGBoost,ALL,fff728b906bbf90b,0.0,37055.0,37.0,0.9320986314060112,0.4481058477235486,0.4605263157894737,0.0164013354176841,0.0119793222046011
