FEATURE_KEY,SET,DAG,K_EDGE,TRIAL,SEED,N_FEAT,FEATURES_JSON
d142655db65fda0d,O,BASE,0,,,13,"[""leverage_ratio"", ""asset_liabilities"", ""roe"", ""asset_turnover"", ""debt_ratio"", ""debt_ratio2"", ""roa"", ""capitalization_ratio"", ""longtermdebt_invcap"", ""totaldebt_invcap"", ""cash_debt"", ""debt_ebitda"", ""rect_turn""]"
b93202c111b3750e,F,NOTEARS,1,,,1,"[""edge_NOTEARS__debt_ratio__asset_liabilities""]"
9560cd328a79aa95,OF,NOTEARS,1,,,14,"[""leverage_ratio"", ""asset_liabilities"", ""roe"", ""asset_turnover"", ""debt_ratio"", ""debt_ratio2"", ""roa"", ""capitalization_ratio"", ""longtermdebt_invcap"", ""totaldebt_invcap"", ""cash_debt"", ""debt_ebitda"", ""rect_turn"", ""edge_NOTEARS__debt_ratio__asset_liabilities""]"
4f5cf972f16a40f0,F,NOTEARS,2,,,2,"[""edge_NOTEARS__debt_ratio__asset_liabilities"", ""edge_NOTEARS__asset_liabilities__rect_turn""]"
df52776712e79ece,OF,NOTEARS,2,,,15,"[""leverage_ratio"", ""asset_liabilities"", ""roe"", ""asset_turnover"", ""debt_ratio"", ""debt_ratio2"", ""roa"", ""capitalization_ratio"", ""longtermdebt_invcap"", ""totaldebt_invcap"", ""cash_debt"", ""debt_ebitda"", ""rect_turn"", ""edge_NOTEARS__debt_ratio__asset_liabilities"", ""edge_NOTEARS__asset_liabilities__rect_turn""]"
d64d609cce45d57b,F,NOTEARS,3,,,3,"[""edge_NOTEARS__debt_ratio__asset_liabilities"", ""edge_NOTEARS__asset_liabilities__rect_turn"", ""edge_NOTEARS__roa__asset_turnover""]"
117e5679d7d36ee4,OF,NOTEARS,3,,,16,"[""leverage_ratio"", ""asset_liabilities"", ""roe"", ""asset_turnover"", ""debt_ratio"", ""debt_ratio2"", ""roa"", ""capitalization_ratio"", ""longtermdebt_invcap"", ""totaldebt_invcap"", ""cash_debt"", ""debt_ebitda"", ""rect_turn"", ""edge_NOTEARS__debt_ratio__asset_liabilities"", ""edge_NOTEARS__asset_liabilities__rect_turn"", ""edge_NOTEARS__roa__asset_turnover""]"
8adff992fd0706d4,F,NOTEARS,4,,,4,"[""edge_NOTEARS__debt_ratio__asset_liabilities"", ""edge_NOTEARS__asset_liabilities__rect_turn"", ""edge_NOTEARS__roa__asset_turnover"", ""edge_NOTEARS__roa__roe""]"
587db133f53188a4,OF,NOTEARS,4,,,17,"[""leverage_ratio"", ""asset_liabilities"", ""roe"", ""asset_turnover"", ""debt_ratio"", ""debt_ratio2"", ""roa"", ""capitalization_ratio"", ""longtermdebt_invcap"", ""totaldebt_invcap"", ""cash_debt"", ""debt_ebitda"", ""rect_turn"", ""edge_NOTEARS__debt_ratio__asset_liabilities"", ""edge_NOTEARS__asset_liabilities__rect_turn"", ""edge_NOTEARS__roa__asset_turnover"", ""edge_NOTEARS__roa__roe""]"
b1dec7466d19e199,F,NOTEARS,5,,,5,"[""edge_NOTEARS__debt_ratio__asset_liabilities"", ""edge_NOTEARS__asset_liabilities__rect_turn"", ""edge_NOTEARS__roa__asset_turnover"", ""edge_NOTEARS__roa__roe"", ""edge_NOTEARS__debt_ratio2__roa""]"
3db36631c90ecd70,OF,NOTEARS,5,,,18,"[""leverage_ratio"", ""asset_liabilities"", ""roe"", ""asset_turnover"", ""debt_ratio"", ""debt_ratio2"", ""roa"", ""capitalization_ratio"", ""longtermdebt_invcap"", ""totaldebt_invcap"", ""cash_debt"", ""debt_ebitda"", ""rect_turn"", ""edge_NOTEARS__debt_ratio__asset_liabilities"", ""edge_NOTEARS__asset_liabilities__rect_turn"", ""edge_NOTEARS__roa__asset_turnover"", ""edge_NOTEARS__roa__roe"", ""edge_NOTEARS__debt_ratio2__roa""]"
4219c68b6a956822,F,NOTEARS,6,,,6,"[""edge_NOTEARS__debt_ratio__asset_liabilities"", ""edge_NOTEARS__asset_liabilities__rect_turn"", ""edge_NOTEARS__roa__asset_turnover"", ""edge_NOTEARS__roa__roe"", ""edge_NOTEARS__debt_ratio2__roa"", ""edge_NOTEARS__debt_ratio2__totaldebt_invcap""]"
e4880562677fc7a0,OF,NOTEARS,6,,,19,"[""leverage_ratio"", ""asset_liabilities"", ""roe"", ""asset_turnover"", ""debt_ratio"", ""debt_ratio2"", ""roa"", ""capitalization_ratio"", ""longtermdebt_invcap"", ""totaldebt_invcap"", ""cash_debt"", ""debt_ebitda"", ""rect_turn"", ""edge_NOTEARS__debt_ratio__asset_liabilities"", ""edge_NOTEARS__asset_liabilities__rect_turn"", ""edge_NOTEARS__roa__asset_turnover"", ""edge_NOTEARS__roa__roe"", ""edge_NOTEARS__debt_ratio2__roa"", ""edge_NOTEARS__debt_ratio2__totaldebt_invcap""]"
d340e014abdbde54,F,NOTEARS,7,,,7,"[""edge_NOTEARS__debt_ratio__asset_liabilities"", ""edge_NOTEARS__asset_liabilities__rect_turn"", ""edge_NOTEARS__roa__asset_turnover"", ""edge_NOTEARS__roa__roe"", ""edge_NOTEARS__debt_ratio2__roa"", ""edge_NOTEARS__debt_ratio2__totaldebt_invcap"", ""edge_NOTEARS__capitalization_ratio__longtermdebt_invcap""]"
45103d7f1eb73543,OF,NOTEARS,7,,,20,"[""leverage_ratio"", ""asset_liabilities"", ""roe"", ""asset_turnover"", ""debt_ratio"", ""debt_ratio2"", ""roa"", ""capitalization_ratio"", ""longtermdebt_invcap"", ""totaldebt_invcap"", ""cash_debt"", ""debt_ebitda"", ""rect_turn"", ""edge_NOTEARS__debt_ratio__asset_liabilities"", ""edge_NOTEARS__asset_liabilities__rect_turn"", ""edge_NOTEARS__roa__asset_turnover"", ""edge_NOTEARS__roa__roe"", ""edge_NOTEARS__debt_ratio2__roa"", ""edge_NOTEARS__debt_ratio2__totaldebt_invcap"", ""edge_NOTEARS__capitalization_ratio__longtermdebt_invcap""]"
8e781898f93fae4c,F,NOTEARS,8,,,8,"[""edge_NOTEARS__debt_ratio__asset_liabilities"", ""edge_NOTEARS__asset_liabilities__rect_turn"", ""edge_NOTEARS__roa__asset_turnover"", ""edge_NOTEARS__roa__roe"", ""edge_NOTEARS__debt_ratio2__roa"", ""edge_NOTEARS__debt_ratio2__totaldebt_invcap"", ""edge_NOTEARS__capitalization_ratio__longtermdebt_invcap"", ""edge_NOTEARS__debt_ratio__leverage_ratio""]"
95fb0edc87e00551,OF,NOTEARS,8,,,21,"[""leverage_ratio"", ""asset_liabilities"", ""roe"", ""asset_turnover"", ""debt_ratio"", ""debt_ratio2"", ""roa"", ""capitalization_ratio"", ""longtermdebt_invcap"", ""totaldebt_invcap"", ""cash_debt"", ""debt_ebitda"", ""rect_turn"", ""edge_NOTEARS__debt_ratio__asset_liabilities"", ""edge_NOTEARS__asset_liabilities__rect_turn"", ""edge_NOTEARS__roa__asset_turnover"", ""edge_NOTEARS__roa__roe"", ""edge_NOTEARS__debt_ratio2__roa"", ""edge_NOTEARS__debt_ratio2__totaldebt_invcap"", ""edge_NOTEARS__capitalization_ratio__longtermdebt_invcap"", ""edge_NOTEARS__debt_ratio__leverage_ratio""]"
7857f6e9cbcb7625,F,NOTEARS,9,,,9,"[""edge_NOTEARS__debt_ratio__asset_liabilities"", ""edge_NOTEARS__asset_liabilities__rect_turn"", ""edge_NOTEARS__roa__asset_turnover"", ""edge_NOTEARS__roa__roe"", ""edge_NOTEARS__debt_ratio2__roa"", ""edge_NOTEARS__debt_ratio2__totaldebt_invcap"", ""edge_NOTEARS__capitalization_ratio__longtermdebt_invcap"", ""edge_NOTEARS__debt_ratio__leverage_ratio"", ""edge_NOTEARS__debt_ratio2__capitalization_ratio""]"
fd45e8eb1e0402f7,OF,NOTEARS,9,,,22,"[""leverage_ratio"", ""asset_liabilities"", ""roe"", ""asset_turnover"", ""debt_ratio"", ""debt_ratio2"", ""roa"", ""capitalization_ratio"", ""longtermdebt_invcap"", ""totaldebt_invcap"", ""cash_debt"", ""debt_ebitda"", ""rect_turn"", ""edge_NOTEARS__debt_ratio__asset_liabilities"", ""edge_NOTEARS__asset_liabilities__rect_turn"", ""edge_NOTEARS__roa__asset_turnover"", ""edge_NOTEARS__roa__roe"", ""edge_NOTEARS__debt_ratio2__roa"", ""edge_NOTEARS__debt_ratio2__totaldebt_invcap"", ""edge_NOTEARS__capitalization_ratio__longtermdebt_invcap"", ""edge_NOTEARS__debt_ratio__leverage_ratio"", ""edge_NOTEARS__debt_ratio2__capitalization_ratio""]"
47b1e5f94b9b1a02,F,NOTEARS,10,,,10,"[""edge_NOTEARS__debt_ratio__asset_liabilities"", ""edge_NOTEARS__asset_liabilities__rect_turn"", ""edge_NOTEARS__roa__asset_turnover"", ""edge_NOTEARS__roa__roe"", ""edge_NOTEARS__debt_ratio2__roa"", ""edge_NOTEARS__debt_ratio2__totaldebt_invcap"", ""edge_NOTEARS__capitalization_ratio__longtermdebt_invcap"", ""edge_NOTEARS__debt_ratio__leverage_ratio"", ""edge_NOTEARS__debt_ratio2__capitalization_ratio"", ""edge_NOTEARS__debt_ratio2__debt_ratio""]"
64d36f8c9c030f0d,OF,NOTEARS,10,,,23,"[""leverage_ratio"", ""asset_liabilities"", ""roe"", ""asset_turnover"", ""debt_ratio"", ""debt_ratio2"", ""roa"", ""capitalization_ratio"", ""longtermdebt_invcap"", ""totaldebt_invcap"", ""cash_debt"", ""debt_ebitda"", ""rect_turn"", ""edge_NOTEARS__debt_ratio__asset_liabilities"", ""edge_NOTEARS__asset_liabilities__rect_turn"", ""edge_NOTEARS__roa__asset_turnover"", ""edge_NOTEARS__roa__roe"", ""edge_NOTEARS__debt_ratio2__roa"", ""edge_NOTEARS__debt_ratio2__totaldebt_invcap"", ""edge_NOTEARS__capitalization_ratio__longtermdebt_invcap"", ""edge_NOTEARS__debt_ratio__leverage_ratio"", ""edge_NOTEARS__debt_ratio2__capitalization_ratio"", ""edge_NOTEARS__debt_ratio2__debt_ratio""]"
2bdae9aac38d646c,F,NOTEARS,11,,,11,"[""edge_NOTEARS__debt_ratio__asset_liabilities"", ""edge_NOTEARS__asset_liabilities__rect_turn"", ""edge_NOTEARS__roa__asset_turnover"", ""edge_NOTEARS__roa__roe"", ""edge_NOTEARS__debt_ratio2__roa"", ""edge_NOTEARS__debt_ratio2__totaldebt_invcap"", ""edge_NOTEARS__capitalization_ratio__longtermdebt_invcap"", ""edge_NOTEARS__debt_ratio__leverage_ratio"", ""edge_NOTEARS__debt_ratio2__capitalization_ratio"", ""edge_NOTEARS__debt_ratio2__debt_ratio"", ""edge_NOTEARS__longtermdebt_invcap__totaldebt_invcap""]"
47cefbe35f92b4fb,OF,NOTEARS,11,,,24,"[""leverage_ratio"", ""asset_liabilities"", ""roe"", ""asset_turnover"", ""debt_ratio"", ""debt_ratio2"", ""roa"", ""capitalization_ratio"", ""longtermdebt_invcap"", ""totaldebt_invcap"", ""cash_debt"", ""debt_ebitda"", ""rect_turn"", ""edge_NOTEARS__debt_ratio__asset_liabilities"", ""edge_NOTEARS__asset_liabilities__rect_turn"", ""edge_NOTEARS__roa__asset_turnover"", ""edge_NOTEARS__roa__roe"", ""edge_NOTEARS__debt_ratio2__roa"", ""edge_NOTEARS__debt_ratio2__totaldebt_invcap"", ""edge_NOTEARS__capitalization_ratio__longtermdebt_invcap"", ""edge_NOTEARS__debt_ratio__leverage_ratio"", ""edge_NOTEARS__debt_ratio2__capitalization_ratio"", ""edge_NOTEARS__debt_ratio2__debt_ratio"", ""edge_NOTEARS__longtermdebt_invcap__totaldebt_invcap""]"
35c436b9acad27fc,F,NOTEARS,12,,,12,"[""edge_NOTEARS__debt_ratio__asset_liabilities"", ""edge_NOTEARS__asset_liabilities__rect_turn"", ""edge_NOTEARS__roa__asset_turnover"", ""edge_NOTEARS__roa__roe"", ""edge_NOTEARS__debt_ratio2__roa"", ""edge_NOTEARS__debt_ratio2__totaldebt_invcap"", ""edge_NOTEARS__capitalization_ratio__longtermdebt_invcap"", ""edge_NOTEARS__debt_ratio__leverage_ratio"", ""edge_NOTEARS__debt_ratio2__capitalization_ratio"", ""edge_NOTEARS__debt_ratio2__debt_ratio"", ""edge_NOTEARS__longtermdebt_invcap__totaldebt_invcap"", ""edge_NOTEARS__capitalization_ratio__totaldebt_invcap""]"
8047115df588c02f,OF,NOTEARS,12,,,25,"[""leverage_ratio"", ""asset_liabilities"", ""roe"", ""asset_turnover"", ""debt_ratio"", ""debt_ratio2"", ""roa"", ""capitalization_ratio"", ""longtermdebt_invcap"", ""totaldebt_invcap"", ""cash_debt"", ""debt_ebitda"", ""rect_turn"", ""edge_NOTEARS__debt_ratio__asset_liabilities"", ""edge_NOTEARS__asset_liabilities__rect_turn"", ""edge_NOTEARS__roa__asset_turnover"", ""edge_NOTEARS__roa__roe"", ""edge_NOTEARS__debt_ratio2__roa"", ""edge_NOTEARS__debt_ratio2__totaldebt_invcap"", ""edge_NOTEARS__capitalization_ratio__longtermdebt_invcap"", ""edge_NOTEARS__debt_ratio__leverage_ratio"", ""edge_NOTEARS__debt_ratio2__capitalization_ratio"", ""edge_NOTEARS__debt_ratio2__debt_ratio"", ""edge_NOTEARS__longtermdebt_invcap__totaldebt_invcap"", ""edge_NOTEARS__capitalization_ratio__totaldebt_invcap""]"
a7a8f4c78d6b8160,F,NOTEARS,13,,,13,"[""edge_NOTEARS__debt_ratio__asset_liabilities"", ""edge_NOTEARS__asset_liabilities__rect_turn"", ""edge_NOTEARS__roa__asset_turnover"", ""edge_NOTEARS__roa__roe"", ""edge_NOTEARS__debt_ratio2__roa"", ""edge_NOTEARS__debt_ratio2__totaldebt_invcap"", ""edge_NOTEARS__capitalization_ratio__longtermdebt_invcap"", ""edge_NOTEARS__debt_ratio__leverage_ratio"", ""edge_NOTEARS__debt_ratio2__capitalization_ratio"", ""edge_NOTEARS__debt_ratio2__debt_ratio"", ""edge_NOTEARS__longtermdebt_invcap__totaldebt_invcap"", ""edge_NOTEARS__capitalization_ratio__totaldebt_invcap"", ""edge_NOTEARS__capitalization_ratio__debt_ratio""]"
68ef7380626a1b30,OF,NOTEARS,13,,,26,"[""leverage_ratio"", ""asset_liabilities"", ""roe"", ""asset_turnover"", ""debt_ratio"", ""debt_ratio2"", ""roa"", ""capitalization_ratio"", ""longtermdebt_invcap"", ""totaldebt_invcap"", ""cash_debt"", ""debt_ebitda"", ""rect_turn"", ""edge_NOTEARS__debt_ratio__asset_liabilities"", ""edge_NOTEARS__asset_liabilities__rect_turn"", ""edge_NOTEARS__roa__asset_turnover"", ""edge_NOTEARS__roa__roe"", ""edge_NOTEARS__debt_ratio2__roa"", ""edge_NOTEARS__debt_ratio2__totaldebt_invcap"", ""edge_NOTEARS__capitalization_ratio__longtermdebt_invcap"", ""edge_NOTEARS__debt_ratio__leverage_ratio"", ""edge_NOTEARS__debt_ratio2__capitalization_ratio"", ""edge_NOTEARS__debt_ratio2__debt_ratio"", ""edge_NOTEARS__longtermdebt_invcap__totaldebt_invcap"", ""edge_NOTEARS__capitalization_ratio__totaldebt_invcap"", ""edge_NOTEARS__capitalization_ratio__debt_ratio""]"
1beaf69a6726221e,F,NOTEARS,14,,,14,"[""edge_NOTEARS__debt_ratio__asset_liabilities"", ""edge_NOTEARS__asset_liabilities__rect_turn"", ""edge_NOTEARS__roa__asset_turnover"", ""edge_NOTEARS__roa__roe"", ""edge_NOTEARS__debt_ratio2__roa"", ""edge_NOTEARS__debt_ratio2__totaldebt_invcap"", ""edge_NOTEARS__capitalization_ratio__longtermdebt_invcap"", ""edge_NOTEARS__debt_ratio__leverage_ratio"", ""edge_NOTEARS__debt_ratio2__capitalization_ratio"", ""edge_NOTEARS__debt_ratio2__debt_ratio"", ""edge_NOTEARS__longtermdebt_invcap__totaldebt_invcap"", ""edge_NOTEARS__capitalization_ratio__totaldebt_invcap"", ""edge_NOTEARS__capitalization_ratio__debt_ratio"", ""edge_NOTEARS__totaldebt_invcap__debt_ratio""]"
a049e56c5593b22c,OF,NOTEARS,14,,,27,"[""leverage_ratio"", ""asset_liabilities"", ""roe"", ""asset_turnover"", ""debt_ratio"", ""debt_ratio2"", ""roa"", ""capitalization_ratio"", ""longtermdebt_invcap"", ""totaldebt_invcap"", ""cash_debt"", ""debt_ebitda"", ""rect_turn"", ""edge_NOTEARS__debt_ratio__asset_liabilities"", ""edge_NOTEARS__asset_liabilities__rect_turn"", ""edge_NOTEARS__roa__asset_turnover"", ""edge_NOTEARS__roa__roe"", ""edge_NOTEARS__debt_ratio2__roa"", ""edge_NOTEARS__debt_ratio2__totaldebt_invcap"", ""edge_NOTEARS__capitalization_ratio__longtermdebt_invcap"", ""edge_NOTEARS__debt_ratio__leverage_ratio"", ""edge_NOTEARS__debt_ratio2__capitalization_ratio"", ""edge_NOTEARS__debt_ratio2__debt_ratio"", ""edge_NOTEARS__longtermdebt_invcap__totaldebt_invcap"", ""edge_NOTEARS__capitalization_ratio__totaldebt_invcap"", ""edge_NOTEARS__capitalization_ratio__debt_ratio"", ""edge_NOTEARS__totaldebt_invcap__debt_ratio""]"
99f71147c0b37466,F,NOTEARS,15,,,15,"[""edge_NOTEARS__debt_ratio__asset_liabilities"", ""edge_NOTEARS__asset_liabilities__rect_turn"", ""edge_NOTEARS__roa__asset_turnover"", ""edge_NOTEARS__roa__roe"", ""edge_NOTEARS__debt_ratio2__roa"", ""edge_NOTEARS__debt_ratio2__totaldebt_invcap"", ""edge_NOTEARS__capitalization_ratio__longtermdebt_invcap"", ""edge_NOTEARS__debt_ratio__leverage_ratio"", ""edge_NOTEARS__debt_ratio2__capitalization_ratio"", ""edge_NOTEARS__debt_ratio2__debt_ratio"", ""edge_NOTEARS__longtermdebt_invcap__totaldebt_invcap"", ""edge_NOTEARS__capitalization_ratio__totaldebt_invcap"", ""edge_NOTEARS__capitalization_ratio__debt_ratio"", ""edge_NOTEARS__totaldebt_invcap__debt_ratio"", ""edge_NOTEARS__debt_ebitda__debt_ratio2""]"
4c18467cb3445b9d,OF,NOTEARS,15,,,28,"[""leverage_ratio"", ""asset_liabilities"", ""roe"", ""asset_turnover"", ""debt_ratio"", ""debt_ratio2"", ""roa"", ""capitalization_ratio"", ""longtermdebt_invcap"", ""totaldebt_invcap"", ""cash_debt"", ""debt_ebitda"", ""rect_turn"", ""edge_NOTEARS__debt_ratio__asset_liabilities"", ""edge_NOTEARS__asset_liabilities__rect_turn"", ""edge_NOTEARS__roa__asset_turnover"", ""edge_NOTEARS__roa__roe"", ""edge_NOTEARS__debt_ratio2__roa"", ""edge_NOTEARS__debt_ratio2__totaldebt_invcap"", ""edge_NOTEARS__capitalization_ratio__longtermdebt_invcap"", ""edge_NOTEARS__debt_ratio__leverage_ratio"", ""edge_NOTEARS__debt_ratio2__capitalization_ratio"", ""edge_NOTEARS__debt_ratio2__debt_ratio"", ""edge_NOTEARS__longtermdebt_invcap__totaldebt_invcap"", ""edge_NOTEARS__capitalization_ratio__totaldebt_invcap"", ""edge_NOTEARS__capitalization_ratio__debt_ratio"", ""edge_NOTEARS__totaldebt_invcap__debt_ratio"", ""edge_NOTEARS__debt_ebitda__debt_ratio2""]"
2e09a38d203e2519,F,NOTEARS,16,,,16,"[""edge_NOTEARS__debt_ratio__asset_liabilities"", ""edge_NOTEARS__asset_liabilities__rect_turn"", ""edge_NOTEARS__roa__asset_turnover"", ""edge_NOTEARS__roa__roe"", ""edge_NOTEARS__debt_ratio2__roa"", ""edge_NOTEARS__debt_ratio2__totaldebt_invcap"", ""edge_NOTEARS__capitalization_ratio__longtermdebt_invcap"", ""edge_NOTEARS__debt_ratio__leverage_ratio"", ""edge_NOTEARS__debt_ratio2__capitalization_ratio"", ""edge_NOTEARS__debt_ratio2__debt_ratio"", ""edge_NOTEARS__longtermdebt_invcap__totaldebt_invcap"", ""edge_NOTEARS__capitalization_ratio__totaldebt_invcap"", ""edge_NOTEARS__capitalization_ratio__debt_ratio"", ""edge_NOTEARS__totaldebt_invcap__debt_ratio"", ""edge_NOTEARS__debt_ebitda__debt_ratio2"", ""edge_NOTEARS__capitalization_ratio__roa""]"
50f34c7124434fa2,OF,NOTEARS,16,,,29,"[""leverage_ratio"", ""asset_liabilities"", ""roe"", ""asset_turnover"", ""debt_ratio"", ""debt_ratio2"", ""roa"", ""capitalization_ratio"", ""longtermdebt_invcap"", ""totaldebt_invcap"", ""cash_debt"", ""debt_ebitda"", ""rect_turn"", ""edge_NOTEARS__debt_ratio__asset_liabilities"", ""edge_NOTEARS__asset_liabilities__rect_turn"", ""edge_NOTEARS__roa__asset_turnover"", ""edge_NOTEARS__roa__roe"", ""edge_NOTEARS__debt_ratio2__roa"", ""edge_NOTEARS__debt_ratio2__totaldebt_invcap"", ""edge_NOTEARS__capitalization_ratio__longtermdebt_invcap"", ""edge_NOTEARS__debt_ratio__leverage_ratio"", ""edge_NOTEARS__debt_ratio2__capitalization_ratio"", ""edge_NOTEARS__debt_ratio2__debt_ratio"", ""edge_NOTEARS__longtermdebt_invcap__totaldebt_invcap"", ""edge_NOTEARS__capitalization_ratio__totaldebt_invcap"", ""edge_NOTEARS__capitalization_ratio__debt_ratio"", ""edge_NOTEARS__totaldebt_invcap__debt_ratio"", ""edge_NOTEARS__debt_ebitda__debt_ratio2"", ""edge_NOTEARS__capitalization_ratio__roa""]"
e9b5583403fe4d36,F,NOTEARS,17,,,17,"[""edge_NOTEARS__debt_ratio__asset_liabilities"", ""edge_NOTEARS__asset_liabilities__rect_turn"", ""edge_NOTEARS__roa__asset_turnover"", ""edge_NOTEARS__roa__roe"", ""edge_NOTEARS__debt_ratio2__roa"", ""edge_NOTEARS__debt_ratio2__totaldebt_invcap"", ""edge_NOTEARS__capitalization_ratio__longtermdebt_invcap"", ""edge_NOTEARS__debt_ratio__leverage_ratio"", ""edge_NOTEARS__debt_ratio2__capitalization_ratio"", ""edge_NOTEARS__debt_ratio2__debt_ratio"", ""edge_NOTEARS__longtermdebt_invcap__totaldebt_invcap"", ""edge_NOTEARS__capitalization_ratio__totaldebt_invcap"", ""edge_NOTEARS__capitalization_ratio__debt_ratio"", ""edge_NOTEARS__totaldebt_invcap__debt_ratio"", ""edge_NOTEARS__debt_ebitda__debt_ratio2"", ""edge_NOTEARS__capitalization_ratio__roa"", ""edge_NOTEARS__totaldebt_invcap__leverage_ratio""]"
8e81714289f30c0d,OF,NOTEARS,17,,,30,"[""leverage_ratio"", ""asset_liabilities"", ""roe"", ""asset_turnover"", ""debt_ratio"", ""debt_ratio2"", ""roa"", ""capitalization_ratio"", ""longtermdebt_invcap"", ""totaldebt_invcap"", ""cash_debt"", ""debt_ebitda"", ""rect_turn"", ""edge_NOTEARS__debt_ratio__asset_liabilities"", ""edge_NOTEARS__asset_liabilities__rect_turn"", ""edge_NOTEARS__roa__asset_turnover"", ""edge_NOTEARS__roa__roe"", ""edge_NOTEARS__debt_ratio2__roa"", ""edge_NOTEARS__debt_ratio2__totaldebt_invcap"", ""edge_NOTEARS__capitalization_ratio__longtermdebt_invcap"", ""edge_NOTEARS__debt_ratio__leverage_ratio"", ""edge_NOTEARS__debt_ratio2__capitalization_ratio"", ""edge_NOTEARS__debt_ratio2__debt_ratio"", ""edge_NOTEARS__longtermdebt_invcap__totaldebt_invcap"", ""edge_NOTEARS__capitalization_ratio__totaldebt_invcap"", ""edge_NOTEARS__capitalization_ratio__debt_ratio"", ""edge_NOTEARS__totaldebt_invcap__debt_ratio"", ""edge_NOTEARS__debt_ebitda__debt_ratio2"", ""edge_NOTEARS__capitalization_ratio__roa"", ""edge_NOTEARS__totaldebt_invcap__leverage_ratio""]"
f88a1e063e15dac3,OFR,NOTEARS,5,0,5100,5,"[""asset_liabilities"", ""edge_NOTEARS__debt_ratio__leverage_ratio"", ""edge_NOTEARS__capitalization_ratio__longtermdebt_invcap"", ""edge_NOTEARS__debt_ratio2__capitalization_ratio"", ""edge_NOTEARS__totaldebt_invcap__debt_ratio""]"
5e317ff3e3da37a5,OFR,NOTEARS,5,1,5101,5,"[""edge_NOTEARS__capitalization_ratio__roa"", ""capitalization_ratio"", ""debt_ebitda"", ""edge_NOTEARS__totaldebt_invcap__debt_ratio"", ""debt_ratio""]"
a9f5d06822798055,OFR,NOTEARS,5,2,5102,5,"[""edge_NOTEARS__totaldebt_invcap__debt_ratio"", ""debt_ratio2"", ""edge_NOTEARS__debt_ratio2__roa"", ""roe"", ""debt_ratio""]"
6f409f9a707d1a68,OFR,NOTEARS,5,3,5103,5,"[""leverage_ratio"", ""edge_NOTEARS__debt_ratio2__capitalization_ratio"", ""edge_NOTEARS__capitalization_ratio__totaldebt_invcap"", ""edge_NOTEARS__capitalization_ratio__longtermdebt_invcap"", ""debt_ebitda""]"
81cbc92549b10259,OFR,NOTEARS,5,4,5104,5,"[""edge_NOTEARS__debt_ratio__asset_liabilities"", ""roa"", ""edge_NOTEARS__debt_ratio2__capitalization_ratio"", ""edge_NOTEARS__debt_ratio__leverage_ratio"", ""edge_NOTEARS__totaldebt_invcap__debt_ratio""]"
46fe058c4ab36940,OFR,NOTEARS,10,0,10100,10,"[""roa"", ""edge_NOTEARS__capitalization_ratio__roa"", ""rect_turn"", ""edge_NOTEARS__capitalization_ratio__debt_ratio"", ""totaldebt_invcap"", ""roe"", ""edge_NOTEARS__debt_ratio2__roa"", ""capitalization_ratio"", ""edge_NOTEARS__longtermdebt_invcap__totaldebt_invcap"", ""edge_NOTEARS__debt_ratio2__totaldebt_invcap""]"
461f292f894a6c04,OFR,NOTEARS,10,1,10101,10,"[""roa"", ""edge_NOTEARS__debt_ratio2__roa"", ""edge_NOTEARS__totaldebt_invcap__debt_ratio"", ""edge_NOTEARS__debt_ebitda__debt_ratio2"", ""debt_ratio2"", ""edge_NOTEARS__capitalization_ratio__longtermdebt_invcap"", ""roe"", ""capitalization_ratio"", ""edge_NOTEARS__debt_ratio__leverage_ratio"", ""debt_ratio""]"
28ebbdf3cdf63dac,OFR,NOTEARS,10,2,10102,10,"[""edge_NOTEARS__debt_ratio__asset_liabilities"", ""roe"", ""edge_NOTEARS__asset_liabilities__rect_turn"", ""debt_ebitda"", ""edge_NOTEARS__debt_ratio__leverage_ratio"", ""edge_NOTEARS__totaldebt_invcap__leverage_ratio"", ""edge_NOTEARS__debt_ratio2__totaldebt_invcap"", ""edge_NOTEARS__totaldebt_invcap__debt_ratio"", ""roa"", ""longtermdebt_invcap""]"
7666e1248373564d,OFR,NOTEARS,10,3,10103,10,"[""edge_NOTEARS__roa__roe"", ""edge_NOTEARS__debt_ratio2__roa"", ""debt_ebitda"", ""capitalization_ratio"", ""edge_NOTEARS__totaldebt_invcap__debt_ratio"", ""debt_ratio"", ""edge_NOTEARS__capitalization_ratio__debt_ratio"", ""edge_NOTEARS__capitalization_ratio__roa"", ""cash_debt"", ""edge_NOTEARS__totaldebt_invcap__leverage_ratio""]"
aec8e210a0701a1e,OFR,NOTEARS,10,4,10104,10,"[""longtermdebt_invcap"", ""edge_NOTEARS__totaldebt_invcap__leverage_ratio"", ""roe"", ""edge_NOTEARS__debt_ratio2__debt_ratio"", ""edge_NOTEARS__capitalization_ratio__roa"", ""edge_NOTEARS__debt_ebitda__debt_ratio2"", ""edge_NOTEARS__capitalization_ratio__totaldebt_invcap"", ""edge_NOTEARS__asset_liabilities__rect_turn"", ""edge_NOTEARS__debt_ratio2__totaldebt_invcap"", ""edge_NOTEARS__roa__roe""]"
33edefc2e4f211a2,OFR,NOTEARS,20,0,20100,20,"[""longtermdebt_invcap"", ""edge_NOTEARS__totaldebt_invcap__leverage_ratio"", ""leverage_ratio"", ""roa"", ""capitalization_ratio"", ""rect_turn"", ""edge_NOTEARS__capitalization_ratio__totaldebt_invcap"", ""asset_turnover"", ""edge_NOTEARS__totaldebt_invcap__debt_ratio"", ""edge_NOTEARS__asset_liabilities__rect_turn"", ""edge_NOTEARS__roa__roe"", ""edge_NOTEARS__debt_ratio2__capitalization_ratio"", ""debt_ratio"", ""totaldebt_invcap"", ""edge_NOTEARS__debt_ebitda__debt_ratio2"", ""debt_ebitda"", ""edge_NOTEARS__roa__asset_turnover"", ""cash_debt"", ""debt_ratio2"", ""edge_NOTEARS__debt_ratio2__totaldebt_invcap""]"
58a9bdb1d80d7b4b,OFR,NOTEARS,20,1,20101,20,"[""debt_ratio"", ""edge_NOTEARS__capitalization_ratio__roa"", ""asset_turnover"", ""edge_NOTEARS__roa__roe"", ""totaldebt_invcap"", ""longtermdebt_invcap"", ""edge_NOTEARS__debt_ratio__asset_liabilities"", ""debt_ebitda"", ""leverage_ratio"", ""edge_NOTEARS__roa__asset_turnover"", ""roa"", ""edge_NOTEARS__debt_ratio__leverage_ratio"", ""edge_NOTEARS__debt_ratio2__capitalization_ratio"", ""cash_debt"", ""rect_turn"", ""edge_NOTEARS__asset_liabilities__rect_turn"", ""roe"", ""edge_NOTEARS__totaldebt_invcap__leverage_ratio"", ""edge_NOTEARS__capitalization_ratio__longtermdebt_invcap"", ""edge_NOTEARS__capitalization_ratio__totaldebt_invcap""]"
3d9d87c35efd6d63,OFR,NOTEARS,20,2,20102,20,"[""debt_ratio2"", ""longtermdebt_invcap"", ""roa"", ""edge_NOTEARS__totaldebt_invcap__debt_ratio"", ""edge_NOTEARS__capitalization_ratio__roa"", ""edge_NOTEARS__roa__asset_turnover"", ""edge_NOTEARS__capitalization_ratio__totaldebt_invcap"", ""edge_NOTEARS__capitalization_ratio__longtermdebt_invcap"", ""asset_turnover"", ""edge_NOTEARS__totaldebt_invcap__leverage_ratio"", ""edge_NOTEARS__debt_ratio2__totaldebt_invcap"", ""edge_NOTEARS__debt_ratio2__roa"", ""edge_NOTEARS__roa__roe"", ""debt_ebitda"", ""edge_NOTEARS__capitalization_ratio__debt_ratio"", ""edge_NOTEARS__asset_liabilities__rect_turn"", ""cash_debt"", ""capitalization_ratio"", ""leverage_ratio"", ""roe""]"
b72a084461027f90,OFR,NOTEARS,20,3,20103,20,"[""edge_NOTEARS__debt_ebitda__debt_ratio2"", ""totaldebt_invcap"", ""edge_NOTEARS__capitalization_ratio__totaldebt_invcap"", ""debt_ratio"", ""edge_NOTEARS__asset_liabilities__rect_turn"", ""edge_NOTEARS__roa__asset_turnover"", ""leverage_ratio"", ""edge_NOTEARS__roa__roe"", ""edge_NOTEARS__longtermdebt_invcap__totaldebt_invcap"", ""debt_ratio2"", ""debt_ebitda"", ""asset_liabilities"", ""edge_NOTEARS__debt_ratio2__totaldebt_invcap"", ""edge_NOTEARS__debt_ratio2__debt_ratio"", ""edge_NOTEARS__debt_ratio__leverage_ratio"", ""asset_turnover"", ""roa"", ""edge_NOTEARS__debt_ratio2__roa"", ""edge_NOTEARS__totaldebt_invcap__leverage_ratio"", ""edge_NOTEARS__debt_ratio2__capitalization_ratio""]"
b6f47bf2af381f9b,OFR,NOTEARS,20,4,20104,20,"[""cash_debt"", ""roa"", ""longtermdebt_invcap"", ""edge_NOTEARS__debt_ratio2__capitalization_ratio"", ""roe"", ""totaldebt_invcap"", ""rect_turn"", ""edge_NOTEARS__capitalization_ratio__longtermdebt_invcap"", ""edge_NOTEARS__debt_ratio2__debt_ratio"", ""asset_liabilities"", ""edge_NOTEARS__debt_ratio2__totaldebt_invcap"", ""edge_NOTEARS__asset_liabilities__rect_turn"", ""edge_NOTEARS__capitalization_ratio__roa"", ""edge_NOTEARS__totaldebt_invcap__debt_ratio"", ""edge_NOTEARS__roa__roe"", ""edge_NOTEARS__totaldebt_invcap__leverage_ratio"", ""leverage_ratio"", ""edge_NOTEARS__longtermdebt_invcap__totaldebt_invcap"", ""debt_ratio2"", ""edge_NOTEARS__debt_ratio__asset_liabilities""]"
94aeed4681266421,OFR,NOTEARS,30,0,30100,30,"[""edge_NOTEARS__asset_liabilities__rect_turn"", ""edge_NOTEARS__longtermdebt_invcap__totaldebt_invcap"", ""edge_NOTEARS__debt_ratio__leverage_ratio"", ""capitalization_ratio"", ""edge_NOTEARS__debt_ratio2__totaldebt_invcap"", ""edge_NOTEARS__debt_ratio2__capitalization_ratio"", ""debt_ratio"", ""edge_NOTEARS__roa__asset_turnover"", ""cash_debt"", ""asset_turnover"", ""debt_ebitda"", ""edge_NOTEARS__roa__roe"", ""edge_NOTEARS__totaldebt_invcap__debt_ratio"", ""roe"", ""edge_NOTEARS__capitalization_ratio__roa"", ""asset_liabilities"", ""edge_NOTEARS__capitalization_ratio__longtermdebt_invcap"", ""debt_ratio2"", ""edge_NOTEARS__debt_ratio__asset_liabilities"", ""edge_NOTEARS__debt_ratio2__debt_ratio"", ""edge_NOTEARS__totaldebt_invcap__leverage_ratio"", ""longtermdebt_invcap"", ""edge_NOTEARS__debt_ebitda__debt_ratio2"", ""roa"", ""edge_NOTEARS__debt_ratio2__roa"", ""rect_turn"", ""edge_NOTEARS__capitalization_ratio__debt_ratio"", ""totaldebt_invcap"", ""edge_NOTEARS__capitalization_ratio__totaldebt_invcap"", ""leverage_ratio""]"
3730df010e6acffd,OFR,NOTEARS,30,1,30101,30,"[""edge_NOTEARS__debt_ebitda__debt_ratio2"", ""edge_NOTEARS__capitalization_ratio__debt_ratio"", ""edge_NOTEARS__asset_liabilities__rect_turn"", ""rect_turn"", ""capitalization_ratio"", ""edge_NOTEARS__longtermdebt_invcap__totaldebt_invcap"", ""edge_NOTEARS__debt_ratio__asset_liabilities"", ""edge_NOTEARS__totaldebt_invcap__debt_ratio"", ""debt_ebitda"", ""edge_NOTEARS__capitalization_ratio__roa"", ""edge_NOTEARS__totaldebt_invcap__leverage_ratio"", ""leverage_ratio"", ""debt_ratio2"", ""roa"", ""asset_turnover"", ""totaldebt_invcap"", ""longtermdebt_invcap"", ""edge_NOTEARS__debt_ratio2__debt_ratio"", ""edge_NOTEARS__roa__roe"", ""edge_NOTEARS__debt_ratio2__roa"", ""edge_NOTEARS__roa__asset_turnover"", ""edge_NOTEARS__debt_ratio__leverage_ratio"", ""debt_ratio"", ""roe"", ""asset_liabilities"", ""edge_NOTEARS__capitalization_ratio__totaldebt_invcap"", ""edge_NOTEARS__debt_ratio2__totaldebt_invcap"", ""cash_debt"", ""edge_NOTEARS__debt_ratio2__capitalization_ratio"", ""edge_NOTEARS__capitalization_ratio__longtermdebt_invcap""]"
e64f09cd48d47b32,OFR,NOTEARS,30,2,30102,30,"[""rect_turn"", ""edge_NOTEARS__debt_ratio__asset_liabilities"", ""debt_ratio2"", ""edge_NOTEARS__asset_liabilities__rect_turn"", ""edge_NOTEARS__roa__roe"", ""leverage_ratio"", ""edge_NOTEARS__debt_ratio2__capitalization_ratio"", ""edge_NOTEARS__debt_ratio2__debt_ratio"", ""edge_NOTEARS__capitalization_ratio__totaldebt_invcap"", ""edge_NOTEARS__debt_ratio2__totaldebt_invcap"", ""capitalization_ratio"", ""edge_NOTEARS__capitalization_ratio__longtermdebt_invcap"", ""roe"", ""cash_debt"", ""edge_NOTEARS__debt_ebitda__debt_ratio2"", ""edge_NOTEARS__longtermdebt_invcap__totaldebt_invcap"", ""edge_NOTEARS__capitalization_ratio__debt_ratio"", ""edge_NOTEARS__debt_ratio__leverage_ratio"", ""asset_turnover"", ""edge_NOTEARS__roa__asset_turnover"", ""asset_liabilities"", ""edge_NOTEARS__totaldebt_invcap__debt_ratio"", ""debt_ratio"", ""roa"", ""longtermdebt_invcap"", ""edge_NOTEARS__debt_ratio2__roa"", ""edge_NOTEARS__capitalization_ratio__roa"", ""totaldebt_invcap"", ""edge_NOTEARS__totaldebt_invcap__leverage_ratio"", ""debt_ebitda""]"
05e58f7500851fb0,OFR,NOTEARS,30,3,30103,30,"[""edge_NOTEARS__debt_ebitda__debt_ratio2"", ""leverage_ratio"", ""totaldebt_invcap"", ""edge_NOTEARS__capitalization_ratio__debt_ratio"", ""edge_NOTEARS__debt_ratio2__capitalization_ratio"", ""roe"", ""edge_NOTEARS__debt_ratio2__totaldebt_invcap"", ""rect_turn"", ""edge_NOTEARS__roa__asset_turnover"", ""roa"", ""edge_NOTEARS__capitalization_ratio__totaldebt_invcap"", ""asset_liabilities"", ""asset_turnover"", ""debt_ratio2"", ""cash_debt"", ""edge_NOTEARS__debt_ratio__leverage_ratio"", ""edge_NOTEARS__debt_ratio__asset_liabilities"", ""edge_NOTEARS__capitalization_ratio__longtermdebt_invcap"", ""capitalization_ratio"", ""edge_NOTEARS__totaldebt_invcap__debt_ratio"", ""edge_NOTEARS__roa__roe"", ""edge_NOTEARS__debt_ratio2__debt_ratio"", ""debt_ebitda"", ""debt_ratio"", ""edge_NOTEARS__longtermdebt_invcap__totaldebt_invcap"", ""edge_NOTEARS__totaldebt_invcap__leverage_ratio"", ""edge_NOTEARS__debt_ratio2__roa"", ""edge_NOTEARS__capitalization_ratio__roa"", ""longtermdebt_invcap"", ""edge_NOTEARS__asset_liabilities__rect_turn""]"
463497d5dd40266b,OFR,NOTEARS,30,4,30104,30,"[""edge_NOTEARS__debt_ratio2__totaldebt_invcap"", ""edge_NOTEARS__totaldebt_invcap__debt_ratio"", ""debt_ratio2"", ""edge_NOTEARS__debt_ebitda__debt_ratio2"", ""asset_turnover"", ""debt_ebitda"", ""edge_NOTEARS__capitalization_ratio__debt_ratio"", ""roa"", ""edge_NOTEARS__asset_liabilities__rect_turn"", ""rect_turn"", ""cash_debt"", ""edge_NOTEARS__debt_ratio2__capitalization_ratio"", ""edge_NOTEARS__totaldebt_invcap__leverage_ratio"", ""longtermdebt_invcap"", ""edge_NOTEARS__roa__roe"", ""leverage_ratio"", ""edge_NOTEARS__capitalization_ratio__roa"", ""edge_NOTEARS__debt_ratio2__roa"", ""asset_liabilities"", ""capitalization_ratio"", ""totaldebt_invcap"", ""debt_ratio"", ""edge_NOTEARS__debt_ratio__asset_liabilities"", ""edge_NOTEARS__debt_ratio2__debt_ratio"", ""edge_NOTEARS__capitalization_ratio__longtermdebt_invcap"", ""edge_NOTEARS__debt_ratio__leverage_ratio"", ""edge_NOTEARS__capitalization_ratio__totaldebt_invcap"", ""edge_NOTEARS__longtermdebt_invcap__totaldebt_invcap"", ""roe"", ""edge_NOTEARS__roa__asset_turnover""]"
7f7316d6a9bbfaea,OFR,NOTEARS,40,0,30100,30,"[""edge_NOTEARS__asset_liabilities__rect_turn"", ""edge_NOTEARS__longtermdebt_invcap__totaldebt_invcap"", ""edge_NOTEARS__debt_ratio__leverage_ratio"", ""capitalization_ratio"", ""edge_NOTEARS__debt_ratio2__totaldebt_invcap"", ""edge_NOTEARS__debt_ratio2__capitalization_ratio"", ""debt_ratio"", ""edge_NOTEARS__roa__asset_turnover"", ""cash_debt"", ""asset_turnover"", ""debt_ebitda"", ""edge_NOTEARS__roa__roe"", ""edge_NOTEARS__totaldebt_invcap__debt_ratio"", ""roe"", ""edge_NOTEARS__capitalization_ratio__roa"", ""asset_liabilities"", ""edge_NOTEARS__capitalization_ratio__longtermdebt_invcap"", ""debt_ratio2"", ""edge_NOTEARS__debt_ratio__asset_liabilities"", ""edge_NOTEARS__debt_ratio2__debt_ratio"", ""edge_NOTEARS__totaldebt_invcap__leverage_ratio"", ""longtermdebt_invcap"", ""edge_NOTEARS__debt_ebitda__debt_ratio2"", ""roa"", ""edge_NOTEARS__debt_ratio2__roa"", ""rect_turn"", ""edge_NOTEARS__capitalization_ratio__debt_ratio"", ""totaldebt_invcap"", ""edge_NOTEARS__capitalization_ratio__totaldebt_invcap"", ""leverage_ratio""]"
c28a64d4242fe9a6,OFR,NOTEARS,40,1,30101,30,"[""edge_NOTEARS__debt_ebitda__debt_ratio2"", ""edge_NOTEARS__capitalization_ratio__debt_ratio"", ""edge_NOTEARS__asset_liabilities__rect_turn"", ""rect_turn"", ""capitalization_ratio"", ""edge_NOTEARS__longtermdebt_invcap__totaldebt_invcap"", ""edge_NOTEARS__debt_ratio__asset_liabilities"", ""edge_NOTEARS__totaldebt_invcap__debt_ratio"", ""debt_ebitda"", ""edge_NOTEARS__capitalization_ratio__roa"", ""edge_NOTEARS__totaldebt_invcap__leverage_ratio"", ""leverage_ratio"", ""debt_ratio2"", ""roa"", ""asset_turnover"", ""totaldebt_invcap"", ""longtermdebt_invcap"", ""edge_NOTEARS__debt_ratio2__debt_ratio"", ""edge_NOTEARS__roa__roe"", ""edge_NOTEARS__debt_ratio2__roa"", ""edge_NOTEARS__roa__asset_turnover"", ""edge_NOTEARS__debt_ratio__leverage_ratio"", ""debt_ratio"", ""roe"", ""asset_liabilities"", ""edge_NOTEARS__capitalization_ratio__totaldebt_invcap"", ""edge_NOTEARS__debt_ratio2__totaldebt_invcap"", ""cash_debt"", ""edge_NOTEARS__debt_ratio2__capitalization_ratio"", ""edge_NOTEARS__capitalization_ratio__longtermdebt_invcap""]"
aac8d6b16f8780bf,OFR,NOTEARS,40,2,30102,30,"[""rect_turn"", ""edge_NOTEARS__debt_ratio__asset_liabilities"", ""debt_ratio2"", ""edge_NOTEARS__asset_liabilities__rect_turn"", ""edge_NOTEARS__roa__roe"", ""leverage_ratio"", ""edge_NOTEARS__debt_ratio2__capitalization_ratio"", ""edge_NOTEARS__debt_ratio2__debt_ratio"", ""edge_NOTEARS__capitalization_ratio__totaldebt_invcap"", ""edge_NOTEARS__debt_ratio2__totaldebt_invcap"", ""capitalization_ratio"", ""edge_NOTEARS__capitalization_ratio__longtermdebt_invcap"", ""roe"", ""cash_debt"", ""edge_NOTEARS__debt_ebitda__debt_ratio2"", ""edge_NOTEARS__longtermdebt_invcap__totaldebt_invcap"", ""edge_NOTEARS__capitalization_ratio__debt_ratio"", ""edge_NOTEARS__debt_ratio__leverage_ratio"", ""asset_turnover"", ""edge_NOTEARS__roa__asset_turnover"", ""asset_liabilities"", ""edge_NOTEARS__totaldebt_invcap__debt_ratio"", ""debt_ratio"", ""roa"", ""longtermdebt_invcap"", ""edge_NOTEARS__debt_ratio2__roa"", ""edge_NOTEARS__capitalization_ratio__roa"", ""totaldebt_invcap"", ""edge_NOTEARS__totaldebt_invcap__leverage_ratio"", ""debt_ebitda""]"
8342b773670aae1d,OFR,NOTEARS,40,3,30103,30,"[""edge_NOTEARS__debt_ebitda__debt_ratio2"", ""leverage_ratio"", ""totaldebt_invcap"", ""edge_NOTEARS__capitalization_ratio__debt_ratio"", ""edge_NOTEARS__debt_ratio2__capitalization_ratio"", ""roe"", ""edge_NOTEARS__debt_ratio2__totaldebt_invcap"", ""rect_turn"", ""edge_NOTEARS__roa__asset_turnover"", ""roa"", ""edge_NOTEARS__capitalization_ratio__totaldebt_invcap"", ""asset_liabilities"", ""asset_turnover"", ""debt_ratio2"", ""cash_debt"", ""edge_NOTEARS__debt_ratio__leverage_ratio"", ""edge_NOTEARS__debt_ratio__asset_liabilities"", ""edge_NOTEARS__capitalization_ratio__longtermdebt_invcap"", ""capitalization_ratio"", ""edge_NOTEARS__totaldebt_invcap__debt_ratio"", ""edge_NOTEARS__roa__roe"", ""edge_NOTEARS__debt_ratio2__debt_ratio"", ""debt_ebitda"", ""debt_ratio"", ""edge_NOTEARS__longtermdebt_invcap__totaldebt_invcap"", ""edge_NOTEARS__totaldebt_invcap__leverage_ratio"", ""edge_NOTEARS__debt_ratio2__roa"", ""edge_NOTEARS__capitalization_ratio__roa"", ""longtermdebt_invcap"", ""edge_NOTEARS__asset_liabilities__rect_turn""]"
51a1ca634b2b7381,OFR,NOTEARS,40,4,30104,30,"[""edge_NOTEARS__debt_ratio2__totaldebt_invcap"", ""edge_NOTEARS__totaldebt_invcap__debt_ratio"", ""debt_ratio2"", ""edge_NOTEARS__debt_ebitda__debt_ratio2"", ""asset_turnover"", ""debt_ebitda"", ""edge_NOTEARS__capitalization_ratio__debt_ratio"", ""roa"", ""edge_NOTEARS__asset_liabilities__rect_turn"", ""rect_turn"", ""cash_debt"", ""edge_NOTEARS__debt_ratio2__capitalization_ratio"", ""edge_NOTEARS__totaldebt_invcap__leverage_ratio"", ""longtermdebt_invcap"", ""edge_NOTEARS__roa__roe"", ""leverage_ratio"", ""edge_NOTEARS__capitalization_ratio__roa"", ""edge_NOTEARS__debt_ratio2__roa"", ""asset_liabilities"", ""capitalization_ratio"", ""totaldebt_invcap"", ""debt_ratio"", ""edge_NOTEARS__debt_ratio__asset_liabilities"", ""edge_NOTEARS__debt_ratio2__debt_ratio"", ""edge_NOTEARS__capitalization_ratio__longtermdebt_invcap"", ""edge_NOTEARS__debt_ratio__leverage_ratio"", ""edge_NOTEARS__capitalization_ratio__totaldebt_invcap"", ""edge_NOTEARS__longtermdebt_invcap__totaldebt_invcap"", ""roe"", ""edge_NOTEARS__roa__asset_turnover""]"
f4c3352b31ee22e6,OFR,NOTEARS,ALL,0,30100,30,"[""edge_NOTEARS__asset_liabilities__rect_turn"", ""edge_NOTEARS__longtermdebt_invcap__totaldebt_invcap"", ""edge_NOTEARS__debt_ratio__leverage_ratio"", ""capitalization_ratio"", ""edge_NOTEARS__debt_ratio2__totaldebt_invcap"", ""edge_NOTEARS__debt_ratio2__capitalization_ratio"", ""debt_ratio"", ""edge_NOTEARS__roa__asset_turnover"", ""cash_debt"", ""asset_turnover"", ""debt_ebitda"", ""edge_NOTEARS__roa__roe"", ""edge_NOTEARS__totaldebt_invcap__debt_ratio"", ""roe"", ""edge_NOTEARS__capitalization_ratio__roa"", ""asset_liabilities"", ""edge_NOTEARS__capitalization_ratio__longtermdebt_invcap"", ""debt_ratio2"", ""edge_NOTEARS__debt_ratio__asset_liabilities"", ""edge_NOTEARS__debt_ratio2__debt_ratio"", ""edge_NOTEARS__totaldebt_invcap__leverage_ratio"", ""longtermdebt_invcap"", ""edge_NOTEARS__debt_ebitda__debt_ratio2"", ""roa"", ""edge_NOTEARS__debt_ratio2__roa"", ""rect_turn"", ""edge_NOTEARS__capitalization_ratio__debt_ratio"", ""totaldebt_invcap"", ""edge_NOTEARS__capitalization_ratio__totaldebt_invcap"", ""leverage_ratio""]"
906337c1d3f1be27,OFR,NOTEARS,ALL,1,30101,30,"[""edge_NOTEARS__debt_ebitda__debt_ratio2"", ""edge_NOTEARS__capitalization_ratio__debt_ratio"", ""edge_NOTEARS__asset_liabilities__rect_turn"", ""rect_turn"", ""capitalization_ratio"", ""edge_NOTEARS__longtermdebt_invcap__totaldebt_invcap"", ""edge_NOTEARS__debt_ratio__asset_liabilities"", ""edge_NOTEARS__totaldebt_invcap__debt_ratio"", ""debt_ebitda"", ""edge_NOTEARS__capitalization_ratio__roa"", ""edge_NOTEARS__totaldebt_invcap__leverage_ratio"", ""leverage_ratio"", ""debt_ratio2"", ""roa"", ""asset_turnover"", ""totaldebt_invcap"", ""longtermdebt_invcap"", ""edge_NOTEARS__debt_ratio2__debt_ratio"", ""edge_NOTEARS__roa__roe"", ""edge_NOTEARS__debt_ratio2__roa"", ""edge_NOTEARS__roa__asset_turnover"", ""edge_NOTEARS__debt_ratio__leverage_ratio"", ""debt_ratio"", ""roe"", ""asset_liabilities"", ""edge_NOTEARS__capitalization_ratio__totaldebt_invcap"", ""edge_NOTEARS__debt_ratio2__totaldebt_invcap"", ""cash_debt"", ""edge_NOTEARS__debt_ratio2__capitalization_ratio"", ""edge_NOTEARS__capitalization_ratio__longtermdebt_invcap""]"
0df4d834baa9c66c,OFR,NOTEARS,ALL,2,30102,30,"[""rect_turn"", ""edge_NOTEARS__debt_ratio__asset_liabilities"", ""debt_ratio2"", ""edge_NOTEARS__asset_liabilities__rect_turn"", ""edge_NOTEARS__roa__roe"", ""leverage_ratio"", ""edge_NOTEARS__debt_ratio2__capitalization_ratio"", ""edge_NOTEARS__debt_ratio2__debt_ratio"", ""edge_NOTEARS__capitalization_ratio__totaldebt_invcap"", ""edge_NOTEARS__debt_ratio2__totaldebt_invcap"", ""capitalization_ratio"", ""edge_NOTEARS__capitalization_ratio__longtermdebt_invcap"", ""roe"", ""cash_debt"", ""edge_NOTEARS__debt_ebitda__debt_ratio2"", ""edge_NOTEARS__longtermdebt_invcap__totaldebt_invcap"", ""edge_NOTEARS__capitalization_ratio__debt_ratio"", ""edge_NOTEARS__debt_ratio__leverage_ratio"", ""asset_turnover"", ""edge_NOTEARS__roa__asset_turnover"", ""asset_liabilities"", ""edge_NOTEARS__totaldebt_invcap__debt_ratio"", ""debt_ratio"", ""roa"", ""longtermdebt_invcap"", ""edge_NOTEARS__debt_ratio2__roa"", ""edge_NOTEARS__capitalization_ratio__roa"", ""totaldebt_invcap"", ""edge_NOTEARS__totaldebt_invcap__leverage_ratio"", ""debt_ebitda""]"
78a0b31e2e7aecb6,OFR,NOTEARS,ALL,3,30103,30,"[""edge_NOTEARS__debt_ebitda__debt_ratio2"", ""leverage_ratio"", ""totaldebt_invcap"", ""edge_NOTEARS__capitalization_ratio__debt_ratio"", ""edge_NOTEARS__debt_ratio2__capitalization_ratio"", ""roe"", ""edge_NOTEARS__debt_ratio2__totaldebt_invcap"", ""rect_turn"", ""edge_NOTEARS__roa__asset_turnover"", ""roa"", ""edge_NOTEARS__capitalization_ratio__totaldebt_invcap"", ""asset_liabilities"", ""asset_turnover"", ""debt_ratio2"", ""cash_debt"", ""edge_NOTEARS__debt_ratio__leverage_ratio"", ""edge_NOTEARS__debt_ratio__asset_liabilities"", ""edge_NOTEARS__capitalization_ratio__longtermdebt_invcap"", ""capitalization_ratio"", ""edge_NOTEARS__totaldebt_invcap__debt_ratio"", ""edge_NOTEARS__roa__roe"", ""edge_NOTEARS__debt_ratio2__debt_ratio"", ""debt_ebitda"", ""debt_ratio"", ""edge_NOTEARS__longtermdebt_invcap__totaldebt_invcap"", ""edge_NOTEARS__totaldebt_invcap__leverage_ratio"", ""edge_NOTEARS__debt_ratio2__roa"", ""edge_NOTEARS__capitalization_ratio__roa"", ""longtermdebt_invcap"", ""edge_NOTEARS__asset_liabilities__rect_turn""]"
9171c10c1ab78597,OFR,NOTEARS,ALL,4,30104,30,"[""edge_NOTEARS__debt_ratio2__totaldebt_invcap"", ""edge_NOTEARS__totaldebt_invcap__debt_ratio"", ""debt_ratio2"", ""edge_NOTEARS__debt_ebitda__debt_ratio2"", ""asset_turnover"", ""debt_ebitda"", ""edge_NOTEARS__capitalization_ratio__debt_ratio"", ""roa"", ""edge_NOTEARS__asset_liabilities__rect_turn"", ""rect_turn"", ""cash_debt"", ""edge_NOTEARS__debt_ratio2__capitalization_ratio"", ""edge_NOTEARS__totaldebt_invcap__leverage_ratio"", ""longtermdebt_invcap"", ""edge_NOTEARS__roa__roe"", ""leverage_ratio"", ""edge_NOTEARS__capitalization_ratio__roa"", ""edge_NOTEARS__debt_ratio2__roa"", ""asset_liabilities"", ""capitalization_ratio"", ""totaldebt_invcap"", ""debt_ratio"", ""edge_NOTEARS__debt_ratio__asset_liabilities"", ""edge_NOTEARS__debt_ratio2__debt_ratio"", ""edge_NOTEARS__capitalization_ratio__longtermdebt_invcap"", ""edge_NOTEARS__debt_ratio__leverage_ratio"", ""edge_NOTEARS__capitalization_ratio__totaldebt_invcap"", ""edge_NOTEARS__longtermdebt_invcap__totaldebt_invcap"", ""roe"", ""edge_NOTEARS__roa__asset_turnover""]"
2acb74dbd7bd057e,F,PC,1,,,1,"[""edge_PC__asset_liabilities__rect_turn""]"
721bb5b3791b65b8,OF,PC,1,,,14,"[""leverage_ratio"", ""asset_liabilities"", ""roe"", ""asset_turnover"", ""debt_ratio"", ""debt_ratio2"", ""roa"", ""capitalization_ratio"", ""longtermdebt_invcap"", ""totaldebt_invcap"", ""cash_debt"", ""debt_ebitda"", ""rect_turn"", ""edge_PC__asset_liabilities__rect_turn""]"
a5b5b295620f8bed,F,PC,2,,,2,"[""edge_PC__asset_liabilities__rect_turn"", ""edge_PC__asset_liabilities__debt_ratio""]"
fc59b09fb5ee3839,OF,PC,2,,,15,"[""leverage_ratio"", ""asset_liabilities"", ""roe"", ""asset_turnover"", ""debt_ratio"", ""debt_ratio2"", ""roa"", ""capitalization_ratio"", ""longtermdebt_invcap"", ""totaldebt_invcap"", ""cash_debt"", ""debt_ebitda"", ""rect_turn"", ""edge_PC__asset_liabilities__rect_turn"", ""edge_PC__asset_liabilities__debt_ratio""]"
5cf90b5edf72667f,F,PC,3,,,3,"[""edge_PC__asset_liabilities__rect_turn"", ""edge_PC__asset_liabilities__debt_ratio"", ""edge_PC__debt_ratio__rect_turn""]"
0d11386dd824b4c1,OF,PC,3,,,16,"[""leverage_ratio"", ""asset_liabilities"", ""roe"", ""asset_turnover"", ""debt_ratio"", ""debt_ratio2"", ""roa"", ""capitalization_ratio"", ""longtermdebt_invcap"", ""totaldebt_invcap"", ""cash_debt"", ""debt_ebitda"", ""rect_turn"", ""edge_PC__asset_liabilities__rect_turn"", ""edge_PC__asset_liabilities__debt_ratio"", ""edge_PC__debt_ratio__rect_turn""]"
950d85bca05dd77f,F,PC,4,,,4,"[""edge_PC__asset_liabilities__rect_turn"", ""edge_PC__asset_liabilities__debt_ratio"", ""edge_PC__debt_ratio__rect_turn"", ""edge_PC__asset_turnover__roa""]"
285c77ccbcb26f76,OF,PC,4,,,17,"[""leverage_ratio"", ""asset_liabilities"", ""roe"", ""asset_turnover"", ""debt_ratio"", ""debt_ratio2"", ""roa"", ""capitalization_ratio"", ""longtermdebt_invcap"", ""totaldebt_invcap"", ""cash_debt"", ""debt_ebitda"", ""rect_turn"", ""edge_PC__asset_liabilities__rect_turn"", ""edge_PC__asset_liabilities__debt_ratio"", ""edge_PC__debt_ratio__rect_turn"", ""edge_PC__asset_turnover__roa""]"
b3389ea9a2d038ca,F,PC,5,,,5,"[""edge_PC__asset_liabilities__rect_turn"", ""edge_PC__asset_liabilities__debt_ratio"", ""edge_PC__debt_ratio__rect_turn"", ""edge_PC__asset_turnover__roa"", ""edge_PC__asset_turnover__rect_turn""]"
3b96f3c5e78883cd,OF,PC,5,,,18,"[""leverage_ratio"", ""asset_liabilities"", ""roe"", ""asset_turnover"", ""debt_ratio"", ""debt_ratio2"", ""roa"", ""capitalization_ratio"", ""longtermdebt_invcap"", ""totaldebt_invcap"", ""cash_debt"", ""debt_ebitda"", ""rect_turn"", ""edge_PC__asset_liabilities__rect_turn"", ""edge_PC__asset_liabilities__debt_ratio"", ""edge_PC__debt_ratio__rect_turn"", ""edge_PC__asset_turnover__roa"", ""edge_PC__asset_turnover__rect_turn""]"
46c7802b88378834,F,PC,6,,,6,"[""edge_PC__asset_liabilities__rect_turn"", ""edge_PC__asset_liabilities__debt_ratio"", ""edge_PC__debt_ratio__rect_turn"", ""edge_PC__asset_turnover__roa"", ""edge_PC__asset_turnover__rect_turn"", ""edge_PC__roa__roe""]"
bcb0b960f2d60d8e,OF,PC,6,,,19,"[""leverage_ratio"", ""asset_liabilities"", ""roe"", ""asset_turnover"", ""debt_ratio"", ""debt_ratio2"", ""roa"", ""capitalization_ratio"", ""longtermdebt_invcap"", ""totaldebt_invcap"", ""cash_debt"", ""debt_ebitda"", ""rect_turn"", ""edge_PC__asset_liabilities__rect_turn"", ""edge_PC__asset_liabilities__debt_ratio"", ""edge_PC__debt_ratio__rect_turn"", ""edge_PC__asset_turnover__roa"", ""edge_PC__asset_turnover__rect_turn"", ""edge_PC__roa__roe""]"
42ad0f30d99576ea,F,PC,7,,,7,"[""edge_PC__asset_liabilities__rect_turn"", ""edge_PC__asset_liabilities__debt_ratio"", ""edge_PC__debt_ratio__rect_turn"", ""edge_PC__asset_turnover__roa"", ""edge_PC__asset_turnover__rect_turn"", ""edge_PC__roa__roe"", ""edge_PC__debt_ratio__leverage_ratio""]"
fc2a48d3efdcf9d2,OF,PC,7,,,20,"[""leverage_ratio"", ""asset_liabilities"", ""roe"", ""asset_turnover"", ""debt_ratio"", ""debt_ratio2"", ""roa"", ""capitalization_ratio"", ""longtermdebt_invcap"", ""totaldebt_invcap"", ""cash_debt"", ""debt_ebitda"", ""rect_turn"", ""edge_PC__asset_liabilities__rect_turn"", ""edge_PC__asset_liabilities__debt_ratio"", ""edge_PC__debt_ratio__rect_turn"", ""edge_PC__asset_turnover__roa"", ""edge_PC__asset_turnover__rect_turn"", ""edge_PC__roa__roe"", ""edge_PC__debt_ratio__leverage_ratio""]"
c2f13db4fa9587a8,F,PC,8,,,8,"[""edge_PC__asset_liabilities__rect_turn"", ""edge_PC__asset_liabilities__debt_ratio"", ""edge_PC__debt_ratio__rect_turn"", ""edge_PC__asset_turnover__roa"", ""edge_PC__asset_turnover__rect_turn"", ""edge_PC__roa__roe"", ""edge_PC__debt_ratio__leverage_ratio"", ""edge_PC__longtermdebt_invcap__capitalization_ratio""]"
6c77d017e3138a39,OF,PC,8,,,21,"[""leverage_ratio"", ""asset_liabilities"", ""roe"", ""asset_turnover"", ""debt_ratio"", ""debt_ratio2"", ""roa"", ""capitalization_ratio"", ""longtermdebt_invcap"", ""totaldebt_invcap"", ""cash_debt"", ""debt_ebitda"", ""rect_turn"", ""edge_PC__asset_liabilities__rect_turn"", ""edge_PC__asset_liabilities__debt_ratio"", ""edge_PC__debt_ratio__rect_turn"", ""edge_PC__asset_turnover__roa"", ""edge_PC__asset_turnover__rect_turn"", ""edge_PC__roa__roe"", ""edge_PC__debt_ratio__leverage_ratio"", ""edge_PC__longtermdebt_invcap__capitalization_ratio""]"
f1dae46cde9d5ed0,F,PC,9,,,9,"[""edge_PC__asset_liabilities__rect_turn"", ""edge_PC__asset_liabilities__debt_ratio"", ""edge_PC__debt_ratio__rect_turn"", ""edge_PC__asset_turnover__roa"", ""edge_PC__asset_turnover__rect_turn"", ""edge_PC__roa__roe"", ""edge_PC__debt_ratio__leverage_ratio"", ""edge_PC__longtermdebt_invcap__capitalization_ratio"", ""edge_PC__debt_ratio2__totaldebt_invcap""]"
0f710de7b3c7092d,OF,PC,9,,,22,"[""leverage_ratio"", ""asset_liabilities"", ""roe"", ""asset_turnover"", ""debt_ratio"", ""debt_ratio2"", ""roa"", ""capitalization_ratio"", ""longtermdebt_invcap"", ""totaldebt_invcap"", ""cash_debt"", ""debt_ebitda"", ""rect_turn"", ""edge_PC__asset_liabilities__rect_turn"", ""edge_PC__asset_liabilities__debt_ratio"", ""edge_PC__debt_ratio__rect_turn"", ""edge_PC__asset_turnover__roa"", ""edge_PC__asset_turnover__rect_turn"", ""edge_PC__roa__roe"", ""edge_PC__debt_ratio__leverage_ratio"", ""edge_PC__longtermdebt_invcap__capitalization_ratio"", ""edge_PC__debt_ratio2__totaldebt_invcap""]"
dcdfcb1839ed0107,F,PC,10,,,10,"[""edge_PC__asset_liabilities__rect_turn"", ""edge_PC__asset_liabilities__debt_ratio"", ""edge_PC__debt_ratio__rect_turn"", ""edge_PC__asset_turnover__roa"", ""edge_PC__asset_turnover__rect_turn"", ""edge_PC__roa__roe"", ""edge_PC__debt_ratio__leverage_ratio"", ""edge_PC__longtermdebt_invcap__capitalization_ratio"", ""edge_PC__debt_ratio2__totaldebt_invcap"", ""edge_PC__debt_ratio2__longtermdebt_invcap""]"
9710632908b0d396,OF,PC,10,,,23,"[""leverage_ratio"", ""asset_liabilities"", ""roe"", ""asset_turnover"", ""debt_ratio"", ""debt_ratio2"", ""roa"", ""capitalization_ratio"", ""longtermdebt_invcap"", ""totaldebt_invcap"", ""cash_debt"", ""debt_ebitda"", ""rect_turn"", ""edge_PC__asset_liabilities__rect_turn"", ""edge_PC__asset_liabilities__debt_ratio"", ""edge_PC__debt_ratio__rect_turn"", ""edge_PC__asset_turnover__roa"", ""edge_PC__asset_turnover__rect_turn"", ""edge_PC__roa__roe"", ""edge_PC__debt_ratio__leverage_ratio"", ""edge_PC__longtermdebt_invcap__capitalization_ratio"", ""edge_PC__debt_ratio2__totaldebt_invcap"", ""edge_PC__debt_ratio2__longtermdebt_invcap""]"
b2d9e3ac65acdcce,F,PC,11,,,11,"[""edge_PC__asset_liabilities__rect_turn"", ""edge_PC__asset_liabilities__debt_ratio"", ""edge_PC__debt_ratio__rect_turn"", ""edge_PC__asset_turnover__roa"", ""edge_PC__asset_turnover__rect_turn"", ""edge_PC__roa__roe"", ""edge_PC__debt_ratio__leverage_ratio"", ""edge_PC__longtermdebt_invcap__capitalization_ratio"", ""edge_PC__debt_ratio2__totaldebt_invcap"", ""edge_PC__debt_ratio2__longtermdebt_invcap"", ""edge_PC__roa__rect_turn""]"
20cc5c9a42ed1752,OF,PC,11,,,24,"[""leverage_ratio"", ""asset_liabilities"", ""roe"", ""asset_turnover"", ""debt_ratio"", ""debt_ratio2"", ""roa"", ""capitalization_ratio"", ""longtermdebt_invcap"", ""totaldebt_invcap"", ""cash_debt"", ""debt_ebitda"", ""rect_turn"", ""edge_PC__asset_liabilities__rect_turn"", ""edge_PC__asset_liabilities__debt_ratio"", ""edge_PC__debt_ratio__rect_turn"", ""edge_PC__asset_turnover__roa"", ""edge_PC__asset_turnover__rect_turn"", ""edge_PC__roa__roe"", ""edge_PC__debt_ratio__leverage_ratio"", ""edge_PC__longtermdebt_invcap__capitalization_ratio"", ""edge_PC__debt_ratio2__totaldebt_invcap"", ""edge_PC__debt_ratio2__longtermdebt_invcap"", ""edge_PC__roa__rect_turn""]"
3a4f3db67c20c422,F,PC,12,,,12,"[""edge_PC__asset_liabilities__rect_turn"", ""edge_PC__asset_liabilities__debt_ratio"", ""edge_PC__debt_ratio__rect_turn"", ""edge_PC__asset_turnover__roa"", ""edge_PC__asset_turnover__rect_turn"", ""edge_PC__roa__roe"", ""edge_PC__debt_ratio__leverage_ratio"", ""edge_PC__longtermdebt_invcap__capitalization_ratio"", ""edge_PC__debt_ratio2__totaldebt_invcap"", ""edge_PC__debt_ratio2__longtermdebt_invcap"", ""edge_PC__roa__rect_turn"", ""edge_PC__debt_ratio2__debt_ebitda""]"
0857a78345413e0e,OF,PC,12,,,25,"[""leverage_ratio"", ""asset_liabilities"", ""roe"", ""asset_turnover"", ""debt_ratio"", ""debt_ratio2"", ""roa"", ""capitalization_ratio"", ""longtermdebt_invcap"", ""totaldebt_invcap"", ""cash_debt"", ""debt_ebitda"", ""rect_turn"", ""edge_PC__asset_liabilities__rect_turn"", ""edge_PC__asset_liabilities__debt_ratio"", ""edge_PC__debt_ratio__rect_turn"", ""edge_PC__asset_turnover__roa"", ""edge_PC__asset_turnover__rect_turn"", ""edge_PC__roa__roe"", ""edge_PC__debt_ratio__leverage_ratio"", ""edge_PC__longtermdebt_invcap__capitalization_ratio"", ""edge_PC__debt_ratio2__totaldebt_invcap"", ""edge_PC__debt_ratio2__longtermdebt_invcap"", ""edge_PC__roa__rect_turn"", ""edge_PC__debt_ratio2__debt_ebitda""]"
78129d8c0793f97e,F,PC,13,,,13,"[""edge_PC__asset_liabilities__rect_turn"", ""edge_PC__asset_liabilities__debt_ratio"", ""edge_PC__debt_ratio__rect_turn"", ""edge_PC__asset_turnover__roa"", ""edge_PC__asset_turnover__rect_turn"", ""edge_PC__roa__roe"", ""edge_PC__debt_ratio__leverage_ratio"", ""edge_PC__longtermdebt_invcap__capitalization_ratio"", ""edge_PC__debt_ratio2__totaldebt_invcap"", ""edge_PC__debt_ratio2__longtermdebt_invcap"", ""edge_PC__roa__rect_turn"", ""edge_PC__debt_ratio2__debt_ebitda"", ""edge_PC__totaldebt_invcap__leverage_ratio""]"
463c4174acb2abb3,OF,PC,13,,,26,"[""leverage_ratio"", ""asset_liabilities"", ""roe"", ""asset_turnover"", ""debt_ratio"", ""debt_ratio2"", ""roa"", ""capitalization_ratio"", ""longtermdebt_invcap"", ""totaldebt_invcap"", ""cash_debt"", ""debt_ebitda"", ""rect_turn"", ""edge_PC__asset_liabilities__rect_turn"", ""edge_PC__asset_liabilities__debt_ratio"", ""edge_PC__debt_ratio__rect_turn"", ""edge_PC__asset_turnover__roa"", ""edge_PC__asset_turnover__rect_turn"", ""edge_PC__roa__roe"", ""edge_PC__debt_ratio__leverage_ratio"", ""edge_PC__longtermdebt_invcap__capitalization_ratio"", ""edge_PC__debt_ratio2__totaldebt_invcap"", ""edge_PC__debt_ratio2__longtermdebt_invcap"", ""edge_PC__roa__rect_turn"", ""edge_PC__debt_ratio2__debt_ebitda"", ""edge_PC__totaldebt_invcap__leverage_ratio""]"
2640d16d5eb10fde,F,PC,14,,,14,"[""edge_PC__asset_liabilities__rect_turn"", ""edge_PC__asset_liabilities__debt_ratio"", ""edge_PC__debt_ratio__rect_turn"", ""edge_PC__asset_turnover__roa"", ""edge_PC__asset_turnover__rect_turn"", ""edge_PC__roa__roe"", ""edge_PC__debt_ratio__leverage_ratio"", ""edge_PC__longtermdebt_invcap__capitalization_ratio"", ""edge_PC__debt_ratio2__totaldebt_invcap"", ""edge_PC__debt_ratio2__longtermdebt_invcap"", ""edge_PC__roa__rect_turn"", ""edge_PC__debt_ratio2__debt_ebitda"", ""edge_PC__totaldebt_invcap__leverage_ratio"", ""edge_PC__asset_liabilities__cash_debt""]"
5046c221cf89c9d1,OF,PC,14,,,27,"[""leverage_ratio"", ""asset_liabilities"", ""roe"", ""asset_turnover"", ""debt_ratio"", ""debt_ratio2"", ""roa"", ""capitalization_ratio"", ""longtermdebt_invcap"", ""totaldebt_invcap"", ""cash_debt"", ""debt_ebitda"", ""rect_turn"", ""edge_PC__asset_liabilities__rect_turn"", ""edge_PC__asset_liabilities__debt_ratio"", ""edge_PC__debt_ratio__rect_turn"", ""edge_PC__asset_turnover__roa"", ""edge_PC__asset_turnover__rect_turn"", ""edge_PC__roa__roe"", ""edge_PC__debt_ratio__leverage_ratio"", ""edge_PC__longtermdebt_invcap__capitalization_ratio"", ""edge_PC__debt_ratio2__totaldebt_invcap"", ""edge_PC__debt_ratio2__longtermdebt_invcap"", ""edge_PC__roa__rect_turn"", ""edge_PC__debt_ratio2__debt_ebitda"", ""edge_PC__totaldebt_invcap__leverage_ratio"", ""edge_PC__asset_liabilities__cash_debt""]"
db530282923044dc,F,PC,15,,,15,"[""edge_PC__asset_liabilities__rect_turn"", ""edge_PC__asset_liabilities__debt_ratio"", ""edge_PC__debt_ratio__rect_turn"", ""edge_PC__asset_turnover__roa"", ""edge_PC__asset_turnover__rect_turn"", ""edge_PC__roa__roe"", ""edge_PC__debt_ratio__leverage_ratio"", ""edge_PC__longtermdebt_invcap__capitalization_ratio"", ""edge_PC__debt_ratio2__totaldebt_invcap"", ""edge_PC__debt_ratio2__longtermdebt_invcap"", ""edge_PC__roa__rect_turn"", ""edge_PC__debt_ratio2__debt_ebitda"", ""edge_PC__totaldebt_invcap__leverage_ratio"", ""edge_PC__asset_liabilities__cash_debt"", ""edge_PC__debt_ratio2__rect_turn""]"
e8553ac2e8a1b18f,OF,PC,15,,,28,"[""leverage_ratio"", ""asset_liabilities"", ""roe"", ""asset_turnover"", ""debt_ratio"", ""debt_ratio2"", ""roa"", ""capitalization_ratio"", ""longtermdebt_invcap"", ""totaldebt_invcap"", ""cash_debt"", ""debt_ebitda"", ""rect_turn"", ""edge_PC__asset_liabilities__rect_turn"", ""edge_PC__asset_liabilities__debt_ratio"", ""edge_PC__debt_ratio__rect_turn"", ""edge_PC__asset_turnover__roa"", ""edge_PC__asset_turnover__rect_turn"", ""edge_PC__roa__roe"", ""edge_PC__debt_ratio__leverage_ratio"", ""edge_PC__longtermdebt_invcap__capitalization_ratio"", ""edge_PC__debt_ratio2__totaldebt_invcap"", ""edge_PC__debt_ratio2__longtermdebt_invcap"", ""edge_PC__roa__rect_turn"", ""edge_PC__debt_ratio2__debt_ebitda"", ""edge_PC__totaldebt_invcap__leverage_ratio"", ""edge_PC__asset_liabilities__cash_debt"", ""edge_PC__debt_ratio2__rect_turn""]"
fe0a618a4400ef48,F,PC,16,,,16,"[""edge_PC__asset_liabilities__rect_turn"", ""edge_PC__asset_liabilities__debt_ratio"", ""edge_PC__debt_ratio__rect_turn"", ""edge_PC__asset_turnover__roa"", ""edge_PC__asset_turnover__rect_turn"", ""edge_PC__roa__roe"", ""edge_PC__debt_ratio__leverage_ratio"", ""edge_PC__longtermdebt_invcap__capitalization_ratio"", ""edge_PC__debt_ratio2__totaldebt_invcap"", ""edge_PC__debt_ratio2__longtermdebt_invcap"", ""edge_PC__roa__rect_turn"", ""edge_PC__debt_ratio2__debt_ebitda"", ""edge_PC__totaldebt_invcap__leverage_ratio"", ""edge_PC__asset_liabilities__cash_debt"", ""edge_PC__debt_ratio2__rect_turn"", ""edge_PC__debt_ratio2__capitalization_ratio""]"
f58cd5bcf72e5cb2,OF,PC,16,,,29,"[""leverage_ratio"", ""asset_liabilities"", ""roe"", ""asset_turnover"", ""debt_ratio"", ""debt_ratio2"", ""roa"", ""capitalization_ratio"", ""longtermdebt_invcap"", ""totaldebt_invcap"", ""cash_debt"", ""debt_ebitda"", ""rect_turn"", ""edge_PC__asset_liabilities__rect_turn"", ""edge_PC__asset_liabilities__debt_ratio"", ""edge_PC__debt_ratio__rect_turn"", ""edge_PC__asset_turnover__roa"", ""edge_PC__asset_turnover__rect_turn"", ""edge_PC__roa__roe"", ""edge_PC__debt_ratio__leverage_ratio"", ""edge_PC__longtermdebt_invcap__capitalization_ratio"", ""edge_PC__debt_ratio2__totaldebt_invcap"", ""edge_PC__debt_ratio2__longtermdebt_invcap"", ""edge_PC__roa__rect_turn"", ""edge_PC__debt_ratio2__debt_ebitda"", ""edge_PC__totaldebt_invcap__leverage_ratio"", ""edge_PC__asset_liabilities__cash_debt"", ""edge_PC__debt_ratio2__rect_turn"", ""edge_PC__debt_ratio2__capitalization_ratio""]"
8e947346f7ed3fe0,F,PC,17,,,17,"[""edge_PC__asset_liabilities__rect_turn"", ""edge_PC__asset_liabilities__debt_ratio"", ""edge_PC__debt_ratio__rect_turn"", ""edge_PC__asset_turnover__roa"", ""edge_PC__asset_turnover__rect_turn"", ""edge_PC__roa__roe"", ""edge_PC__debt_ratio__leverage_ratio"", ""edge_PC__longtermdebt_invcap__capitalization_ratio"", ""edge_PC__debt_ratio2__totaldebt_invcap"", ""edge_PC__debt_ratio2__longtermdebt_invcap"", ""edge_PC__roa__rect_turn"", ""edge_PC__debt_ratio2__debt_ebitda"", ""edge_PC__totaldebt_invcap__leverage_ratio"", ""edge_PC__asset_liabilities__cash_debt"", ""edge_PC__debt_ratio2__rect_turn"", ""edge_PC__debt_ratio2__capitalization_ratio"", ""edge_PC__leverage_ratio__asset_turnover""]"
4762f86d5d8bbacb,OF,PC,17,,,30,"[""leverage_ratio"", ""asset_liabilities"", ""roe"", ""asset_turnover"", ""debt_ratio"", ""debt_ratio2"", ""roa"", ""capitalization_ratio"", ""longtermdebt_invcap"", ""totaldebt_invcap"", ""cash_debt"", ""debt_ebitda"", ""rect_turn"", ""edge_PC__asset_liabilities__rect_turn"", ""edge_PC__asset_liabilities__debt_ratio"", ""edge_PC__debt_ratio__rect_turn"", ""edge_PC__asset_turnover__roa"", ""edge_PC__asset_turnover__rect_turn"", ""edge_PC__roa__roe"", ""edge_PC__debt_ratio__leverage_ratio"", ""edge_PC__longtermdebt_invcap__capitalization_ratio"", ""edge_PC__debt_ratio2__totaldebt_invcap"", ""edge_PC__debt_ratio2__longtermdebt_invcap"", ""edge_PC__roa__rect_turn"", ""edge_PC__debt_ratio2__debt_ebitda"", ""edge_PC__totaldebt_invcap__leverage_ratio"", ""edge_PC__asset_liabilities__cash_debt"", ""edge_PC__debt_ratio2__rect_turn"", ""edge_PC__debt_ratio2__capitalization_ratio"", ""edge_PC__leverage_ratio__asset_turnover""]"
c83c26238669a20a,F,PC,18,,,18,"[""edge_PC__asset_liabilities__rect_turn"", ""edge_PC__asset_liabilities__debt_ratio"", ""edge_PC__debt_ratio__rect_turn"", ""edge_PC__asset_turnover__roa"", ""edge_PC__asset_turnover__rect_turn"", ""edge_PC__roa__roe"", ""edge_PC__debt_ratio__leverage_ratio"", ""edge_PC__longtermdebt_invcap__capitalization_ratio"", ""edge_PC__debt_ratio2__totaldebt_invcap"", ""edge_PC__debt_ratio2__longtermdebt_invcap"", ""edge_PC__roa__rect_turn"", ""edge_PC__debt_ratio2__debt_ebitda"", ""edge_PC__totaldebt_invcap__leverage_ratio"", ""edge_PC__asset_liabilities__cash_debt"", ""edge_PC__debt_ratio2__rect_turn"", ""edge_PC__debt_ratio2__capitalization_ratio"", ""edge_PC__leverage_ratio__asset_turnover"", ""edge_PC__debt_ratio2__cash_debt""]"
ef62e99782aa5a11,OF,PC,18,,,31,"[""leverage_ratio"", ""asset_liabilities"", ""roe"", ""asset_turnover"", ""debt_ratio"", ""debt_ratio2"", ""roa"", ""capitalization_ratio"", ""longtermdebt_invcap"", ""totaldebt_invcap"", ""cash_debt"", ""debt_ebitda"", ""rect_turn"", ""edge_PC__asset_liabilities__rect_turn"", ""edge_PC__asset_liabilities__debt_ratio"", ""edge_PC__debt_ratio__rect_turn"", ""edge_PC__asset_turnover__roa"", ""edge_PC__asset_turnover__rect_turn"", ""edge_PC__roa__roe"", ""edge_PC__debt_ratio__leverage_ratio"", ""edge_PC__longtermdebt_invcap__capitalization_ratio"", ""edge_PC__debt_ratio2__totaldebt_invcap"", ""edge_PC__debt_ratio2__longtermdebt_invcap"", ""edge_PC__roa__rect_turn"", ""edge_PC__debt_ratio2__debt_ebitda"", ""edge_PC__totaldebt_invcap__leverage_ratio"", ""edge_PC__asset_liabilities__cash_debt"", ""edge_PC__debt_ratio2__rect_turn"", ""edge_PC__debt_ratio2__capitalization_ratio"", ""edge_PC__leverage_ratio__asset_turnover"", ""edge_PC__debt_ratio2__cash_debt""]"
9795ed9fa640803b,F,PC,19,,,19,"[""edge_PC__asset_liabilities__rect_turn"", ""edge_PC__asset_liabilities__debt_ratio"", ""edge_PC__debt_ratio__rect_turn"", ""edge_PC__asset_turnover__roa"", ""edge_PC__asset_turnover__rect_turn"", ""edge_PC__roa__roe"", ""edge_PC__debt_ratio__leverage_ratio"", ""edge_PC__longtermdebt_invcap__capitalization_ratio"", ""edge_PC__debt_ratio2__totaldebt_invcap"", ""edge_PC__debt_ratio2__longtermdebt_invcap"", ""edge_PC__roa__rect_turn"", ""edge_PC__debt_ratio2__debt_ebitda"", ""edge_PC__totaldebt_invcap__leverage_ratio"", ""edge_PC__asset_liabilities__cash_debt"", ""edge_PC__debt_ratio2__rect_turn"", ""edge_PC__debt_ratio2__capitalization_ratio"", ""edge_PC__leverage_ratio__asset_turnover"", ""edge_PC__debt_ratio2__cash_debt"", ""edge_PC__roa__debt_ebitda""]"
176f018cb5c2c8cf,OF,PC,19,,,32,"[""leverage_ratio"", ""asset_liabilities"", ""roe"", ""asset_turnover"", ""debt_ratio"", ""debt_ratio2"", ""roa"", ""capitalization_ratio"", ""longtermdebt_invcap"", ""totaldebt_invcap"", ""cash_debt"", ""debt_ebitda"", ""rect_turn"", ""edge_PC__asset_liabilities__rect_turn"", ""edge_PC__asset_liabilities__debt_ratio"", ""edge_PC__debt_ratio__rect_turn"", ""edge_PC__asset_turnover__roa"", ""edge_PC__asset_turnover__rect_turn"", ""edge_PC__roa__roe"", ""edge_PC__debt_ratio__leverage_ratio"", ""edge_PC__longtermdebt_invcap__capitalization_ratio"", ""edge_PC__debt_ratio2__totaldebt_invcap"", ""edge_PC__debt_ratio2__longtermdebt_invcap"", ""edge_PC__roa__rect_turn"", ""edge_PC__debt_ratio2__debt_ebitda"", ""edge_PC__totaldebt_invcap__leverage_ratio"", ""edge_PC__asset_liabilities__cash_debt"", ""edge_PC__debt_ratio2__rect_turn"", ""edge_PC__debt_ratio2__capitalization_ratio"", ""edge_PC__leverage_ratio__asset_turnover"", ""edge_PC__debt_ratio2__cash_debt"", ""edge_PC__roa__debt_ebitda""]"
6a70cabfe5104abc,F,PC,20,,,20,"[""edge_PC__asset_liabilities__rect_turn"", ""edge_PC__asset_liabilities__debt_ratio"", ""edge_PC__debt_ratio__rect_turn"", ""edge_PC__asset_turnover__roa"", ""edge_PC__asset_turnover__rect_turn"", ""edge_PC__roa__roe"", ""edge_PC__debt_ratio__leverage_ratio"", ""edge_PC__longtermdebt_invcap__capitalization_ratio"", ""edge_PC__debt_ratio2__totaldebt_invcap"", ""edge_PC__debt_ratio2__longtermdebt_invcap"", ""edge_PC__roa__rect_turn"", ""edge_PC__debt_ratio2__debt_ebitda"", ""edge_PC__totaldebt_invcap__leverage_ratio"", ""edge_PC__asset_liabilities__cash_debt"", ""edge_PC__debt_ratio2__rect_turn"", ""edge_PC__debt_ratio2__capitalization_ratio"", ""edge_PC__leverage_ratio__asset_turnover"", ""edge_PC__debt_ratio2__cash_debt"", ""edge_PC__roa__debt_ebitda"", ""edge_PC__asset_turnover__roe""]"
d94ce2ce605d4851,OF,PC,20,,,33,"[""leverage_ratio"", ""asset_liabilities"", ""roe"", ""asset_turnover"", ""debt_ratio"", ""debt_ratio2"", ""roa"", ""capitalization_ratio"", ""longtermdebt_invcap"", ""totaldebt_invcap"", ""cash_debt"", ""debt_ebitda"", ""rect_turn"", ""edge_PC__asset_liabilities__rect_turn"", ""edge_PC__asset_liabilities__debt_ratio"", ""edge_PC__debt_ratio__rect_turn"", ""edge_PC__asset_turnover__roa"", ""edge_PC__asset_turnover__rect_turn"", ""edge_PC__roa__roe"", ""edge_PC__debt_ratio__leverage_ratio"", ""edge_PC__longtermdebt_invcap__capitalization_ratio"", ""edge_PC__debt_ratio2__totaldebt_invcap"", ""edge_PC__debt_ratio2__longtermdebt_invcap"", ""edge_PC__roa__rect_turn"", ""edge_PC__debt_ratio2__debt_ebitda"", ""edge_PC__totaldebt_invcap__leverage_ratio"", ""edge_PC__asset_liabilities__cash_debt"", ""edge_PC__debt_ratio2__rect_turn"", ""edge_PC__debt_ratio2__capitalization_ratio"", ""edge_PC__leverage_ratio__asset_turnover"", ""edge_PC__debt_ratio2__cash_debt"", ""edge_PC__roa__debt_ebitda"", ""edge_PC__asset_turnover__roe""]"
ac0713d3eecfcacd,F,PC,21,,,21,"[""edge_PC__asset_liabilities__rect_turn"", ""edge_PC__asset_liabilities__debt_ratio"", ""edge_PC__debt_ratio__rect_turn"", ""edge_PC__asset_turnover__roa"", ""edge_PC__asset_turnover__rect_turn"", ""edge_PC__roa__roe"", ""edge_PC__debt_ratio__leverage_ratio"", ""edge_PC__longtermdebt_invcap__capitalization_ratio"", ""edge_PC__debt_ratio2__totaldebt_invcap"", ""edge_PC__debt_ratio2__longtermdebt_invcap"", ""edge_PC__roa__rect_turn"", ""edge_PC__debt_ratio2__debt_ebitda"", ""edge_PC__totaldebt_invcap__leverage_ratio"", ""edge_PC__asset_liabilities__cash_debt"", ""edge_PC__debt_ratio2__rect_turn"", ""edge_PC__debt_ratio2__capitalization_ratio"", ""edge_PC__leverage_ratio__asset_turnover"", ""edge_PC__debt_ratio2__cash_debt"", ""edge_PC__roa__debt_ebitda"", ""edge_PC__asset_turnover__roe"", ""edge_PC__longtermdebt_invcap__totaldebt_invcap""]"
2cd73d9141134774,OF,PC,21,,,34,"[""leverage_ratio"", ""asset_liabilities"", ""roe"", ""asset_turnover"", ""debt_ratio"", ""debt_ratio2"", ""roa"", ""capitalization_ratio"", ""longtermdebt_invcap"", ""totaldebt_invcap"", ""cash_debt"", ""debt_ebitda"", ""rect_turn"", ""edge_PC__asset_liabilities__rect_turn"", ""edge_PC__asset_liabilities__debt_ratio"", ""edge_PC__debt_ratio__rect_turn"", ""edge_PC__asset_turnover__roa"", ""edge_PC__asset_turnover__rect_turn"", ""edge_PC__roa__roe"", ""edge_PC__debt_ratio__leverage_ratio"", ""edge_PC__longtermdebt_invcap__capitalization_ratio"", ""edge_PC__debt_ratio2__totaldebt_invcap"", ""edge_PC__debt_ratio2__longtermdebt_invcap"", ""edge_PC__roa__rect_turn"", ""edge_PC__debt_ratio2__debt_ebitda"", ""edge_PC__totaldebt_invcap__leverage_ratio"", ""edge_PC__asset_liabilities__cash_debt"", ""edge_PC__debt_ratio2__rect_turn"", ""edge_PC__debt_ratio2__capitalization_ratio"", ""edge_PC__leverage_ratio__asset_turnover"", ""edge_PC__debt_ratio2__cash_debt"", ""edge_PC__roa__debt_ebitda"", ""edge_PC__asset_turnover__roe"", ""edge_PC__longtermdebt_invcap__totaldebt_invcap""]"
53a85c01fe6d0b7e,F,PC,22,,,22,"[""edge_PC__asset_liabilities__rect_turn"", ""edge_PC__asset_liabilities__debt_ratio"", ""edge_PC__debt_ratio__rect_turn"", ""edge_PC__asset_turnover__roa"", ""edge_PC__asset_turnover__rect_turn"", ""edge_PC__roa__roe"", ""edge_PC__debt_ratio__leverage_ratio"", ""edge_PC__longtermdebt_invcap__capitalization_ratio"", ""edge_PC__debt_ratio2__totaldebt_invcap"", ""edge_PC__debt_ratio2__longtermdebt_invcap"", ""edge_PC__roa__rect_turn"", ""edge_PC__debt_ratio2__debt_ebitda"", ""edge_PC__totaldebt_invcap__leverage_ratio"", ""edge_PC__asset_liabilities__cash_debt"", ""edge_PC__debt_ratio2__rect_turn"", ""edge_PC__debt_ratio2__capitalization_ratio"", ""edge_PC__leverage_ratio__asset_turnover"", ""edge_PC__debt_ratio2__cash_debt"", ""edge_PC__roa__debt_ebitda"", ""edge_PC__asset_turnover__roe"", ""edge_PC__longtermdebt_invcap__totaldebt_invcap"", ""edge_PC__debt_ratio2__roa""]"
d3c7b2ea7e48d507,OF,PC,22,,,35,"[""leverage_ratio"", ""asset_liabilities"", ""roe"", ""asset_turnover"", ""debt_ratio"", ""debt_ratio2"", ""roa"", ""capitalization_ratio"", ""longtermdebt_invcap"", ""totaldebt_invcap"", ""cash_debt"", ""debt_ebitda"", ""rect_turn"", ""edge_PC__asset_liabilities__rect_turn"", ""edge_PC__asset_liabilities__debt_ratio"", ""edge_PC__debt_ratio__rect_turn"", ""edge_PC__asset_turnover__roa"", ""edge_PC__asset_turnover__rect_turn"", ""edge_PC__roa__roe"", ""edge_PC__debt_ratio__leverage_ratio"", ""edge_PC__longtermdebt_invcap__capitalization_ratio"", ""edge_PC__debt_ratio2__totaldebt_invcap"", ""edge_PC__debt_ratio2__longtermdebt_invcap"", ""edge_PC__roa__rect_turn"", ""edge_PC__debt_ratio2__debt_ebitda"", ""edge_PC__totaldebt_invcap__leverage_ratio"", ""edge_PC__asset_liabilities__cash_debt"", ""edge_PC__debt_ratio2__rect_turn"", ""edge_PC__debt_ratio2__capitalization_ratio"", ""edge_PC__leverage_ratio__asset_turnover"", ""edge_PC__debt_ratio2__cash_debt"", ""edge_PC__roa__debt_ebitda"", ""edge_PC__asset_turnover__roe"", ""edge_PC__longtermdebt_invcap__totaldebt_invcap"", ""edge_PC__debt_ratio2__roa""]"
cdc2001fb0e0a04f,F,PC,23,,,23,"[""edge_PC__asset_liabilities__rect_turn"", ""edge_PC__asset_liabilities__debt_ratio"", ""edge_PC__debt_ratio__rect_turn"", ""edge_PC__asset_turnover__roa"", ""edge_PC__asset_turnover__rect_turn"", ""edge_PC__roa__roe"", ""edge_PC__debt_ratio__leverage_ratio"", ""edge_PC__longtermdebt_invcap__capitalization_ratio"", ""edge_PC__debt_ratio2__totaldebt_invcap"", ""edge_PC__debt_ratio2__longtermdebt_invcap"", ""edge_PC__roa__rect_turn"", ""edge_PC__debt_ratio2__debt_ebitda"", ""edge_PC__totaldebt_invcap__leverage_ratio"", ""edge_PC__asset_liabilities__cash_debt"", ""edge_PC__debt_ratio2__rect_turn"", ""edge_PC__debt_ratio2__capitalization_ratio"", ""edge_PC__leverage_ratio__asset_turnover"", ""edge_PC__debt_ratio2__cash_debt"", ""edge_PC__roa__debt_ebitda"", ""edge_PC__asset_turnover__roe"", ""edge_PC__longtermdebt_invcap__totaldebt_invcap"", ""edge_PC__debt_ratio2__roa"", ""edge_PC__totaldebt_invcap__cash_debt""]"
2088c05c8d8f760b,OF,PC,23,,,36,"[""leverage_ratio"", ""asset_liabilities"", ""roe"", ""asset_turnover"", ""debt_ratio"", ""debt_ratio2"", ""roa"", ""capitalization_ratio"", ""longtermdebt_invcap"", ""totaldebt_invcap"", ""cash_debt"", ""debt_ebitda"", ""rect_turn"", ""edge_PC__asset_liabilities__rect_turn"", ""edge_PC__asset_liabilities__debt_ratio"", ""edge_PC__debt_ratio__rect_turn"", ""edge_PC__asset_turnover__roa"", ""edge_PC__asset_turnover__rect_turn"", ""edge_PC__roa__roe"", ""edge_PC__debt_ratio__leverage_ratio"", ""edge_PC__longtermdebt_invcap__capitalization_ratio"", ""edge_PC__debt_ratio2__totaldebt_invcap"", ""edge_PC__debt_ratio2__longtermdebt_invcap"", ""edge_PC__roa__rect_turn"", ""edge_PC__debt_ratio2__debt_ebitda"", ""edge_PC__totaldebt_invcap__leverage_ratio"", ""edge_PC__asset_liabilities__cash_debt"", ""edge_PC__debt_ratio2__rect_turn"", ""edge_PC__debt_ratio2__capitalization_ratio"", ""edge_PC__leverage_ratio__asset_turnover"", ""edge_PC__debt_ratio2__cash_debt"", ""edge_PC__roa__debt_ebitda"", ""edge_PC__asset_turnover__roe"", ""edge_PC__longtermdebt_invcap__totaldebt_invcap"", ""edge_PC__debt_ratio2__roa"", ""edge_PC__totaldebt_invcap__cash_debt""]"
f013b14af9b65489,F,PC,24,,,24,"[""edge_PC__asset_liabilities__rect_turn"", ""edge_PC__asset_liabilities__debt_ratio"", ""edge_PC__debt_ratio__rect_turn"", ""edge_PC__asset_turnover__roa"", ""edge_PC__asset_turnover__rect_turn"", ""edge_PC__roa__roe"", ""edge_PC__debt_ratio__leverage_ratio"", ""edge_PC__longtermdebt_invcap__capitalization_ratio"", ""edge_PC__debt_ratio2__totaldebt_invcap"", ""edge_PC__debt_ratio2__longtermdebt_invcap"", ""edge_PC__roa__rect_turn"", ""edge_PC__debt_ratio2__debt_ebitda"", ""edge_PC__totaldebt_invcap__leverage_ratio"", ""edge_PC__asset_liabilities__cash_debt"", ""edge_PC__debt_ratio2__rect_turn"", ""edge_PC__debt_ratio2__capitalization_ratio"", ""edge_PC__leverage_ratio__asset_turnover"", ""edge_PC__debt_ratio2__cash_debt"", ""edge_PC__roa__debt_ebitda"", ""edge_PC__asset_turnover__roe"", ""edge_PC__longtermdebt_invcap__totaldebt_invcap"", ""edge_PC__debt_ratio2__roa"", ""edge_PC__totaldebt_invcap__cash_debt"", ""edge_PC__leverage_ratio__capitalization_ratio""]"
56b4aac031f87554,OF,PC,24,,,37,"[""leverage_ratio"", ""asset_liabilities"", ""roe"", ""asset_turnover"", ""debt_ratio"", ""debt_ratio2"", ""roa"", ""capitalization_ratio"", ""longtermdebt_invcap"", ""totaldebt_invcap"", ""cash_debt"", ""debt_ebitda"", ""rect_turn"", ""edge_PC__asset_liabilities__rect_turn"", ""edge_PC__asset_liabilities__debt_ratio"", ""edge_PC__debt_ratio__rect_turn"", ""edge_PC__asset_turnover__roa"", ""edge_PC__asset_turnover__rect_turn"", ""edge_PC__roa__roe"", ""edge_PC__debt_ratio__leverage_ratio"", ""edge_PC__longtermdebt_invcap__capitalization_ratio"", ""edge_PC__debt_ratio2__totaldebt_invcap"", ""edge_PC__debt_ratio2__longtermdebt_invcap"", ""edge_PC__roa__rect_turn"", ""edge_PC__debt_ratio2__debt_ebitda"", ""edge_PC__totaldebt_invcap__leverage_ratio"", ""edge_PC__asset_liabilities__cash_debt"", ""edge_PC__debt_ratio2__rect_turn"", ""edge_PC__debt_ratio2__capitalization_ratio"", ""edge_PC__leverage_ratio__asset_turnover"", ""edge_PC__debt_ratio2__cash_debt"", ""edge_PC__roa__debt_ebitda"", ""edge_PC__asset_turnover__roe"", ""edge_PC__longtermdebt_invcap__totaldebt_invcap"", ""edge_PC__debt_ratio2__roa"", ""edge_PC__totaldebt_invcap__cash_debt"", ""edge_PC__leverage_ratio__capitalization_ratio""]"
540d6350ce4f2995,OFR,PC,5,0,5100,5,"[""roe"", ""edge_PC__asset_liabilities__cash_debt"", ""edge_PC__debt_ratio2__debt_ebitda"", ""edge_PC__debt_ratio2__rect_turn"", ""edge_PC__asset_turnover__roe""]"
34fac8878f370dfc,OFR,PC,5,1,5101,5,"[""edge_PC__totaldebt_invcap__cash_debt"", ""totaldebt_invcap"", ""edge_PC__asset_liabilities__debt_ratio"", ""edge_PC__longtermdebt_invcap__totaldebt_invcap"", ""debt_ratio2""]"
76e31013e1f1a811,OFR,PC,5,2,5102,5,"[""edge_PC__longtermdebt_invcap__totaldebt_invcap"", ""roa"", ""edge_PC__debt_ratio2__longtermdebt_invcap"", ""asset_turnover"", ""edge_PC__leverage_ratio__capitalization_ratio""]"
2ac8a00f32139aed,OFR,PC,5,3,5103,5,"[""asset_liabilities"", ""edge_PC__asset_liabilities__cash_debt"", ""edge_PC__debt_ratio2__cash_debt"", ""edge_PC__debt_ratio2__debt_ebitda"", ""edge_PC__asset_liabilities__debt_ratio""]"
07f18493b64035c7,OFR,PC,5,4,5104,5,"[""edge_PC__asset_turnover__roa"", ""longtermdebt_invcap"", ""edge_PC__debt_ratio2__rect_turn"", ""edge_PC__debt_ratio2__debt_ebitda"", ""edge_PC__longtermdebt_invcap__totaldebt_invcap""]"
0a8734a224122861,OFR,PC,10,0,10100,10,"[""longtermdebt_invcap"", ""edge_PC__totaldebt_invcap__cash_debt"", ""edge_PC__asset_turnover__roa"", ""roe"", ""rect_turn"", ""asset_turnover"", ""edge_PC__debt_ratio2__longtermdebt_invcap"", ""totaldebt_invcap"", ""edge_PC__debt_ratio2__capitalization_ratio"", ""edge_PC__debt_ratio2__debt_ebitda""]"
51f4f402c9964925,OFR,PC,10,1,10101,10,"[""capitalization_ratio"", ""edge_PC__debt_ratio2__totaldebt_invcap"", ""edge_PC__asset_turnover__roe"", ""edge_PC__debt_ratio2__roa"", ""roa"", ""edge_PC__asset_liabilities__cash_debt"", ""asset_turnover"", ""totaldebt_invcap"", ""edge_PC__totaldebt_invcap__leverage_ratio"", ""debt_ratio2""]"
f964e49e7f431ba9,OFR,PC,10,2,10102,10,"[""edge_PC__asset_turnover__rect_turn"", ""asset_turnover"", ""edge_PC__roa__roe"", ""edge_PC__debt_ratio__rect_turn"", ""edge_PC__debt_ratio2__rect_turn"", ""edge_PC__asset_turnover__roe"", ""edge_PC__roa__rect_turn"", ""cash_debt"", ""longtermdebt_invcap"", ""debt_ebitda""]"
44527153fd8cf1d1,OFR,PC,10,3,10103,10,"[""edge_PC__debt_ratio2__totaldebt_invcap"", ""edge_PC__debt_ratio2__roa"", ""edge_PC__debt_ratio__rect_turn"", ""totaldebt_invcap"", ""edge_PC__longtermdebt_invcap__totaldebt_invcap"", ""debt_ratio2"", ""edge_PC__asset_turnover__roe"", ""edge_PC__roa__debt_ebitda"", ""edge_PC__asset_liabilities__rect_turn"", ""edge_PC__asset_liabilities__debt_ratio""]"
a9159c4b073f1396,OFR,PC,10,4,10104,10,"[""cash_debt"", ""edge_PC__leverage_ratio__capitalization_ratio"", ""roe"", ""edge_PC__leverage_ratio__asset_turnover"", ""edge_PC__asset_turnover__rect_turn"", ""edge_PC__debt_ratio2__roa"", ""asset_turnover"", ""edge_PC__debt_ratio__leverage_ratio"", ""edge_PC__debt_ratio2__debt_ebitda"", ""edge_PC__longtermdebt_invcap__capitalization_ratio""]"
d2dfef0e74c04778,OFR,PC,20,0,20100,20,"[""rect_turn"", ""edge_PC__debt_ratio2__cash_debt"", ""asset_liabilities"", ""longtermdebt_invcap"", ""cash_debt"", ""edge_PC__asset_turnover__roa"", ""edge_PC__roa__debt_ebitda"", ""roa"", ""edge_PC__longtermdebt_invcap__totaldebt_invcap"", ""edge_PC__debt_ratio__leverage_ratio"", ""edge_PC__longtermdebt_invcap__capitalization_ratio"", ""edge_PC__debt_ratio2__capitalization_ratio"", ""capitalization_ratio"", ""debt_ebitda"", ""edge_PC__debt_ratio2__roa"", ""edge_PC__asset_turnover__rect_turn"", ""edge_PC__debt_ratio2__longtermdebt_invcap"", ""edge_PC__asset_liabilities__debt_ratio"", ""edge_PC__debt_ratio2__debt_ebitda"", ""debt_ratio""]"
08e6e9edf23d67e5,OFR,PC,20,1,20101,20,"[""edge_PC__roa__roe"", ""edge_PC__totaldebt_invcap__cash_debt"", ""roa"", ""rect_turn"", ""edge_PC__asset_liabilities__debt_ratio"", ""debt_ebitda"", ""edge_PC__longtermdebt_invcap__capitalization_ratio"", ""edge_PC__asset_turnover__rect_turn"", ""leverage_ratio"", ""edge_PC__debt_ratio__leverage_ratio"", ""capitalization_ratio"", ""edge_PC__debt_ratio2__rect_turn"", ""edge_PC__debt_ratio2__capitalization_ratio"", ""edge_PC__asset_liabilities__rect_turn"", ""edge_PC__asset_turnover__roa"", ""edge_PC__debt_ratio2__cash_debt"", ""roe"", ""longtermdebt_invcap"", ""edge_PC__asset_liabilities__cash_debt"", ""edge_PC__totaldebt_invcap__leverage_ratio""]"
133d4f6432787258,OFR,PC,20,2,20102,20,"[""roa"", ""rect_turn"", ""cash_debt"", ""edge_PC__debt_ratio2__longtermdebt_invcap"", ""edge_PC__totaldebt_invcap__cash_debt"", ""asset_turnover"", ""edge_PC__roa__debt_ebitda"", ""longtermdebt_invcap"", ""edge_PC__debt_ratio2__rect_turn"", ""edge_PC__leverage_ratio__capitalization_ratio"", ""edge_PC__debt_ratio2__capitalization_ratio"", ""edge_PC__leverage_ratio__asset_turnover"", ""edge_PC__roa__rect_turn"", ""edge_PC__asset_turnover__rect_turn"", ""edge_PC__asset_turnover__roe"", ""edge_PC__debt_ratio__leverage_ratio"", ""edge_PC__asset_liabilities__debt_ratio"", ""totaldebt_invcap"", ""leverage_ratio"", ""debt_ratio""]"
e06a05e1ec8dc1bc,OFR,PC,20,3,20103,20,"[""edge_PC__longtermdebt_invcap__totaldebt_invcap"", ""edge_PC__asset_liabilities__rect_turn"", ""debt_ratio2"", ""roa"", ""edge_PC__debt_ratio2__totaldebt_invcap"", ""edge_PC__debt_ratio2__longtermdebt_invcap"", ""edge_PC__longtermdebt_invcap__capitalization_ratio"", ""edge_PC__totaldebt_invcap__cash_debt"", ""edge_PC__asset_liabilities__debt_ratio"", ""longtermdebt_invcap"", ""edge_PC__roa__roe"", ""asset_liabilities"", ""edge_PC__roa__rect_turn"", ""edge_PC__leverage_ratio__asset_turnover"", ""edge_PC__debt_ratio__rect_turn"", ""debt_ratio"", ""totaldebt_invcap"", ""edge_PC__debt_ratio__leverage_ratio"", ""edge_PC__leverage_ratio__capitalization_ratio"", ""edge_PC__asset_liabilities__cash_debt""]"
6eb991013b394e0b,OFR,PC,20,4,20104,20,"[""edge_PC__debt_ratio2__totaldebt_invcap"", ""longtermdebt_invcap"", ""debt_ebitda"", ""edge_PC__debt_ratio2__capitalization_ratio"", ""asset_turnover"", ""edge_PC__debt_ratio__rect_turn"", ""edge_PC__debt_ratio__leverage_ratio"", ""edge_PC__totaldebt_invcap__leverage_ratio"", ""edge_PC__leverage_ratio__asset_turnover"", ""roe"", ""edge_PC__asset_turnover__roe"", ""edge_PC__asset_liabilities__cash_debt"", ""edge_PC__roa__roe"", ""leverage_ratio"", ""edge_PC__roa__rect_turn"", ""edge_PC__asset_turnover__rect_turn"", ""asset_liabilities"", ""edge_PC__debt_ratio2__cash_debt"", ""capitalization_ratio"", ""edge_PC__asset_liabilities__debt_ratio""]"
645c142d03828d7a,OFR,PC,30,0,30100,30,"[""edge_PC__debt_ratio__rect_turn"", ""edge_PC__totaldebt_invcap__leverage_ratio"", ""edge_PC__debt_ratio2__longtermdebt_invcap"", ""edge_PC__debt_ratio2__capitalization_ratio"", ""leverage_ratio"", ""edge_PC__asset_liabilities__cash_debt"", ""debt_ratio"", ""edge_PC__debt_ratio2__roa"", ""edge_PC__roa__rect_turn"", ""edge_PC__roa__roe"", ""cash_debt"", ""edge_PC__longtermdebt_invcap__totaldebt_invcap"", ""edge_PC__debt_ratio2__rect_turn"", ""edge_PC__debt_ratio__leverage_ratio"", ""roe"", ""rect_turn"", ""totaldebt_invcap"", ""edge_PC__leverage_ratio__asset_turnover"", ""edge_PC__roa__debt_ebitda"", ""edge_PC__debt_ratio2__totaldebt_invcap"", ""edge_PC__debt_ratio2__cash_debt"", ""debt_ratio2"", ""edge_PC__asset_turnover__roa"", ""edge_PC__totaldebt_invcap__cash_debt"", ""edge_PC__asset_liabilities__rect_turn"", ""edge_PC__debt_ratio2__debt_ebitda"", ""capitalization_ratio"", ""asset_liabilities"", ""edge_PC__asset_turnover__rect_turn"", ""edge_PC__asset_turnover__roe""]"
1fe9c525023bec27,OFR,PC,30,1,30101,30,"[""edge_PC__debt_ratio__rect_turn"", ""asset_turnover"", ""edge_PC__debt_ratio2__cash_debt"", ""edge_PC__roa__roe"", ""asset_liabilities"", ""edge_PC__longtermdebt_invcap__totaldebt_invcap"", ""edge_PC__debt_ratio2__longtermdebt_invcap"", ""edge_PC__asset_liabilities__debt_ratio"", ""edge_PC__debt_ratio2__roa"", ""capitalization_ratio"", ""edge_PC__totaldebt_invcap__cash_debt"", ""edge_PC__debt_ratio2__rect_turn"", ""roe"", ""edge_PC__debt_ratio2__totaldebt_invcap"", ""edge_PC__asset_liabilities__rect_turn"", ""edge_PC__roa__debt_ebitda"", ""edge_PC__debt_ratio2__debt_ebitda"", ""edge_PC__asset_turnover__roa"", ""totaldebt_invcap"", ""edge_PC__leverage_ratio__asset_turnover"", ""edge_PC__totaldebt_invcap__leverage_ratio"", ""edge_PC__longtermdebt_invcap__capitalization_ratio"", ""edge_PC__roa__rect_turn"", ""rect_turn"", ""leverage_ratio"", ""longtermdebt_invcap"", ""edge_PC__asset_turnover__roe"", ""edge_PC__asset_liabilities__cash_debt"", ""debt_ebitda"", ""edge_PC__debt_ratio2__capitalization_ratio""]"
b317f3b740185701,OFR,PC,30,2,30102,30,"[""roe"", ""edge_PC__longtermdebt_invcap__capitalization_ratio"", ""edge_PC__debt_ratio2__totaldebt_invcap"", ""totaldebt_invcap"", ""edge_PC__debt_ratio2__cash_debt"", ""leverage_ratio"", ""debt_ratio2"", ""edge_PC__debt_ratio__leverage_ratio"", ""rect_turn"", ""edge_PC__asset_turnover__roe"", ""edge_PC__totaldebt_invcap__leverage_ratio"", ""edge_PC__debt_ratio__rect_turn"", ""edge_PC__asset_liabilities__debt_ratio"", ""edge_PC__asset_turnover__rect_turn"", ""edge_PC__leverage_ratio__asset_turnover"", ""roa"", ""edge_PC__roa__debt_ebitda"", ""asset_liabilities"", ""edge_PC__debt_ratio2__capitalization_ratio"", ""capitalization_ratio"", ""edge_PC__roa__rect_turn"", ""asset_turnover"", ""debt_ratio"", ""debt_ebitda"", ""edge_PC__asset_liabilities__rect_turn"", ""edge_PC__totaldebt_invcap__cash_debt"", ""edge_PC__debt_ratio2__debt_ebitda"", ""edge_PC__leverage_ratio__capitalization_ratio"", ""edge_PC__asset_turnover__roa"", ""edge_PC__roa__roe""]"
9225daa70e08d126,OFR,PC,30,3,30103,30,"[""edge_PC__longtermdebt_invcap__capitalization_ratio"", ""edge_PC__asset_liabilities__debt_ratio"", ""debt_ratio"", ""edge_PC__leverage_ratio__asset_turnover"", ""edge_PC__debt_ratio2__capitalization_ratio"", ""edge_PC__asset_turnover__roa"", ""asset_liabilities"", ""totaldebt_invcap"", ""cash_debt"", ""edge_PC__asset_turnover__rect_turn"", ""roe"", ""edge_PC__asset_turnover__roe"", ""debt_ratio2"", ""capitalization_ratio"", ""longtermdebt_invcap"", ""edge_PC__debt_ratio2__cash_debt"", ""edge_PC__debt_ratio2__roa"", ""edge_PC__longtermdebt_invcap__totaldebt_invcap"", ""edge_PC__debt_ratio2__rect_turn"", ""edge_PC__totaldebt_invcap__cash_debt"", ""edge_PC__roa__roe"", ""edge_PC__roa__rect_turn"", ""rect_turn"", ""roa"", ""asset_turnover"", ""edge_PC__roa__debt_ebitda"", ""edge_PC__debt_ratio2__totaldebt_invcap"", ""debt_ebitda"", ""edge_PC__leverage_ratio__capitalization_ratio"", ""edge_PC__debt_ratio__rect_turn""]"
bcdcd312f5685d7c,OFR,PC,30,4,30104,30,"[""edge_PC__debt_ratio2__debt_ebitda"", ""edge_PC__totaldebt_invcap__cash_debt"", ""edge_PC__debt_ratio2__roa"", ""debt_ratio2"", ""edge_PC__asset_liabilities__rect_turn"", ""edge_PC__longtermdebt_invcap__totaldebt_invcap"", ""edge_PC__debt_ratio__leverage_ratio"", ""edge_PC__asset_turnover__roa"", ""roe"", ""edge_PC__debt_ratio2__longtermdebt_invcap"", ""edge_PC__longtermdebt_invcap__capitalization_ratio"", ""debt_ebitda"", ""edge_PC__leverage_ratio__asset_turnover"", ""edge_PC__asset_turnover__rect_turn"", ""edge_PC__debt_ratio2__rect_turn"", ""longtermdebt_invcap"", ""leverage_ratio"", ""edge_PC__leverage_ratio__capitalization_ratio"", ""edge_PC__totaldebt_invcap__leverage_ratio"", ""debt_ratio"", ""edge_PC__debt_ratio__rect_turn"", ""asset_turnover"", ""capitalization_ratio"", ""edge_PC__roa__roe"", ""edge_PC__debt_ratio2__cash_debt"", ""edge_PC__asset_liabilities__cash_debt"", ""cash_debt"", ""edge_PC__asset_turnover__roe"", ""edge_PC__roa__debt_ebitda"", ""asset_liabilities""]"
067cde7eb10e7b26,OFR,PC,40,0,37100,37,"[""totaldebt_invcap"", ""debt_ebitda"", ""edge_PC__asset_turnover__roa"", ""edge_PC__leverage_ratio__capitalization_ratio"", ""capitalization_ratio"", ""edge_PC__roa__debt_ebitda"", ""edge_PC__totaldebt_invcap__leverage_ratio"", ""asset_turnover"", ""edge_PC__debt_ratio2__totaldebt_invcap"", ""edge_PC__debt_ratio__rect_turn"", ""edge_PC__debt_ratio2__capitalization_ratio"", ""edge_PC__asset_turnover__rect_turn"", ""roa"", ""edge_PC__asset_liabilities__cash_debt"", ""debt_ratio2"", ""edge_PC__totaldebt_invcap__cash_debt"", ""edge_PC__longtermdebt_invcap__capitalization_ratio"", ""edge_PC__asset_liabilities__debt_ratio"", ""cash_debt"", ""edge_PC__roa__rect_turn"", ""edge_PC__longtermdebt_invcap__totaldebt_invcap"", ""edge_PC__leverage_ratio__asset_turnover"", ""leverage_ratio"", ""debt_ratio"", ""edge_PC__debt_ratio2__rect_turn"", ""edge_PC__debt_ratio__leverage_ratio"", ""edge_PC__debt_ratio2__cash_debt"", ""asset_liabilities"", ""rect_turn"", ""edge_PC__debt_ratio2__debt_ebitda"", ""edge_PC__debt_ratio2__longtermdebt_invcap"", ""edge_PC__roa__roe"", ""roe"", ""edge_PC__asset_turnover__roe"", ""longtermdebt_invcap"", ""edge_PC__debt_ratio2__roa"", ""edge_PC__asset_liabilities__rect_turn""]"
2b69b61ac6c2cce9,OFR,PC,40,1,37101,37,"[""edge_PC__debt_ratio2__longtermdebt_invcap"", ""edge_PC__debt_ratio__rect_turn"", ""edge_PC__asset_turnover__roe"", ""edge_PC__debt_ratio2__debt_ebitda"", ""edge_PC__debt_ratio2__cash_debt"", ""edge_PC__longtermdebt_invcap__totaldebt_invcap"", ""totaldebt_invcap"", ""edge_PC__roa__roe"", ""edge_PC__debt_ratio2__rect_turn"", ""capitalization_ratio"", ""debt_ratio"", ""edge_PC__debt_ratio2__totaldebt_invcap"", ""asset_liabilities"", ""edge_PC__totaldebt_invcap__cash_debt"", ""roe"", ""leverage_ratio"", ""edge_PC__asset_liabilities__rect_turn"", ""cash_debt"", ""edge_PC__totaldebt_invcap__leverage_ratio"", ""edge_PC__roa__rect_turn"", ""debt_ebitda"", ""edge_PC__leverage_ratio__capitalization_ratio"", ""debt_ratio2"", ""edge_PC__asset_turnover__roa"", ""edge_PC__asset_turnover__rect_turn"", ""edge_PC__leverage_ratio__asset_turnover"", ""edge_PC__longtermdebt_invcap__capitalization_ratio"", ""edge_PC__debt_ratio2__roa"", ""edge_PC__roa__debt_ebitda"", ""edge_PC__debt_ratio2__capitalization_ratio"", ""edge_PC__asset_liabilities__debt_ratio"", ""roa"", ""asset_turnover"", ""edge_PC__asset_liabilities__cash_debt"", ""longtermdebt_invcap"", ""edge_PC__debt_ratio__leverage_ratio"", ""rect_turn""]"
9de6153d2ba1ca9f,OFR,PC,40,2,37102,37,"[""edge_PC__debt_ratio__rect_turn"", ""roe"", ""edge_PC__debt_ratio2__totaldebt_invcap"", ""leverage_ratio"", ""edge_PC__asset_liabilities__debt_ratio"", ""edge_PC__debt_ratio2__capitalization_ratio"", ""debt_ratio2"", ""edge_PC__asset_liabilities__rect_turn"", ""edge_PC__asset_turnover__roa"", ""capitalization_ratio"", ""edge_PC__roa__rect_turn"", ""edge_PC__debt_ratio2__cash_debt"", ""edge_PC__roa__debt_ebitda"", ""edge_PC__asset_turnover__roe"", ""edge_PC__debt_ratio2__rect_turn"", ""roa"", ""cash_debt"", ""edge_PC__debt_ratio__leverage_ratio"", ""edge_PC__totaldebt_invcap__leverage_ratio"", ""edge_PC__asset_turnover__rect_turn"", ""edge_PC__leverage_ratio__capitalization_ratio"", ""edge_PC__longtermdebt_invcap__capitalization_ratio"", ""asset_turnover"", ""edge_PC__totaldebt_invcap__cash_debt"", ""edge_PC__debt_ratio2__longtermdebt_invcap"", ""edge_PC__debt_ratio2__debt_ebitda"", ""totaldebt_invcap"", ""edge_PC__asset_liabilities__cash_debt"", ""longtermdebt_invcap"", ""edge_PC__debt_ratio2__roa"", ""debt_ratio"", ""edge_PC__roa__roe"", ""asset_liabilities"", ""rect_turn"", ""debt_ebitda"", ""edge_PC__longtermdebt_invcap__totaldebt_invcap"", ""edge_PC__leverage_ratio__asset_turnover""]"
54ea8c2ee7f27f79,OFR,PC,40,3,37103,37,"[""rect_turn"", ""edge_PC__debt_ratio2__rect_turn"", ""edge_PC__asset_liabilities__debt_ratio"", ""longtermdebt_invcap"", ""edge_PC__longtermdebt_invcap__totaldebt_invcap"", ""asset_liabilities"", ""edge_PC__debt_ratio2__totaldebt_invcap"", ""edge_PC__asset_turnover__rect_turn"", ""edge_PC__debt_ratio2__roa"", ""roe"", ""edge_PC__debt_ratio2__capitalization_ratio"", ""edge_PC__debt_ratio__rect_turn"", ""edge_PC__totaldebt_invcap__cash_debt"", ""capitalization_ratio"", ""edge_PC__asset_turnover__roa"", ""edge_PC__longtermdebt_invcap__capitalization_ratio"", ""edge_PC__debt_ratio__leverage_ratio"", ""edge_PC__asset_turnover__roe"", ""edge_PC__asset_liabilities__cash_debt"", ""edge_PC__totaldebt_invcap__leverage_ratio"", ""debt_ratio2"", ""edge_PC__roa__rect_turn"", ""cash_debt"", ""asset_turnover"", ""edge_PC__roa__roe"", ""edge_PC__leverage_ratio__capitalization_ratio"", ""edge_PC__roa__debt_ebitda"", ""debt_ratio"", ""edge_PC__debt_ratio2__debt_ebitda"", ""edge_PC__debt_ratio2__longtermdebt_invcap"", ""leverage_ratio"", ""totaldebt_invcap"", ""edge_PC__debt_ratio2__cash_debt"", ""roa"", ""edge_PC__leverage_ratio__asset_turnover"", ""edge_PC__asset_liabilities__rect_turn"", ""debt_ebitda""]"
70dddccfaa450336,OFR,PC,40,4,37104,37,"[""edge_PC__debt_ratio2__totaldebt_invcap"", ""asset_turnover"", ""edge_PC__debt_ratio__leverage_ratio"", ""capitalization_ratio"", ""edge_PC__longtermdebt_invcap__totaldebt_invcap"", ""totaldebt_invcap"", ""debt_ebitda"", ""edge_PC__asset_turnover__rect_turn"", ""edge_PC__debt_ratio2__roa"", ""edge_PC__debt_ratio2__cash_debt"", ""edge_PC__debt_ratio2__debt_ebitda"", ""edge_PC__asset_liabilities__rect_turn"", ""edge_PC__asset_turnover__roe"", ""longtermdebt_invcap"", ""asset_liabilities"", ""edge_PC__debt_ratio2__capitalization_ratio"", ""leverage_ratio"", ""edge_PC__asset_turnover__roa"", ""edge_PC__debt_ratio2__rect_turn"", ""edge_PC__debt_ratio__rect_turn"", ""edge_PC__roa__roe"", ""edge_PC__roa__debt_ebitda"", ""edge_PC__leverage_ratio__capitalization_ratio"", ""roa"", ""edge_PC__totaldebt_invcap__cash_debt"", ""edge_PC__longtermdebt_invcap__capitalization_ratio"", ""edge_PC__roa__rect_turn"", ""edge_PC__totaldebt_invcap__leverage_ratio"", ""debt_ratio2"", ""debt_ratio"", ""edge_PC__asset_liabilities__cash_debt"", ""edge_PC__debt_ratio2__longtermdebt_invcap"", ""cash_debt"", ""edge_PC__asset_liabilities__debt_ratio"", ""rect_turn"", ""edge_PC__leverage_ratio__asset_turnover"", ""roe""]"
c633588e73c1b101,OFR,PC,ALL,0,37100,37,"[""totaldebt_invcap"", ""debt_ebitda"", ""edge_PC__asset_turnover__roa"", ""edge_PC__leverage_ratio__capitalization_ratio"", ""capitalization_ratio"", ""edge_PC__roa__debt_ebitda"", ""edge_PC__totaldebt_invcap__leverage_ratio"", ""asset_turnover"", ""edge_PC__debt_ratio2__totaldebt_invcap"", ""edge_PC__debt_ratio__rect_turn"", ""edge_PC__debt_ratio2__capitalization_ratio"", ""edge_PC__asset_turnover__rect_turn"", ""roa"", ""edge_PC__asset_liabilities__cash_debt"", ""debt_ratio2"", ""edge_PC__totaldebt_invcap__cash_debt"", ""edge_PC__longtermdebt_invcap__capitalization_ratio"", ""edge_PC__asset_liabilities__debt_ratio"", ""cash_debt"", ""edge_PC__roa__rect_turn"", ""edge_PC__longtermdebt_invcap__totaldebt_invcap"", ""edge_PC__leverage_ratio__asset_turnover"", ""leverage_ratio"", ""debt_ratio"", ""edge_PC__debt_ratio2__rect_turn"", ""edge_PC__debt_ratio__leverage_ratio"", ""edge_PC__debt_ratio2__cash_debt"", ""asset_liabilities"", ""rect_turn"", ""edge_PC__debt_ratio2__debt_ebitda"", ""edge_PC__debt_ratio2__longtermdebt_invcap"", ""edge_PC__roa__roe"", ""roe"", ""edge_PC__asset_turnover__roe"", ""longtermdebt_invcap"", ""edge_PC__debt_ratio2__roa"", ""edge_PC__asset_liabilities__rect_turn""]"
549fa4d44bd926f9,OFR,PC,ALL,1,37101,37,"[""edge_PC__debt_ratio2__longtermdebt_invcap"", ""edge_PC__debt_ratio__rect_turn"", ""edge_PC__asset_turnover__roe"", ""edge_PC__debt_ratio2__debt_ebitda"", ""edge_PC__debt_ratio2__cash_debt"", ""edge_PC__longtermdebt_invcap__totaldebt_invcap"", ""totaldebt_invcap"", ""edge_PC__roa__roe"", ""edge_PC__debt_ratio2__rect_turn"", ""capitalization_ratio"", ""debt_ratio"", ""edge_PC__debt_ratio2__totaldebt_invcap"", ""asset_liabilities"", ""edge_PC__totaldebt_invcap__cash_debt"", ""roe"", ""leverage_ratio"", ""edge_PC__asset_liabilities__rect_turn"", ""cash_debt"", ""edge_PC__totaldebt_invcap__leverage_ratio"", ""edge_PC__roa__rect_turn"", ""debt_ebitda"", ""edge_PC__leverage_ratio__capitalization_ratio"", ""debt_ratio2"", ""edge_PC__asset_turnover__roa"", ""edge_PC__asset_turnover__rect_turn"", ""edge_PC__leverage_ratio__asset_turnover"", ""edge_PC__longtermdebt_invcap__capitalization_ratio"", ""edge_PC__debt_ratio2__roa"", ""edge_PC__roa__debt_ebitda"", ""edge_PC__debt_ratio2__capitalization_ratio"", ""edge_PC__asset_liabilities__debt_ratio"", ""roa"", ""asset_turnover"", ""edge_PC__asset_liabilities__cash_debt"", ""longtermdebt_invcap"", ""edge_PC__debt_ratio__leverage_ratio"", ""rect_turn""]"
7862ebfba894dec4,OFR,PC,ALL,2,37102,37,"[""edge_PC__debt_ratio__rect_turn"", ""roe"", ""edge_PC__debt_ratio2__totaldebt_invcap"", ""leverage_ratio"", ""edge_PC__asset_liabilities__debt_ratio"", ""edge_PC__debt_ratio2__capitalization_ratio"", ""debt_ratio2"", ""edge_PC__asset_liabilities__rect_turn"", ""edge_PC__asset_turnover__roa"", ""capitalization_ratio"", ""edge_PC__roa__rect_turn"", ""edge_PC__debt_ratio2__cash_debt"", ""edge_PC__roa__debt_ebitda"", ""edge_PC__asset_turnover__roe"", ""edge_PC__debt_ratio2__rect_turn"", ""roa"", ""cash_debt"", ""edge_PC__debt_ratio__leverage_ratio"", ""edge_PC__totaldebt_invcap__leverage_ratio"", ""edge_PC__asset_turnover__rect_turn"", ""edge_PC__leverage_ratio__capitalization_ratio"", ""edge_PC__longtermdebt_invcap__capitalization_ratio"", ""asset_turnover"", ""edge_PC__totaldebt_invcap__cash_debt"", ""edge_PC__debt_ratio2__longtermdebt_invcap"", ""edge_PC__debt_ratio2__debt_ebitda"", ""totaldebt_invcap"", ""edge_PC__asset_liabilities__cash_debt"", ""longtermdebt_invcap"", ""edge_PC__debt_ratio2__roa"", ""debt_ratio"", ""edge_PC__roa__roe"", ""asset_liabilities"", ""rect_turn"", ""debt_ebitda"", ""edge_PC__longtermdebt_invcap__totaldebt_invcap"", ""edge_PC__leverage_ratio__asset_turnover""]"
e0e0adbd6721f387,OFR,PC,ALL,3,37103,37,"[""rect_turn"", ""edge_PC__debt_ratio2__rect_turn"", ""edge_PC__asset_liabilities__debt_ratio"", ""longtermdebt_invcap"", ""edge_PC__longtermdebt_invcap__totaldebt_invcap"", ""asset_liabilities"", ""edge_PC__debt_ratio2__totaldebt_invcap"", ""edge_PC__asset_turnover__rect_turn"", ""edge_PC__debt_ratio2__roa"", ""roe"", ""edge_PC__debt_ratio2__capitalization_ratio"", ""edge_PC__debt_ratio__rect_turn"", ""edge_PC__totaldebt_invcap__cash_debt"", ""capitalization_ratio"", ""edge_PC__asset_turnover__roa"", ""edge_PC__longtermdebt_invcap__capitalization_ratio"", ""edge_PC__debt_ratio__leverage_ratio"", ""edge_PC__asset_turnover__roe"", ""edge_PC__asset_liabilities__cash_debt"", ""edge_PC__totaldebt_invcap__leverage_ratio"", ""debt_ratio2"", ""edge_PC__roa__rect_turn"", ""cash_debt"", ""asset_turnover"", ""edge_PC__roa__roe"", ""edge_PC__leverage_ratio__capitalization_ratio"", ""edge_PC__roa__debt_ebitda"", ""debt_ratio"", ""edge_PC__debt_ratio2__debt_ebitda"", ""edge_PC__debt_ratio2__longtermdebt_invcap"", ""leverage_ratio"", ""totaldebt_invcap"", ""edge_PC__debt_ratio2__cash_debt"", ""roa"", ""edge_PC__leverage_ratio__asset_turnover"", ""edge_PC__asset_liabilities__rect_turn"", ""debt_ebitda""]"
cfc52844d55eab35,OFR,PC,ALL,4,37104,37,"[""edge_PC__debt_ratio2__totaldebt_invcap"", ""asset_turnover"", ""edge_PC__debt_ratio__leverage_ratio"", ""capitalization_ratio"", ""edge_PC__longtermdebt_invcap__totaldebt_invcap"", ""totaldebt_invcap"", ""debt_ebitda"", ""edge_PC__asset_turnover__rect_turn"", ""edge_PC__debt_ratio2__roa"", ""edge_PC__debt_ratio2__cash_debt"", ""edge_PC__debt_ratio2__debt_ebitda"", ""edge_PC__asset_liabilities__rect_turn"", ""edge_PC__asset_turnover__roe"", ""longtermdebt_invcap"", ""asset_liabilities"", ""edge_PC__debt_ratio2__capitalization_ratio"", ""leverage_ratio"", ""edge_PC__asset_turnover__roa"", ""edge_PC__debt_ratio2__rect_turn"", ""edge_PC__debt_ratio__rect_turn"", ""edge_PC__roa__roe"", ""edge_PC__roa__debt_ebitda"", ""edge_PC__leverage_ratio__capitalization_ratio"", ""roa"", ""edge_PC__totaldebt_invcap__cash_debt"", ""edge_PC__longtermdebt_invcap__capitalization_ratio"", ""edge_PC__roa__rect_turn"", ""edge_PC__totaldebt_invcap__leverage_ratio"", ""debt_ratio2"", ""debt_ratio"", ""edge_PC__asset_liabilities__cash_debt"", ""edge_PC__debt_ratio2__longtermdebt_invcap"", ""cash_debt"", ""edge_PC__asset_liabilities__debt_ratio"", ""rect_turn"", ""edge_PC__leverage_ratio__asset_turnover"", ""roe""]"
1d7f152d06cd3fe6,F,GES,1,,,1,"[""edge_GES__asset_liabilities__rect_turn""]"
daa9910e8071bea2,OF,GES,1,,,14,"[""leverage_ratio"", ""asset_liabilities"", ""roe"", ""asset_turnover"", ""debt_ratio"", ""debt_ratio2"", ""roa"", ""capitalization_ratio"", ""longtermdebt_invcap"", ""totaldebt_invcap"", ""cash_debt"", ""debt_ebitda"", ""rect_turn"", ""edge_GES__asset_liabilities__rect_turn""]"
ff0397322a3d5d90,F,GES,2,,,2,"[""edge_GES__asset_liabilities__rect_turn"", ""edge_GES__asset_liabilities__debt_ratio""]"
94a6f15dee14fabd,OF,GES,2,,,15,"[""leverage_ratio"", ""asset_liabilities"", ""roe"", ""asset_turnover"", ""debt_ratio"", ""debt_ratio2"", ""roa"", ""capitalization_ratio"", ""longtermdebt_invcap"", ""totaldebt_invcap"", ""cash_debt"", ""debt_ebitda"", ""rect_turn"", ""edge_GES__asset_liabilities__rect_turn"", ""edge_GES__asset_liabilities__debt_ratio""]"
050527a740ae0026,F,GES,3,,,3,"[""edge_GES__asset_liabilities__rect_turn"", ""edge_GES__asset_liabilities__debt_ratio"", ""edge_GES__debt_ratio__rect_turn""]"
074ddd55b1ae863a,OF,GES,3,,,16,"[""leverage_ratio"", ""asset_liabilities"", ""roe"", ""asset_turnover"", ""debt_ratio"", ""debt_ratio2"", ""roa"", ""capitalization_ratio"", ""longtermdebt_invcap"", ""totaldebt_invcap"", ""cash_debt"", ""debt_ebitda"", ""rect_turn"", ""edge_GES__asset_liabilities__rect_turn"", ""edge_GES__asset_liabilities__debt_ratio"", ""edge_GES__debt_ratio__rect_turn""]"
e6c20743d2697131,F,GES,4,,,4,"[""edge_GES__asset_liabilities__rect_turn"", ""edge_GES__asset_liabilities__debt_ratio"", ""edge_GES__debt_ratio__rect_turn"", ""edge_GES__debt_ratio__leverage_ratio""]"
ddad07b04d5a43ea,OF,GES,4,,,17,"[""leverage_ratio"", ""asset_liabilities"", ""roe"", ""asset_turnover"", ""debt_ratio"", ""debt_ratio2"", ""roa"", ""capitalization_ratio"", ""longtermdebt_invcap"", ""totaldebt_invcap"", ""cash_debt"", ""debt_ebitda"", ""rect_turn"", ""edge_GES__asset_liabilities__rect_turn"", ""edge_GES__asset_liabilities__debt_ratio"", ""edge_GES__debt_ratio__rect_turn"", ""edge_GES__debt_ratio__leverage_ratio""]"
84c9d88f2762407d,F,GES,5,,,5,"[""edge_GES__asset_liabilities__rect_turn"", ""edge_GES__asset_liabilities__debt_ratio"", ""edge_GES__debt_ratio__rect_turn"", ""edge_GES__debt_ratio__leverage_ratio"", ""edge_GES__roa__asset_turnover""]"
ae5e4415360a9a1b,OF,GES,5,,,18,"[""leverage_ratio"", ""asset_liabilities"", ""roe"", ""asset_turnover"", ""debt_ratio"", ""debt_ratio2"", ""roa"", ""capitalization_ratio"", ""longtermdebt_invcap"", ""totaldebt_invcap"", ""cash_debt"", ""debt_ebitda"", ""rect_turn"", ""edge_GES__asset_liabilities__rect_turn"", ""edge_GES__asset_liabilities__debt_ratio"", ""edge_GES__debt_ratio__rect_turn"", ""edge_GES__debt_ratio__leverage_ratio"", ""edge_GES__roa__asset_turnover""]"
82d6016092529b79,F,GES,6,,,6,"[""edge_GES__asset_liabilities__rect_turn"", ""edge_GES__asset_liabilities__debt_ratio"", ""edge_GES__debt_ratio__rect_turn"", ""edge_GES__debt_ratio__leverage_ratio"", ""edge_GES__roa__asset_turnover"", ""edge_GES__asset_turnover__rect_turn""]"
ce6ce007ddb29321,OF,GES,6,,,19,"[""leverage_ratio"", ""asset_liabilities"", ""roe"", ""asset_turnover"", ""debt_ratio"", ""debt_ratio2"", ""roa"", ""capitalization_ratio"", ""longtermdebt_invcap"", ""totaldebt_invcap"", ""cash_debt"", ""debt_ebitda"", ""rect_turn"", ""edge_GES__asset_liabilities__rect_turn"", ""edge_GES__asset_liabilities__debt_ratio"", ""edge_GES__debt_ratio__rect_turn"", ""edge_GES__debt_ratio__leverage_ratio"", ""edge_GES__roa__asset_turnover"", ""edge_GES__asset_turnover__rect_turn""]"
e100ab5953b3e063,F,GES,7,,,7,"[""edge_GES__asset_liabilities__rect_turn"", ""edge_GES__asset_liabilities__debt_ratio"", ""edge_GES__debt_ratio__rect_turn"", ""edge_GES__debt_ratio__leverage_ratio"", ""edge_GES__roa__asset_turnover"", ""edge_GES__asset_turnover__rect_turn"", ""edge_GES__roa__roe""]"
21dc070e2e7bdef2,OF,GES,7,,,20,"[""leverage_ratio"", ""asset_liabilities"", ""roe"", ""asset_turnover"", ""debt_ratio"", ""debt_ratio2"", ""roa"", ""capitalization_ratio"", ""longtermdebt_invcap"", ""totaldebt_invcap"", ""cash_debt"", ""debt_ebitda"", ""rect_turn"", ""edge_GES__asset_liabilities__rect_turn"", ""edge_GES__asset_liabilities__debt_ratio"", ""edge_GES__debt_ratio__rect_turn"", ""edge_GES__debt_ratio__leverage_ratio"", ""edge_GES__roa__asset_turnover"", ""edge_GES__asset_turnover__rect_turn"", ""edge_GES__roa__roe""]"
89de563635bcbd2c,F,GES,8,,,8,"[""edge_GES__asset_liabilities__rect_turn"", ""edge_GES__asset_liabilities__debt_ratio"", ""edge_GES__debt_ratio__rect_turn"", ""edge_GES__debt_ratio__leverage_ratio"", ""edge_GES__roa__asset_turnover"", ""edge_GES__asset_turnover__rect_turn"", ""edge_GES__roa__roe"", ""edge_GES__asset_liabilities__leverage_ratio""]"
0a51d1df36fd1f1a,OF,GES,8,,,21,"[""leverage_ratio"", ""asset_liabilities"", ""roe"", ""asset_turnover"", ""debt_ratio"", ""debt_ratio2"", ""roa"", ""capitalization_ratio"", ""longtermdebt_invcap"", ""totaldebt_invcap"", ""cash_debt"", ""debt_ebitda"", ""rect_turn"", ""edge_GES__asset_liabilities__rect_turn"", ""edge_GES__asset_liabilities__debt_ratio"", ""edge_GES__debt_ratio__rect_turn"", ""edge_GES__debt_ratio__leverage_ratio"", ""edge_GES__roa__asset_turnover"", ""edge_GES__asset_turnover__rect_turn"", ""edge_GES__roa__roe"", ""edge_GES__asset_liabilities__leverage_ratio""]"
d7b238a88ea0323e,F,GES,9,,,9,"[""edge_GES__asset_liabilities__rect_turn"", ""edge_GES__asset_liabilities__debt_ratio"", ""edge_GES__debt_ratio__rect_turn"", ""edge_GES__debt_ratio__leverage_ratio"", ""edge_GES__roa__asset_turnover"", ""edge_GES__asset_turnover__rect_turn"", ""edge_GES__roa__roe"", ""edge_GES__asset_liabilities__leverage_ratio"", ""edge_GES__debt_ratio2__capitalization_ratio""]"
50839a69584b8c59,OF,GES,9,,,22,"[""leverage_ratio"", ""asset_liabilities"", ""roe"", ""asset_turnover"", ""debt_ratio"", ""debt_ratio2"", ""roa"", ""capitalization_ratio"", ""longtermdebt_invcap"", ""totaldebt_invcap"", ""cash_debt"", ""debt_ebitda"", ""rect_turn"", ""edge_GES__asset_liabilities__rect_turn"", ""edge_GES__asset_liabilities__debt_ratio"", ""edge_GES__debt_ratio__rect_turn"", ""edge_GES__debt_ratio__leverage_ratio"", ""edge_GES__roa__asset_turnover"", ""edge_GES__asset_turnover__rect_turn"", ""edge_GES__roa__roe"", ""edge_GES__asset_liabilities__leverage_ratio"", ""edge_GES__debt_ratio2__capitalization_ratio""]"
0de4f86da9a59fff,F,GES,10,,,10,"[""edge_GES__asset_liabilities__rect_turn"", ""edge_GES__asset_liabilities__debt_ratio"", ""edge_GES__debt_ratio__rect_turn"", ""edge_GES__debt_ratio__leverage_ratio"", ""edge_GES__roa__asset_turnover"", ""edge_GES__asset_turnover__rect_turn"", ""edge_GES__roa__roe"", ""edge_GES__asset_liabilities__leverage_ratio"", ""edge_GES__debt_ratio2__capitalization_ratio"", ""edge_GES__debt_ratio__roa""]"
45d462aac5c1d505,OF,GES,10,,,23,"[""leverage_ratio"", ""asset_liabilities"", ""roe"", ""asset_turnover"", ""debt_ratio"", ""debt_ratio2"", ""roa"", ""capitalization_ratio"", ""longtermdebt_invcap"", ""totaldebt_invcap"", ""cash_debt"", ""debt_ebitda"", ""rect_turn"", ""edge_GES__asset_liabilities__rect_turn"", ""edge_GES__asset_liabilities__debt_ratio"", ""edge_GES__debt_ratio__rect_turn"", ""edge_GES__debt_ratio__leverage_ratio"", ""edge_GES__roa__asset_turnover"", ""edge_GES__asset_turnover__rect_turn"", ""edge_GES__roa__roe"", ""edge_GES__asset_liabilities__leverage_ratio"", ""edge_GES__debt_ratio2__capitalization_ratio"", ""edge_GES__debt_ratio__roa""]"
56570fad43698001,F,GES,11,,,11,"[""edge_GES__asset_liabilities__rect_turn"", ""edge_GES__asset_liabilities__debt_ratio"", ""edge_GES__debt_ratio__rect_turn"", ""edge_GES__debt_ratio__leverage_ratio"", ""edge_GES__roa__asset_turnover"", ""edge_GES__asset_turnover__rect_turn"", ""edge_GES__roa__roe"", ""edge_GES__asset_liabilities__leverage_ratio"", ""edge_GES__debt_ratio2__capitalization_ratio"", ""edge_GES__debt_ratio__roa"", ""edge_GES__roa__rect_turn""]"
96b3c98edb6bf132,OF,GES,11,,,24,"[""leverage_ratio"", ""asset_liabilities"", ""roe"", ""asset_turnover"", ""debt_ratio"", ""debt_ratio2"", ""roa"", ""capitalization_ratio"", ""longtermdebt_invcap"", ""totaldebt_invcap"", ""cash_debt"", ""debt_ebitda"", ""rect_turn"", ""edge_GES__asset_liabilities__rect_turn"", ""edge_GES__asset_liabilities__debt_ratio"", ""edge_GES__debt_ratio__rect_turn"", ""edge_GES__debt_ratio__leverage_ratio"", ""edge_GES__roa__asset_turnover"", ""edge_GES__asset_turnover__rect_turn"", ""edge_GES__roa__roe"", ""edge_GES__asset_liabilities__leverage_ratio"", ""edge_GES__debt_ratio2__capitalization_ratio"", ""edge_GES__debt_ratio__roa"", ""edge_GES__roa__rect_turn""]"
00d70da8e9622c65,F,GES,12,,,12,"[""edge_GES__asset_liabilities__rect_turn"", ""edge_GES__asset_liabilities__debt_ratio"", ""edge_GES__debt_ratio__rect_turn"", ""edge_GES__debt_ratio__leverage_ratio"", ""edge_GES__roa__asset_turnover"", ""edge_GES__asset_turnover__rect_turn"", ""edge_GES__roa__roe"", ""edge_GES__asset_liabilities__leverage_ratio"", ""edge_GES__debt_ratio2__capitalization_ratio"", ""edge_GES__debt_ratio__roa"", ""edge_GES__roa__rect_turn"", ""edge_GES__debt_ratio2__longtermdebt_invcap""]"
169f448468e9c4da,OF,GES,12,,,25,"[""leverage_ratio"", ""asset_liabilities"", ""roe"", ""asset_turnover"", ""debt_ratio"", ""debt_ratio2"", ""roa"", ""capitalization_ratio"", ""longtermdebt_invcap"", ""totaldebt_invcap"", ""cash_debt"", ""debt_ebitda"", ""rect_turn"", ""edge_GES__asset_liabilities__rect_turn"", ""edge_GES__asset_liabilities__debt_ratio"", ""edge_GES__debt_ratio__rect_turn"", ""edge_GES__debt_ratio__leverage_ratio"", ""edge_GES__roa__asset_turnover"", ""edge_GES__asset_turnover__rect_turn"", ""edge_GES__roa__roe"", ""edge_GES__asset_liabilities__leverage_ratio"", ""edge_GES__debt_ratio2__capitalization_ratio"", ""edge_GES__debt_ratio__roa"", ""edge_GES__roa__rect_turn"", ""edge_GES__debt_ratio2__longtermdebt_invcap""]"
a32e33bf80e29d23,F,GES,13,,,13,"[""edge_GES__asset_liabilities__rect_turn"", ""edge_GES__asset_liabilities__debt_ratio"", ""edge_GES__debt_ratio__rect_turn"", ""edge_GES__debt_ratio__leverage_ratio"", ""edge_GES__roa__asset_turnover"", ""edge_GES__asset_turnover__rect_turn"", ""edge_GES__roa__roe"", ""edge_GES__asset_liabilities__leverage_ratio"", ""edge_GES__debt_ratio2__capitalization_ratio"", ""edge_GES__debt_ratio__roa"", ""edge_GES__roa__rect_turn"", ""edge_GES__debt_ratio2__longtermdebt_invcap"", ""edge_GES__debt_ratio2__totaldebt_invcap""]"
2c764abfb8fe9cff,OF,GES,13,,,26,"[""leverage_ratio"", ""asset_liabilities"", ""roe"", ""asset_turnover"", ""debt_ratio"", ""debt_ratio2"", ""roa"", ""capitalization_ratio"", ""longtermdebt_invcap"", ""totaldebt_invcap"", ""cash_debt"", ""debt_ebitda"", ""rect_turn"", ""edge_GES__asset_liabilities__rect_turn"", ""edge_GES__asset_liabilities__debt_ratio"", ""edge_GES__debt_ratio__rect_turn"", ""edge_GES__debt_ratio__leverage_ratio"", ""edge_GES__roa__asset_turnover"", ""edge_GES__asset_turnover__rect_turn"", ""edge_GES__roa__roe"", ""edge_GES__asset_liabilities__leverage_ratio"", ""edge_GES__debt_ratio2__capitalization_ratio"", ""edge_GES__debt_ratio__roa"", ""edge_GES__roa__rect_turn"", ""edge_GES__debt_ratio2__longtermdebt_invcap"", ""edge_GES__debt_ratio2__totaldebt_invcap""]"
5f6720543a9e57a0,F,GES,14,,,14,"[""edge_GES__asset_liabilities__rect_turn"", ""edge_GES__asset_liabilities__debt_ratio"", ""edge_GES__debt_ratio__rect_turn"", ""edge_GES__debt_ratio__leverage_ratio"", ""edge_GES__roa__asset_turnover"", ""edge_GES__asset_turnover__rect_turn"", ""edge_GES__roa__roe"", ""edge_GES__asset_liabilities__leverage_ratio"", ""edge_GES__debt_ratio2__capitalization_ratio"", ""edge_GES__debt_ratio__roa"", ""edge_GES__roa__rect_turn"", ""edge_GES__debt_ratio2__longtermdebt_invcap"", ""edge_GES__debt_ratio2__totaldebt_invcap"", ""edge_GES__debt_ebitda__debt_ratio2""]"
840d63bf7908ab2c,OF,GES,14,,,27,"[""leverage_ratio"", ""asset_liabilities"", ""roe"", ""asset_turnover"", ""debt_ratio"", ""debt_ratio2"", ""roa"", ""capitalization_ratio"", ""longtermdebt_invcap"", ""totaldebt_invcap"", ""cash_debt"", ""debt_ebitda"", ""rect_turn"", ""edge_GES__asset_liabilities__rect_turn"", ""edge_GES__asset_liabilities__debt_ratio"", ""edge_GES__debt_ratio__rect_turn"", ""edge_GES__debt_ratio__leverage_ratio"", ""edge_GES__roa__asset_turnover"", ""edge_GES__asset_turnover__rect_turn"", ""edge_GES__roa__roe"", ""edge_GES__asset_liabilities__leverage_ratio"", ""edge_GES__debt_ratio2__capitalization_ratio"", ""edge_GES__debt_ratio__roa"", ""edge_GES__roa__rect_turn"", ""edge_GES__debt_ratio2__longtermdebt_invcap"", ""edge_GES__debt_ratio2__totaldebt_invcap"", ""edge_GES__debt_ebitda__debt_ratio2""]"
85cfaa789ded5eb5,F,GES,15,,,15,"[""edge_GES__asset_liabilities__rect_turn"", ""edge_GES__asset_liabilities__debt_ratio"", ""edge_GES__debt_ratio__rect_turn"", ""edge_GES__debt_ratio__leverage_ratio"", ""edge_GES__roa__asset_turnover"", ""edge_GES__asset_turnover__rect_turn"", ""edge_GES__roa__roe"", ""edge_GES__asset_liabilities__leverage_ratio"", ""edge_GES__debt_ratio2__capitalization_ratio"", ""edge_GES__debt_ratio__roa"", ""edge_GES__roa__rect_turn"", ""edge_GES__debt_ratio2__longtermdebt_invcap"", ""edge_GES__debt_ratio2__totaldebt_invcap"", ""edge_GES__debt_ebitda__debt_ratio2"", ""edge_GES__debt_ratio2__roa""]"
ba79a71676c6c3c9,OF,GES,15,,,28,"[""leverage_ratio"", ""asset_liabilities"", ""roe"", ""asset_turnover"", ""debt_ratio"", ""debt_ratio2"", ""roa"", ""capitalization_ratio"", ""longtermdebt_invcap"", ""totaldebt_invcap"", ""cash_debt"", ""debt_ebitda"", ""rect_turn"", ""edge_GES__asset_liabilities__rect_turn"", ""edge_GES__asset_liabilities__debt_ratio"", ""edge_GES__debt_ratio__rect_turn"", ""edge_GES__debt_ratio__leverage_ratio"", ""edge_GES__roa__asset_turnover"", ""edge_GES__asset_turnover__rect_turn"", ""edge_GES__roa__roe"", ""edge_GES__asset_liabilities__leverage_ratio"", ""edge_GES__debt_ratio2__capitalization_ratio"", ""edge_GES__debt_ratio__roa"", ""edge_GES__roa__rect_turn"", ""edge_GES__debt_ratio2__longtermdebt_invcap"", ""edge_GES__debt_ratio2__totaldebt_invcap"", ""edge_GES__debt_ebitda__debt_ratio2"", ""edge_GES__debt_ratio2__roa""]"
f1d74ec51da3a8a5,F,GES,16,,,16,"[""edge_GES__asset_liabilities__rect_turn"", ""edge_GES__asset_liabilities__debt_ratio"", ""edge_GES__debt_ratio__rect_turn"", ""edge_GES__debt_ratio__leverage_ratio"", ""edge_GES__roa__asset_turnover"", ""edge_GES__asset_turnover__rect_turn"", ""edge_GES__roa__roe"", ""edge_GES__asset_liabilities__leverage_ratio"", ""edge_GES__debt_ratio2__capitalization_ratio"", ""edge_GES__debt_ratio__roa"", ""edge_GES__roa__rect_turn"", ""edge_GES__debt_ratio2__longtermdebt_invcap"", ""edge_GES__debt_ratio2__totaldebt_invcap"", ""edge_GES__debt_ebitda__debt_ratio2"", ""edge_GES__debt_ratio2__roa"", ""edge_GES__cash_debt__asset_liabilities""]"
fe323861148b30cc,OF,GES,16,,,29,"[""leverage_ratio"", ""asset_liabilities"", ""roe"", ""asset_turnover"", ""debt_ratio"", ""debt_ratio2"", ""roa"", ""capitalization_ratio"", ""longtermdebt_invcap"", ""totaldebt_invcap"", ""cash_debt"", ""debt_ebitda"", ""rect_turn"", ""edge_GES__asset_liabilities__rect_turn"", ""edge_GES__asset_liabilities__debt_ratio"", ""edge_GES__debt_ratio__rect_turn"", ""edge_GES__debt_ratio__leverage_ratio"", ""edge_GES__roa__asset_turnover"", ""edge_GES__asset_turnover__rect_turn"", ""edge_GES__roa__roe"", ""edge_GES__asset_liabilities__leverage_ratio"", ""edge_GES__debt_ratio2__capitalization_ratio"", ""edge_GES__debt_ratio__roa"", ""edge_GES__roa__rect_turn"", ""edge_GES__debt_ratio2__longtermdebt_invcap"", ""edge_GES__debt_ratio2__totaldebt_invcap"", ""edge_GES__debt_ebitda__debt_ratio2"", ""edge_GES__debt_ratio2__roa"", ""edge_GES__cash_debt__asset_liabilities""]"
e937e198b6c28991,F,GES,17,,,17,"[""edge_GES__asset_liabilities__rect_turn"", ""edge_GES__asset_liabilities__debt_ratio"", ""edge_GES__debt_ratio__rect_turn"", ""edge_GES__debt_ratio__leverage_ratio"", ""edge_GES__roa__asset_turnover"", ""edge_GES__asset_turnover__rect_turn"", ""edge_GES__roa__roe"", ""edge_GES__asset_liabilities__leverage_ratio"", ""edge_GES__debt_ratio2__capitalization_ratio"", ""edge_GES__debt_ratio__roa"", ""edge_GES__roa__rect_turn"", ""edge_GES__debt_ratio2__longtermdebt_invcap"", ""edge_GES__debt_ratio2__totaldebt_invcap"", ""edge_GES__debt_ebitda__debt_ratio2"", ""edge_GES__debt_ratio2__roa"", ""edge_GES__cash_debt__asset_liabilities"", ""edge_GES__roa__totaldebt_invcap""]"
261681e890b8b726,OF,GES,17,,,30,"[""leverage_ratio"", ""asset_liabilities"", ""roe"", ""asset_turnover"", ""debt_ratio"", ""debt_ratio2"", ""roa"", ""capitalization_ratio"", ""longtermdebt_invcap"", ""totaldebt_invcap"", ""cash_debt"", ""debt_ebitda"", ""rect_turn"", ""edge_GES__asset_liabilities__rect_turn"", ""edge_GES__asset_liabilities__debt_ratio"", ""edge_GES__debt_ratio__rect_turn"", ""edge_GES__debt_ratio__leverage_ratio"", ""edge_GES__roa__asset_turnover"", ""edge_GES__asset_turnover__rect_turn"", ""edge_GES__roa__roe"", ""edge_GES__asset_liabilities__leverage_ratio"", ""edge_GES__debt_ratio2__capitalization_ratio"", ""edge_GES__debt_ratio__roa"", ""edge_GES__roa__rect_turn"", ""edge_GES__debt_ratio2__longtermdebt_invcap"", ""edge_GES__debt_ratio2__totaldebt_invcap"", ""edge_GES__debt_ebitda__debt_ratio2"", ""edge_GES__debt_ratio2__roa"", ""edge_GES__cash_debt__asset_liabilities"", ""edge_GES__roa__totaldebt_invcap""]"
42098d9aa1628d19,F,GES,18,,,18,"[""edge_GES__asset_liabilities__rect_turn"", ""edge_GES__asset_liabilities__debt_ratio"", ""edge_GES__debt_ratio__rect_turn"", ""edge_GES__debt_ratio__leverage_ratio"", ""edge_GES__roa__asset_turnover"", ""edge_GES__asset_turnover__rect_turn"", ""edge_GES__roa__roe"", ""edge_GES__asset_liabilities__leverage_ratio"", ""edge_GES__debt_ratio2__capitalization_ratio"", ""edge_GES__debt_ratio__roa"", ""edge_GES__roa__rect_turn"", ""edge_GES__debt_ratio2__longtermdebt_invcap"", ""edge_GES__debt_ratio2__totaldebt_invcap"", ""edge_GES__debt_ebitda__debt_ratio2"", ""edge_GES__debt_ratio2__roa"", ""edge_GES__cash_debt__asset_liabilities"", ""edge_GES__roa__totaldebt_invcap"", ""edge_GES__asset_turnover__totaldebt_invcap""]"
0c1af224819db96e,OF,GES,18,,,31,"[""leverage_ratio"", ""asset_liabilities"", ""roe"", ""asset_turnover"", ""debt_ratio"", ""debt_ratio2"", ""roa"", ""capitalization_ratio"", ""longtermdebt_invcap"", ""totaldebt_invcap"", ""cash_debt"", ""debt_ebitda"", ""rect_turn"", ""edge_GES__asset_liabilities__rect_turn"", ""edge_GES__asset_liabilities__debt_ratio"", ""edge_GES__debt_ratio__rect_turn"", ""edge_GES__debt_ratio__leverage_ratio"", ""edge_GES__roa__asset_turnover"", ""edge_GES__asset_turnover__rect_turn"", ""edge_GES__roa__roe"", ""edge_GES__asset_liabilities__leverage_ratio"", ""edge_GES__debt_ratio2__capitalization_ratio"", ""edge_GES__debt_ratio__roa"", ""edge_GES__roa__rect_turn"", ""edge_GES__debt_ratio2__longtermdebt_invcap"", ""edge_GES__debt_ratio2__totaldebt_invcap"", ""edge_GES__debt_ebitda__debt_ratio2"", ""edge_GES__debt_ratio2__roa"", ""edge_GES__cash_debt__asset_liabilities"", ""edge_GES__roa__totaldebt_invcap"", ""edge_GES__asset_turnover__totaldebt_invcap""]"
c938b24dda604106,F,GES,19,,,19,"[""edge_GES__asset_liabilities__rect_turn"", ""edge_GES__asset_liabilities__debt_ratio"", ""edge_GES__debt_ratio__rect_turn"", ""edge_GES__debt_ratio__leverage_ratio"", ""edge_GES__roa__asset_turnover"", ""edge_GES__asset_turnover__rect_turn"", ""edge_GES__roa__roe"", ""edge_GES__asset_liabilities__leverage_ratio"", ""edge_GES__debt_ratio2__capitalization_ratio"", ""edge_GES__debt_ratio__roa"", ""edge_GES__roa__rect_turn"", ""edge_GES__debt_ratio2__longtermdebt_invcap"", ""edge_GES__debt_ratio2__totaldebt_invcap"", ""edge_GES__debt_ebitda__debt_ratio2"", ""edge_GES__debt_ratio2__roa"", ""edge_GES__cash_debt__asset_liabilities"", ""edge_GES__roa__totaldebt_invcap"", ""edge_GES__asset_turnover__totaldebt_invcap"", ""edge_GES__asset_turnover__leverage_ratio""]"
c9c1abdc21450643,OF,GES,19,,,32,"[""leverage_ratio"", ""asset_liabilities"", ""roe"", ""asset_turnover"", ""debt_ratio"", ""debt_ratio2"", ""roa"", ""capitalization_ratio"", ""longtermdebt_invcap"", ""totaldebt_invcap"", ""cash_debt"", ""debt_ebitda"", ""rect_turn"", ""edge_GES__asset_liabilities__rect_turn"", ""edge_GES__asset_liabilities__debt_ratio"", ""edge_GES__debt_ratio__rect_turn"", ""edge_GES__debt_ratio__leverage_ratio"", ""edge_GES__roa__asset_turnover"", ""edge_GES__asset_turnover__rect_turn"", ""edge_GES__roa__roe"", ""edge_GES__asset_liabilities__leverage_ratio"", ""edge_GES__debt_ratio2__capitalization_ratio"", ""edge_GES__debt_ratio__roa"", ""edge_GES__roa__rect_turn"", ""edge_GES__debt_ratio2__longtermdebt_invcap"", ""edge_GES__debt_ratio2__totaldebt_invcap"", ""edge_GES__debt_ebitda__debt_ratio2"", ""edge_GES__debt_ratio2__roa"", ""edge_GES__cash_debt__asset_liabilities"", ""edge_GES__roa__totaldebt_invcap"", ""edge_GES__asset_turnover__totaldebt_invcap"", ""edge_GES__asset_turnover__leverage_ratio""]"
95736524a3320dfa,F,GES,20,,,20,"[""edge_GES__asset_liabilities__rect_turn"", ""edge_GES__asset_liabilities__debt_ratio"", ""edge_GES__debt_ratio__rect_turn"", ""edge_GES__debt_ratio__leverage_ratio"", ""edge_GES__roa__asset_turnover"", ""edge_GES__asset_turnover__rect_turn"", ""edge_GES__roa__roe"", ""edge_GES__asset_liabilities__leverage_ratio"", ""edge_GES__debt_ratio2__capitalization_ratio"", ""edge_GES__debt_ratio__roa"", ""edge_GES__roa__rect_turn"", ""edge_GES__debt_ratio2__longtermdebt_invcap"", ""edge_GES__debt_ratio2__totaldebt_invcap"", ""edge_GES__debt_ebitda__debt_ratio2"", ""edge_GES__debt_ratio2__roa"", ""edge_GES__cash_debt__asset_liabilities"", ""edge_GES__roa__totaldebt_invcap"", ""edge_GES__asset_turnover__totaldebt_invcap"", ""edge_GES__asset_turnover__leverage_ratio"", ""edge_GES__roa__leverage_ratio""]"
e28ed0ae4fdd67ed,OF,GES,20,,,33,"[""leverage_ratio"", ""asset_liabilities"", ""roe"", ""asset_turnover"", ""debt_ratio"", ""debt_ratio2"", ""roa"", ""capitalization_ratio"", ""longtermdebt_invcap"", ""totaldebt_invcap"", ""cash_debt"", ""debt_ebitda"", ""rect_turn"", ""edge_GES__asset_liabilities__rect_turn"", ""edge_GES__asset_liabilities__debt_ratio"", ""edge_GES__debt_ratio__rect_turn"", ""edge_GES__debt_ratio__leverage_ratio"", ""edge_GES__roa__asset_turnover"", ""edge_GES__asset_turnover__rect_turn"", ""edge_GES__roa__roe"", ""edge_GES__asset_liabilities__leverage_ratio"", ""edge_GES__debt_ratio2__capitalization_ratio"", ""edge_GES__debt_ratio__roa"", ""edge_GES__roa__rect_turn"", ""edge_GES__debt_ratio2__longtermdebt_invcap"", ""edge_GES__debt_ratio2__totaldebt_invcap"", ""edge_GES__debt_ebitda__debt_ratio2"", ""edge_GES__debt_ratio2__roa"", ""edge_GES__cash_debt__asset_liabilities"", ""edge_GES__roa__totaldebt_invcap"", ""edge_GES__asset_turnover__totaldebt_invcap"", ""edge_GES__asset_turnover__leverage_ratio"", ""edge_GES__roa__leverage_ratio""]"
b1013a58f6a863d3,F,GES,21,,,21,"[""edge_GES__asset_liabilities__rect_turn"", ""edge_GES__asset_liabilities__debt_ratio"", ""edge_GES__debt_ratio__rect_turn"", ""edge_GES__debt_ratio__leverage_ratio"", ""edge_GES__roa__asset_turnover"", ""edge_GES__asset_turnover__rect_turn"", ""edge_GES__roa__roe"", ""edge_GES__asset_liabilities__leverage_ratio"", ""edge_GES__debt_ratio2__capitalization_ratio"", ""edge_GES__debt_ratio__roa"", ""edge_GES__roa__rect_turn"", ""edge_GES__debt_ratio2__longtermdebt_invcap"", ""edge_GES__debt_ratio2__totaldebt_invcap"", ""edge_GES__debt_ebitda__debt_ratio2"", ""edge_GES__debt_ratio2__roa"", ""edge_GES__cash_debt__asset_liabilities"", ""edge_GES__roa__totaldebt_invcap"", ""edge_GES__asset_turnover__totaldebt_invcap"", ""edge_GES__asset_turnover__leverage_ratio"", ""edge_GES__roa__leverage_ratio"", ""edge_GES__cash_debt__debt_ratio2""]"
b6f5c3753592fbac,OF,GES,21,,,34,"[""leverage_ratio"", ""asset_liabilities"", ""roe"", ""asset_turnover"", ""debt_ratio"", ""debt_ratio2"", ""roa"", ""capitalization_ratio"", ""longtermdebt_invcap"", ""totaldebt_invcap"", ""cash_debt"", ""debt_ebitda"", ""rect_turn"", ""edge_GES__asset_liabilities__rect_turn"", ""edge_GES__asset_liabilities__debt_ratio"", ""edge_GES__debt_ratio__rect_turn"", ""edge_GES__debt_ratio__leverage_ratio"", ""edge_GES__roa__asset_turnover"", ""edge_GES__asset_turnover__rect_turn"", ""edge_GES__roa__roe"", ""edge_GES__asset_liabilities__leverage_ratio"", ""edge_GES__debt_ratio2__capitalization_ratio"", ""edge_GES__debt_ratio__roa"", ""edge_GES__roa__rect_turn"", ""edge_GES__debt_ratio2__longtermdebt_invcap"", ""edge_GES__debt_ratio2__totaldebt_invcap"", ""edge_GES__debt_ebitda__debt_ratio2"", ""edge_GES__debt_ratio2__roa"", ""edge_GES__cash_debt__asset_liabilities"", ""edge_GES__roa__totaldebt_invcap"", ""edge_GES__asset_turnover__totaldebt_invcap"", ""edge_GES__asset_turnover__leverage_ratio"", ""edge_GES__roa__leverage_ratio"", ""edge_GES__cash_debt__debt_ratio2""]"
69b21fa79c76dd71,F,GES,22,,,22,"[""edge_GES__asset_liabilities__rect_turn"", ""edge_GES__asset_liabilities__debt_ratio"", ""edge_GES__debt_ratio__rect_turn"", ""edge_GES__debt_ratio__leverage_ratio"", ""edge_GES__roa__asset_turnover"", ""edge_GES__asset_turnover__rect_turn"", ""edge_GES__roa__roe"", ""edge_GES__asset_liabilities__leverage_ratio"", ""edge_GES__debt_ratio2__capitalization_ratio"", ""edge_GES__debt_ratio__roa"", ""edge_GES__roa__rect_turn"", ""edge_GES__debt_ratio2__longtermdebt_invcap"", ""edge_GES__debt_ratio2__totaldebt_invcap"", ""edge_GES__debt_ebitda__debt_ratio2"", ""edge_GES__debt_ratio2__roa"", ""edge_GES__cash_debt__asset_liabilities"", ""edge_GES__roa__totaldebt_invcap"", ""edge_GES__asset_turnover__totaldebt_invcap"", ""edge_GES__asset_turnover__leverage_ratio"", ""edge_GES__roa__leverage_ratio"", ""edge_GES__cash_debt__debt_ratio2"", ""edge_GES__debt_ebitda__roa""]"
62c0349a1ac0df37,OF,GES,22,,,35,"[""leverage_ratio"", ""asset_liabilities"", ""roe"", ""asset_turnover"", ""debt_ratio"", ""debt_ratio2"", ""roa"", ""capitalization_ratio"", ""longtermdebt_invcap"", ""totaldebt_invcap"", ""cash_debt"", ""debt_ebitda"", ""rect_turn"", ""edge_GES__asset_liabilities__rect_turn"", ""edge_GES__asset_liabilities__debt_ratio"", ""edge_GES__debt_ratio__rect_turn"", ""edge_GES__debt_ratio__leverage_ratio"", ""edge_GES__roa__asset_turnover"", ""edge_GES__asset_turnover__rect_turn"", ""edge_GES__roa__roe"", ""edge_GES__asset_liabilities__leverage_ratio"", ""edge_GES__debt_ratio2__capitalization_ratio"", ""edge_GES__debt_ratio__roa"", ""edge_GES__roa__rect_turn"", ""edge_GES__debt_ratio2__longtermdebt_invcap"", ""edge_GES__debt_ratio2__totaldebt_invcap"", ""edge_GES__debt_ebitda__debt_ratio2"", ""edge_GES__debt_ratio2__roa"", ""edge_GES__cash_debt__asset_liabilities"", ""edge_GES__roa__totaldebt_invcap"", ""edge_GES__asset_turnover__totaldebt_invcap"", ""edge_GES__asset_turnover__leverage_ratio"", ""edge_GES__roa__leverage_ratio"", ""edge_GES__cash_debt__debt_ratio2"", ""edge_GES__debt_ebitda__roa""]"
f3e9e90c8bf117ce,F,GES,23,,,23,"[""edge_GES__asset_liabilities__rect_turn"", ""edge_GES__asset_liabilities__debt_ratio"", ""edge_GES__debt_ratio__rect_turn"", ""edge_GES__debt_ratio__leverage_ratio"", ""edge_GES__roa__asset_turnover"", ""edge_GES__asset_turnover__rect_turn"", ""edge_GES__roa__roe"", ""edge_GES__asset_liabilities__leverage_ratio"", ""edge_GES__debt_ratio2__capitalization_ratio"", ""edge_GES__debt_ratio__roa"", ""edge_GES__roa__rect_turn"", ""edge_GES__debt_ratio2__longtermdebt_invcap"", ""edge_GES__debt_ratio2__totaldebt_invcap"", ""edge_GES__debt_ebitda__debt_ratio2"", ""edge_GES__debt_ratio2__roa"", ""edge_GES__cash_debt__asset_liabilities"", ""edge_GES__roa__totaldebt_invcap"", ""edge_GES__asset_turnover__totaldebt_invcap"", ""edge_GES__asset_turnover__leverage_ratio"", ""edge_GES__roa__leverage_ratio"", ""edge_GES__cash_debt__debt_ratio2"", ""edge_GES__debt_ebitda__roa"", ""edge_GES__asset_turnover__roe""]"
d832fe6ef0aac2d6,OF,GES,23,,,36,"[""leverage_ratio"", ""asset_liabilities"", ""roe"", ""asset_turnover"", ""debt_ratio"", ""debt_ratio2"", ""roa"", ""capitalization_ratio"", ""longtermdebt_invcap"", ""totaldebt_invcap"", ""cash_debt"", ""debt_ebitda"", ""rect_turn"", ""edge_GES__asset_liabilities__rect_turn"", ""edge_GES__asset_liabilities__debt_ratio"", ""edge_GES__debt_ratio__rect_turn"", ""edge_GES__debt_ratio__leverage_ratio"", ""edge_GES__roa__asset_turnover"", ""edge_GES__asset_turnover__rect_turn"", ""edge_GES__roa__roe"", ""edge_GES__asset_liabilities__leverage_ratio"", ""edge_GES__debt_ratio2__capitalization_ratio"", ""edge_GES__debt_ratio__roa"", ""edge_GES__roa__rect_turn"", ""edge_GES__debt_ratio2__longtermdebt_invcap"", ""edge_GES__debt_ratio2__totaldebt_invcap"", ""edge_GES__debt_ebitda__debt_ratio2"", ""edge_GES__debt_ratio2__roa"", ""edge_GES__cash_debt__asset_liabilities"", ""edge_GES__roa__totaldebt_invcap"", ""edge_GES__asset_turnover__totaldebt_invcap"", ""edge_GES__asset_turnover__leverage_ratio"", ""edge_GES__roa__leverage_ratio"", ""edge_GES__cash_debt__debt_ratio2"", ""edge_GES__debt_ebitda__roa"", ""edge_GES__asset_turnover__roe""]"
c8ff01f260326497,F,GES,24,,,24,"[""edge_GES__asset_liabilities__rect_turn"", ""edge_GES__asset_liabilities__debt_ratio"", ""edge_GES__debt_ratio__rect_turn"", ""edge_GES__debt_ratio__leverage_ratio"", ""edge_GES__roa__asset_turnover"", ""edge_GES__asset_turnover__rect_turn"", ""edge_GES__roa__roe"", ""edge_GES__asset_liabilities__leverage_ratio"", ""edge_GES__debt_ratio2__capitalization_ratio"", ""edge_GES__debt_ratio__roa"", ""edge_GES__roa__rect_turn"", ""edge_GES__debt_ratio2__longtermdebt_invcap"", ""edge_GES__debt_ratio2__totaldebt_invcap"", ""edge_GES__debt_ebitda__debt_ratio2"", ""edge_GES__debt_ratio2__roa"", ""edge_GES__cash_debt__asset_liabilities"", ""edge_GES__roa__totaldebt_invcap"", ""edge_GES__asset_turnover__totaldebt_invcap"", ""edge_GES__asset_turnover__leverage_ratio"", ""edge_GES__roa__leverage_ratio"", ""edge_GES__cash_debt__debt_ratio2"", ""edge_GES__debt_ebitda__roa"", ""edge_GES__asset_turnover__roe"", ""edge_GES__debt_ratio2__leverage_ratio""]"
b5832dd67cdef271,OF,GES,24,,,37,"[""leverage_ratio"", ""asset_liabilities"", ""roe"", ""asset_turnover"", ""debt_ratio"", ""debt_ratio2"", ""roa"", ""capitalization_ratio"", ""longtermdebt_invcap"", ""totaldebt_invcap"", ""cash_debt"", ""debt_ebitda"", ""rect_turn"", ""edge_GES__asset_liabilities__rect_turn"", ""edge_GES__asset_liabilities__debt_ratio"", ""edge_GES__debt_ratio__rect_turn"", ""edge_GES__debt_ratio__leverage_ratio"", ""edge_GES__roa__asset_turnover"", ""edge_GES__asset_turnover__rect_turn"", ""edge_GES__roa__roe"", ""edge_GES__asset_liabilities__leverage_ratio"", ""edge_GES__debt_ratio2__capitalization_ratio"", ""edge_GES__debt_ratio__roa"", ""edge_GES__roa__rect_turn"", ""edge_GES__debt_ratio2__longtermdebt_invcap"", ""edge_GES__debt_ratio2__totaldebt_invcap"", ""edge_GES__debt_ebitda__debt_ratio2"", ""edge_GES__debt_ratio2__roa"", ""edge_GES__cash_debt__asset_liabilities"", ""edge_GES__roa__totaldebt_invcap"", ""edge_GES__asset_turnover__totaldebt_invcap"", ""edge_GES__asset_turnover__leverage_ratio"", ""edge_GES__roa__leverage_ratio"", ""edge_GES__cash_debt__debt_ratio2"", ""edge_GES__debt_ebitda__roa"", ""edge_GES__asset_turnover__roe"", ""edge_GES__debt_ratio2__leverage_ratio""]"
abf08a8f8a6d539b,F,GES,25,,,25,"[""edge_GES__asset_liabilities__rect_turn"", ""edge_GES__asset_liabilities__debt_ratio"", ""edge_GES__debt_ratio__rect_turn"", ""edge_GES__debt_ratio__leverage_ratio"", ""edge_GES__roa__asset_turnover"", ""edge_GES__asset_turnover__rect_turn"", ""edge_GES__roa__roe"", ""edge_GES__asset_liabilities__leverage_ratio"", ""edge_GES__debt_ratio2__capitalization_ratio"", ""edge_GES__debt_ratio__roa"", ""edge_GES__roa__rect_turn"", ""edge_GES__debt_ratio2__longtermdebt_invcap"", ""edge_GES__debt_ratio2__totaldebt_invcap"", ""edge_GES__debt_ebitda__debt_ratio2"", ""edge_GES__debt_ratio2__roa"", ""edge_GES__cash_debt__asset_liabilities"", ""edge_GES__roa__totaldebt_invcap"", ""edge_GES__asset_turnover__totaldebt_invcap"", ""edge_GES__asset_turnover__leverage_ratio"", ""edge_GES__roa__leverage_ratio"", ""edge_GES__cash_debt__debt_ratio2"", ""edge_GES__debt_ebitda__roa"", ""edge_GES__asset_turnover__roe"", ""edge_GES__debt_ratio2__leverage_ratio"", ""edge_GES__debt_ratio__capitalization_ratio""]"
194007dcdcd65c9b,OF,GES,25,,,38,"[""leverage_ratio"", ""asset_liabilities"", ""roe"", ""asset_turnover"", ""debt_ratio"", ""debt_ratio2"", ""roa"", ""capitalization_ratio"", ""longtermdebt_invcap"", ""totaldebt_invcap"", ""cash_debt"", ""debt_ebitda"", ""rect_turn"", ""edge_GES__asset_liabilities__rect_turn"", ""edge_GES__asset_liabilities__debt_ratio"", ""edge_GES__debt_ratio__rect_turn"", ""edge_GES__debt_ratio__leverage_ratio"", ""edge_GES__roa__asset_turnover"", ""edge_GES__asset_turnover__rect_turn"", ""edge_GES__roa__roe"", ""edge_GES__asset_liabilities__leverage_ratio"", ""edge_GES__debt_ratio2__capitalization_ratio"", ""edge_GES__debt_ratio__roa"", ""edge_GES__roa__rect_turn"", ""edge_GES__debt_ratio2__longtermdebt_invcap"", ""edge_GES__debt_ratio2__totaldebt_invcap"", ""edge_GES__debt_ebitda__debt_ratio2"", ""edge_GES__debt_ratio2__roa"", ""edge_GES__cash_debt__asset_liabilities"", ""edge_GES__roa__totaldebt_invcap"", ""edge_GES__asset_turnover__totaldebt_invcap"", ""edge_GES__asset_turnover__leverage_ratio"", ""edge_GES__roa__leverage_ratio"", ""edge_GES__cash_debt__debt_ratio2"", ""edge_GES__debt_ebitda__roa"", ""edge_GES__asset_turnover__roe"", ""edge_GES__debt_ratio2__leverage_ratio"", ""edge_GES__debt_ratio__capitalization_ratio""]"
4ef501c58a6274ae,F,GES,26,,,26,"[""edge_GES__asset_liabilities__rect_turn"", ""edge_GES__asset_liabilities__debt_ratio"", ""edge_GES__debt_ratio__rect_turn"", ""edge_GES__debt_ratio__leverage_ratio"", ""edge_GES__roa__asset_turnover"", ""edge_GES__asset_turnover__rect_turn"", ""edge_GES__roa__roe"", ""edge_GES__asset_liabilities__leverage_ratio"", ""edge_GES__debt_ratio2__capitalization_ratio"", ""edge_GES__debt_ratio__roa"", ""edge_GES__roa__rect_turn"", ""edge_GES__debt_ratio2__longtermdebt_invcap"", ""edge_GES__debt_ratio2__totaldebt_invcap"", ""edge_GES__debt_ebitda__debt_ratio2"", ""edge_GES__debt_ratio2__roa"", ""edge_GES__cash_debt__asset_liabilities"", ""edge_GES__roa__totaldebt_invcap"", ""edge_GES__asset_turnover__totaldebt_invcap"", ""edge_GES__asset_turnover__leverage_ratio"", ""edge_GES__roa__leverage_ratio"", ""edge_GES__cash_debt__debt_ratio2"", ""edge_GES__debt_ebitda__roa"", ""edge_GES__asset_turnover__roe"", ""edge_GES__debt_ratio2__leverage_ratio"", ""edge_GES__debt_ratio__capitalization_ratio"", ""edge_GES__asset_turnover__capitalization_ratio""]"
6be7cf554753353e,OF,GES,26,,,39,"[""leverage_ratio"", ""asset_liabilities"", ""roe"", ""asset_turnover"", ""debt_ratio"", ""debt_ratio2"", ""roa"", ""capitalization_ratio"", ""longtermdebt_invcap"", ""totaldebt_invcap"", ""cash_debt"", ""debt_ebitda"", ""rect_turn"", ""edge_GES__asset_liabilities__rect_turn"", ""edge_GES__asset_liabilities__debt_ratio"", ""edge_GES__debt_ratio__rect_turn"", ""edge_GES__debt_ratio__leverage_ratio"", ""edge_GES__roa__asset_turnover"", ""edge_GES__asset_turnover__rect_turn"", ""edge_GES__roa__roe"", ""edge_GES__asset_liabilities__leverage_ratio"", ""edge_GES__debt_ratio2__capitalization_ratio"", ""edge_GES__debt_ratio__roa"", ""edge_GES__roa__rect_turn"", ""edge_GES__debt_ratio2__longtermdebt_invcap"", ""edge_GES__debt_ratio2__totaldebt_invcap"", ""edge_GES__debt_ebitda__debt_ratio2"", ""edge_GES__debt_ratio2__roa"", ""edge_GES__cash_debt__asset_liabilities"", ""edge_GES__roa__totaldebt_invcap"", ""edge_GES__asset_turnover__totaldebt_invcap"", ""edge_GES__asset_turnover__leverage_ratio"", ""edge_GES__roa__leverage_ratio"", ""edge_GES__cash_debt__debt_ratio2"", ""edge_GES__debt_ebitda__roa"", ""edge_GES__asset_turnover__roe"", ""edge_GES__debt_ratio2__leverage_ratio"", ""edge_GES__debt_ratio__capitalization_ratio"", ""edge_GES__asset_turnover__capitalization_ratio""]"
cf0e758521eb792f,F,GES,27,,,27,"[""edge_GES__asset_liabilities__rect_turn"", ""edge_GES__asset_liabilities__debt_ratio"", ""edge_GES__debt_ratio__rect_turn"", ""edge_GES__debt_ratio__leverage_ratio"", ""edge_GES__roa__asset_turnover"", ""edge_GES__asset_turnover__rect_turn"", ""edge_GES__roa__roe"", ""edge_GES__asset_liabilities__leverage_ratio"", ""edge_GES__debt_ratio2__capitalization_ratio"", ""edge_GES__debt_ratio__roa"", ""edge_GES__roa__rect_turn"", ""edge_GES__debt_ratio2__longtermdebt_invcap"", ""edge_GES__debt_ratio2__totaldebt_invcap"", ""edge_GES__debt_ebitda__debt_ratio2"", ""edge_GES__debt_ratio2__roa"", ""edge_GES__cash_debt__asset_liabilities"", ""edge_GES__roa__totaldebt_invcap"", ""edge_GES__asset_turnover__totaldebt_invcap"", ""edge_GES__asset_turnover__leverage_ratio"", ""edge_GES__roa__leverage_ratio"", ""edge_GES__cash_debt__debt_ratio2"", ""edge_GES__debt_ebitda__roa"", ""edge_GES__asset_turnover__roe"", ""edge_GES__debt_ratio2__leverage_ratio"", ""edge_GES__debt_ratio__capitalization_ratio"", ""edge_GES__asset_turnover__capitalization_ratio"", ""edge_GES__debt_ebitda__roe""]"
b5fbcc1d3922e9e2,OF,GES,27,,,40,"[""leverage_ratio"", ""asset_liabilities"", ""roe"", ""asset_turnover"", ""debt_ratio"", ""debt_ratio2"", ""roa"", ""capitalization_ratio"", ""longtermdebt_invcap"", ""totaldebt_invcap"", ""cash_debt"", ""debt_ebitda"", ""rect_turn"", ""edge_GES__asset_liabilities__rect_turn"", ""edge_GES__asset_liabilities__debt_ratio"", ""edge_GES__debt_ratio__rect_turn"", ""edge_GES__debt_ratio__leverage_ratio"", ""edge_GES__roa__asset_turnover"", ""edge_GES__asset_turnover__rect_turn"", ""edge_GES__roa__roe"", ""edge_GES__asset_liabilities__leverage_ratio"", ""edge_GES__debt_ratio2__capitalization_ratio"", ""edge_GES__debt_ratio__roa"", ""edge_GES__roa__rect_turn"", ""edge_GES__debt_ratio2__longtermdebt_invcap"", ""edge_GES__debt_ratio2__totaldebt_invcap"", ""edge_GES__debt_ebitda__debt_ratio2"", ""edge_GES__debt_ratio2__roa"", ""edge_GES__cash_debt__asset_liabilities"", ""edge_GES__roa__totaldebt_invcap"", ""edge_GES__asset_turnover__totaldebt_invcap"", ""edge_GES__asset_turnover__leverage_ratio"", ""edge_GES__roa__leverage_ratio"", ""edge_GES__cash_debt__debt_ratio2"", ""edge_GES__debt_ebitda__roa"", ""edge_GES__asset_turnover__roe"", ""edge_GES__debt_ratio2__leverage_ratio"", ""edge_GES__debt_ratio__capitalization_ratio"", ""edge_GES__asset_turnover__capitalization_ratio"", ""edge_GES__debt_ebitda__roe""]"
c043e118307ea018,F,GES,28,,,28,"[""edge_GES__asset_liabilities__rect_turn"", ""edge_GES__asset_liabilities__debt_ratio"", ""edge_GES__debt_ratio__rect_turn"", ""edge_GES__debt_ratio__leverage_ratio"", ""edge_GES__roa__asset_turnover"", ""edge_GES__asset_turnover__rect_turn"", ""edge_GES__roa__roe"", ""edge_GES__asset_liabilities__leverage_ratio"", ""edge_GES__debt_ratio2__capitalization_ratio"", ""edge_GES__debt_ratio__roa"", ""edge_GES__roa__rect_turn"", ""edge_GES__debt_ratio2__longtermdebt_invcap"", ""edge_GES__debt_ratio2__totaldebt_invcap"", ""edge_GES__debt_ebitda__debt_ratio2"", ""edge_GES__debt_ratio2__roa"", ""edge_GES__cash_debt__asset_liabilities"", ""edge_GES__roa__totaldebt_invcap"", ""edge_GES__asset_turnover__totaldebt_invcap"", ""edge_GES__asset_turnover__leverage_ratio"", ""edge_GES__roa__leverage_ratio"", ""edge_GES__cash_debt__debt_ratio2"", ""edge_GES__debt_ebitda__roa"", ""edge_GES__asset_turnover__roe"", ""edge_GES__debt_ratio2__leverage_ratio"", ""edge_GES__debt_ratio__capitalization_ratio"", ""edge_GES__asset_turnover__capitalization_ratio"", ""edge_GES__debt_ebitda__roe"", ""edge_GES__cash_debt__totaldebt_invcap""]"
07b11b13c21a88e8,OF,GES,28,,,41,"[""leverage_ratio"", ""asset_liabilities"", ""roe"", ""asset_turnover"", ""debt_ratio"", ""debt_ratio2"", ""roa"", ""capitalization_ratio"", ""longtermdebt_invcap"", ""totaldebt_invcap"", ""cash_debt"", ""debt_ebitda"", ""rect_turn"", ""edge_GES__asset_liabilities__rect_turn"", ""edge_GES__asset_liabilities__debt_ratio"", ""edge_GES__debt_ratio__rect_turn"", ""edge_GES__debt_ratio__leverage_ratio"", ""edge_GES__roa__asset_turnover"", ""edge_GES__asset_turnover__rect_turn"", ""edge_GES__roa__roe"", ""edge_GES__asset_liabilities__leverage_ratio"", ""edge_GES__debt_ratio2__capitalization_ratio"", ""edge_GES__debt_ratio__roa"", ""edge_GES__roa__rect_turn"", ""edge_GES__debt_ratio2__longtermdebt_invcap"", ""edge_GES__debt_ratio2__totaldebt_invcap"", ""edge_GES__debt_ebitda__debt_ratio2"", ""edge_GES__debt_ratio2__roa"", ""edge_GES__cash_debt__asset_liabilities"", ""edge_GES__roa__totaldebt_invcap"", ""edge_GES__asset_turnover__totaldebt_invcap"", ""edge_GES__asset_turnover__leverage_ratio"", ""edge_GES__roa__leverage_ratio"", ""edge_GES__cash_debt__debt_ratio2"", ""edge_GES__debt_ebitda__roa"", ""edge_GES__asset_turnover__roe"", ""edge_GES__debt_ratio2__leverage_ratio"", ""edge_GES__debt_ratio__capitalization_ratio"", ""edge_GES__asset_turnover__capitalization_ratio"", ""edge_GES__debt_ebitda__roe"", ""edge_GES__cash_debt__totaldebt_invcap""]"
dace13742e348e7e,F,GES,29,,,29,"[""edge_GES__asset_liabilities__rect_turn"", ""edge_GES__asset_liabilities__debt_ratio"", ""edge_GES__debt_ratio__rect_turn"", ""edge_GES__debt_ratio__leverage_ratio"", ""edge_GES__roa__asset_turnover"", ""edge_GES__asset_turnover__rect_turn"", ""edge_GES__roa__roe"", ""edge_GES__asset_liabilities__leverage_ratio"", ""edge_GES__debt_ratio2__capitalization_ratio"", ""edge_GES__debt_ratio__roa"", ""edge_GES__roa__rect_turn"", ""edge_GES__debt_ratio2__longtermdebt_invcap"", ""edge_GES__debt_ratio2__totaldebt_invcap"", ""edge_GES__debt_ebitda__debt_ratio2"", ""edge_GES__debt_ratio2__roa"", ""edge_GES__cash_debt__asset_liabilities"", ""edge_GES__roa__totaldebt_invcap"", ""edge_GES__asset_turnover__totaldebt_invcap"", ""edge_GES__asset_turnover__leverage_ratio"", ""edge_GES__roa__leverage_ratio"", ""edge_GES__cash_debt__debt_ratio2"", ""edge_GES__debt_ebitda__roa"", ""edge_GES__asset_turnover__roe"", ""edge_GES__debt_ratio2__leverage_ratio"", ""edge_GES__debt_ratio__capitalization_ratio"", ""edge_GES__asset_turnover__capitalization_ratio"", ""edge_GES__debt_ebitda__roe"", ""edge_GES__cash_debt__totaldebt_invcap"", ""edge_GES__debt_ratio2__debt_ratio""]"
3e834183c2b917ff,OF,GES,29,,,42,"[""leverage_ratio"", ""asset_liabilities"", ""roe"", ""asset_turnover"", ""debt_ratio"", ""debt_ratio2"", ""roa"", ""capitalization_ratio"", ""longtermdebt_invcap"", ""totaldebt_invcap"", ""cash_debt"", ""debt_ebitda"", ""rect_turn"", ""edge_GES__asset_liabilities__rect_turn"", ""edge_GES__asset_liabilities__debt_ratio"", ""edge_GES__debt_ratio__rect_turn"", ""edge_GES__debt_ratio__leverage_ratio"", ""edge_GES__roa__asset_turnover"", ""edge_GES__asset_turnover__rect_turn"", ""edge_GES__roa__roe"", ""edge_GES__asset_liabilities__leverage_ratio"", ""edge_GES__debt_ratio2__capitalization_ratio"", ""edge_GES__debt_ratio__roa"", ""edge_GES__roa__rect_turn"", ""edge_GES__debt_ratio2__longtermdebt_invcap"", ""edge_GES__debt_ratio2__totaldebt_invcap"", ""edge_GES__debt_ebitda__debt_ratio2"", ""edge_GES__debt_ratio2__roa"", ""edge_GES__cash_debt__asset_liabilities"", ""edge_GES__roa__totaldebt_invcap"", ""edge_GES__asset_turnover__totaldebt_invcap"", ""edge_GES__asset_turnover__leverage_ratio"", ""edge_GES__roa__leverage_ratio"", ""edge_GES__cash_debt__debt_ratio2"", ""edge_GES__debt_ebitda__roa"", ""edge_GES__asset_turnover__roe"", ""edge_GES__debt_ratio2__leverage_ratio"", ""edge_GES__debt_ratio__capitalization_ratio"", ""edge_GES__asset_turnover__capitalization_ratio"", ""edge_GES__debt_ebitda__roe"", ""edge_GES__cash_debt__totaldebt_invcap"", ""edge_GES__debt_ratio2__debt_ratio""]"
bcd5503e9fd4ef7a,F,GES,30,,,30,"[""edge_GES__asset_liabilities__rect_turn"", ""edge_GES__asset_liabilities__debt_ratio"", ""edge_GES__debt_ratio__rect_turn"", ""edge_GES__debt_ratio__leverage_ratio"", ""edge_GES__roa__asset_turnover"", ""edge_GES__asset_turnover__rect_turn"", ""edge_GES__roa__roe"", ""edge_GES__asset_liabilities__leverage_ratio"", ""edge_GES__debt_ratio2__capitalization_ratio"", ""edge_GES__debt_ratio__roa"", ""edge_GES__roa__rect_turn"", ""edge_GES__debt_ratio2__longtermdebt_invcap"", ""edge_GES__debt_ratio2__totaldebt_invcap"", ""edge_GES__debt_ebitda__debt_ratio2"", ""edge_GES__debt_ratio2__roa"", ""edge_GES__cash_debt__asset_liabilities"", ""edge_GES__roa__totaldebt_invcap"", ""edge_GES__asset_turnover__totaldebt_invcap"", ""edge_GES__asset_turnover__leverage_ratio"", ""edge_GES__roa__leverage_ratio"", ""edge_GES__cash_debt__debt_ratio2"", ""edge_GES__debt_ebitda__roa"", ""edge_GES__asset_turnover__roe"", ""edge_GES__debt_ratio2__leverage_ratio"", ""edge_GES__debt_ratio__capitalization_ratio"", ""edge_GES__asset_turnover__capitalization_ratio"", ""edge_GES__debt_ebitda__roe"", ""edge_GES__cash_debt__totaldebt_invcap"", ""edge_GES__debt_ratio2__debt_ratio"", ""edge_GES__asset_liabilities__roe""]"
18e3a83b1f31caef,OF,GES,30,,,43,"[""leverage_ratio"", ""asset_liabilities"", ""roe"", ""asset_turnover"", ""debt_ratio"", ""debt_ratio2"", ""roa"", ""capitalization_ratio"", ""longtermdebt_invcap"", ""totaldebt_invcap"", ""cash_debt"", ""debt_ebitda"", ""rect_turn"", ""edge_GES__asset_liabilities__rect_turn"", ""edge_GES__asset_liabilities__debt_ratio"", ""edge_GES__debt_ratio__rect_turn"", ""edge_GES__debt_ratio__leverage_ratio"", ""edge_GES__roa__asset_turnover"", ""edge_GES__asset_turnover__rect_turn"", ""edge_GES__roa__roe"", ""edge_GES__asset_liabilities__leverage_ratio"", ""edge_GES__debt_ratio2__capitalization_ratio"", ""edge_GES__debt_ratio__roa"", ""edge_GES__roa__rect_turn"", ""edge_GES__debt_ratio2__longtermdebt_invcap"", ""edge_GES__debt_ratio2__totaldebt_invcap"", ""edge_GES__debt_ebitda__debt_ratio2"", ""edge_GES__debt_ratio2__roa"", ""edge_GES__cash_debt__asset_liabilities"", ""edge_GES__roa__totaldebt_invcap"", ""edge_GES__asset_turnover__totaldebt_invcap"", ""edge_GES__asset_turnover__leverage_ratio"", ""edge_GES__roa__leverage_ratio"", ""edge_GES__cash_debt__debt_ratio2"", ""edge_GES__debt_ebitda__roa"", ""edge_GES__asset_turnover__roe"", ""edge_GES__debt_ratio2__leverage_ratio"", ""edge_GES__debt_ratio__capitalization_ratio"", ""edge_GES__asset_turnover__capitalization_ratio"", ""edge_GES__debt_ebitda__roe"", ""edge_GES__cash_debt__totaldebt_invcap"", ""edge_GES__debt_ratio2__debt_ratio"", ""edge_GES__asset_liabilities__roe""]"
1b74e3840f4dcb5e,F,GES,31,,,31,"[""edge_GES__asset_liabilities__rect_turn"", ""edge_GES__asset_liabilities__debt_ratio"", ""edge_GES__debt_ratio__rect_turn"", ""edge_GES__debt_ratio__leverage_ratio"", ""edge_GES__roa__asset_turnover"", ""edge_GES__asset_turnover__rect_turn"", ""edge_GES__roa__roe"", ""edge_GES__asset_liabilities__leverage_ratio"", ""edge_GES__debt_ratio2__capitalization_ratio"", ""edge_GES__debt_ratio__roa"", ""edge_GES__roa__rect_turn"", ""edge_GES__debt_ratio2__longtermdebt_invcap"", ""edge_GES__debt_ratio2__totaldebt_invcap"", ""edge_GES__debt_ebitda__debt_ratio2"", ""edge_GES__debt_ratio2__roa"", ""edge_GES__cash_debt__asset_liabilities"", ""edge_GES__roa__totaldebt_invcap"", ""edge_GES__asset_turnover__totaldebt_invcap"", ""edge_GES__asset_turnover__leverage_ratio"", ""edge_GES__roa__leverage_ratio"", ""edge_GES__cash_debt__debt_ratio2"", ""edge_GES__debt_ebitda__roa"", ""edge_GES__asset_turnover__roe"", ""edge_GES__debt_ratio2__leverage_ratio"", ""edge_GES__debt_ratio__capitalization_ratio"", ""edge_GES__asset_turnover__capitalization_ratio"", ""edge_GES__debt_ebitda__roe"", ""edge_GES__cash_debt__totaldebt_invcap"", ""edge_GES__debt_ratio2__debt_ratio"", ""edge_GES__asset_liabilities__roe"", ""edge_GES__debt_ratio__roe""]"
9085e09d1c8276c3,OF,GES,31,,,44,"[""leverage_ratio"", ""asset_liabilities"", ""roe"", ""asset_turnover"", ""debt_ratio"", ""debt_ratio2"", ""roa"", ""capitalization_ratio"", ""longtermdebt_invcap"", ""totaldebt_invcap"", ""cash_debt"", ""debt_ebitda"", ""rect_turn"", ""edge_GES__asset_liabilities__rect_turn"", ""edge_GES__asset_liabilities__debt_ratio"", ""edge_GES__debt_ratio__rect_turn"", ""edge_GES__debt_ratio__leverage_ratio"", ""edge_GES__roa__asset_turnover"", ""edge_GES__asset_turnover__rect_turn"", ""edge_GES__roa__roe"", ""edge_GES__asset_liabilities__leverage_ratio"", ""edge_GES__debt_ratio2__capitalization_ratio"", ""edge_GES__debt_ratio__roa"", ""edge_GES__roa__rect_turn"", ""edge_GES__debt_ratio2__longtermdebt_invcap"", ""edge_GES__debt_ratio2__totaldebt_invcap"", ""edge_GES__debt_ebitda__debt_ratio2"", ""edge_GES__debt_ratio2__roa"", ""edge_GES__cash_debt__asset_liabilities"", ""edge_GES__roa__totaldebt_invcap"", ""edge_GES__asset_turnover__totaldebt_invcap"", ""edge_GES__asset_turnover__leverage_ratio"", ""edge_GES__roa__leverage_ratio"", ""edge_GES__cash_debt__debt_ratio2"", ""edge_GES__debt_ebitda__roa"", ""edge_GES__asset_turnover__roe"", ""edge_GES__debt_ratio2__leverage_ratio"", ""edge_GES__debt_ratio__capitalization_ratio"", ""edge_GES__asset_turnover__capitalization_ratio"", ""edge_GES__debt_ebitda__roe"", ""edge_GES__cash_debt__totaldebt_invcap"", ""edge_GES__debt_ratio2__debt_ratio"", ""edge_GES__asset_liabilities__roe"", ""edge_GES__debt_ratio__roe""]"
f8e9eae69271f27d,F,GES,32,,,32,"[""edge_GES__asset_liabilities__rect_turn"", ""edge_GES__asset_liabilities__debt_ratio"", ""edge_GES__debt_ratio__rect_turn"", ""edge_GES__debt_ratio__leverage_ratio"", ""edge_GES__roa__asset_turnover"", ""edge_GES__asset_turnover__rect_turn"", ""edge_GES__roa__roe"", ""edge_GES__asset_liabilities__leverage_ratio"", ""edge_GES__debt_ratio2__capitalization_ratio"", ""edge_GES__debt_ratio__roa"", ""edge_GES__roa__rect_turn"", ""edge_GES__debt_ratio2__longtermdebt_invcap"", ""edge_GES__debt_ratio2__totaldebt_invcap"", ""edge_GES__debt_ebitda__debt_ratio2"", ""edge_GES__debt_ratio2__roa"", ""edge_GES__cash_debt__asset_liabilities"", ""edge_GES__roa__totaldebt_invcap"", ""edge_GES__asset_turnover__totaldebt_invcap"", ""edge_GES__asset_turnover__leverage_ratio"", ""edge_GES__roa__leverage_ratio"", ""edge_GES__cash_debt__debt_ratio2"", ""edge_GES__debt_ebitda__roa"", ""edge_GES__asset_turnover__roe"", ""edge_GES__debt_ratio2__leverage_ratio"", ""edge_GES__debt_ratio__capitalization_ratio"", ""edge_GES__asset_turnover__capitalization_ratio"", ""edge_GES__debt_ebitda__roe"", ""edge_GES__cash_debt__totaldebt_invcap"", ""edge_GES__debt_ratio2__debt_ratio"", ""edge_GES__asset_liabilities__roe"", ""edge_GES__debt_ratio__roe"", ""edge_GES__cash_debt__rect_turn""]"
e759bc3ca9235cbe,OF,GES,32,,,45,"[""leverage_ratio"", ""asset_liabilities"", ""roe"", ""asset_turnover"", ""debt_ratio"", ""debt_ratio2"", ""roa"", ""capitalization_ratio"", ""longtermdebt_invcap"", ""totaldebt_invcap"", ""cash_debt"", ""debt_ebitda"", ""rect_turn"", ""edge_GES__asset_liabilities__rect_turn"", ""edge_GES__asset_liabilities__debt_ratio"", ""edge_GES__debt_ratio__rect_turn"", ""edge_GES__debt_ratio__leverage_ratio"", ""edge_GES__roa__asset_turnover"", ""edge_GES__asset_turnover__rect_turn"", ""edge_GES__roa__roe"", ""edge_GES__asset_liabilities__leverage_ratio"", ""edge_GES__debt_ratio2__capitalization_ratio"", ""edge_GES__debt_ratio__roa"", ""edge_GES__roa__rect_turn"", ""edge_GES__debt_ratio2__longtermdebt_invcap"", ""edge_GES__debt_ratio2__totaldebt_invcap"", ""edge_GES__debt_ebitda__debt_ratio2"", ""edge_GES__debt_ratio2__roa"", ""edge_GES__cash_debt__asset_liabilities"", ""edge_GES__roa__totaldebt_invcap"", ""edge_GES__asset_turnover__totaldebt_invcap"", ""edge_GES__asset_turnover__leverage_ratio"", ""edge_GES__roa__leverage_ratio"", ""edge_GES__cash_debt__debt_ratio2"", ""edge_GES__debt_ebitda__roa"", ""edge_GES__asset_turnover__roe"", ""edge_GES__debt_ratio2__leverage_ratio"", ""edge_GES__debt_ratio__capitalization_ratio"", ""edge_GES__asset_turnover__capitalization_ratio"", ""edge_GES__debt_ebitda__roe"", ""edge_GES__cash_debt__totaldebt_invcap"", ""edge_GES__debt_ratio2__debt_ratio"", ""edge_GES__asset_liabilities__roe"", ""edge_GES__debt_ratio__roe"", ""edge_GES__cash_debt__rect_turn""]"
270cd88962214341,F,GES,33,,,33,"[""edge_GES__asset_liabilities__rect_turn"", ""edge_GES__asset_liabilities__debt_ratio"", ""edge_GES__debt_ratio__rect_turn"", ""edge_GES__debt_ratio__leverage_ratio"", ""edge_GES__roa__asset_turnover"", ""edge_GES__asset_turnover__rect_turn"", ""edge_GES__roa__roe"", ""edge_GES__asset_liabilities__leverage_ratio"", ""edge_GES__debt_ratio2__capitalization_ratio"", ""edge_GES__debt_ratio__roa"", ""edge_GES__roa__rect_turn"", ""edge_GES__debt_ratio2__longtermdebt_invcap"", ""edge_GES__debt_ratio2__totaldebt_invcap"", ""edge_GES__debt_ebitda__debt_ratio2"", ""edge_GES__debt_ratio2__roa"", ""edge_GES__cash_debt__asset_liabilities"", ""edge_GES__roa__totaldebt_invcap"", ""edge_GES__asset_turnover__totaldebt_invcap"", ""edge_GES__asset_turnover__leverage_ratio"", ""edge_GES__roa__leverage_ratio"", ""edge_GES__cash_debt__debt_ratio2"", ""edge_GES__debt_ebitda__roa"", ""edge_GES__asset_turnover__roe"", ""edge_GES__debt_ratio2__leverage_ratio"", ""edge_GES__debt_ratio__capitalization_ratio"", ""edge_GES__asset_turnover__capitalization_ratio"", ""edge_GES__debt_ebitda__roe"", ""edge_GES__cash_debt__totaldebt_invcap"", ""edge_GES__debt_ratio2__debt_ratio"", ""edge_GES__asset_liabilities__roe"", ""edge_GES__debt_ratio__roe"", ""edge_GES__cash_debt__rect_turn"", ""edge_GES__cash_debt__debt_ratio""]"
45302385731be391,OF,GES,33,,,46,"[""leverage_ratio"", ""asset_liabilities"", ""roe"", ""asset_turnover"", ""debt_ratio"", ""debt_ratio2"", ""roa"", ""capitalization_ratio"", ""longtermdebt_invcap"", ""totaldebt_invcap"", ""cash_debt"", ""debt_ebitda"", ""rect_turn"", ""edge_GES__asset_liabilities__rect_turn"", ""edge_GES__asset_liabilities__debt_ratio"", ""edge_GES__debt_ratio__rect_turn"", ""edge_GES__debt_ratio__leverage_ratio"", ""edge_GES__roa__asset_turnover"", ""edge_GES__asset_turnover__rect_turn"", ""edge_GES__roa__roe"", ""edge_GES__asset_liabilities__leverage_ratio"", ""edge_GES__debt_ratio2__capitalization_ratio"", ""edge_GES__debt_ratio__roa"", ""edge_GES__roa__rect_turn"", ""edge_GES__debt_ratio2__longtermdebt_invcap"", ""edge_GES__debt_ratio2__totaldebt_invcap"", ""edge_GES__debt_ebitda__debt_ratio2"", ""edge_GES__debt_ratio2__roa"", ""edge_GES__cash_debt__asset_liabilities"", ""edge_GES__roa__totaldebt_invcap"", ""edge_GES__asset_turnover__totaldebt_invcap"", ""edge_GES__asset_turnover__leverage_ratio"", ""edge_GES__roa__leverage_ratio"", ""edge_GES__cash_debt__debt_ratio2"", ""edge_GES__debt_ebitda__roa"", ""edge_GES__asset_turnover__roe"", ""edge_GES__debt_ratio2__leverage_ratio"", ""edge_GES__debt_ratio__capitalization_ratio"", ""edge_GES__asset_turnover__capitalization_ratio"", ""edge_GES__debt_ebitda__roe"", ""edge_GES__cash_debt__totaldebt_invcap"", ""edge_GES__debt_ratio2__debt_ratio"", ""edge_GES__asset_liabilities__roe"", ""edge_GES__debt_ratio__roe"", ""edge_GES__cash_debt__rect_turn"", ""edge_GES__cash_debt__debt_ratio""]"
b154670abb75bb96,F,GES,34,,,34,"[""edge_GES__asset_liabilities__rect_turn"", ""edge_GES__asset_liabilities__debt_ratio"", ""edge_GES__debt_ratio__rect_turn"", ""edge_GES__debt_ratio__leverage_ratio"", ""edge_GES__roa__asset_turnover"", ""edge_GES__asset_turnover__rect_turn"", ""edge_GES__roa__roe"", ""edge_GES__asset_liabilities__leverage_ratio"", ""edge_GES__debt_ratio2__capitalization_ratio"", ""edge_GES__debt_ratio__roa"", ""edge_GES__roa__rect_turn"", ""edge_GES__debt_ratio2__longtermdebt_invcap"", ""edge_GES__debt_ratio2__totaldebt_invcap"", ""edge_GES__debt_ebitda__debt_ratio2"", ""edge_GES__debt_ratio2__roa"", ""edge_GES__cash_debt__asset_liabilities"", ""edge_GES__roa__totaldebt_invcap"", ""edge_GES__asset_turnover__totaldebt_invcap"", ""edge_GES__asset_turnover__leverage_ratio"", ""edge_GES__roa__leverage_ratio"", ""edge_GES__cash_debt__debt_ratio2"", ""edge_GES__debt_ebitda__roa"", ""edge_GES__asset_turnover__roe"", ""edge_GES__debt_ratio2__leverage_ratio"", ""edge_GES__debt_ratio__capitalization_ratio"", ""edge_GES__asset_turnover__capitalization_ratio"", ""edge_GES__debt_ebitda__roe"", ""edge_GES__cash_debt__totaldebt_invcap"", ""edge_GES__debt_ratio2__debt_ratio"", ""edge_GES__asset_liabilities__roe"", ""edge_GES__debt_ratio__roe"", ""edge_GES__cash_debt__rect_turn"", ""edge_GES__cash_debt__debt_ratio"", ""edge_GES__cash_debt__longtermdebt_invcap""]"
084da68000a6f7f1,OF,GES,34,,,47,"[""leverage_ratio"", ""asset_liabilities"", ""roe"", ""asset_turnover"", ""debt_ratio"", ""debt_ratio2"", ""roa"", ""capitalization_ratio"", ""longtermdebt_invcap"", ""totaldebt_invcap"", ""cash_debt"", ""debt_ebitda"", ""rect_turn"", ""edge_GES__asset_liabilities__rect_turn"", ""edge_GES__asset_liabilities__debt_ratio"", ""edge_GES__debt_ratio__rect_turn"", ""edge_GES__debt_ratio__leverage_ratio"", ""edge_GES__roa__asset_turnover"", ""edge_GES__asset_turnover__rect_turn"", ""edge_GES__roa__roe"", ""edge_GES__asset_liabilities__leverage_ratio"", ""edge_GES__debt_ratio2__capitalization_ratio"", ""edge_GES__debt_ratio__roa"", ""edge_GES__roa__rect_turn"", ""edge_GES__debt_ratio2__longtermdebt_invcap"", ""edge_GES__debt_ratio2__totaldebt_invcap"", ""edge_GES__debt_ebitda__debt_ratio2"", ""edge_GES__debt_ratio2__roa"", ""edge_GES__cash_debt__asset_liabilities"", ""edge_GES__roa__totaldebt_invcap"", ""edge_GES__asset_turnover__totaldebt_invcap"", ""edge_GES__asset_turnover__leverage_ratio"", ""edge_GES__roa__leverage_ratio"", ""edge_GES__cash_debt__debt_ratio2"", ""edge_GES__debt_ebitda__roa"", ""edge_GES__asset_turnover__roe"", ""edge_GES__debt_ratio2__leverage_ratio"", ""edge_GES__debt_ratio__capitalization_ratio"", ""edge_GES__asset_turnover__capitalization_ratio"", ""edge_GES__debt_ebitda__roe"", ""edge_GES__cash_debt__totaldebt_invcap"", ""edge_GES__debt_ratio2__debt_ratio"", ""edge_GES__asset_liabilities__roe"", ""edge_GES__debt_ratio__roe"", ""edge_GES__cash_debt__rect_turn"", ""edge_GES__cash_debt__debt_ratio"", ""edge_GES__cash_debt__longtermdebt_invcap""]"
78535073af7929c5,F,GES,35,,,35,"[""edge_GES__asset_liabilities__rect_turn"", ""edge_GES__asset_liabilities__debt_ratio"", ""edge_GES__debt_ratio__rect_turn"", ""edge_GES__debt_ratio__leverage_ratio"", ""edge_GES__roa__asset_turnover"", ""edge_GES__asset_turnover__rect_turn"", ""edge_GES__roa__roe"", ""edge_GES__asset_liabilities__leverage_ratio"", ""edge_GES__debt_ratio2__capitalization_ratio"", ""edge_GES__debt_ratio__roa"", ""edge_GES__roa__rect_turn"", ""edge_GES__debt_ratio2__longtermdebt_invcap"", ""edge_GES__debt_ratio2__totaldebt_invcap"", ""edge_GES__debt_ebitda__debt_ratio2"", ""edge_GES__debt_ratio2__roa"", ""edge_GES__cash_debt__asset_liabilities"", ""edge_GES__roa__totaldebt_invcap"", ""edge_GES__asset_turnover__totaldebt_invcap"", ""edge_GES__asset_turnover__leverage_ratio"", ""edge_GES__roa__leverage_ratio"", ""edge_GES__cash_debt__debt_ratio2"", ""edge_GES__debt_ebitda__roa"", ""edge_GES__asset_turnover__roe"", ""edge_GES__debt_ratio2__leverage_ratio"", ""edge_GES__debt_ratio__capitalization_ratio"", ""edge_GES__asset_turnover__capitalization_ratio"", ""edge_GES__debt_ebitda__roe"", ""edge_GES__cash_debt__totaldebt_invcap"", ""edge_GES__debt_ratio2__debt_ratio"", ""edge_GES__asset_liabilities__roe"", ""edge_GES__debt_ratio__roe"", ""edge_GES__cash_debt__rect_turn"", ""edge_GES__cash_debt__debt_ratio"", ""edge_GES__cash_debt__longtermdebt_invcap"", ""edge_GES__debt_ratio2__asset_liabilities""]"
7cbbb70fa5e09b6e,OF,GES,35,,,48,"[""leverage_ratio"", ""asset_liabilities"", ""roe"", ""asset_turnover"", ""debt_ratio"", ""debt_ratio2"", ""roa"", ""capitalization_ratio"", ""longtermdebt_invcap"", ""totaldebt_invcap"", ""cash_debt"", ""debt_ebitda"", ""rect_turn"", ""edge_GES__asset_liabilities__rect_turn"", ""edge_GES__asset_liabilities__debt_ratio"", ""edge_GES__debt_ratio__rect_turn"", ""edge_GES__debt_ratio__leverage_ratio"", ""edge_GES__roa__asset_turnover"", ""edge_GES__asset_turnover__rect_turn"", ""edge_GES__roa__roe"", ""edge_GES__asset_liabilities__leverage_ratio"", ""edge_GES__debt_ratio2__capitalization_ratio"", ""edge_GES__debt_ratio__roa"", ""edge_GES__roa__rect_turn"", ""edge_GES__debt_ratio2__longtermdebt_invcap"", ""edge_GES__debt_ratio2__totaldebt_invcap"", ""edge_GES__debt_ebitda__debt_ratio2"", ""edge_GES__debt_ratio2__roa"", ""edge_GES__cash_debt__asset_liabilities"", ""edge_GES__roa__totaldebt_invcap"", ""edge_GES__asset_turnover__totaldebt_invcap"", ""edge_GES__asset_turnover__leverage_ratio"", ""edge_GES__roa__leverage_ratio"", ""edge_GES__cash_debt__debt_ratio2"", ""edge_GES__debt_ebitda__roa"", ""edge_GES__asset_turnover__roe"", ""edge_GES__debt_ratio2__leverage_ratio"", ""edge_GES__debt_ratio__capitalization_ratio"", ""edge_GES__asset_turnover__capitalization_ratio"", ""edge_GES__debt_ebitda__roe"", ""edge_GES__cash_debt__totaldebt_invcap"", ""edge_GES__debt_ratio2__debt_ratio"", ""edge_GES__asset_liabilities__roe"", ""edge_GES__debt_ratio__roe"", ""edge_GES__cash_debt__rect_turn"", ""edge_GES__cash_debt__debt_ratio"", ""edge_GES__cash_debt__longtermdebt_invcap"", ""edge_GES__debt_ratio2__asset_liabilities""]"
e28c44d62d092b9a,OFR,GES,5,0,5100,5,"[""asset_turnover"", ""edge_GES__debt_ebitda__roa"", ""edge_GES__asset_turnover__leverage_ratio"", ""edge_GES__asset_turnover__roe"", ""edge_GES__debt_ratio2__debt_ratio""]"
f4c9fc580bf0f7e9,OFR,GES,5,1,5101,5,"[""edge_GES__cash_debt__debt_ratio"", ""rect_turn"", ""edge_GES__roa__roe"", ""debt_ebitda"", ""roa""]"
36842a143bf4e7e2,OFR,GES,5,2,5102,5,"[""edge_GES__cash_debt__rect_turn"", ""longtermdebt_invcap"", ""edge_GES__asset_turnover__totaldebt_invcap"", ""debt_ratio"", ""capitalization_ratio""]"
3a20e9d025d9e98e,OFR,GES,5,3,5103,5,"[""asset_liabilities"", ""edge_GES__debt_ebitda__roa"", ""edge_GES__debt_ebitda__roe"", ""edge_GES__roa__leverage_ratio"", ""edge_GES__roa__roe""]"
b1d292af8c01d3a4,OFR,GES,5,4,5104,5,"[""edge_GES__debt_ratio__roa"", ""debt_ebitda"", ""edge_GES__asset_turnover__roe"", ""edge_GES__roa__leverage_ratio"", ""edge_GES__debt_ratio__roe""]"
59f3f2cdd6d6612c,OFR,GES,10,0,10100,10,"[""debt_ebitda"", ""edge_GES__cash_debt__longtermdebt_invcap"", ""edge_GES__debt_ratio__roa"", ""asset_turnover"", ""edge_GES__debt_ratio__leverage_ratio"", ""debt_ratio"", ""edge_GES__roa__totaldebt_invcap"", ""rect_turn"", ""edge_GES__debt_ratio2__leverage_ratio"", ""edge_GES__cash_debt__debt_ratio2""]"
f0fc3c526ed21667,OFR,GES,10,1,10101,10,"[""cash_debt"", ""edge_GES__cash_debt__asset_liabilities"", ""edge_GES__debt_ratio2__debt_ratio"", ""longtermdebt_invcap"", ""totaldebt_invcap"", ""edge_GES__debt_ratio__capitalization_ratio"", ""debt_ratio2"", ""edge_GES__asset_liabilities__rect_turn"", ""edge_GES__debt_ebitda__roa"", ""capitalization_ratio""]"
5954a1a0afc71260,OFR,GES,10,2,10102,10,"[""edge_GES__debt_ratio__roa"", ""debt_ratio"", ""edge_GES__debt_ratio2__totaldebt_invcap"", ""edge_GES__debt_ratio2__capitalization_ratio"", ""edge_GES__asset_turnover__capitalization_ratio"", ""edge_GES__debt_ratio2__debt_ratio"", ""edge_GES__asset_turnover__leverage_ratio"", ""edge_GES__asset_liabilities__rect_turn"", ""cash_debt"", ""edge_GES__debt_ratio__rect_turn""]"
6d7968a45cefbf15,OFR,GES,10,3,10103,10,"[""edge_GES__roa__totaldebt_invcap"", ""edge_GES__cash_debt__asset_liabilities"", ""edge_GES__debt_ratio2__capitalization_ratio"", ""edge_GES__asset_liabilities__rect_turn"", ""edge_GES__cash_debt__rect_turn"", ""capitalization_ratio"", ""edge_GES__asset_liabilities__roe"", ""edge_GES__cash_debt__totaldebt_invcap"", ""edge_GES__asset_turnover__rect_turn"", ""edge_GES__debt_ratio2__asset_liabilities""]"
847a64aaa2b8123c,OFR,GES,10,4,10104,10,"[""edge_GES__asset_liabilities__rect_turn"", ""edge_GES__debt_ratio2__asset_liabilities"", ""asset_turnover"", ""edge_GES__cash_debt__totaldebt_invcap"", ""edge_GES__debt_ratio__roa"", ""edge_GES__cash_debt__debt_ratio"", ""debt_ratio"", ""edge_GES__debt_ratio2__roa"", ""edge_GES__cash_debt__debt_ratio2"", ""edge_GES__debt_ratio__roe""]"
44e79fc74fa5df84,OFR,GES,20,0,20100,20,"[""edge_GES__asset_turnover__rect_turn"", ""edge_GES__debt_ratio2__asset_liabilities"", ""asset_liabilities"", ""edge_GES__debt_ratio2__debt_ratio"", ""edge_GES__debt_ratio__rect_turn"", ""edge_GES__cash_debt__totaldebt_invcap"", ""edge_GES__asset_liabilities__roe"", ""totaldebt_invcap"", ""edge_GES__debt_ebitda__debt_ratio2"", ""edge_GES__debt_ratio__capitalization_ratio"", ""edge_GES__debt_ratio__roe"", ""edge_GES__debt_ebitda__roe"", ""rect_turn"", ""edge_GES__asset_liabilities__debt_ratio"", ""edge_GES__debt_ratio2__capitalization_ratio"", ""edge_GES__debt_ratio2__roa"", ""edge_GES__cash_debt__debt_ratio2"", ""edge_GES__debt_ratio__roa"", ""debt_ebitda"", ""roa""]"
9569d77321cf8701,OFR,GES,20,1,20101,20,"[""edge_GES__roa__totaldebt_invcap"", ""edge_GES__cash_debt__longtermdebt_invcap"", ""cash_debt"", ""edge_GES__debt_ebitda__roa"", ""edge_GES__debt_ratio2__capitalization_ratio"", ""edge_GES__roa__asset_turnover"", ""totaldebt_invcap"", ""edge_GES__debt_ebitda__debt_ratio2"", ""leverage_ratio"", ""edge_GES__cash_debt__totaldebt_invcap"", ""edge_GES__cash_debt__debt_ratio"", ""edge_GES__asset_turnover__capitalization_ratio"", ""longtermdebt_invcap"", ""edge_GES__asset_turnover__rect_turn"", ""edge_GES__debt_ratio2__longtermdebt_invcap"", ""edge_GES__debt_ratio2__totaldebt_invcap"", ""debt_ratio"", ""debt_ebitda"", ""edge_GES__asset_liabilities__leverage_ratio"", ""edge_GES__asset_liabilities__roe""]"
26e0308c4f4cdea8,OFR,GES,20,2,20102,20,"[""longtermdebt_invcap"", ""edge_GES__asset_turnover__rect_turn"", ""edge_GES__debt_ratio__rect_turn"", ""edge_GES__roa__totaldebt_invcap"", ""edge_GES__cash_debt__longtermdebt_invcap"", ""debt_ratio2"", ""debt_ratio"", ""rect_turn"", ""edge_GES__asset_turnover__capitalization_ratio"", ""cash_debt"", ""edge_GES__cash_debt__debt_ratio2"", ""edge_GES__asset_turnover__leverage_ratio"", ""asset_liabilities"", ""edge_GES__debt_ratio2__roa"", ""edge_GES__debt_ratio__roe"", ""edge_GES__cash_debt__asset_liabilities"", ""edge_GES__asset_liabilities__leverage_ratio"", ""edge_GES__debt_ratio2__debt_ratio"", ""leverage_ratio"", ""roa""]"
4408d45fd8d32921,OFR,GES,20,3,20103,20,"[""edge_GES__cash_debt__rect_turn"", ""edge_GES__asset_turnover__rect_turn"", ""longtermdebt_invcap"", ""totaldebt_invcap"", ""edge_GES__roa__leverage_ratio"", ""asset_liabilities"", ""edge_GES__asset_turnover__leverage_ratio"", ""edge_GES__debt_ratio2__roa"", ""edge_GES__roa__roe"", ""edge_GES__asset_liabilities__rect_turn"", ""rect_turn"", ""roe"", ""edge_GES__debt_ratio__roe"", ""edge_GES__debt_ratio2__longtermdebt_invcap"", ""edge_GES__asset_liabilities__leverage_ratio"", ""debt_ratio2"", ""edge_GES__debt_ratio__capitalization_ratio"", ""edge_GES__cash_debt__asset_liabilities"", ""edge_GES__debt_ratio2__asset_liabilities"", ""edge_GES__asset_turnover__roe""]"
73764585f5f36d41,OFR,GES,20,4,20104,20,"[""edge_GES__debt_ratio__roa"", ""edge_GES__cash_debt__debt_ratio"", ""edge_GES__roa__asset_turnover"", ""edge_GES__debt_ratio__rect_turn"", ""debt_ratio2"", ""edge_GES__debt_ratio2__longtermdebt_invcap"", ""edge_GES__roa__totaldebt_invcap"", ""edge_GES__debt_ebitda__roa"", ""edge_GES__cash_debt__totaldebt_invcap"", ""asset_turnover"", ""edge_GES__asset_turnover__leverage_ratio"", ""edge_GES__debt_ebitda__debt_ratio2"", ""edge_GES__cash_debt__longtermdebt_invcap"", ""edge_GES__cash_debt__rect_turn"", ""edge_GES__debt_ratio__leverage_ratio"", ""edge_GES__roa__rect_turn"", ""asset_liabilities"", ""edge_GES__asset_liabilities__roe"", ""debt_ebitda"", ""edge_GES__debt_ratio2__capitalization_ratio""]"
bb7891c4e0ce0ca5,OFR,GES,30,0,30100,30,"[""longtermdebt_invcap"", ""asset_turnover"", ""edge_GES__cash_debt__debt_ratio2"", ""edge_GES__roa__rect_turn"", ""asset_liabilities"", ""edge_GES__debt_ratio__capitalization_ratio"", ""capitalization_ratio"", ""edge_GES__cash_debt__debt_ratio"", ""edge_GES__debt_ebitda__roa"", ""edge_GES__debt_ratio2__totaldebt_invcap"", ""edge_GES__asset_liabilities__leverage_ratio"", ""edge_GES__cash_debt__rect_turn"", ""edge_GES__asset_turnover__capitalization_ratio"", ""edge_GES__roa__totaldebt_invcap"", ""debt_ratio"", ""leverage_ratio"", ""debt_ebitda"", ""edge_GES__cash_debt__totaldebt_invcap"", ""edge_GES__asset_liabilities__roe"", ""cash_debt"", ""edge_GES__debt_ratio2__debt_ratio"", ""edge_GES__asset_liabilities__rect_turn"", ""edge_GES__debt_ratio__roa"", ""edge_GES__cash_debt__longtermdebt_invcap"", ""edge_GES__debt_ratio2__longtermdebt_invcap"", ""edge_GES__asset_turnover__rect_turn"", ""edge_GES__asset_turnover__totaldebt_invcap"", ""edge_GES__debt_ratio2__asset_liabilities"", ""edge_GES__debt_ratio2__roa"", ""rect_turn""]"
f3d3dc24ea1e6a55,OFR,GES,30,1,30101,30,"[""edge_GES__asset_liabilities__leverage_ratio"", ""longtermdebt_invcap"", ""edge_GES__debt_ratio2__debt_ratio"", ""edge_GES__roa__totaldebt_invcap"", ""edge_GES__asset_turnover__leverage_ratio"", ""edge_GES__cash_debt__rect_turn"", ""edge_GES__cash_debt__debt_ratio2"", ""edge_GES__debt_ratio2__totaldebt_invcap"", ""rect_turn"", ""debt_ebitda"", ""leverage_ratio"", ""edge_GES__debt_ratio__leverage_ratio"", ""debt_ratio2"", ""edge_GES__roa__leverage_ratio"", ""edge_GES__roa__rect_turn"", ""edge_GES__asset_liabilities__roe"", ""edge_GES__asset_turnover__roe"", ""edge_GES__debt_ratio__rect_turn"", ""edge_GES__asset_turnover__rect_turn"", ""edge_GES__cash_debt__totaldebt_invcap"", ""roe"", ""edge_GES__asset_turnover__totaldebt_invcap"", ""edge_GES__debt_ratio2__asset_liabilities"", ""edge_GES__debt_ratio__roa"", ""asset_liabilities"", ""edge_GES__roa__roe"", ""edge_GES__debt_ratio__roe"", ""edge_GES__debt_ratio__capitalization_ratio"", ""edge_GES__cash_debt__asset_liabilities"", ""edge_GES__debt_ratio2__leverage_ratio""]"
f7f673a1f9741f1c,OFR,GES,30,2,30102,30,"[""edge_GES__cash_debt__debt_ratio2"", ""edge_GES__asset_turnover__leverage_ratio"", ""edge_GES__roa__leverage_ratio"", ""rect_turn"", ""edge_GES__debt_ratio2__debt_ratio"", ""leverage_ratio"", ""edge_GES__asset_liabilities__rect_turn"", ""edge_GES__asset_turnover__totaldebt_invcap"", ""edge_GES__roa__rect_turn"", ""edge_GES__debt_ratio__roe"", ""edge_GES__debt_ratio2__leverage_ratio"", ""edge_GES__debt_ebitda__debt_ratio2"", ""edge_GES__debt_ratio2__totaldebt_invcap"", ""edge_GES__cash_debt__rect_turn"", ""edge_GES__cash_debt__totaldebt_invcap"", ""cash_debt"", ""totaldebt_invcap"", ""asset_turnover"", ""edge_GES__debt_ratio__leverage_ratio"", ""edge_GES__asset_liabilities__debt_ratio"", ""asset_liabilities"", ""capitalization_ratio"", ""debt_ratio2"", ""edge_GES__debt_ratio__roa"", ""edge_GES__debt_ratio2__longtermdebt_invcap"", ""edge_GES__roa__roe"", ""edge_GES__asset_liabilities__leverage_ratio"", ""edge_GES__asset_turnover__rect_turn"", ""edge_GES__debt_ratio2__roa"", ""edge_GES__roa__totaldebt_invcap""]"
ed7805954a2f749d,OFR,GES,30,3,30103,30,"[""asset_turnover"", ""edge_GES__debt_ratio2__totaldebt_invcap"", ""debt_ebitda"", ""asset_liabilities"", ""longtermdebt_invcap"", ""rect_turn"", ""roe"", ""edge_GES__debt_ratio__capitalization_ratio"", ""edge_GES__cash_debt__debt_ratio2"", ""edge_GES__debt_ratio2__longtermdebt_invcap"", ""debt_ratio"", ""edge_GES__debt_ratio__roe"", ""edge_GES__asset_liabilities__rect_turn"", ""edge_GES__asset_liabilities__debt_ratio"", ""edge_GES__debt_ratio__rect_turn"", ""edge_GES__roa__totaldebt_invcap"", ""edge_GES__cash_debt__debt_ratio"", ""edge_GES__cash_debt__rect_turn"", ""edge_GES__asset_liabilities__leverage_ratio"", ""edge_GES__cash_debt__longtermdebt_invcap"", ""edge_GES__debt_ratio2__leverage_ratio"", ""edge_GES__asset_turnover__totaldebt_invcap"", ""edge_GES__asset_turnover__rect_turn"", ""cash_debt"", ""roa"", ""edge_GES__debt_ratio2__capitalization_ratio"", ""edge_GES__roa__leverage_ratio"", ""edge_GES__debt_ratio__leverage_ratio"", ""edge_GES__roa__rect_turn"", ""edge_GES__debt_ebitda__debt_ratio2""]"
be625465f42920d3,OFR,GES,30,4,30104,30,"[""edge_GES__asset_turnover__roe"", ""edge_GES__cash_debt__longtermdebt_invcap"", ""edge_GES__cash_debt__debt_ratio"", ""edge_GES__debt_ratio__roa"", ""leverage_ratio"", ""edge_GES__cash_debt__rect_turn"", ""debt_ebitda"", ""edge_GES__debt_ebitda__debt_ratio2"", ""edge_GES__debt_ratio2__totaldebt_invcap"", ""asset_liabilities"", ""edge_GES__asset_turnover__leverage_ratio"", ""edge_GES__asset_turnover__rect_turn"", ""edge_GES__cash_debt__totaldebt_invcap"", ""edge_GES__debt_ebitda__roa"", ""edge_GES__asset_turnover__capitalization_ratio"", ""edge_GES__debt_ratio__leverage_ratio"", ""roe"", ""edge_GES__debt_ratio2__longtermdebt_invcap"", ""edge_GES__debt_ratio2__leverage_ratio"", ""totaldebt_invcap"", ""edge_GES__asset_liabilities__rect_turn"", ""roa"", ""edge_GES__asset_liabilities__debt_ratio"", ""edge_GES__debt_ratio2__roa"", ""edge_GES__debt_ratio2__debt_ratio"", ""edge_GES__debt_ratio__capitalization_ratio"", ""edge_GES__debt_ebitda__roe"", ""edge_GES__debt_ratio__roe"", ""edge_GES__asset_liabilities__leverage_ratio"", ""asset_turnover""]"
58a47c9da44905fc,OFR,GES,40,0,40100,40,"[""longtermdebt_invcap"", ""debt_ratio2"", ""edge_GES__debt_ebitda__debt_ratio2"", ""edge_GES__asset_turnover__capitalization_ratio"", ""edge_GES__asset_turnover__leverage_ratio"", ""edge_GES__asset_liabilities__leverage_ratio"", ""edge_GES__cash_debt__debt_ratio"", ""rect_turn"", ""edge_GES__debt_ratio2__longtermdebt_invcap"", ""edge_GES__roa__rect_turn"", ""edge_GES__asset_liabilities__rect_turn"", ""edge_GES__cash_debt__asset_liabilities"", ""debt_ratio"", ""roe"", ""edge_GES__debt_ratio__leverage_ratio"", ""edge_GES__debt_ratio2__leverage_ratio"", ""edge_GES__cash_debt__totaldebt_invcap"", ""edge_GES__roa__asset_turnover"", ""edge_GES__asset_liabilities__roe"", ""edge_GES__debt_ratio2__capitalization_ratio"", ""edge_GES__roa__totaldebt_invcap"", ""edge_GES__debt_ratio2__roa"", ""edge_GES__debt_ebitda__roa"", ""edge_GES__debt_ratio2__totaldebt_invcap"", ""edge_GES__asset_turnover__totaldebt_invcap"", ""edge_GES__debt_ebitda__roe"", ""edge_GES__asset_turnover__rect_turn"", ""totaldebt_invcap"", ""edge_GES__debt_ratio__capitalization_ratio"", ""leverage_ratio"", ""edge_GES__roa__roe"", ""edge_GES__debt_ratio2__debt_ratio"", ""edge_GES__debt_ratio2__asset_liabilities"", ""edge_GES__asset_turnover__roe"", ""edge_GES__cash_debt__longtermdebt_invcap"", ""asset_turnover"", ""edge_GES__debt_ratio__rect_turn"", ""edge_GES__debt_ratio__roe"", ""debt_ebitda"", ""edge_GES__cash_debt__debt_ratio2""]"
5ddc2aa3bbd3e06f,OFR,GES,40,1,40101,40,"[""edge_GES__debt_ratio__capitalization_ratio"", ""edge_GES__roa__roe"", ""edge_GES__cash_debt__longtermdebt_invcap"", ""edge_GES__debt_ratio2__debt_ratio"", ""edge_GES__roa__leverage_ratio"", ""edge_GES__roa__totaldebt_invcap"", ""edge_GES__cash_debt__asset_liabilities"", ""edge_GES__cash_debt__totaldebt_invcap"", ""edge_GES__debt_ratio2__leverage_ratio"", ""edge_GES__debt_ratio2__asset_liabilities"", ""edge_GES__debt_ebitda__roe"", ""roe"", ""debt_ratio2"", ""debt_ebitda"", ""edge_GES__debt_ebitda__debt_ratio2"", ""roa"", ""edge_GES__asset_turnover__roe"", ""asset_turnover"", ""edge_GES__debt_ratio2__totaldebt_invcap"", ""debt_ratio"", ""edge_GES__debt_ratio__roe"", ""cash_debt"", ""edge_GES__cash_debt__debt_ratio2"", ""edge_GES__debt_ebitda__roa"", ""edge_GES__asset_liabilities__roe"", ""capitalization_ratio"", ""edge_GES__asset_liabilities__rect_turn"", ""edge_GES__asset_liabilities__leverage_ratio"", ""edge_GES__cash_debt__debt_ratio"", ""asset_liabilities"", ""edge_GES__debt_ratio2__roa"", ""totaldebt_invcap"", ""edge_GES__asset_liabilities__debt_ratio"", ""edge_GES__debt_ratio2__capitalization_ratio"", ""edge_GES__roa__asset_turnover"", ""edge_GES__debt_ratio__rect_turn"", ""leverage_ratio"", ""edge_GES__asset_turnover__rect_turn"", ""edge_GES__debt_ratio2__longtermdebt_invcap"", ""edge_GES__debt_ratio__roa""]"
0f5db1389b71b2eb,OFR,GES,40,2,40102,40,"[""debt_ratio2"", ""roa"", ""edge_GES__cash_debt__debt_ratio"", ""edge_GES__debt_ebitda__roe"", ""edge_GES__cash_debt__totaldebt_invcap"", ""edge_GES__roa__leverage_ratio"", ""edge_GES__debt_ratio__rect_turn"", ""roe"", ""edge_GES__debt_ratio__capitalization_ratio"", ""edge_GES__asset_turnover__roe"", ""edge_GES__asset_turnover__totaldebt_invcap"", ""debt_ratio"", ""edge_GES__asset_liabilities__rect_turn"", ""edge_GES__debt_ratio2__leverage_ratio"", ""edge_GES__debt_ratio2__longtermdebt_invcap"", ""edge_GES__debt_ratio2__capitalization_ratio"", ""edge_GES__asset_liabilities__roe"", ""leverage_ratio"", ""edge_GES__debt_ratio__roa"", ""edge_GES__debt_ratio2__totaldebt_invcap"", ""edge_GES__debt_ratio2__debt_ratio"", ""edge_GES__debt_ratio__roe"", ""asset_liabilities"", ""edge_GES__debt_ratio2__asset_liabilities"", ""asset_turnover"", ""edge_GES__debt_ratio__leverage_ratio"", ""edge_GES__asset_turnover__capitalization_ratio"", ""debt_ebitda"", ""edge_GES__asset_turnover__rect_turn"", ""edge_GES__roa__totaldebt_invcap"", ""edge_GES__cash_debt__rect_turn"", ""capitalization_ratio"", ""edge_GES__asset_liabilities__debt_ratio"", ""rect_turn"", ""edge_GES__cash_debt__longtermdebt_invcap"", ""edge_GES__roa__asset_turnover"", ""edge_GES__cash_debt__debt_ratio2"", ""totaldebt_invcap"", ""edge_GES__roa__rect_turn"", ""edge_GES__debt_ratio2__roa""]"
7d3eeee40eaa9f00,OFR,GES,40,3,40103,40,"[""rect_turn"", ""edge_GES__asset_liabilities__rect_turn"", ""debt_ratio2"", ""debt_ebitda"", ""debt_ratio"", ""edge_GES__roa__asset_turnover"", ""asset_turnover"", ""edge_GES__roa__rect_turn"", ""edge_GES__debt_ebitda__debt_ratio2"", ""edge_GES__debt_ratio2__longtermdebt_invcap"", ""edge_GES__debt_ratio__roa"", ""edge_GES__debt_ratio2__leverage_ratio"", ""edge_GES__debt_ratio2__capitalization_ratio"", ""edge_GES__asset_turnover__rect_turn"", ""capitalization_ratio"", ""edge_GES__cash_debt__asset_liabilities"", ""edge_GES__cash_debt__longtermdebt_invcap"", ""edge_GES__cash_debt__totaldebt_invcap"", ""roa"", ""edge_GES__asset_liabilities__roe"", ""edge_GES__asset_turnover__totaldebt_invcap"", ""edge_GES__cash_debt__debt_ratio"", ""edge_GES__roa__totaldebt_invcap"", ""edge_GES__asset_liabilities__debt_ratio"", ""edge_GES__debt_ratio2__roa"", ""edge_GES__debt_ebitda__roe"", ""edge_GES__debt_ratio2__debt_ratio"", ""edge_GES__asset_turnover__roe"", ""longtermdebt_invcap"", ""edge_GES__roa__roe"", ""edge_GES__cash_debt__rect_turn"", ""asset_liabilities"", ""edge_GES__debt_ratio__roe"", ""edge_GES__debt_ratio2__totaldebt_invcap"", ""edge_GES__debt_ebitda__roa"", ""edge_GES__debt_ratio__leverage_ratio"", ""edge_GES__debt_ratio2__asset_liabilities"", ""totaldebt_invcap"", ""edge_GES__debt_ratio__capitalization_ratio"", ""leverage_ratio""]"
d0be91a57b6610a7,OFR,GES,40,4,40104,40,"[""edge_GES__roa__roe"", ""edge_GES__debt_ratio2__longtermdebt_invcap"", ""edge_GES__asset_turnover__capitalization_ratio"", ""edge_GES__roa__asset_turnover"", ""debt_ratio2"", ""leverage_ratio"", ""cash_debt"", ""edge_GES__roa__rect_turn"", ""asset_liabilities"", ""edge_GES__roa__leverage_ratio"", ""edge_GES__asset_liabilities__leverage_ratio"", ""edge_GES__debt_ratio__roe"", ""longtermdebt_invcap"", ""edge_GES__debt_ratio2__totaldebt_invcap"", ""capitalization_ratio"", ""edge_GES__asset_turnover__rect_turn"", ""edge_GES__asset_liabilities__debt_ratio"", ""edge_GES__debt_ratio2__leverage_ratio"", ""edge_GES__cash_debt__debt_ratio2"", ""edge_GES__asset_turnover__leverage_ratio"", ""edge_GES__cash_debt__rect_turn"", ""edge_GES__debt_ratio__leverage_ratio"", ""edge_GES__debt_ratio2__debt_ratio"", ""edge_GES__asset_turnover__roe"", ""roe"", ""edge_GES__debt_ebitda__roa"", ""edge_GES__asset_liabilities__rect_turn"", ""edge_GES__debt_ratio2__roa"", ""edge_GES__debt_ebitda__roe"", ""debt_ebitda"", ""totaldebt_invcap"", ""edge_GES__roa__totaldebt_invcap"", ""edge_GES__debt_ratio2__capitalization_ratio"", ""roa"", ""edge_GES__debt_ebitda__debt_ratio2"", ""asset_turnover"", ""debt_ratio"", ""edge_GES__debt_ratio__capitalization_ratio"", ""edge_GES__cash_debt__debt_ratio"", ""edge_GES__debt_ratio__rect_turn""]"
8cc2d7463e937e63,OFR,GES,ALL,0,48100,48,"[""edge_GES__asset_liabilities__debt_ratio"", ""edge_GES__asset_turnover__capitalization_ratio"", ""edge_GES__asset_turnover__leverage_ratio"", ""edge_GES__debt_ratio2__capitalization_ratio"", ""edge_GES__asset_liabilities__rect_turn"", ""edge_GES__cash_debt__asset_liabilities"", ""totaldebt_invcap"", ""rect_turn"", ""edge_GES__debt_ratio2__leverage_ratio"", ""edge_GES__debt_ratio__roa"", ""edge_GES__debt_ebitda__debt_ratio2"", ""edge_GES__asset_turnover__totaldebt_invcap"", ""edge_GES__asset_turnover__rect_turn"", ""edge_GES__debt_ratio2__longtermdebt_invcap"", ""edge_GES__debt_ratio2__totaldebt_invcap"", ""longtermdebt_invcap"", ""edge_GES__roa__rect_turn"", ""roa"", ""edge_GES__roa__totaldebt_invcap"", ""edge_GES__cash_debt__rect_turn"", ""edge_GES__cash_debt__debt_ratio"", ""capitalization_ratio"", ""leverage_ratio"", ""debt_ratio2"", ""edge_GES__roa__roe"", ""edge_GES__cash_debt__totaldebt_invcap"", ""edge_GES__debt_ratio__rect_turn"", ""edge_GES__debt_ratio__roe"", ""edge_GES__debt_ratio__leverage_ratio"", ""edge_GES__asset_turnover__roe"", ""edge_GES__cash_debt__debt_ratio2"", ""debt_ratio"", ""asset_liabilities"", ""edge_GES__roa__asset_turnover"", ""roe"", ""edge_GES__debt_ebitda__roe"", ""cash_debt"", ""edge_GES__debt_ratio__capitalization_ratio"", ""edge_GES__debt_ratio2__debt_ratio"", ""asset_turnover"", ""edge_GES__asset_liabilities__leverage_ratio"", ""edge_GES__debt_ratio2__roa"", ""edge_GES__cash_debt__longtermdebt_invcap"", ""edge_GES__debt_ratio2__asset_liabilities"", ""edge_GES__asset_liabilities__roe"", ""edge_GES__debt_ebitda__roa"", ""debt_ebitda"", ""edge_GES__roa__leverage_ratio""]"
1f79efc20eaabe39,OFR,GES,ALL,1,48101,48,"[""edge_GES__asset_turnover__rect_turn"", ""edge_GES__debt_ratio2__leverage_ratio"", ""rect_turn"", ""leverage_ratio"", ""edge_GES__debt_ratio__rect_turn"", ""asset_liabilities"", ""totaldebt_invcap"", ""edge_GES__cash_debt__longtermdebt_invcap"", ""edge_GES__roa__rect_turn"", ""roa"", ""edge_GES__debt_ratio2__totaldebt_invcap"", ""edge_GES__asset_liabilities__rect_turn"", ""edge_GES__debt_ratio2__asset_liabilities"", ""debt_ebitda"", ""edge_GES__debt_ratio__capitalization_ratio"", ""edge_GES__debt_ratio2__debt_ratio"", ""edge_GES__debt_ebitda__debt_ratio2"", ""edge_GES__debt_ebitda__roe"", ""edge_GES__asset_liabilities__debt_ratio"", ""debt_ratio"", ""edge_GES__cash_debt__asset_liabilities"", ""edge_GES__cash_debt__debt_ratio"", ""longtermdebt_invcap"", ""edge_GES__debt_ratio2__longtermdebt_invcap"", ""cash_debt"", ""edge_GES__cash_debt__totaldebt_invcap"", ""roe"", ""edge_GES__debt_ebitda__roa"", ""edge_GES__asset_turnover__leverage_ratio"", ""edge_GES__debt_ratio__roa"", ""edge_GES__roa__leverage_ratio"", ""edge_GES__asset_liabilities__roe"", ""debt_ratio2"", ""asset_turnover"", ""edge_GES__cash_debt__rect_turn"", ""edge_GES__cash_debt__debt_ratio2"", ""edge_GES__asset_turnover__totaldebt_invcap"", ""edge_GES__debt_ratio2__capitalization_ratio"", ""edge_GES__debt_ratio__roe"", ""edge_GES__debt_ratio__leverage_ratio"", ""edge_GES__roa__asset_turnover"", ""capitalization_ratio"", ""edge_GES__asset_turnover__capitalization_ratio"", ""edge_GES__roa__roe"", ""edge_GES__asset_liabilities__leverage_ratio"", ""edge_GES__debt_ratio2__roa"", ""edge_GES__asset_turnover__roe"", ""edge_GES__roa__totaldebt_invcap""]"
dd0186cb66168124,OFR,GES,ALL,2,48102,48,"[""edge_GES__roa__totaldebt_invcap"", ""edge_GES__roa__rect_turn"", ""edge_GES__debt_ratio2__asset_liabilities"", ""edge_GES__debt_ebitda__roe"", ""edge_GES__asset_liabilities__leverage_ratio"", ""edge_GES__debt_ratio2__longtermdebt_invcap"", ""rect_turn"", ""edge_GES__asset_turnover__roe"", ""edge_GES__cash_debt__totaldebt_invcap"", ""edge_GES__debt_ratio__rect_turn"", ""edge_GES__debt_ratio2__leverage_ratio"", ""edge_GES__debt_ratio2__roa"", ""edge_GES__roa__leverage_ratio"", ""roe"", ""edge_GES__cash_debt__longtermdebt_invcap"", ""edge_GES__debt_ratio__roa"", ""longtermdebt_invcap"", ""edge_GES__asset_turnover__leverage_ratio"", ""edge_GES__debt_ebitda__debt_ratio2"", ""leverage_ratio"", ""edge_GES__debt_ratio__roe"", ""edge_GES__debt_ratio2__debt_ratio"", ""edge_GES__asset_liabilities__roe"", ""roa"", ""edge_GES__roa__asset_turnover"", ""edge_GES__debt_ebitda__roa"", ""edge_GES__debt_ratio__capitalization_ratio"", ""totaldebt_invcap"", ""cash_debt"", ""edge_GES__asset_turnover__rect_turn"", ""debt_ebitda"", ""edge_GES__asset_turnover__totaldebt_invcap"", ""edge_GES__cash_debt__debt_ratio2"", ""asset_turnover"", ""debt_ratio"", ""edge_GES__roa__roe"", ""edge_GES__debt_ratio__leverage_ratio"", ""asset_liabilities"", ""edge_GES__asset_liabilities__rect_turn"", ""edge_GES__debt_ratio2__capitalization_ratio"", ""edge_GES__asset_turnover__capitalization_ratio"", ""edge_GES__cash_debt__asset_liabilities"", ""edge_GES__cash_debt__rect_turn"", ""debt_ratio2"", ""edge_GES__asset_liabilities__debt_ratio"", ""edge_GES__cash_debt__debt_ratio"", ""capitalization_ratio"", ""edge_GES__debt_ratio2__totaldebt_invcap""]"
475fa32917e332f4,OFR,GES,ALL,3,48103,48,"[""debt_ebitda"", ""debt_ratio"", ""edge_GES__asset_turnover__rect_turn"", ""edge_GES__asset_liabilities__roe"", ""edge_GES__debt_ratio2__longtermdebt_invcap"", ""edge_GES__debt_ebitda__roa"", ""edge_GES__cash_debt__debt_ratio2"", ""longtermdebt_invcap"", ""edge_GES__roa__roe"", ""roe"", ""edge_GES__debt_ratio__leverage_ratio"", ""edge_GES__roa__rect_turn"", ""leverage_ratio"", ""edge_GES__asset_liabilities__rect_turn"", ""edge_GES__asset_turnover__roe"", ""edge_GES__debt_ratio2__capitalization_ratio"", ""edge_GES__roa__totaldebt_invcap"", ""edge_GES__debt_ratio2__roa"", ""debt_ratio2"", ""edge_GES__cash_debt__longtermdebt_invcap"", ""asset_turnover"", ""edge_GES__cash_debt__rect_turn"", ""totaldebt_invcap"", ""edge_GES__debt_ebitda__roe"", ""edge_GES__asset_turnover__totaldebt_invcap"", ""edge_GES__debt_ratio__rect_turn"", ""edge_GES__debt_ratio2__totaldebt_invcap"", ""edge_GES__asset_liabilities__leverage_ratio"", ""edge_GES__roa__asset_turnover"", ""edge_GES__debt_ratio__capitalization_ratio"", ""edge_GES__debt_ratio2__leverage_ratio"", ""edge_GES__cash_debt__totaldebt_invcap"", ""roa"", ""edge_GES__roa__leverage_ratio"", ""edge_GES__cash_debt__debt_ratio"", ""edge_GES__asset_turnover__leverage_ratio"", ""cash_debt"", ""asset_liabilities"", ""edge_GES__debt_ebitda__debt_ratio2"", ""edge_GES__asset_liabilities__debt_ratio"", ""edge_GES__debt_ratio__roa"", ""edge_GES__asset_turnover__capitalization_ratio"", ""edge_GES__debt_ratio2__debt_ratio"", ""edge_GES__debt_ratio__roe"", ""edge_GES__cash_debt__asset_liabilities"", ""edge_GES__debt_ratio2__asset_liabilities"", ""rect_turn"", ""capitalization_ratio""]"
79aeb09b9cfa1dcf,OFR,GES,ALL,4,48104,48,"[""edge_GES__cash_debt__asset_liabilities"", ""debt_ratio"", ""roa"", ""edge_GES__debt_ratio__capitalization_ratio"", ""edge_GES__debt_ebitda__roa"", ""edge_GES__asset_turnover__roe"", ""edge_GES__asset_liabilities__roe"", ""asset_turnover"", ""edge_GES__roa__roe"", ""edge_GES__debt_ratio2__leverage_ratio"", ""edge_GES__debt_ebitda__roe"", ""edge_GES__asset_turnover__rect_turn"", ""leverage_ratio"", ""edge_GES__roa__rect_turn"", ""edge_GES__asset_turnover__totaldebt_invcap"", ""longtermdebt_invcap"", ""rect_turn"", ""edge_GES__debt_ratio__leverage_ratio"", ""edge_GES__asset_turnover__leverage_ratio"", ""debt_ratio2"", ""edge_GES__cash_debt__totaldebt_invcap"", ""edge_GES__cash_debt__debt_ratio"", ""edge_GES__debt_ratio__roe"", ""edge_GES__asset_liabilities__leverage_ratio"", ""edge_GES__cash_debt__longtermdebt_invcap"", ""edge_GES__debt_ratio__rect_turn"", ""edge_GES__debt_ratio2__totaldebt_invcap"", ""edge_GES__debt_ratio2__debt_ratio"", ""cash_debt"", ""edge_GES__asset_liabilities__debt_ratio"", ""capitalization_ratio"", ""debt_ebitda"", ""edge_GES__debt_ratio2__capitalization_ratio"", ""roe"", ""totaldebt_invcap"", ""edge_GES__debt_ratio__roa"", ""edge_GES__debt_ratio2__roa"", ""edge_GES__debt_ratio2__longtermdebt_invcap"", ""edge_GES__asset_turnover__capitalization_ratio"", ""edge_GES__roa__totaldebt_invcap"", ""edge_GES__debt_ratio2__asset_liabilities"", ""edge_GES__cash_debt__debt_ratio2"", ""edge_GES__cash_debt__rect_turn"", ""edge_GES__asset_liabilities__rect_turn"", ""asset_liabilities"", ""edge_GES__roa__leverage_ratio"", ""edge_GES__roa__asset_turnover"", ""edge_GES__debt_ebitda__debt_ratio2""]"
5d44aec594d57af8,F,GOLEM,1,,,1,"[""edge_GOLEM__debt_ratio__asset_liabilities""]"
1764f1430f80689c,OF,GOLEM,1,,,14,"[""leverage_ratio"", ""asset_liabilities"", ""roe"", ""asset_turnover"", ""debt_ratio"", ""debt_ratio2"", ""roa"", ""capitalization_ratio"", ""longtermdebt_invcap"", ""totaldebt_invcap"", ""cash_debt"", ""debt_ebitda"", ""rect_turn"", ""edge_GOLEM__debt_ratio__asset_liabilities""]"
140b79aa06813104,F,GOLEM,2,,,2,"[""edge_GOLEM__debt_ratio__asset_liabilities"", ""edge_GOLEM__debt_ratio__rect_turn""]"
a6c4d708f5adb6d5,OF,GOLEM,2,,,15,"[""leverage_ratio"", ""asset_liabilities"", ""roe"", ""asset_turnover"", ""debt_ratio"", ""debt_ratio2"", ""roa"", ""capitalization_ratio"", ""longtermdebt_invcap"", ""totaldebt_invcap"", ""cash_debt"", ""debt_ebitda"", ""rect_turn"", ""edge_GOLEM__debt_ratio__asset_liabilities"", ""edge_GOLEM__debt_ratio__rect_turn""]"
5932bb55e9f26353,F,GOLEM,3,,,3,"[""edge_GOLEM__debt_ratio__asset_liabilities"", ""edge_GOLEM__debt_ratio__rect_turn"", ""edge_GOLEM__roa__asset_turnover""]"
72486b97342b5a81,OF,GOLEM,3,,,16,"[""leverage_ratio"", ""asset_liabilities"", ""roe"", ""asset_turnover"", ""debt_ratio"", ""debt_ratio2"", ""roa"", ""capitalization_ratio"", ""longtermdebt_invcap"", ""totaldebt_invcap"", ""cash_debt"", ""debt_ebitda"", ""rect_turn"", ""edge_GOLEM__debt_ratio__asset_liabilities"", ""edge_GOLEM__debt_ratio__rect_turn"", ""edge_GOLEM__roa__asset_turnover""]"
fe6d7575b1d442f2,F,GOLEM,4,,,4,"[""edge_GOLEM__debt_ratio__asset_liabilities"", ""edge_GOLEM__debt_ratio__rect_turn"", ""edge_GOLEM__roa__asset_turnover"", ""edge_GOLEM__roa__rect_turn""]"
283d566f7c427ce1,OF,GOLEM,4,,,17,"[""leverage_ratio"", ""asset_liabilities"", ""roe"", ""asset_turnover"", ""debt_ratio"", ""debt_ratio2"", ""roa"", ""capitalization_ratio"", ""longtermdebt_invcap"", ""totaldebt_invcap"", ""cash_debt"", ""debt_ebitda"", ""rect_turn"", ""edge_GOLEM__debt_ratio__asset_liabilities"", ""edge_GOLEM__debt_ratio__rect_turn"", ""edge_GOLEM__roa__asset_turnover"", ""edge_GOLEM__roa__rect_turn""]"
d91dafb8999ed110,F,GOLEM,5,,,5,"[""edge_GOLEM__debt_ratio__asset_liabilities"", ""edge_GOLEM__debt_ratio__rect_turn"", ""edge_GOLEM__roa__asset_turnover"", ""edge_GOLEM__roa__rect_turn"", ""edge_GOLEM__rect_turn__asset_turnover""]"
648fe30c933c651d,OF,GOLEM,5,,,18,"[""leverage_ratio"", ""asset_liabilities"", ""roe"", ""asset_turnover"", ""debt_ratio"", ""debt_ratio2"", ""roa"", ""capitalization_ratio"", ""longtermdebt_invcap"", ""totaldebt_invcap"", ""cash_debt"", ""debt_ebitda"", ""rect_turn"", ""edge_GOLEM__debt_ratio__asset_liabilities"", ""edge_GOLEM__debt_ratio__rect_turn"", ""edge_GOLEM__roa__asset_turnover"", ""edge_GOLEM__roa__rect_turn"", ""edge_GOLEM__rect_turn__asset_turnover""]"
b5a36bb5b1ae7ab4,F,GOLEM,6,,,6,"[""edge_GOLEM__debt_ratio__asset_liabilities"", ""edge_GOLEM__debt_ratio__rect_turn"", ""edge_GOLEM__roa__asset_turnover"", ""edge_GOLEM__roa__rect_turn"", ""edge_GOLEM__rect_turn__asset_turnover"", ""edge_GOLEM__roa__roe""]"
47ac225f8366a49b,OF,GOLEM,6,,,19,"[""leverage_ratio"", ""asset_liabilities"", ""roe"", ""asset_turnover"", ""debt_ratio"", ""debt_ratio2"", ""roa"", ""capitalization_ratio"", ""longtermdebt_invcap"", ""totaldebt_invcap"", ""cash_debt"", ""debt_ebitda"", ""rect_turn"", ""edge_GOLEM__debt_ratio__asset_liabilities"", ""edge_GOLEM__debt_ratio__rect_turn"", ""edge_GOLEM__roa__asset_turnover"", ""edge_GOLEM__roa__rect_turn"", ""edge_GOLEM__rect_turn__asset_turnover"", ""edge_GOLEM__roa__roe""]"
6e8b26da04cb79b4,F,GOLEM,7,,,7,"[""edge_GOLEM__debt_ratio__asset_liabilities"", ""edge_GOLEM__debt_ratio__rect_turn"", ""edge_GOLEM__roa__asset_turnover"", ""edge_GOLEM__roa__rect_turn"", ""edge_GOLEM__rect_turn__asset_turnover"", ""edge_GOLEM__roa__roe"", ""edge_GOLEM__rect_turn__asset_liabilities""]"
8df3c6eaed0221da,OF,GOLEM,7,,,20,"[""leverage_ratio"", ""asset_liabilities"", ""roe"", ""asset_turnover"", ""debt_ratio"", ""debt_ratio2"", ""roa"", ""capitalization_ratio"", ""longtermdebt_invcap"", ""totaldebt_invcap"", ""cash_debt"", ""debt_ebitda"", ""rect_turn"", ""edge_GOLEM__debt_ratio__asset_liabilities"", ""edge_GOLEM__debt_ratio__rect_turn"", ""edge_GOLEM__roa__asset_turnover"", ""edge_GOLEM__roa__rect_turn"", ""edge_GOLEM__rect_turn__asset_turnover"", ""edge_GOLEM__roa__roe"", ""edge_GOLEM__rect_turn__asset_liabilities""]"
688de5612780ce0a,F,GOLEM,8,,,8,"[""edge_GOLEM__debt_ratio__asset_liabilities"", ""edge_GOLEM__debt_ratio__rect_turn"", ""edge_GOLEM__roa__asset_turnover"", ""edge_GOLEM__roa__rect_turn"", ""edge_GOLEM__rect_turn__asset_turnover"", ""edge_GOLEM__roa__roe"", ""edge_GOLEM__rect_turn__asset_liabilities"", ""edge_GOLEM__debt_ratio__leverage_ratio""]"
ec85353a21c9d2f4,OF,GOLEM,8,,,21,"[""leverage_ratio"", ""asset_liabilities"", ""roe"", ""asset_turnover"", ""debt_ratio"", ""debt_ratio2"", ""roa"", ""capitalization_ratio"", ""longtermdebt_invcap"", ""totaldebt_invcap"", ""cash_debt"", ""debt_ebitda"", ""rect_turn"", ""edge_GOLEM__debt_ratio__asset_liabilities"", ""edge_GOLEM__debt_ratio__rect_turn"", ""edge_GOLEM__roa__asset_turnover"", ""edge_GOLEM__roa__rect_turn"", ""edge_GOLEM__rect_turn__asset_turnover"", ""edge_GOLEM__roa__roe"", ""edge_GOLEM__rect_turn__asset_liabilities"", ""edge_GOLEM__debt_ratio__leverage_ratio""]"
0dab5d0cf7d47bc3,F,GOLEM,9,,,9,"[""edge_GOLEM__debt_ratio__asset_liabilities"", ""edge_GOLEM__debt_ratio__rect_turn"", ""edge_GOLEM__roa__asset_turnover"", ""edge_GOLEM__roa__rect_turn"", ""edge_GOLEM__rect_turn__asset_turnover"", ""edge_GOLEM__roa__roe"", ""edge_GOLEM__rect_turn__asset_liabilities"", ""edge_GOLEM__debt_ratio__leverage_ratio"", ""edge_GOLEM__debt_ratio2__totaldebt_invcap""]"
0c4c0616521c3b2a,OF,GOLEM,9,,,22,"[""leverage_ratio"", ""asset_liabilities"", ""roe"", ""asset_turnover"", ""debt_ratio"", ""debt_ratio2"", ""roa"", ""capitalization_ratio"", ""longtermdebt_invcap"", ""totaldebt_invcap"", ""cash_debt"", ""debt_ebitda"", ""rect_turn"", ""edge_GOLEM__debt_ratio__asset_liabilities"", ""edge_GOLEM__debt_ratio__rect_turn"", ""edge_GOLEM__roa__asset_turnover"", ""edge_GOLEM__roa__rect_turn"", ""edge_GOLEM__rect_turn__asset_turnover"", ""edge_GOLEM__roa__roe"", ""edge_GOLEM__rect_turn__asset_liabilities"", ""edge_GOLEM__debt_ratio__leverage_ratio"", ""edge_GOLEM__debt_ratio2__totaldebt_invcap""]"
7f59bd501c3dbaab,F,GOLEM,10,,,10,"[""edge_GOLEM__debt_ratio__asset_liabilities"", ""edge_GOLEM__debt_ratio__rect_turn"", ""edge_GOLEM__roa__asset_turnover"", ""edge_GOLEM__roa__rect_turn"", ""edge_GOLEM__rect_turn__asset_turnover"", ""edge_GOLEM__roa__roe"", ""edge_GOLEM__rect_turn__asset_liabilities"", ""edge_GOLEM__debt_ratio__leverage_ratio"", ""edge_GOLEM__debt_ratio2__totaldebt_invcap"", ""edge_GOLEM__capitalization_ratio__longtermdebt_invcap""]"
7d9a63074f68ccad,OF,GOLEM,10,,,23,"[""leverage_ratio"", ""asset_liabilities"", ""roe"", ""asset_turnover"", ""debt_ratio"", ""debt_ratio2"", ""roa"", ""capitalization_ratio"", ""longtermdebt_invcap"", ""totaldebt_invcap"", ""cash_debt"", ""debt_ebitda"", ""rect_turn"", ""edge_GOLEM__debt_ratio__asset_liabilities"", ""edge_GOLEM__debt_ratio__rect_turn"", ""edge_GOLEM__roa__asset_turnover"", ""edge_GOLEM__roa__rect_turn"", ""edge_GOLEM__rect_turn__asset_turnover"", ""edge_GOLEM__roa__roe"", ""edge_GOLEM__rect_turn__asset_liabilities"", ""edge_GOLEM__debt_ratio__leverage_ratio"", ""edge_GOLEM__debt_ratio2__totaldebt_invcap"", ""edge_GOLEM__capitalization_ratio__longtermdebt_invcap""]"
0511ae592ab833b7,F,GOLEM,11,,,11,"[""edge_GOLEM__debt_ratio__asset_liabilities"", ""edge_GOLEM__debt_ratio__rect_turn"", ""edge_GOLEM__roa__asset_turnover"", ""edge_GOLEM__roa__rect_turn"", ""edge_GOLEM__rect_turn__asset_turnover"", ""edge_GOLEM__roa__roe"", ""edge_GOLEM__rect_turn__asset_liabilities"", ""edge_GOLEM__debt_ratio__leverage_ratio"", ""edge_GOLEM__debt_ratio2__totaldebt_invcap"", ""edge_GOLEM__capitalization_ratio__longtermdebt_invcap"", ""edge_GOLEM__debt_ratio2__capitalization_ratio""]"
18138564e117358f,OF,GOLEM,11,,,24,"[""leverage_ratio"", ""asset_liabilities"", ""roe"", ""asset_turnover"", ""debt_ratio"", ""debt_ratio2"", ""roa"", ""capitalization_ratio"", ""longtermdebt_invcap"", ""totaldebt_invcap"", ""cash_debt"", ""debt_ebitda"", ""rect_turn"", ""edge_GOLEM__debt_ratio__asset_liabilities"", ""edge_GOLEM__debt_ratio__rect_turn"", ""edge_GOLEM__roa__asset_turnover"", ""edge_GOLEM__roa__rect_turn"", ""edge_GOLEM__rect_turn__asset_turnover"", ""edge_GOLEM__roa__roe"", ""edge_GOLEM__rect_turn__asset_liabilities"", ""edge_GOLEM__debt_ratio__leverage_ratio"", ""edge_GOLEM__debt_ratio2__totaldebt_invcap"", ""edge_GOLEM__capitalization_ratio__longtermdebt_invcap"", ""edge_GOLEM__debt_ratio2__capitalization_ratio""]"
96fce1d1ba2fa699,F,GOLEM,12,,,12,"[""edge_GOLEM__debt_ratio__asset_liabilities"", ""edge_GOLEM__debt_ratio__rect_turn"", ""edge_GOLEM__roa__asset_turnover"", ""edge_GOLEM__roa__rect_turn"", ""edge_GOLEM__rect_turn__asset_turnover"", ""edge_GOLEM__roa__roe"", ""edge_GOLEM__rect_turn__asset_liabilities"", ""edge_GOLEM__debt_ratio__leverage_ratio"", ""edge_GOLEM__debt_ratio2__totaldebt_invcap"", ""edge_GOLEM__capitalization_ratio__longtermdebt_invcap"", ""edge_GOLEM__debt_ratio2__capitalization_ratio"", ""edge_GOLEM__capitalization_ratio__totaldebt_invcap""]"
215b222793dcdbfb,OF,GOLEM,12,,,25,"[""leverage_ratio"", ""asset_liabilities"", ""roe"", ""asset_turnover"", ""debt_ratio"", ""debt_ratio2"", ""roa"", ""capitalization_ratio"", ""longtermdebt_invcap"", ""totaldebt_invcap"", ""cash_debt"", ""debt_ebitda"", ""rect_turn"", ""edge_GOLEM__debt_ratio__asset_liabilities"", ""edge_GOLEM__debt_ratio__rect_turn"", ""edge_GOLEM__roa__asset_turnover"", ""edge_GOLEM__roa__rect_turn"", ""edge_GOLEM__rect_turn__asset_turnover"", ""edge_GOLEM__roa__roe"", ""edge_GOLEM__rect_turn__asset_liabilities"", ""edge_GOLEM__debt_ratio__leverage_ratio"", ""edge_GOLEM__debt_ratio2__totaldebt_invcap"", ""edge_GOLEM__capitalization_ratio__longtermdebt_invcap"", ""edge_GOLEM__debt_ratio2__capitalization_ratio"", ""edge_GOLEM__capitalization_ratio__totaldebt_invcap""]"
da2acca4fb88b2aa,F,GOLEM,13,,,13,"[""edge_GOLEM__debt_ratio__asset_liabilities"", ""edge_GOLEM__debt_ratio__rect_turn"", ""edge_GOLEM__roa__asset_turnover"", ""edge_GOLEM__roa__rect_turn"", ""edge_GOLEM__rect_turn__asset_turnover"", ""edge_GOLEM__roa__roe"", ""edge_GOLEM__rect_turn__asset_liabilities"", ""edge_GOLEM__debt_ratio__leverage_ratio"", ""edge_GOLEM__debt_ratio2__totaldebt_invcap"", ""edge_GOLEM__capitalization_ratio__longtermdebt_invcap"", ""edge_GOLEM__debt_ratio2__capitalization_ratio"", ""edge_GOLEM__capitalization_ratio__totaldebt_invcap"", ""edge_GOLEM__roa__debt_ratio""]"
472fc3f159d772f3,OF,GOLEM,13,,,26,"[""leverage_ratio"", ""asset_liabilities"", ""roe"", ""asset_turnover"", ""debt_ratio"", ""debt_ratio2"", ""roa"", ""capitalization_ratio"", ""longtermdebt_invcap"", ""totaldebt_invcap"", ""cash_debt"", ""debt_ebitda"", ""rect_turn"", ""edge_GOLEM__debt_ratio__asset_liabilities"", ""edge_GOLEM__debt_ratio__rect_turn"", ""edge_GOLEM__roa__asset_turnover"", ""edge_GOLEM__roa__rect_turn"", ""edge_GOLEM__rect_turn__asset_turnover"", ""edge_GOLEM__roa__roe"", ""edge_GOLEM__rect_turn__asset_liabilities"", ""edge_GOLEM__debt_ratio__leverage_ratio"", ""edge_GOLEM__debt_ratio2__totaldebt_invcap"", ""edge_GOLEM__capitalization_ratio__longtermdebt_invcap"", ""edge_GOLEM__debt_ratio2__capitalization_ratio"", ""edge_GOLEM__capitalization_ratio__totaldebt_invcap"", ""edge_GOLEM__roa__debt_ratio""]"
40021117058bf5f8,F,GOLEM,14,,,14,"[""edge_GOLEM__debt_ratio__asset_liabilities"", ""edge_GOLEM__debt_ratio__rect_turn"", ""edge_GOLEM__roa__asset_turnover"", ""edge_GOLEM__roa__rect_turn"", ""edge_GOLEM__rect_turn__asset_turnover"", ""edge_GOLEM__roa__roe"", ""edge_GOLEM__rect_turn__asset_liabilities"", ""edge_GOLEM__debt_ratio__leverage_ratio"", ""edge_GOLEM__debt_ratio2__totaldebt_invcap"", ""edge_GOLEM__capitalization_ratio__longtermdebt_invcap"", ""edge_GOLEM__debt_ratio2__capitalization_ratio"", ""edge_GOLEM__capitalization_ratio__totaldebt_invcap"", ""edge_GOLEM__roa__debt_ratio"", ""edge_GOLEM__leverage_ratio__totaldebt_invcap""]"
4bae1f31c7f9b591,OF,GOLEM,14,,,27,"[""leverage_ratio"", ""asset_liabilities"", ""roe"", ""asset_turnover"", ""debt_ratio"", ""debt_ratio2"", ""roa"", ""capitalization_ratio"", ""longtermdebt_invcap"", ""totaldebt_invcap"", ""cash_debt"", ""debt_ebitda"", ""rect_turn"", ""edge_GOLEM__debt_ratio__asset_liabilities"", ""edge_GOLEM__debt_ratio__rect_turn"", ""edge_GOLEM__roa__asset_turnover"", ""edge_GOLEM__roa__rect_turn"", ""edge_GOLEM__rect_turn__asset_turnover"", ""edge_GOLEM__roa__roe"", ""edge_GOLEM__rect_turn__asset_liabilities"", ""edge_GOLEM__debt_ratio__leverage_ratio"", ""edge_GOLEM__debt_ratio2__totaldebt_invcap"", ""edge_GOLEM__capitalization_ratio__longtermdebt_invcap"", ""edge_GOLEM__debt_ratio2__capitalization_ratio"", ""edge_GOLEM__capitalization_ratio__totaldebt_invcap"", ""edge_GOLEM__roa__debt_ratio"", ""edge_GOLEM__leverage_ratio__totaldebt_invcap""]"
06292a569571a05e,F,GOLEM,15,,,15,"[""edge_GOLEM__debt_ratio__asset_liabilities"", ""edge_GOLEM__debt_ratio__rect_turn"", ""edge_GOLEM__roa__asset_turnover"", ""edge_GOLEM__roa__rect_turn"", ""edge_GOLEM__rect_turn__asset_turnover"", ""edge_GOLEM__roa__roe"", ""edge_GOLEM__rect_turn__asset_liabilities"", ""edge_GOLEM__debt_ratio__leverage_ratio"", ""edge_GOLEM__debt_ratio2__totaldebt_invcap"", ""edge_GOLEM__capitalization_ratio__longtermdebt_invcap"", ""edge_GOLEM__debt_ratio2__capitalization_ratio"", ""edge_GOLEM__capitalization_ratio__totaldebt_invcap"", ""edge_GOLEM__roa__debt_ratio"", ""edge_GOLEM__leverage_ratio__totaldebt_invcap"", ""edge_GOLEM__longtermdebt_invcap__totaldebt_invcap""]"
6c0c6915847c8118,OF,GOLEM,15,,,28,"[""leverage_ratio"", ""asset_liabilities"", ""roe"", ""asset_turnover"", ""debt_ratio"", ""debt_ratio2"", ""roa"", ""capitalization_ratio"", ""longtermdebt_invcap"", ""totaldebt_invcap"", ""cash_debt"", ""debt_ebitda"", ""rect_turn"", ""edge_GOLEM__debt_ratio__asset_liabilities"", ""edge_GOLEM__debt_ratio__rect_turn"", ""edge_GOLEM__roa__asset_turnover"", ""edge_GOLEM__roa__rect_turn"", ""edge_GOLEM__rect_turn__asset_turnover"", ""edge_GOLEM__roa__roe"", ""edge_GOLEM__rect_turn__asset_liabilities"", ""edge_GOLEM__debt_ratio__leverage_ratio"", ""edge_GOLEM__debt_ratio2__totaldebt_invcap"", ""edge_GOLEM__capitalization_ratio__longtermdebt_invcap"", ""edge_GOLEM__debt_ratio2__capitalization_ratio"", ""edge_GOLEM__capitalization_ratio__totaldebt_invcap"", ""edge_GOLEM__roa__debt_ratio"", ""edge_GOLEM__leverage_ratio__totaldebt_invcap"", ""edge_GOLEM__longtermdebt_invcap__totaldebt_invcap""]"
b7b5c4109c72032c,F,GOLEM,16,,,16,"[""edge_GOLEM__debt_ratio__asset_liabilities"", ""edge_GOLEM__debt_ratio__rect_turn"", ""edge_GOLEM__roa__asset_turnover"", ""edge_GOLEM__roa__rect_turn"", ""edge_GOLEM__rect_turn__asset_turnover"", ""edge_GOLEM__roa__roe"", ""edge_GOLEM__rect_turn__asset_liabilities"", ""edge_GOLEM__debt_ratio__leverage_ratio"", ""edge_GOLEM__debt_ratio2__totaldebt_invcap"", ""edge_GOLEM__capitalization_ratio__longtermdebt_invcap"", ""edge_GOLEM__debt_ratio2__capitalization_ratio"", ""edge_GOLEM__capitalization_ratio__totaldebt_invcap"", ""edge_GOLEM__roa__debt_ratio"", ""edge_GOLEM__leverage_ratio__totaldebt_invcap"", ""edge_GOLEM__longtermdebt_invcap__totaldebt_invcap"", ""edge_GOLEM__debt_ratio2__debt_ebitda""]"
b3a50edf227de16f,OF,GOLEM,16,,,29,"[""leverage_ratio"", ""asset_liabilities"", ""roe"", ""asset_turnover"", ""debt_ratio"", ""debt_ratio2"", ""roa"", ""capitalization_ratio"", ""longtermdebt_invcap"", ""totaldebt_invcap"", ""cash_debt"", ""debt_ebitda"", ""rect_turn"", ""edge_GOLEM__debt_ratio__asset_liabilities"", ""edge_GOLEM__debt_ratio__rect_turn"", ""edge_GOLEM__roa__asset_turnover"", ""edge_GOLEM__roa__rect_turn"", ""edge_GOLEM__rect_turn__asset_turnover"", ""edge_GOLEM__roa__roe"", ""edge_GOLEM__rect_turn__asset_liabilities"", ""edge_GOLEM__debt_ratio__leverage_ratio"", ""edge_GOLEM__debt_ratio2__totaldebt_invcap"", ""edge_GOLEM__capitalization_ratio__longtermdebt_invcap"", ""edge_GOLEM__debt_ratio2__capitalization_ratio"", ""edge_GOLEM__capitalization_ratio__totaldebt_invcap"", ""edge_GOLEM__roa__debt_ratio"", ""edge_GOLEM__leverage_ratio__totaldebt_invcap"", ""edge_GOLEM__longtermdebt_invcap__totaldebt_invcap"", ""edge_GOLEM__debt_ratio2__debt_ebitda""]"
3a806dc9661ea3e8,F,GOLEM,17,,,17,"[""edge_GOLEM__debt_ratio__asset_liabilities"", ""edge_GOLEM__debt_ratio__rect_turn"", ""edge_GOLEM__roa__asset_turnover"", ""edge_GOLEM__roa__rect_turn"", ""edge_GOLEM__rect_turn__asset_turnover"", ""edge_GOLEM__roa__roe"", ""edge_GOLEM__rect_turn__asset_liabilities"", ""edge_GOLEM__debt_ratio__leverage_ratio"", ""edge_GOLEM__debt_ratio2__totaldebt_invcap"", ""edge_GOLEM__capitalization_ratio__longtermdebt_invcap"", ""edge_GOLEM__debt_ratio2__capitalization_ratio"", ""edge_GOLEM__capitalization_ratio__totaldebt_invcap"", ""edge_GOLEM__roa__debt_ratio"", ""edge_GOLEM__leverage_ratio__totaldebt_invcap"", ""edge_GOLEM__longtermdebt_invcap__totaldebt_invcap"", ""edge_GOLEM__debt_ratio2__debt_ebitda"", ""edge_GOLEM__debt_ratio2__rect_turn""]"
77593e6cf28cc0b7,OF,GOLEM,17,,,30,"[""leverage_ratio"", ""asset_liabilities"", ""roe"", ""asset_turnover"", ""debt_ratio"", ""debt_ratio2"", ""roa"", ""capitalization_ratio"", ""longtermdebt_invcap"", ""totaldebt_invcap"", ""cash_debt"", ""debt_ebitda"", ""rect_turn"", ""edge_GOLEM__debt_ratio__asset_liabilities"", ""edge_GOLEM__debt_ratio__rect_turn"", ""edge_GOLEM__roa__asset_turnover"", ""edge_GOLEM__roa__rect_turn"", ""edge_GOLEM__rect_turn__asset_turnover"", ""edge_GOLEM__roa__roe"", ""edge_GOLEM__rect_turn__asset_liabilities"", ""edge_GOLEM__debt_ratio__leverage_ratio"", ""edge_GOLEM__debt_ratio2__totaldebt_invcap"", ""edge_GOLEM__capitalization_ratio__longtermdebt_invcap"", ""edge_GOLEM__debt_ratio2__capitalization_ratio"", ""edge_GOLEM__capitalization_ratio__totaldebt_invcap"", ""edge_GOLEM__roa__debt_ratio"", ""edge_GOLEM__leverage_ratio__totaldebt_invcap"", ""edge_GOLEM__longtermdebt_invcap__totaldebt_invcap"", ""edge_GOLEM__debt_ratio2__debt_ebitda"", ""edge_GOLEM__debt_ratio2__rect_turn""]"
823207e695be1ff0,F,GOLEM,18,,,18,"[""edge_GOLEM__debt_ratio__asset_liabilities"", ""edge_GOLEM__debt_ratio__rect_turn"", ""edge_GOLEM__roa__asset_turnover"", ""edge_GOLEM__roa__rect_turn"", ""edge_GOLEM__rect_turn__asset_turnover"", ""edge_GOLEM__roa__roe"", ""edge_GOLEM__rect_turn__asset_liabilities"", ""edge_GOLEM__debt_ratio__leverage_ratio"", ""edge_GOLEM__debt_ratio2__totaldebt_invcap"", ""edge_GOLEM__capitalization_ratio__longtermdebt_invcap"", ""edge_GOLEM__debt_ratio2__capitalization_ratio"", ""edge_GOLEM__capitalization_ratio__totaldebt_invcap"", ""edge_GOLEM__roa__debt_ratio"", ""edge_GOLEM__leverage_ratio__totaldebt_invcap"", ""edge_GOLEM__longtermdebt_invcap__totaldebt_invcap"", ""edge_GOLEM__debt_ratio2__debt_ebitda"", ""edge_GOLEM__debt_ratio2__rect_turn"", ""edge_GOLEM__rect_turn__leverage_ratio""]"
aecda8e9d3172999,OF,GOLEM,18,,,31,"[""leverage_ratio"", ""asset_liabilities"", ""roe"", ""asset_turnover"", ""debt_ratio"", ""debt_ratio2"", ""roa"", ""capitalization_ratio"", ""longtermdebt_invcap"", ""totaldebt_invcap"", ""cash_debt"", ""debt_ebitda"", ""rect_turn"", ""edge_GOLEM__debt_ratio__asset_liabilities"", ""edge_GOLEM__debt_ratio__rect_turn"", ""edge_GOLEM__roa__asset_turnover"", ""edge_GOLEM__roa__rect_turn"", ""edge_GOLEM__rect_turn__asset_turnover"", ""edge_GOLEM__roa__roe"", ""edge_GOLEM__rect_turn__asset_liabilities"", ""edge_GOLEM__debt_ratio__leverage_ratio"", ""edge_GOLEM__debt_ratio2__totaldebt_invcap"", ""edge_GOLEM__capitalization_ratio__longtermdebt_invcap"", ""edge_GOLEM__debt_ratio2__capitalization_ratio"", ""edge_GOLEM__capitalization_ratio__totaldebt_invcap"", ""edge_GOLEM__roa__debt_ratio"", ""edge_GOLEM__leverage_ratio__totaldebt_invcap"", ""edge_GOLEM__longtermdebt_invcap__totaldebt_invcap"", ""edge_GOLEM__debt_ratio2__debt_ebitda"", ""edge_GOLEM__debt_ratio2__rect_turn"", ""edge_GOLEM__rect_turn__leverage_ratio""]"
1d74dd8a956d56e1,F,GOLEM,19,,,19,"[""edge_GOLEM__debt_ratio__asset_liabilities"", ""edge_GOLEM__debt_ratio__rect_turn"", ""edge_GOLEM__roa__asset_turnover"", ""edge_GOLEM__roa__rect_turn"", ""edge_GOLEM__rect_turn__asset_turnover"", ""edge_GOLEM__roa__roe"", ""edge_GOLEM__rect_turn__asset_liabilities"", ""edge_GOLEM__debt_ratio__leverage_ratio"", ""edge_GOLEM__debt_ratio2__totaldebt_invcap"", ""edge_GOLEM__capitalization_ratio__longtermdebt_invcap"", ""edge_GOLEM__debt_ratio2__capitalization_ratio"", ""edge_GOLEM__capitalization_ratio__totaldebt_invcap"", ""edge_GOLEM__roa__debt_ratio"", ""edge_GOLEM__leverage_ratio__totaldebt_invcap"", ""edge_GOLEM__longtermdebt_invcap__totaldebt_invcap"", ""edge_GOLEM__debt_ratio2__debt_ebitda"", ""edge_GOLEM__debt_ratio2__rect_turn"", ""edge_GOLEM__rect_turn__leverage_ratio"", ""edge_GOLEM__leverage_ratio__asset_liabilities""]"
d201257e9537b66f,OF,GOLEM,19,,,32,"[""leverage_ratio"", ""asset_liabilities"", ""roe"", ""asset_turnover"", ""debt_ratio"", ""debt_ratio2"", ""roa"", ""capitalization_ratio"", ""longtermdebt_invcap"", ""totaldebt_invcap"", ""cash_debt"", ""debt_ebitda"", ""rect_turn"", ""edge_GOLEM__debt_ratio__asset_liabilities"", ""edge_GOLEM__debt_ratio__rect_turn"", ""edge_GOLEM__roa__asset_turnover"", ""edge_GOLEM__roa__rect_turn"", ""edge_GOLEM__rect_turn__asset_turnover"", ""edge_GOLEM__roa__roe"", ""edge_GOLEM__rect_turn__asset_liabilities"", ""edge_GOLEM__debt_ratio__leverage_ratio"", ""edge_GOLEM__debt_ratio2__totaldebt_invcap"", ""edge_GOLEM__capitalization_ratio__longtermdebt_invcap"", ""edge_GOLEM__debt_ratio2__capitalization_ratio"", ""edge_GOLEM__capitalization_ratio__totaldebt_invcap"", ""edge_GOLEM__roa__debt_ratio"", ""edge_GOLEM__leverage_ratio__totaldebt_invcap"", ""edge_GOLEM__longtermdebt_invcap__totaldebt_invcap"", ""edge_GOLEM__debt_ratio2__debt_ebitda"", ""edge_GOLEM__debt_ratio2__rect_turn"", ""edge_GOLEM__rect_turn__leverage_ratio"", ""edge_GOLEM__leverage_ratio__asset_liabilities""]"
1049748cd586d498,F,GOLEM,20,,,20,"[""edge_GOLEM__debt_ratio__asset_liabilities"", ""edge_GOLEM__debt_ratio__rect_turn"", ""edge_GOLEM__roa__asset_turnover"", ""edge_GOLEM__roa__rect_turn"", ""edge_GOLEM__rect_turn__asset_turnover"", ""edge_GOLEM__roa__roe"", ""edge_GOLEM__rect_turn__asset_liabilities"", ""edge_GOLEM__debt_ratio__leverage_ratio"", ""edge_GOLEM__debt_ratio2__totaldebt_invcap"", ""edge_GOLEM__capitalization_ratio__longtermdebt_invcap"", ""edge_GOLEM__debt_ratio2__capitalization_ratio"", ""edge_GOLEM__capitalization_ratio__totaldebt_invcap"", ""edge_GOLEM__roa__debt_ratio"", ""edge_GOLEM__leverage_ratio__totaldebt_invcap"", ""edge_GOLEM__longtermdebt_invcap__totaldebt_invcap"", ""edge_GOLEM__debt_ratio2__debt_ebitda"", ""edge_GOLEM__debt_ratio2__rect_turn"", ""edge_GOLEM__rect_turn__leverage_ratio"", ""edge_GOLEM__leverage_ratio__asset_liabilities"", ""edge_GOLEM__debt_ratio2__roa""]"
00037b2451cb07a3,OF,GOLEM,20,,,33,"[""leverage_ratio"", ""asset_liabilities"", ""roe"", ""asset_turnover"", ""debt_ratio"", ""debt_ratio2"", ""roa"", ""capitalization_ratio"", ""longtermdebt_invcap"", ""totaldebt_invcap"", ""cash_debt"", ""debt_ebitda"", ""rect_turn"", ""edge_GOLEM__debt_ratio__asset_liabilities"", ""edge_GOLEM__debt_ratio__rect_turn"", ""edge_GOLEM__roa__asset_turnover"", ""edge_GOLEM__roa__rect_turn"", ""edge_GOLEM__rect_turn__asset_turnover"", ""edge_GOLEM__roa__roe"", ""edge_GOLEM__rect_turn__asset_liabilities"", ""edge_GOLEM__debt_ratio__leverage_ratio"", ""edge_GOLEM__debt_ratio2__totaldebt_invcap"", ""edge_GOLEM__capitalization_ratio__longtermdebt_invcap"", ""edge_GOLEM__debt_ratio2__capitalization_ratio"", ""edge_GOLEM__capitalization_ratio__totaldebt_invcap"", ""edge_GOLEM__roa__debt_ratio"", ""edge_GOLEM__leverage_ratio__totaldebt_invcap"", ""edge_GOLEM__longtermdebt_invcap__totaldebt_invcap"", ""edge_GOLEM__debt_ratio2__debt_ebitda"", ""edge_GOLEM__debt_ratio2__rect_turn"", ""edge_GOLEM__rect_turn__leverage_ratio"", ""edge_GOLEM__leverage_ratio__asset_liabilities"", ""edge_GOLEM__debt_ratio2__roa""]"
d9428be70001da5d,F,GOLEM,21,,,21,"[""edge_GOLEM__debt_ratio__asset_liabilities"", ""edge_GOLEM__debt_ratio__rect_turn"", ""edge_GOLEM__roa__asset_turnover"", ""edge_GOLEM__roa__rect_turn"", ""edge_GOLEM__rect_turn__asset_turnover"", ""edge_GOLEM__roa__roe"", ""edge_GOLEM__rect_turn__asset_liabilities"", ""edge_GOLEM__debt_ratio__leverage_ratio"", ""edge_GOLEM__debt_ratio2__totaldebt_invcap"", ""edge_GOLEM__capitalization_ratio__longtermdebt_invcap"", ""edge_GOLEM__debt_ratio2__capitalization_ratio"", ""edge_GOLEM__capitalization_ratio__totaldebt_invcap"", ""edge_GOLEM__roa__debt_ratio"", ""edge_GOLEM__leverage_ratio__totaldebt_invcap"", ""edge_GOLEM__longtermdebt_invcap__totaldebt_invcap"", ""edge_GOLEM__debt_ratio2__debt_ebitda"", ""edge_GOLEM__debt_ratio2__rect_turn"", ""edge_GOLEM__rect_turn__leverage_ratio"", ""edge_GOLEM__leverage_ratio__asset_liabilities"", ""edge_GOLEM__debt_ratio2__roa"", ""edge_GOLEM__leverage_ratio__asset_turnover""]"
5929e7ecaee6ba5d,OF,GOLEM,21,,,34,"[""leverage_ratio"", ""asset_liabilities"", ""roe"", ""asset_turnover"", ""debt_ratio"", ""debt_ratio2"", ""roa"", ""capitalization_ratio"", ""longtermdebt_invcap"", ""totaldebt_invcap"", ""cash_debt"", ""debt_ebitda"", ""rect_turn"", ""edge_GOLEM__debt_ratio__asset_liabilities"", ""edge_GOLEM__debt_ratio__rect_turn"", ""edge_GOLEM__roa__asset_turnover"", ""edge_GOLEM__roa__rect_turn"", ""edge_GOLEM__rect_turn__asset_turnover"", ""edge_GOLEM__roa__roe"", ""edge_GOLEM__rect_turn__asset_liabilities"", ""edge_GOLEM__debt_ratio__leverage_ratio"", ""edge_GOLEM__debt_ratio2__totaldebt_invcap"", ""edge_GOLEM__capitalization_ratio__longtermdebt_invcap"", ""edge_GOLEM__debt_ratio2__capitalization_ratio"", ""edge_GOLEM__capitalization_ratio__totaldebt_invcap"", ""edge_GOLEM__roa__debt_ratio"", ""edge_GOLEM__leverage_ratio__totaldebt_invcap"", ""edge_GOLEM__longtermdebt_invcap__totaldebt_invcap"", ""edge_GOLEM__debt_ratio2__debt_ebitda"", ""edge_GOLEM__debt_ratio2__rect_turn"", ""edge_GOLEM__rect_turn__leverage_ratio"", ""edge_GOLEM__leverage_ratio__asset_liabilities"", ""edge_GOLEM__debt_ratio2__roa"", ""edge_GOLEM__leverage_ratio__asset_turnover""]"
9147b30f4345a55a,F,GOLEM,22,,,22,"[""edge_GOLEM__debt_ratio__asset_liabilities"", ""edge_GOLEM__debt_ratio__rect_turn"", ""edge_GOLEM__roa__asset_turnover"", ""edge_GOLEM__roa__rect_turn"", ""edge_GOLEM__rect_turn__asset_turnover"", ""edge_GOLEM__roa__roe"", ""edge_GOLEM__rect_turn__asset_liabilities"", ""edge_GOLEM__debt_ratio__leverage_ratio"", ""edge_GOLEM__debt_ratio2__totaldebt_invcap"", ""edge_GOLEM__capitalization_ratio__longtermdebt_invcap"", ""edge_GOLEM__debt_ratio2__capitalization_ratio"", ""edge_GOLEM__capitalization_ratio__totaldebt_invcap"", ""edge_GOLEM__roa__debt_ratio"", ""edge_GOLEM__leverage_ratio__totaldebt_invcap"", ""edge_GOLEM__longtermdebt_invcap__totaldebt_invcap"", ""edge_GOLEM__debt_ratio2__debt_ebitda"", ""edge_GOLEM__debt_ratio2__rect_turn"", ""edge_GOLEM__rect_turn__leverage_ratio"", ""edge_GOLEM__leverage_ratio__asset_liabilities"", ""edge_GOLEM__debt_ratio2__roa"", ""edge_GOLEM__leverage_ratio__asset_turnover"", ""edge_GOLEM__roa__totaldebt_invcap""]"
b2b3bca1258ab915,OF,GOLEM,22,,,35,"[""leverage_ratio"", ""asset_liabilities"", ""roe"", ""asset_turnover"", ""debt_ratio"", ""debt_ratio2"", ""roa"", ""capitalization_ratio"", ""longtermdebt_invcap"", ""totaldebt_invcap"", ""cash_debt"", ""debt_ebitda"", ""rect_turn"", ""edge_GOLEM__debt_ratio__asset_liabilities"", ""edge_GOLEM__debt_ratio__rect_turn"", ""edge_GOLEM__roa__asset_turnover"", ""edge_GOLEM__roa__rect_turn"", ""edge_GOLEM__rect_turn__asset_turnover"", ""edge_GOLEM__roa__roe"", ""edge_GOLEM__rect_turn__asset_liabilities"", ""edge_GOLEM__debt_ratio__leverage_ratio"", ""edge_GOLEM__debt_ratio2__totaldebt_invcap"", ""edge_GOLEM__capitalization_ratio__longtermdebt_invcap"", ""edge_GOLEM__debt_ratio2__capitalization_ratio"", ""edge_GOLEM__capitalization_ratio__totaldebt_invcap"", ""edge_GOLEM__roa__debt_ratio"", ""edge_GOLEM__leverage_ratio__totaldebt_invcap"", ""edge_GOLEM__longtermdebt_invcap__totaldebt_invcap"", ""edge_GOLEM__debt_ratio2__debt_ebitda"", ""edge_GOLEM__debt_ratio2__rect_turn"", ""edge_GOLEM__rect_turn__leverage_ratio"", ""edge_GOLEM__leverage_ratio__asset_liabilities"", ""edge_GOLEM__debt_ratio2__roa"", ""edge_GOLEM__leverage_ratio__asset_turnover"", ""edge_GOLEM__roa__totaldebt_invcap""]"
d48478f1798435b8,F,GOLEM,23,,,23,"[""edge_GOLEM__debt_ratio__asset_liabilities"", ""edge_GOLEM__debt_ratio__rect_turn"", ""edge_GOLEM__roa__asset_turnover"", ""edge_GOLEM__roa__rect_turn"", ""edge_GOLEM__rect_turn__asset_turnover"", ""edge_GOLEM__roa__roe"", ""edge_GOLEM__rect_turn__asset_liabilities"", ""edge_GOLEM__debt_ratio__leverage_ratio"", ""edge_GOLEM__debt_ratio2__totaldebt_invcap"", ""edge_GOLEM__capitalization_ratio__longtermdebt_invcap"", ""edge_GOLEM__debt_ratio2__capitalization_ratio"", ""edge_GOLEM__capitalization_ratio__totaldebt_invcap"", ""edge_GOLEM__roa__debt_ratio"", ""edge_GOLEM__leverage_ratio__totaldebt_invcap"", ""edge_GOLEM__longtermdebt_invcap__totaldebt_invcap"", ""edge_GOLEM__debt_ratio2__debt_ebitda"", ""edge_GOLEM__debt_ratio2__rect_turn"", ""edge_GOLEM__rect_turn__leverage_ratio"", ""edge_GOLEM__leverage_ratio__asset_liabilities"", ""edge_GOLEM__debt_ratio2__roa"", ""edge_GOLEM__leverage_ratio__asset_turnover"", ""edge_GOLEM__roa__totaldebt_invcap"", ""edge_GOLEM__rect_turn__roe""]"
552939458212efbd,OF,GOLEM,23,,,36,"[""leverage_ratio"", ""asset_liabilities"", ""roe"", ""asset_turnover"", ""debt_ratio"", ""debt_ratio2"", ""roa"", ""capitalization_ratio"", ""longtermdebt_invcap"", ""totaldebt_invcap"", ""cash_debt"", ""debt_ebitda"", ""rect_turn"", ""edge_GOLEM__debt_ratio__asset_liabilities"", ""edge_GOLEM__debt_ratio__rect_turn"", ""edge_GOLEM__roa__asset_turnover"", ""edge_GOLEM__roa__rect_turn"", ""edge_GOLEM__rect_turn__asset_turnover"", ""edge_GOLEM__roa__roe"", ""edge_GOLEM__rect_turn__asset_liabilities"", ""edge_GOLEM__debt_ratio__leverage_ratio"", ""edge_GOLEM__debt_ratio2__totaldebt_invcap"", ""edge_GOLEM__capitalization_ratio__longtermdebt_invcap"", ""edge_GOLEM__debt_ratio2__capitalization_ratio"", ""edge_GOLEM__capitalization_ratio__totaldebt_invcap"", ""edge_GOLEM__roa__debt_ratio"", ""edge_GOLEM__leverage_ratio__totaldebt_invcap"", ""edge_GOLEM__longtermdebt_invcap__totaldebt_invcap"", ""edge_GOLEM__debt_ratio2__debt_ebitda"", ""edge_GOLEM__debt_ratio2__rect_turn"", ""edge_GOLEM__rect_turn__leverage_ratio"", ""edge_GOLEM__leverage_ratio__asset_liabilities"", ""edge_GOLEM__debt_ratio2__roa"", ""edge_GOLEM__leverage_ratio__asset_turnover"", ""edge_GOLEM__roa__totaldebt_invcap"", ""edge_GOLEM__rect_turn__roe""]"
6f2d862936d8ad71,F,GOLEM,24,,,24,"[""edge_GOLEM__debt_ratio__asset_liabilities"", ""edge_GOLEM__debt_ratio__rect_turn"", ""edge_GOLEM__roa__asset_turnover"", ""edge_GOLEM__roa__rect_turn"", ""edge_GOLEM__rect_turn__asset_turnover"", ""edge_GOLEM__roa__roe"", ""edge_GOLEM__rect_turn__asset_liabilities"", ""edge_GOLEM__debt_ratio__leverage_ratio"", ""edge_GOLEM__debt_ratio2__totaldebt_invcap"", ""edge_GOLEM__capitalization_ratio__longtermdebt_invcap"", ""edge_GOLEM__debt_ratio2__capitalization_ratio"", ""edge_GOLEM__capitalization_ratio__totaldebt_invcap"", ""edge_GOLEM__roa__debt_ratio"", ""edge_GOLEM__leverage_ratio__totaldebt_invcap"", ""edge_GOLEM__longtermdebt_invcap__totaldebt_invcap"", ""edge_GOLEM__debt_ratio2__debt_ebitda"", ""edge_GOLEM__debt_ratio2__rect_turn"", ""edge_GOLEM__rect_turn__leverage_ratio"", ""edge_GOLEM__leverage_ratio__asset_liabilities"", ""edge_GOLEM__debt_ratio2__roa"", ""edge_GOLEM__leverage_ratio__asset_turnover"", ""edge_GOLEM__roa__totaldebt_invcap"", ""edge_GOLEM__rect_turn__roe"", ""edge_GOLEM__roa__capitalization_ratio""]"
b2e53f58cc65415c,OF,GOLEM,24,,,37,"[""leverage_ratio"", ""asset_liabilities"", ""roe"", ""asset_turnover"", ""debt_ratio"", ""debt_ratio2"", ""roa"", ""capitalization_ratio"", ""longtermdebt_invcap"", ""totaldebt_invcap"", ""cash_debt"", ""debt_ebitda"", ""rect_turn"", ""edge_GOLEM__debt_ratio__asset_liabilities"", ""edge_GOLEM__debt_ratio__rect_turn"", ""edge_GOLEM__roa__asset_turnover"", ""edge_GOLEM__roa__rect_turn"", ""edge_GOLEM__rect_turn__asset_turnover"", ""edge_GOLEM__roa__roe"", ""edge_GOLEM__rect_turn__asset_liabilities"", ""edge_GOLEM__debt_ratio__leverage_ratio"", ""edge_GOLEM__debt_ratio2__totaldebt_invcap"", ""edge_GOLEM__capitalization_ratio__longtermdebt_invcap"", ""edge_GOLEM__debt_ratio2__capitalization_ratio"", ""edge_GOLEM__capitalization_ratio__totaldebt_invcap"", ""edge_GOLEM__roa__debt_ratio"", ""edge_GOLEM__leverage_ratio__totaldebt_invcap"", ""edge_GOLEM__longtermdebt_invcap__totaldebt_invcap"", ""edge_GOLEM__debt_ratio2__debt_ebitda"", ""edge_GOLEM__debt_ratio2__rect_turn"", ""edge_GOLEM__rect_turn__leverage_ratio"", ""edge_GOLEM__leverage_ratio__asset_liabilities"", ""edge_GOLEM__debt_ratio2__roa"", ""edge_GOLEM__leverage_ratio__asset_turnover"", ""edge_GOLEM__roa__totaldebt_invcap"", ""edge_GOLEM__rect_turn__roe"", ""edge_GOLEM__roa__capitalization_ratio""]"
710761342f601788,F,GOLEM,25,,,25,"[""edge_GOLEM__debt_ratio__asset_liabilities"", ""edge_GOLEM__debt_ratio__rect_turn"", ""edge_GOLEM__roa__asset_turnover"", ""edge_GOLEM__roa__rect_turn"", ""edge_GOLEM__rect_turn__asset_turnover"", ""edge_GOLEM__roa__roe"", ""edge_GOLEM__rect_turn__asset_liabilities"", ""edge_GOLEM__debt_ratio__leverage_ratio"", ""edge_GOLEM__debt_ratio2__totaldebt_invcap"", ""edge_GOLEM__capitalization_ratio__longtermdebt_invcap"", ""edge_GOLEM__debt_ratio2__capitalization_ratio"", ""edge_GOLEM__capitalization_ratio__totaldebt_invcap"", ""edge_GOLEM__roa__debt_ratio"", ""edge_GOLEM__leverage_ratio__totaldebt_invcap"", ""edge_GOLEM__longtermdebt_invcap__totaldebt_invcap"", ""edge_GOLEM__debt_ratio2__debt_ebitda"", ""edge_GOLEM__debt_ratio2__rect_turn"", ""edge_GOLEM__rect_turn__leverage_ratio"", ""edge_GOLEM__leverage_ratio__asset_liabilities"", ""edge_GOLEM__debt_ratio2__roa"", ""edge_GOLEM__leverage_ratio__asset_turnover"", ""edge_GOLEM__roa__totaldebt_invcap"", ""edge_GOLEM__rect_turn__roe"", ""edge_GOLEM__roa__capitalization_ratio"", ""edge_GOLEM__roe__totaldebt_invcap""]"
eb121959e2431b20,OF,GOLEM,25,,,38,"[""leverage_ratio"", ""asset_liabilities"", ""roe"", ""asset_turnover"", ""debt_ratio"", ""debt_ratio2"", ""roa"", ""capitalization_ratio"", ""longtermdebt_invcap"", ""totaldebt_invcap"", ""cash_debt"", ""debt_ebitda"", ""rect_turn"", ""edge_GOLEM__debt_ratio__asset_liabilities"", ""edge_GOLEM__debt_ratio__rect_turn"", ""edge_GOLEM__roa__asset_turnover"", ""edge_GOLEM__roa__rect_turn"", ""edge_GOLEM__rect_turn__asset_turnover"", ""edge_GOLEM__roa__roe"", ""edge_GOLEM__rect_turn__asset_liabilities"", ""edge_GOLEM__debt_ratio__leverage_ratio"", ""edge_GOLEM__debt_ratio2__totaldebt_invcap"", ""edge_GOLEM__capitalization_ratio__longtermdebt_invcap"", ""edge_GOLEM__debt_ratio2__capitalization_ratio"", ""edge_GOLEM__capitalization_ratio__totaldebt_invcap"", ""edge_GOLEM__roa__debt_ratio"", ""edge_GOLEM__leverage_ratio__totaldebt_invcap"", ""edge_GOLEM__longtermdebt_invcap__totaldebt_invcap"", ""edge_GOLEM__debt_ratio2__debt_ebitda"", ""edge_GOLEM__debt_ratio2__rect_turn"", ""edge_GOLEM__rect_turn__leverage_ratio"", ""edge_GOLEM__leverage_ratio__asset_liabilities"", ""edge_GOLEM__debt_ratio2__roa"", ""edge_GOLEM__leverage_ratio__asset_turnover"", ""edge_GOLEM__roa__totaldebt_invcap"", ""edge_GOLEM__rect_turn__roe"", ""edge_GOLEM__roa__capitalization_ratio"", ""edge_GOLEM__roe__totaldebt_invcap""]"
9dd66c347bd7a388,F,GOLEM,26,,,26,"[""edge_GOLEM__debt_ratio__asset_liabilities"", ""edge_GOLEM__debt_ratio__rect_turn"", ""edge_GOLEM__roa__asset_turnover"", ""edge_GOLEM__roa__rect_turn"", ""edge_GOLEM__rect_turn__asset_turnover"", ""edge_GOLEM__roa__roe"", ""edge_GOLEM__rect_turn__asset_liabilities"", ""edge_GOLEM__debt_ratio__leverage_ratio"", ""edge_GOLEM__debt_ratio2__totaldebt_invcap"", ""edge_GOLEM__capitalization_ratio__longtermdebt_invcap"", ""edge_GOLEM__debt_ratio2__capitalization_ratio"", ""edge_GOLEM__capitalization_ratio__totaldebt_invcap"", ""edge_GOLEM__roa__debt_ratio"", ""edge_GOLEM__leverage_ratio__totaldebt_invcap"", ""edge_GOLEM__longtermdebt_invcap__totaldebt_invcap"", ""edge_GOLEM__debt_ratio2__debt_ebitda"", ""edge_GOLEM__debt_ratio2__rect_turn"", ""edge_GOLEM__rect_turn__leverage_ratio"", ""edge_GOLEM__leverage_ratio__asset_liabilities"", ""edge_GOLEM__debt_ratio2__roa"", ""edge_GOLEM__leverage_ratio__asset_turnover"", ""edge_GOLEM__roa__totaldebt_invcap"", ""edge_GOLEM__rect_turn__roe"", ""edge_GOLEM__roa__capitalization_ratio"", ""edge_GOLEM__roe__totaldebt_invcap"", ""edge_GOLEM__capitalization_ratio__debt_ratio""]"
0ffa48359963fc99,OF,GOLEM,26,,,39,"[""leverage_ratio"", ""asset_liabilities"", ""roe"", ""asset_turnover"", ""debt_ratio"", ""debt_ratio2"", ""roa"", ""capitalization_ratio"", ""longtermdebt_invcap"", ""totaldebt_invcap"", ""cash_debt"", ""debt_ebitda"", ""rect_turn"", ""edge_GOLEM__debt_ratio__asset_liabilities"", ""edge_GOLEM__debt_ratio__rect_turn"", ""edge_GOLEM__roa__asset_turnover"", ""edge_GOLEM__roa__rect_turn"", ""edge_GOLEM__rect_turn__asset_turnover"", ""edge_GOLEM__roa__roe"", ""edge_GOLEM__rect_turn__asset_liabilities"", ""edge_GOLEM__debt_ratio__leverage_ratio"", ""edge_GOLEM__debt_ratio2__totaldebt_invcap"", ""edge_GOLEM__capitalization_ratio__longtermdebt_invcap"", ""edge_GOLEM__debt_ratio2__capitalization_ratio"", ""edge_GOLEM__capitalization_ratio__totaldebt_invcap"", ""edge_GOLEM__roa__debt_ratio"", ""edge_GOLEM__leverage_ratio__totaldebt_invcap"", ""edge_GOLEM__longtermdebt_invcap__totaldebt_invcap"", ""edge_GOLEM__debt_ratio2__debt_ebitda"", ""edge_GOLEM__debt_ratio2__rect_turn"", ""edge_GOLEM__rect_turn__leverage_ratio"", ""edge_GOLEM__leverage_ratio__asset_liabilities"", ""edge_GOLEM__debt_ratio2__roa"", ""edge_GOLEM__leverage_ratio__asset_turnover"", ""edge_GOLEM__roa__totaldebt_invcap"", ""edge_GOLEM__rect_turn__roe"", ""edge_GOLEM__roa__capitalization_ratio"", ""edge_GOLEM__roe__totaldebt_invcap"", ""edge_GOLEM__capitalization_ratio__debt_ratio""]"
eaf78c049d3b8355,OFR,GOLEM,5,0,5100,5,"[""roe"", ""edge_GOLEM__longtermdebt_invcap__totaldebt_invcap"", ""edge_GOLEM__roa__debt_ratio"", ""edge_GOLEM__debt_ratio2__debt_ebitda"", ""edge_GOLEM__leverage_ratio__asset_turnover""]"
384b3564631af1e6,OFR,GOLEM,5,1,5101,5,"[""edge_GOLEM__roe__totaldebt_invcap"", ""totaldebt_invcap"", ""edge_GOLEM__roa__asset_turnover"", ""edge_GOLEM__rect_turn__roe"", ""debt_ratio2""]"
429ce41c279be13b,OFR,GOLEM,5,2,5102,5,"[""edge_GOLEM__rect_turn__roe"", ""roa"", ""edge_GOLEM__debt_ratio2__capitalization_ratio"", ""asset_turnover"", ""edge_GOLEM__capitalization_ratio__debt_ratio""]"
c19110ac3cbd4076,OFR,GOLEM,5,3,5103,5,"[""asset_liabilities"", ""edge_GOLEM__longtermdebt_invcap__totaldebt_invcap"", ""edge_GOLEM__debt_ratio2__roa"", ""edge_GOLEM__leverage_ratio__totaldebt_invcap"", ""edge_GOLEM__roa__asset_turnover""]"
d3ba5c68ba244da8,OFR,GOLEM,5,4,5104,5,"[""edge_GOLEM__rect_turn__asset_turnover"", ""totaldebt_invcap"", ""edge_GOLEM__debt_ratio2__debt_ebitda"", ""edge_GOLEM__leverage_ratio__totaldebt_invcap"", ""edge_GOLEM__roa__totaldebt_invcap""]"
98536d19f8000ff3,OFR,GOLEM,10,0,10100,10,"[""longtermdebt_invcap"", ""edge_GOLEM__capitalization_ratio__totaldebt_invcap"", ""edge_GOLEM__rect_turn__asset_turnover"", ""roe"", ""rect_turn"", ""asset_turnover"", ""edge_GOLEM__debt_ratio2__capitalization_ratio"", ""cash_debt"", ""edge_GOLEM__rect_turn__leverage_ratio"", ""edge_GOLEM__leverage_ratio__totaldebt_invcap""]"
e644700d3425612c,OFR,GOLEM,10,1,10101,10,"[""longtermdebt_invcap"", ""edge_GOLEM__capitalization_ratio__longtermdebt_invcap"", ""edge_GOLEM__roa__totaldebt_invcap"", ""roa"", ""capitalization_ratio"", ""edge_GOLEM__debt_ratio2__debt_ebitda"", ""asset_turnover"", ""cash_debt"", ""edge_GOLEM__longtermdebt_invcap__totaldebt_invcap"", ""debt_ratio2""]"
65101b40768f2c90,OFR,GOLEM,10,2,10102,10,"[""edge_GOLEM__roa__roe"", ""asset_turnover"", ""edge_GOLEM__debt_ratio__leverage_ratio"", ""edge_GOLEM__roa__rect_turn"", ""edge_GOLEM__debt_ratio2__rect_turn"", ""edge_GOLEM__leverage_ratio__asset_turnover"", ""edge_GOLEM__roa__debt_ratio"", ""debt_ebitda"", ""longtermdebt_invcap"", ""rect_turn""]"
614af7542e3d5e04,OFR,GOLEM,10,3,10103,10,"[""edge_GOLEM__capitalization_ratio__longtermdebt_invcap"", ""edge_GOLEM__debt_ratio2__capitalization_ratio"", ""edge_GOLEM__roa__rect_turn"", ""cash_debt"", ""edge_GOLEM__rect_turn__roe"", ""roa"", ""edge_GOLEM__roa__totaldebt_invcap"", ""edge_GOLEM__leverage_ratio__asset_turnover"", ""edge_GOLEM__debt_ratio__rect_turn"", ""edge_GOLEM__roa__asset_turnover""]"
1a1057a3cbad6b3d,OFR,GOLEM,10,4,10104,10,"[""debt_ebitda"", ""cash_debt"", ""roe"", ""edge_GOLEM__leverage_ratio__asset_liabilities"", ""edge_GOLEM__roa__roe"", ""edge_GOLEM__roa__capitalization_ratio"", ""asset_turnover"", ""edge_GOLEM__debt_ratio__leverage_ratio"", ""edge_GOLEM__leverage_ratio__totaldebt_invcap"", ""edge_GOLEM__debt_ratio2__totaldebt_invcap""]"
a477f5e3ffc1ca4f,OFR,GOLEM,20,0,20100,20,"[""edge_GOLEM__debt_ratio__asset_liabilities"", ""edge_GOLEM__debt_ratio2__roa"", ""asset_liabilities"", ""totaldebt_invcap"", ""debt_ebitda"", ""edge_GOLEM__rect_turn__asset_turnover"", ""debt_ratio2"", ""roa"", ""edge_GOLEM__rect_turn__roe"", ""edge_GOLEM__debt_ratio__leverage_ratio"", ""edge_GOLEM__debt_ratio2__totaldebt_invcap"", ""edge_GOLEM__rect_turn__leverage_ratio"", ""longtermdebt_invcap"", ""edge_GOLEM__roe__totaldebt_invcap"", ""edge_GOLEM__roa__capitalization_ratio"", ""edge_GOLEM__rect_turn__asset_liabilities"", ""edge_GOLEM__capitalization_ratio__totaldebt_invcap"", ""edge_GOLEM__roa__rect_turn"", ""edge_GOLEM__leverage_ratio__totaldebt_invcap"", ""debt_ratio""]"
2ec1a880b786996a,OFR,GOLEM,20,1,20101,20,"[""capitalization_ratio"", ""edge_GOLEM__debt_ratio2__totaldebt_invcap"", ""roa"", ""edge_GOLEM__debt_ratio__asset_liabilities"", ""edge_GOLEM__roa__asset_turnover"", ""rect_turn"", ""edge_GOLEM__capitalization_ratio__longtermdebt_invcap"", ""edge_GOLEM__rect_turn__asset_liabilities"", ""leverage_ratio"", ""edge_GOLEM__debt_ratio__leverage_ratio"", ""longtermdebt_invcap"", ""edge_GOLEM__debt_ratio2__rect_turn"", ""edge_GOLEM__rect_turn__leverage_ratio"", ""edge_GOLEM__debt_ratio__rect_turn"", ""edge_GOLEM__roa__roe"", ""edge_GOLEM__debt_ratio2__roa"", ""asset_turnover"", ""totaldebt_invcap"", ""edge_GOLEM__debt_ratio2__debt_ebitda"", ""edge_GOLEM__longtermdebt_invcap__totaldebt_invcap""]"
bfec2fb7f33f94c4,OFR,GOLEM,20,2,20102,20,"[""roa"", ""edge_GOLEM__debt_ratio__asset_liabilities"", ""debt_ebitda"", ""edge_GOLEM__debt_ratio2__capitalization_ratio"", ""edge_GOLEM__roe__totaldebt_invcap"", ""edge_GOLEM__capitalization_ratio__totaldebt_invcap"", ""asset_turnover"", ""totaldebt_invcap"", ""debt_ratio2"", ""longtermdebt_invcap"", ""edge_GOLEM__roa__debt_ratio"", ""edge_GOLEM__leverage_ratio__asset_liabilities"", ""asset_liabilities"", ""edge_GOLEM__rect_turn__asset_liabilities"", ""edge_GOLEM__roa__totaldebt_invcap"", ""edge_GOLEM__debt_ratio2__totaldebt_invcap"", ""edge_GOLEM__roa__asset_turnover"", ""cash_debt"", ""leverage_ratio"", ""debt_ratio""]"
c732b782d7049c8a,OFR,GOLEM,20,3,20103,20,"[""edge_GOLEM__roa__capitalization_ratio"", ""edge_GOLEM__debt_ratio__rect_turn"", ""roa"", ""capitalization_ratio"", ""edge_GOLEM__debt_ratio2__capitalization_ratio"", ""edge_GOLEM__capitalization_ratio__totaldebt_invcap"", ""edge_GOLEM__capitalization_ratio__longtermdebt_invcap"", ""edge_GOLEM__roe__totaldebt_invcap"", ""edge_GOLEM__roa__asset_turnover"", ""totaldebt_invcap"", ""edge_GOLEM__debt_ratio__leverage_ratio"", ""asset_liabilities"", ""edge_GOLEM__roa__debt_ratio"", ""edge_GOLEM__rect_turn__asset_liabilities"", ""edge_GOLEM__roa__rect_turn"", ""debt_ratio"", ""edge_GOLEM__debt_ratio2__debt_ebitda"", ""edge_GOLEM__debt_ratio2__totaldebt_invcap"", ""edge_GOLEM__capitalization_ratio__debt_ratio"", ""edge_GOLEM__rect_turn__roe""]"
72c61f00f04c9cf0,OFR,GOLEM,20,4,20104,20,"[""edge_GOLEM__roa__rect_turn"", ""edge_GOLEM__roa__capitalization_ratio"", ""edge_GOLEM__debt_ratio__asset_liabilities"", ""edge_GOLEM__rect_turn__leverage_ratio"", ""asset_turnover"", ""edge_GOLEM__rect_turn__asset_turnover"", ""edge_GOLEM__debt_ratio2__totaldebt_invcap"", ""edge_GOLEM__leverage_ratio__totaldebt_invcap"", ""edge_GOLEM__leverage_ratio__asset_liabilities"", ""roe"", ""edge_GOLEM__roa__debt_ratio"", ""edge_GOLEM__debt_ratio__leverage_ratio"", ""edge_GOLEM__rect_turn__asset_liabilities"", ""leverage_ratio"", ""rect_turn"", ""edge_GOLEM__roa__roe"", ""asset_liabilities"", ""edge_GOLEM__debt_ratio2__roa"", ""longtermdebt_invcap"", ""edge_GOLEM__roa__asset_turnover""]"
5b633eb261aa96c0,OFR,GOLEM,30,0,30100,30,"[""debt_ratio2"", ""edge_GOLEM__longtermdebt_invcap__totaldebt_invcap"", ""edge_GOLEM__capitalization_ratio__totaldebt_invcap"", ""edge_GOLEM__rect_turn__leverage_ratio"", ""asset_liabilities"", ""edge_GOLEM__debt_ratio2__debt_ebitda"", ""debt_ratio"", ""edge_GOLEM__debt_ratio__leverage_ratio"", ""cash_debt"", ""edge_GOLEM__rect_turn__asset_turnover"", ""rect_turn"", ""edge_GOLEM__rect_turn__roe"", ""edge_GOLEM__debt_ratio2__rect_turn"", ""edge_GOLEM__debt_ratio2__totaldebt_invcap"", ""roe"", ""leverage_ratio"", ""debt_ebitda"", ""edge_GOLEM__leverage_ratio__asset_liabilities"", ""edge_GOLEM__leverage_ratio__asset_turnover"", ""capitalization_ratio"", ""edge_GOLEM__debt_ratio2__roa"", ""roa"", ""edge_GOLEM__roa__roe"", ""edge_GOLEM__roa__capitalization_ratio"", ""edge_GOLEM__roa__asset_turnover"", ""edge_GOLEM__debt_ratio__asset_liabilities"", ""longtermdebt_invcap"", ""edge_GOLEM__capitalization_ratio__debt_ratio"", ""edge_GOLEM__rect_turn__asset_liabilities"", ""edge_GOLEM__roa__totaldebt_invcap""]"
6441ede1135d13f1,OFR,GOLEM,30,1,30101,30,"[""edge_GOLEM__debt_ratio__asset_liabilities"", ""debt_ratio"", ""edge_GOLEM__debt_ratio2__roa"", ""edge_GOLEM__debt_ratio__leverage_ratio"", ""asset_liabilities"", ""edge_GOLEM__rect_turn__roe"", ""edge_GOLEM__capitalization_ratio__totaldebt_invcap"", ""edge_GOLEM__roa__rect_turn"", ""edge_GOLEM__roa__capitalization_ratio"", ""capitalization_ratio"", ""edge_GOLEM__roe__totaldebt_invcap"", ""edge_GOLEM__debt_ratio2__rect_turn"", ""roe"", ""edge_GOLEM__debt_ratio2__capitalization_ratio"", ""edge_GOLEM__roa__asset_turnover"", ""edge_GOLEM__leverage_ratio__asset_turnover"", ""edge_GOLEM__leverage_ratio__totaldebt_invcap"", ""cash_debt"", ""debt_ebitda"", ""edge_GOLEM__leverage_ratio__asset_liabilities"", ""edge_GOLEM__longtermdebt_invcap__totaldebt_invcap"", ""edge_GOLEM__capitalization_ratio__longtermdebt_invcap"", ""edge_GOLEM__roa__debt_ratio"", ""edge_GOLEM__debt_ratio__rect_turn"", ""leverage_ratio"", ""asset_turnover"", ""edge_GOLEM__roa__totaldebt_invcap"", ""edge_GOLEM__debt_ratio2__debt_ebitda"", ""rect_turn"", ""edge_GOLEM__rect_turn__leverage_ratio""]"
82e4649598e44970,OFR,GOLEM,30,2,30102,30,"[""edge_GOLEM__capitalization_ratio__totaldebt_invcap"", ""edge_GOLEM__capitalization_ratio__longtermdebt_invcap"", ""edge_GOLEM__debt_ratio2__capitalization_ratio"", ""totaldebt_invcap"", ""edge_GOLEM__debt_ratio2__roa"", ""leverage_ratio"", ""capitalization_ratio"", ""edge_GOLEM__debt_ratio2__totaldebt_invcap"", ""edge_GOLEM__debt_ratio__rect_turn"", ""edge_GOLEM__roa__totaldebt_invcap"", ""edge_GOLEM__longtermdebt_invcap__totaldebt_invcap"", ""edge_GOLEM__rect_turn__asset_turnover"", ""edge_GOLEM__roa__rect_turn"", ""edge_GOLEM__rect_turn__roe"", ""edge_GOLEM__leverage_ratio__asset_liabilities"", ""edge_GOLEM__rect_turn__asset_liabilities"", ""edge_GOLEM__leverage_ratio__asset_turnover"", ""roe"", ""rect_turn"", ""longtermdebt_invcap"", ""asset_liabilities"", ""asset_turnover"", ""debt_ratio"", ""edge_GOLEM__debt_ratio__asset_liabilities"", ""edge_GOLEM__roa__asset_turnover"", ""edge_GOLEM__roe__totaldebt_invcap"", ""edge_GOLEM__leverage_ratio__totaldebt_invcap"", ""edge_GOLEM__capitalization_ratio__debt_ratio"", ""edge_GOLEM__roa__roe"", ""edge_GOLEM__debt_ratio__leverage_ratio""]"
02ac73124323aa53,OFR,GOLEM,30,3,30103,30,"[""edge_GOLEM__capitalization_ratio__longtermdebt_invcap"", ""edge_GOLEM__roa__rect_turn"", ""roa"", ""edge_GOLEM__leverage_ratio__asset_liabilities"", ""edge_GOLEM__rect_turn__leverage_ratio"", ""edge_GOLEM__roa__roe"", ""asset_liabilities"", ""edge_GOLEM__debt_ratio2__debt_ebitda"", ""cash_debt"", ""edge_GOLEM__rect_turn__asset_liabilities"", ""roe"", ""edge_GOLEM__roa__totaldebt_invcap"", ""capitalization_ratio"", ""longtermdebt_invcap"", ""totaldebt_invcap"", ""edge_GOLEM__debt_ratio2__roa"", ""edge_GOLEM__roa__capitalization_ratio"", ""edge_GOLEM__rect_turn__roe"", ""edge_GOLEM__roa__asset_turnover"", ""edge_GOLEM__roe__totaldebt_invcap"", ""edge_GOLEM__longtermdebt_invcap__totaldebt_invcap"", ""edge_GOLEM__roa__debt_ratio"", ""edge_GOLEM__debt_ratio__asset_liabilities"", ""edge_GOLEM__debt_ratio__leverage_ratio"", ""debt_ratio"", ""edge_GOLEM__leverage_ratio__asset_turnover"", ""edge_GOLEM__debt_ratio2__capitalization_ratio"", ""rect_turn"", ""edge_GOLEM__capitalization_ratio__debt_ratio"", ""edge_GOLEM__rect_turn__asset_turnover""]"
fee1794651b0ff7f,OFR,GOLEM,30,4,30104,30,"[""edge_GOLEM__debt_ratio__leverage_ratio"", ""edge_GOLEM__roe__totaldebt_invcap"", ""edge_GOLEM__roa__capitalization_ratio"", ""edge_GOLEM__debt_ratio__asset_liabilities"", ""leverage_ratio"", ""edge_GOLEM__rect_turn__roe"", ""edge_GOLEM__debt_ratio2__totaldebt_invcap"", ""edge_GOLEM__roa__roe"", ""edge_GOLEM__roa__rect_turn"", ""edge_GOLEM__capitalization_ratio__totaldebt_invcap"", ""edge_GOLEM__capitalization_ratio__longtermdebt_invcap"", ""rect_turn"", ""edge_GOLEM__rect_turn__asset_turnover"", ""edge_GOLEM__roa__debt_ratio"", ""edge_GOLEM__debt_ratio2__rect_turn"", ""totaldebt_invcap"", ""asset_liabilities"", ""edge_GOLEM__capitalization_ratio__debt_ratio"", ""edge_GOLEM__longtermdebt_invcap__totaldebt_invcap"", ""debt_ratio2"", ""longtermdebt_invcap"", ""debt_ratio"", ""edge_GOLEM__debt_ratio__rect_turn"", ""edge_GOLEM__rect_turn__asset_liabilities"", ""edge_GOLEM__debt_ratio2__roa"", ""edge_GOLEM__debt_ratio2__debt_ebitda"", ""cash_debt"", ""edge_GOLEM__roa__totaldebt_invcap"", ""edge_GOLEM__leverage_ratio__asset_turnover"", ""roe""]"
8deb172ce22915e5,OFR,GOLEM,40,0,39100,39,"[""roa"", ""edge_GOLEM__roa__roe"", ""edge_GOLEM__longtermdebt_invcap__totaldebt_invcap"", ""edge_GOLEM__roa__debt_ratio"", ""edge_GOLEM__rect_turn__asset_turnover"", ""edge_GOLEM__debt_ratio2__debt_ebitda"", ""debt_ebitda"", ""edge_GOLEM__debt_ratio__leverage_ratio"", ""edge_GOLEM__debt_ratio2__roa"", ""edge_GOLEM__debt_ratio__rect_turn"", ""capitalization_ratio"", ""edge_GOLEM__capitalization_ratio__longtermdebt_invcap"", ""edge_GOLEM__leverage_ratio__asset_liabilities"", ""cash_debt"", ""edge_GOLEM__debt_ratio2__totaldebt_invcap"", ""edge_GOLEM__roa__asset_turnover"", ""edge_GOLEM__debt_ratio2__rect_turn"", ""asset_liabilities"", ""asset_turnover"", ""leverage_ratio"", ""debt_ratio"", ""edge_GOLEM__rect_turn__roe"", ""edge_GOLEM__debt_ratio__asset_liabilities"", ""roe"", ""edge_GOLEM__leverage_ratio__asset_turnover"", ""edge_GOLEM__rect_turn__asset_liabilities"", ""debt_ratio2"", ""edge_GOLEM__rect_turn__leverage_ratio"", ""edge_GOLEM__roa__totaldebt_invcap"", ""edge_GOLEM__debt_ratio2__capitalization_ratio"", ""edge_GOLEM__roa__rect_turn"", ""edge_GOLEM__roe__totaldebt_invcap"", ""longtermdebt_invcap"", ""edge_GOLEM__roa__capitalization_ratio"", ""edge_GOLEM__leverage_ratio__totaldebt_invcap"", ""edge_GOLEM__capitalization_ratio__debt_ratio"", ""rect_turn"", ""totaldebt_invcap"", ""edge_GOLEM__capitalization_ratio__totaldebt_invcap""]"
8b8ea73d27dccdbb,OFR,GOLEM,40,1,39101,39,"[""edge_GOLEM__capitalization_ratio__debt_ratio"", ""asset_liabilities"", ""edge_GOLEM__debt_ratio__leverage_ratio"", ""debt_ratio"", ""edge_GOLEM__debt_ratio__asset_liabilities"", ""capitalization_ratio"", ""roe"", ""edge_GOLEM__debt_ratio2__roa"", ""edge_GOLEM__debt_ratio2__totaldebt_invcap"", ""debt_ebitda"", ""edge_GOLEM__debt_ratio2__debt_ebitda"", ""edge_GOLEM__capitalization_ratio__totaldebt_invcap"", ""asset_turnover"", ""edge_GOLEM__roe__totaldebt_invcap"", ""edge_GOLEM__leverage_ratio__asset_liabilities"", ""edge_GOLEM__longtermdebt_invcap__totaldebt_invcap"", ""edge_GOLEM__leverage_ratio__totaldebt_invcap"", ""rect_turn"", ""roa"", ""cash_debt"", ""totaldebt_invcap"", ""edge_GOLEM__debt_ratio2__rect_turn"", ""edge_GOLEM__roa__totaldebt_invcap"", ""debt_ratio2"", ""edge_GOLEM__rect_turn__roe"", ""edge_GOLEM__rect_turn__asset_liabilities"", ""edge_GOLEM__roa__asset_turnover"", ""edge_GOLEM__rect_turn__asset_turnover"", ""edge_GOLEM__roa__debt_ratio"", ""edge_GOLEM__roa__capitalization_ratio"", ""edge_GOLEM__roa__rect_turn"", ""edge_GOLEM__leverage_ratio__asset_turnover"", ""edge_GOLEM__debt_ratio__rect_turn"", ""edge_GOLEM__roa__roe"", ""edge_GOLEM__capitalization_ratio__longtermdebt_invcap"", ""leverage_ratio"", ""edge_GOLEM__rect_turn__leverage_ratio"", ""edge_GOLEM__debt_ratio2__capitalization_ratio"", ""longtermdebt_invcap""]"
5fce00ea97a656ff,OFR,GOLEM,40,2,39102,39,"[""edge_GOLEM__roa__totaldebt_invcap"", ""roa"", ""edge_GOLEM__capitalization_ratio__totaldebt_invcap"", ""edge_GOLEM__roa__rect_turn"", ""edge_GOLEM__capitalization_ratio__debt_ratio"", ""asset_liabilities"", ""capitalization_ratio"", ""edge_GOLEM__debt_ratio2__roa"", ""edge_GOLEM__capitalization_ratio__longtermdebt_invcap"", ""edge_GOLEM__roa__debt_ratio"", ""edge_GOLEM__debt_ratio__asset_liabilities"", ""edge_GOLEM__debt_ratio2__capitalization_ratio"", ""edge_GOLEM__rect_turn__asset_turnover"", ""edge_GOLEM__debt_ratio2__rect_turn"", ""edge_GOLEM__debt_ratio__rect_turn"", ""debt_ebitda"", ""edge_GOLEM__debt_ratio2__debt_ebitda"", ""asset_turnover"", ""debt_ratio2"", ""edge_GOLEM__rect_turn__roe"", ""rect_turn"", ""roe"", ""totaldebt_invcap"", ""edge_GOLEM__rect_turn__leverage_ratio"", ""cash_debt"", ""edge_GOLEM__roa__asset_turnover"", ""edge_GOLEM__leverage_ratio__asset_turnover"", ""edge_GOLEM__leverage_ratio__totaldebt_invcap"", ""edge_GOLEM__roa__capitalization_ratio"", ""edge_GOLEM__debt_ratio__leverage_ratio"", ""edge_GOLEM__roe__totaldebt_invcap"", ""leverage_ratio"", ""edge_GOLEM__rect_turn__asset_liabilities"", ""edge_GOLEM__longtermdebt_invcap__totaldebt_invcap"", ""debt_ratio"", ""edge_GOLEM__leverage_ratio__asset_liabilities"", ""edge_GOLEM__roa__roe"", ""longtermdebt_invcap"", ""edge_GOLEM__debt_ratio2__totaldebt_invcap""]"
55aa4a75bc3031d7,OFR,GOLEM,40,3,39103,39,"[""edge_GOLEM__leverage_ratio__asset_liabilities"", ""edge_GOLEM__longtermdebt_invcap__totaldebt_invcap"", ""edge_GOLEM__capitalization_ratio__totaldebt_invcap"", ""edge_GOLEM__roa__capitalization_ratio"", ""edge_GOLEM__roe__totaldebt_invcap"", ""edge_GOLEM__leverage_ratio__asset_turnover"", ""rect_turn"", ""edge_GOLEM__roa__totaldebt_invcap"", ""cash_debt"", ""totaldebt_invcap"", ""edge_GOLEM__rect_turn__asset_turnover"", ""capitalization_ratio"", ""leverage_ratio"", ""debt_ratio"", ""edge_GOLEM__rect_turn__leverage_ratio"", ""edge_GOLEM__leverage_ratio__totaldebt_invcap"", ""edge_GOLEM__rect_turn__asset_liabilities"", ""edge_GOLEM__debt_ratio2__debt_ebitda"", ""debt_ratio2"", ""edge_GOLEM__rect_turn__roe"", ""roa"", ""asset_turnover"", ""edge_GOLEM__roa__debt_ratio"", ""edge_GOLEM__roa__roe"", ""edge_GOLEM__debt_ratio2__capitalization_ratio"", ""roe"", ""edge_GOLEM__debt_ratio__rect_turn"", ""debt_ebitda"", ""edge_GOLEM__debt_ratio2__rect_turn"", ""edge_GOLEM__debt_ratio__asset_liabilities"", ""longtermdebt_invcap"", ""edge_GOLEM__debt_ratio__leverage_ratio"", ""edge_GOLEM__roa__rect_turn"", ""edge_GOLEM__capitalization_ratio__debt_ratio"", ""edge_GOLEM__roa__asset_turnover"", ""edge_GOLEM__capitalization_ratio__longtermdebt_invcap"", ""asset_liabilities"", ""edge_GOLEM__debt_ratio2__totaldebt_invcap"", ""edge_GOLEM__debt_ratio2__roa""]"
cab1c4d6241d0a95,OFR,GOLEM,40,4,39104,39,"[""edge_GOLEM__roa__rect_turn"", ""edge_GOLEM__debt_ratio2__rect_turn"", ""edge_GOLEM__debt_ratio2__totaldebt_invcap"", ""edge_GOLEM__roa__totaldebt_invcap"", ""edge_GOLEM__rect_turn__asset_turnover"", ""edge_GOLEM__debt_ratio__leverage_ratio"", ""asset_liabilities"", ""edge_GOLEM__leverage_ratio__asset_liabilities"", ""edge_GOLEM__roa__debt_ratio"", ""longtermdebt_invcap"", ""edge_GOLEM__roa__roe"", ""leverage_ratio"", ""rect_turn"", ""edge_GOLEM__rect_turn__roe"", ""edge_GOLEM__debt_ratio2__capitalization_ratio"", ""capitalization_ratio"", ""totaldebt_invcap"", ""edge_GOLEM__roe__totaldebt_invcap"", ""edge_GOLEM__rect_turn__asset_liabilities"", ""edge_GOLEM__roa__asset_turnover"", ""edge_GOLEM__rect_turn__leverage_ratio"", ""edge_GOLEM__debt_ratio2__roa"", ""edge_GOLEM__capitalization_ratio__debt_ratio"", ""edge_GOLEM__roa__capitalization_ratio"", ""edge_GOLEM__debt_ratio__asset_liabilities"", ""edge_GOLEM__leverage_ratio__totaldebt_invcap"", ""roa"", ""edge_GOLEM__debt_ratio__rect_turn"", ""edge_GOLEM__capitalization_ratio__longtermdebt_invcap"", ""edge_GOLEM__leverage_ratio__asset_turnover"", ""asset_turnover"", ""edge_GOLEM__debt_ratio2__debt_ebitda"", ""roe"", ""cash_debt"", ""debt_ratio2"", ""edge_GOLEM__longtermdebt_invcap__totaldebt_invcap"", ""edge_GOLEM__capitalization_ratio__totaldebt_invcap"", ""debt_ratio"", ""debt_ebitda""]"
678505301fb007ca,OFR,GOLEM,ALL,0,39100,39,"[""roa"", ""edge_GOLEM__roa__roe"", ""edge_GOLEM__longtermdebt_invcap__totaldebt_invcap"", ""edge_GOLEM__roa__debt_ratio"", ""edge_GOLEM__rect_turn__asset_turnover"", ""edge_GOLEM__debt_ratio2__debt_ebitda"", ""debt_ebitda"", ""edge_GOLEM__debt_ratio__leverage_ratio"", ""edge_GOLEM__debt_ratio2__roa"", ""edge_GOLEM__debt_ratio__rect_turn"", ""capitalization_ratio"", ""edge_GOLEM__capitalization_ratio__longtermdebt_invcap"", ""edge_GOLEM__leverage_ratio__asset_liabilities"", ""cash_debt"", ""edge_GOLEM__debt_ratio2__totaldebt_invcap"", ""edge_GOLEM__roa__asset_turnover"", ""edge_GOLEM__debt_ratio2__rect_turn"", ""asset_liabilities"", ""asset_turnover"", ""leverage_ratio"", ""debt_ratio"", ""edge_GOLEM__rect_turn__roe"", ""edge_GOLEM__debt_ratio__asset_liabilities"", ""roe"", ""edge_GOLEM__leverage_ratio__asset_turnover"", ""edge_GOLEM__rect_turn__asset_liabilities"", ""debt_ratio2"", ""edge_GOLEM__rect_turn__leverage_ratio"", ""edge_GOLEM__roa__totaldebt_invcap"", ""edge_GOLEM__debt_ratio2__capitalization_ratio"", ""edge_GOLEM__roa__rect_turn"", ""edge_GOLEM__roe__totaldebt_invcap"", ""longtermdebt_invcap"", ""edge_GOLEM__roa__capitalization_ratio"", ""edge_GOLEM__leverage_ratio__totaldebt_invcap"", ""edge_GOLEM__capitalization_ratio__debt_ratio"", ""rect_turn"", ""totaldebt_invcap"", ""edge_GOLEM__capitalization_ratio__totaldebt_invcap""]"
0d6439d915276699,OFR,GOLEM,ALL,1,39101,39,"[""edge_GOLEM__capitalization_ratio__debt_ratio"", ""asset_liabilities"", ""edge_GOLEM__debt_ratio__leverage_ratio"", ""debt_ratio"", ""edge_GOLEM__debt_ratio__asset_liabilities"", ""capitalization_ratio"", ""roe"", ""edge_GOLEM__debt_ratio2__roa"", ""edge_GOLEM__debt_ratio2__totaldebt_invcap"", ""debt_ebitda"", ""edge_GOLEM__debt_ratio2__debt_ebitda"", ""edge_GOLEM__capitalization_ratio__totaldebt_invcap"", ""asset_turnover"", ""edge_GOLEM__roe__totaldebt_invcap"", ""edge_GOLEM__leverage_ratio__asset_liabilities"", ""edge_GOLEM__longtermdebt_invcap__totaldebt_invcap"", ""edge_GOLEM__leverage_ratio__totaldebt_invcap"", ""rect_turn"", ""roa"", ""cash_debt"", ""totaldebt_invcap"", ""edge_GOLEM__debt_ratio2__rect_turn"", ""edge_GOLEM__roa__totaldebt_invcap"", ""debt_ratio2"", ""edge_GOLEM__rect_turn__roe"", ""edge_GOLEM__rect_turn__asset_liabilities"", ""edge_GOLEM__roa__asset_turnover"", ""edge_GOLEM__rect_turn__asset_turnover"", ""edge_GOLEM__roa__debt_ratio"", ""edge_GOLEM__roa__capitalization_ratio"", ""edge_GOLEM__roa__rect_turn"", ""edge_GOLEM__leverage_ratio__asset_turnover"", ""edge_GOLEM__debt_ratio__rect_turn"", ""edge_GOLEM__roa__roe"", ""edge_GOLEM__capitalization_ratio__longtermdebt_invcap"", ""leverage_ratio"", ""edge_GOLEM__rect_turn__leverage_ratio"", ""edge_GOLEM__debt_ratio2__capitalization_ratio"", ""longtermdebt_invcap""]"
ea6ea53db4234885,OFR,GOLEM,ALL,2,39102,39,"[""edge_GOLEM__roa__totaldebt_invcap"", ""roa"", ""edge_GOLEM__capitalization_ratio__totaldebt_invcap"", ""edge_GOLEM__roa__rect_turn"", ""edge_GOLEM__capitalization_ratio__debt_ratio"", ""asset_liabilities"", ""capitalization_ratio"", ""edge_GOLEM__debt_ratio2__roa"", ""edge_GOLEM__capitalization_ratio__longtermdebt_invcap"", ""edge_GOLEM__roa__debt_ratio"", ""edge_GOLEM__debt_ratio__asset_liabilities"", ""edge_GOLEM__debt_ratio2__capitalization_ratio"", ""edge_GOLEM__rect_turn__asset_turnover"", ""edge_GOLEM__debt_ratio2__rect_turn"", ""edge_GOLEM__debt_ratio__rect_turn"", ""debt_ebitda"", ""edge_GOLEM__debt_ratio2__debt_ebitda"", ""asset_turnover"", ""debt_ratio2"", ""edge_GOLEM__rect_turn__roe"", ""rect_turn"", ""roe"", ""totaldebt_invcap"", ""edge_GOLEM__rect_turn__leverage_ratio"", ""cash_debt"", ""edge_GOLEM__roa__asset_turnover"", ""edge_GOLEM__leverage_ratio__asset_turnover"", ""edge_GOLEM__leverage_ratio__totaldebt_invcap"", ""edge_GOLEM__roa__capitalization_ratio"", ""edge_GOLEM__debt_ratio__leverage_ratio"", ""edge_GOLEM__roe__totaldebt_invcap"", ""leverage_ratio"", ""edge_GOLEM__rect_turn__asset_liabilities"", ""edge_GOLEM__longtermdebt_invcap__totaldebt_invcap"", ""debt_ratio"", ""edge_GOLEM__leverage_ratio__asset_liabilities"", ""edge_GOLEM__roa__roe"", ""longtermdebt_invcap"", ""edge_GOLEM__debt_ratio2__totaldebt_invcap""]"
d271b05ffbaa8614,OFR,GOLEM,ALL,3,39103,39,"[""edge_GOLEM__leverage_ratio__asset_liabilities"", ""edge_GOLEM__longtermdebt_invcap__totaldebt_invcap"", ""edge_GOLEM__capitalization_ratio__totaldebt_invcap"", ""edge_GOLEM__roa__capitalization_ratio"", ""edge_GOLEM__roe__totaldebt_invcap"", ""edge_GOLEM__leverage_ratio__asset_turnover"", ""rect_turn"", ""edge_GOLEM__roa__totaldebt_invcap"", ""cash_debt"", ""totaldebt_invcap"", ""edge_GOLEM__rect_turn__asset_turnover"", ""capitalization_ratio"", ""leverage_ratio"", ""debt_ratio"", ""edge_GOLEM__rect_turn__leverage_ratio"", ""edge_GOLEM__leverage_ratio__totaldebt_invcap"", ""edge_GOLEM__rect_turn__asset_liabilities"", ""edge_GOLEM__debt_ratio2__debt_ebitda"", ""debt_ratio2"", ""edge_GOLEM__rect_turn__roe"", ""roa"", ""asset_turnover"", ""edge_GOLEM__roa__debt_ratio"", ""edge_GOLEM__roa__roe"", ""edge_GOLEM__debt_ratio2__capitalization_ratio"", ""roe"", ""edge_GOLEM__debt_ratio__rect_turn"", ""debt_ebitda"", ""edge_GOLEM__debt_ratio2__rect_turn"", ""edge_GOLEM__debt_ratio__asset_liabilities"", ""longtermdebt_invcap"", ""edge_GOLEM__debt_ratio__leverage_ratio"", ""edge_GOLEM__roa__rect_turn"", ""edge_GOLEM__capitalization_ratio__debt_ratio"", ""edge_GOLEM__roa__asset_turnover"", ""edge_GOLEM__capitalization_ratio__longtermdebt_invcap"", ""asset_liabilities"", ""edge_GOLEM__debt_ratio2__totaldebt_invcap"", ""edge_GOLEM__debt_ratio2__roa""]"
6d02bf20f4fb6fd9,OFR,GOLEM,ALL,4,39104,39,"[""edge_GOLEM__roa__rect_turn"", ""edge_GOLEM__debt_ratio2__rect_turn"", ""edge_GOLEM__debt_ratio2__totaldebt_invcap"", ""edge_GOLEM__roa__totaldebt_invcap"", ""edge_GOLEM__rect_turn__asset_turnover"", ""edge_GOLEM__debt_ratio__leverage_ratio"", ""asset_liabilities"", ""edge_GOLEM__leverage_ratio__asset_liabilities"", ""edge_GOLEM__roa__debt_ratio"", ""longtermdebt_invcap"", ""edge_GOLEM__roa__roe"", ""leverage_ratio"", ""rect_turn"", ""edge_GOLEM__rect_turn__roe"", ""edge_GOLEM__debt_ratio2__capitalization_ratio"", ""capitalization_ratio"", ""totaldebt_invcap"", ""edge_GOLEM__roe__totaldebt_invcap"", ""edge_GOLEM__rect_turn__asset_liabilities"", ""edge_GOLEM__roa__asset_turnover"", ""edge_GOLEM__rect_turn__leverage_ratio"", ""edge_GOLEM__debt_ratio2__roa"", ""edge_GOLEM__capitalization_ratio__debt_ratio"", ""edge_GOLEM__roa__capitalization_ratio"", ""edge_GOLEM__debt_ratio__asset_liabilities"", ""edge_GOLEM__leverage_ratio__totaldebt_invcap"", ""roa"", ""edge_GOLEM__debt_ratio__rect_turn"", ""edge_GOLEM__capitalization_ratio__longtermdebt_invcap"", ""edge_GOLEM__leverage_ratio__asset_turnover"", ""asset_turnover"", ""edge_GOLEM__debt_ratio2__debt_ebitda"", ""roe"", ""cash_debt"", ""debt_ratio2"", ""edge_GOLEM__longtermdebt_invcap__totaldebt_invcap"", ""edge_GOLEM__capitalization_ratio__totaldebt_invcap"", ""debt_ratio"", ""debt_ebitda""]"
